# https://github.com/mikedh/trimesh

o mori-design-2.stl
v 0.00375476943390422 0.00360568257747471 -0.00038822848778396
v -0.00124523056609579 -0.00505457094730556 -0.00038822848778396
v 0.00379903518097453 0.00358012792049229 -0.00000000007134109
v -0.00120096481902547 -0.00508012751163662 -0.00000000007134109
v 0.00375476943390422 0.00360568257747471 0.00038822834510178
v -0.00124523056609579 -0.00505457094730556 0.00038822834510178
v 0.00362499343292765 0.00368060895381748 0.00074999992865891
v -0.00137500656707235 -0.00497964647831142 0.00074999992865891
v 0.00341855727570109 0.00379979726253330 0.00106066029090256
v -0.00158144272429891 -0.00486045626224697 0.00106066029090256
v 0.00314951430695109 0.00395512792049229 0.00129903786200852
v -0.00185048569304891 -0.00470512751163662 0.00129903786200852
v 0.00283622084991984 0.00413601323543369 0.00144888870734543
v -0.00216377915008016 -0.00452424028934658 0.00144888870734543
v 0.00249999343292765 0.00433012792049229 0.00149999992865891
v -0.00250000656707235 -0.00433012751163662 0.00149999992865891
v 0.00216378127472453 0.00452424260555088 0.00144888870734543
v -0.00283621872527547 -0.00413601282657802 0.00144888870734543
v 0.00185048781769328 0.00470512792049229 0.00129903786200852
v -0.00314951218230672 -0.00395512751163662 0.00129903786200852
v 0.00158144484894328 0.00486045667110264 0.00106066029090256
v -0.00341855515105672 -0.00379979685367763 0.00106066029090256
v 0.00137499343292765 0.00497964688716709 0.00074999992865891
v -0.00362500656707235 -0.00368060663761318 0.00074999992865891
v 0.00124523269074015 0.00505457135616123 0.00038822834510178
v -0.00375476730925985 -0.00360568216861904 0.00038822834510178
v 0.00120096694366984 0.00508012601314365 -0.00000000007134109
v -0.00379903305633016 -0.00358012751163662 -0.00000000007134109
v 0.00124523269074015 0.00505457135616123 -0.00038822848778396
v -0.00375476730925985 -0.00360568216861904 -0.00038822848778396
v 0.00137499343292765 0.00497964688716709 -0.00075000007134109
v -0.00362500656707235 -0.00368060663761318 -0.00075000007134109
v 0.00158144484894328 0.00486045667110264 -0.00106066043358475
v -0.00341855515105672 -0.00379979685367763 -0.00106066043358475
v 0.00185048781769328 0.00470512792049229 -0.00129903800469070
v -0.00314951218230672 -0.00395512751163662 -0.00129903800469070
v 0.00216378127472453 0.00452424260555088 -0.00144888885002762
v -0.00283621872527547 -0.00413601282657802 -0.00144888885002762
v 0.00249999343292765 0.00433012792049229 -0.00150000007134109
v -0.00250000656707235 -0.00433012751163662 -0.00150000007134109
v 0.00283622084991984 0.00413601323543369 -0.00144888885002762
v -0.00216377915008016 -0.00452424028934658 -0.00144888885002762
v 0.00314951430695109 0.00395512792049229 -0.00129903800469070
v -0.00185048569304891 -0.00470512751163662 -0.00129903800469070
v 0.00341855727570109 0.00379979726253330 -0.00106066043358475
v -0.00158144272429891 -0.00486045626224697 -0.00106066043358475
v 0.00362499343292765 0.00368060895381748 -0.00075000007134109
v -0.00137500656707235 -0.00497964647831142 -0.00075000007134109
v 0.00052736770050578 -0.00261387804569424 -0.00573493833523422
v 0.00048510085480265 -0.00258947351993740 -0.00574972183685928
v 0.00062752639191203 -0.00267170122684658 -0.00560510210376411
v 0.00064055739777140 -0.00267922190250576 -0.00551602910142570
v 0.00044272719757609 -0.00256500795902431 -0.00576408992391258
v 0.00020253859894328 -0.00242633417667568 -0.00566453791838318
v 0.00025519667999796 -0.00245673922123134 -0.00573133928757339
v 0.00040024672882609 -0.00254047945560634 -0.00577804158311516
v 0.00065216933624796 -0.00268593004764736 -0.00541546256523758
v 0.00014566909210734 -0.00239350679935634 -0.00558718941789299
v 0.00066013442413859 -0.00269052866520107 -0.00531513155680328
v 0.00009200393097453 -0.00236251619877041 -0.00550775767546326
v 0.00066414748566203 -0.00269284990848720 -0.00521468592863708
v 0.00004158889191203 -0.00233341005863369 -0.00542576796990066
v 0.00066391860382609 -0.00269271257938564 -0.00511384804230362
v -0.00000542343718954 -0.00230626658024013 -0.00534078992586761
v 0.00065868483917765 -0.00268969133915127 -0.00501305503826767
v -0.00004820908172079 -0.00228156260074795 -0.00525272978525787
v 0.00064727126495890 -0.00268309954227627 -0.00491296453457504
v -0.00008547104461141 -0.00226005152286709 -0.00516140098553329
v 0.00062648879425578 -0.00267110422672451 -0.00481498987656265
v -0.00011386765105672 -0.00224365786136806 -0.00506600983124405
v 0.00058609877960734 -0.00264778498233974 -0.00469541616421371
v -0.00013587082488485 -0.00223095301212490 -0.00494020242672592
v 0.00057714187042765 -0.00264261034549892 -0.00465381391029983
v -0.00014781845672079 -0.00222405794681728 -0.00489961011391311
v 0.00000864516632609 -0.00231439379276455 -0.00434666628819137
v -0.00016828049285360 -0.00221224573673427 -0.00486383779030472
v -0.00019591415984579 -0.00219628504337490 -0.00483522160034805
v -0.00022894943816610 -0.00217721918644131 -0.00481563050728470
v -0.00026518906218954 -0.00215629366459072 -0.00480634374600082
v -0.00030228317840047 -0.00213487413944424 -0.00480796797257095
v -0.00036682785613485 -0.00209760836185634 -0.00481986434441238
v -0.00043152512175985 -0.00206025675357998 -0.00483060557823807
v -0.00100000656707235 -0.00173204973758877 -0.00450000007134109
v -0.00049635971648641 -0.00202282312931240 -0.00484018893223434
v -0.00053235519988485 -0.00200204256595791 -0.00485069961529404
v -0.00056487167937703 -0.00198327234806240 -0.00487140114288956
v -0.00059177292449422 -0.00196773890079677 -0.00490094168167740
v -0.00061131943328328 -0.00195645693363369 -0.00493739171009689
v -0.00062221420867391 -0.00195016077579677 -0.00497837109547287
v -0.00137778366668172 -0.00151393869938076 -0.00497837109547287
v -0.00138867844207235 -0.00150764444889248 -0.00493739171009689
v -0.00137622727019735 -0.00151483515323818 -0.00502120329123169
v -0.00062377060515828 -0.00194926622928799 -0.00502120329123169
v -0.00138580978972860 -0.00150930384220302 -0.00514907349329620
v -0.00061418808562703 -0.00195479754032314 -0.00514907349329620
v -0.00138184250457235 -0.00151159647525967 -0.00524983806591659
v -0.00061815537078328 -0.00195250490726650 -0.00524983806591659
v -0.00136836899383016 -0.00151937082828701 -0.00534958834629684
v -0.00063162888152547 -0.00194473055423916 -0.00534958834629684
v -0.00134880722625203 -0.00153066996158779 -0.00544800127726227
v -0.00065119064910360 -0.00193343142093838 -0.00544800127726227
v -0.00132442368133016 -0.00154474428714931 -0.00554483158569961
v -0.00067557419402547 -0.00191935709537685 -0.00554483158569961
v -0.00129605759246297 -0.00156112078251064 -0.00563990018945366
v -0.00070394028289266 -0.00190298060001552 -0.00563990018945366
v -0.00126393784148641 -0.00157966593326748 -0.00573357610088020
v -0.00073606003386922 -0.00188443544925869 -0.00573357610088020
v -0.00122824753386922 -0.00160026911319912 -0.00582628915887504
v -0.00077175034148641 -0.00186383226932705 -0.00582628915887504
v -0.00102208603484579 -0.00171930101932705 -0.00599994583924887
v -0.00097791184050985 -0.00174480036319912 -0.00599994583924887
v -0.00080597580535360 -0.00184406832279384 -0.00590751661788851
v -0.00093375290496297 -0.00177029970707119 -0.00599951235901277
v -0.00106624497039266 -0.00169380167545498 -0.00599951235901277
v -0.00119402207000204 -0.00162003115238369 -0.00590751661788851
v -0.00140822495086141 -0.00149636057438076 -0.00490094168167740
v -0.00143512619597860 -0.00148082712711513 -0.00487140114288956
v -0.00146764267547079 -0.00146205690921963 -0.00485069961529404
v -0.00150363815886922 -0.00144127634586513 -0.00484018893223434
v -0.00156847275359578 -0.00140384462894619 -0.00483060557823807
v -0.00200864304168172 -0.00114970758976162 -0.00434666628819137
v -0.00163317001922079 -0.00136649111332119 -0.00481986434441238
v -0.00169771469695516 -0.00132922533573330 -0.00480796797257095
v -0.00173480881316610 -0.00130780581058681 -0.00480634374600082
v -0.00177104843718954 -0.00128688028873623 -0.00481563050728470
v -0.00180408371550985 -0.00126781443180263 -0.00483522160034805
v -0.00183171738250204 -0.00125185564579189 -0.00486383779030472
v -0.00185217941863485 -0.00124004152836025 -0.00489961011391311
v -0.00257713974578328 -0.00082148912967861 -0.00465381391029983
v -0.00186412705047079 -0.00123314837040127 -0.00494020242672592
v -0.00258609665496297 -0.00081631640018642 -0.00469541616421371
v -0.00188613022429891 -0.00122044352115810 -0.00506600983124405
v -0.00262648666961141 -0.00079299524845302 -0.00481498987656265
v -0.00191452683074422 -0.00120404985965908 -0.00516140098553329
v -0.00264726914031454 -0.00078100184024990 -0.00491296453457504
v -0.00195178879363485 -0.00118253878177822 -0.00525272978525787
v -0.00265868271453328 -0.00077441004337490 -0.00501305503826767
v -0.00199457443816610 -0.00115783480228603 -0.00534078992586761
v -0.00266391647918172 -0.00077138689579189 -0.00511384804230362
v -0.00204158676726766 -0.00113069132389248 -0.00542576796990066
v -0.00266414536101766 -0.00077125147403896 -0.00521468592863708
v -0.00209200180633016 -0.00110158518375576 -0.00550775767546326
v -0.00266013229949422 -0.00077357271732509 -0.00531513155680328
v -0.00214566696746297 -0.00107059458316982 -0.00558718941789299
v -0.00265216721160360 -0.00077817133487881 -0.00541546256523758
v -0.00220253647429891 -0.00103776720585049 -0.00566453791838318
v -0.00264055527312703 -0.00078487948002041 -0.00551602910142570
v -0.00244272507293172 -0.00089909342350185 -0.00576408992391258
v -0.00248509873015828 -0.00087462786258877 -0.00574972183685928
v -0.00225519455535360 -0.00100736216129482 -0.00573133928757339
v -0.00240024460418172 -0.00092362001957119 -0.00577804158311516
v -0.00252736557586141 -0.00085022333683193 -0.00573493833523422
v -0.00262752426726766 -0.00079240015567959 -0.00560510210376411
v -0.00257759750945516 -0.00082122210087002 -0.00461094756107956
v -0.00258745468718953 -0.00081553057254970 -0.00456961650829941
v -0.00260607040984578 -0.00080478838504970 -0.00453252000790268
v -0.00263220871550985 -0.00078969362796963 -0.00450208063107162
v -0.00266417587859578 -0.00077123621524990 -0.00448028655033737
v -0.00294855393035360 -0.00060704973758877 -0.00389711434822708
v -0.00272405136687703 -0.00073666933597744 -0.00444999976139694
v -0.00278349960906453 -0.00070234278263271 -0.00441864640694290
v -0.00284253586394735 -0.00066826227726162 -0.00438623399716049
v -0.00287773789031453 -0.00064793947757900 -0.00437260646801620
v -0.00291477097136922 -0.00062655237735927 -0.00436972601395279
v -0.00295123947722860 -0.00060550097049892 -0.00437778074722915
v -0.00298474777800985 -0.00058615473331631 -0.00439624471645981
v -0.00301311386687703 -0.00056978205265224 -0.00442391200047165
v -0.00364871872527547 -0.00020280817569912 -0.00395223243218094
v -0.00303446091277547 -0.00055744913639248 -0.00445897574406296
v -0.00366747177703328 -0.00019198397220791 -0.00398923428040176
v -0.00308627976043172 -0.00052753809513271 -0.00457252819519668
v -0.00373540390593953 -0.00015276506962002 -0.00409082443695694
v -0.00313680161101766 -0.00049836901249111 -0.00465481777172714
v -0.00377924240691610 -0.00012745455326260 -0.00417807180863052
v -0.00319483078582235 -0.00046486452640713 -0.00473032624703079
v -0.00381461227996297 -0.00010703066410244 -0.00427039380055099
v -0.00325737656218953 -0.00042875650943935 -0.00480089945774704
v -0.00384422958953328 -0.00008993319095791 -0.00436540122013717
v -0.00332321823699422 -0.00039074114383877 -0.00486714084129959
v -0.00386905563933797 -0.00007559565128506 -0.00446207745056778
v -0.00339159287078329 -0.00035126665653408 -0.00492940933685928
v -0.00388971603972860 -0.00006367472232998 -0.00455976254921585
v -0.00346246994597860 -0.00031034258426845 -0.00498816187363296
v -0.00390654648406453 -0.00005395296634853 -0.00465862042885452
v -0.00353589523894735 -0.00026794794620693 -0.00504387952070862
v -0.00391994370086141 -0.00004622438968838 -0.00475889320355087
v -0.00379064072234578 -0.00012086847843349 -0.00506126172524124
v -0.00382779587371297 -0.00009941652836025 -0.00503368957024246
v -0.00360272873504110 -0.00022936419071377 -0.00509084291439682
v -0.00375328720672078 -0.00014243677677334 -0.00508846826534897
v -0.00386475266082235 -0.00007808283390224 -0.00500575370770126
v -0.00392917526824422 -0.00004089144291103 -0.00484859557133346
v -0.00363870895965047 -0.00020858934940517 -0.00391095192413955
v -0.00363808334929891 -0.00020895174564541 -0.00386808807831436
v -0.00364688767058797 -0.00020386866153896 -0.00382644088249832
v -0.00366454208953328 -0.00019367579044521 -0.00378872997742325
v -0.00375566757781453 -0.00014105967106045 -0.00318198044281631
v -0.00368990219695516 -0.00017903498233974 -0.00375741798859268
v -0.00373995102508016 -0.00015013483585537 -0.00370888144951492
v -0.00378935898406453 -0.00012161425174892 -0.00365945608597427
v -0.00383808029754110 -0.00009348085941494 -0.00360915334206253
v -0.00386853684050985 -0.00007590082706631 -0.00358462650757461
v -0.00390337265593953 -0.00005578592838467 -0.00356981236916214
v -0.00394032944304891 -0.00003445223392666 -0.00356567819100052
v -0.00397698105437704 -0.00001329020084560 -0.00357249386292129
v -0.00448604477508016 0.00028062077937901 -0.00289411408882767
v -0.00401094711883016 0.00000631734309971 -0.00358981473427444
v -0.00450572861297078 0.00029198285518467 -0.00293046481590896
v -0.00403998459441610 0.00002309056697666 -0.00361650927048355
v -0.00453275192840047 0.00030758115230381 -0.00295986850243240
v -0.00411740769011922 0.00006778737483799 -0.00370860750656753
v -0.00462270248992391 0.00035952207027256 -0.00303524453621536
v -0.00418596542937703 0.00010736485896885 -0.00377112896423965
v -0.00468605698211141 0.00039609738765537 -0.00310469658356338
v -0.00426006210906453 0.00015014859615147 -0.00382469995003372
v -0.00474252976043172 0.00042869969783604 -0.00318177063446670
v -0.00433728684050985 0.00019473477779209 -0.00387206871491104
v -0.00479411972625203 0.00045848866878330 -0.00326329548340469
v -0.00441663254363485 0.00024054166255772 -0.00391420705300003
v -0.00484152878386922 0.00048586102901280 -0.00334797794800430
v -0.00449742783172079 0.00028718968807041 -0.00395170958023697
v -0.00488518417937703 0.00051106091914951 -0.00343498880844742
v -0.00457977951629110 0.00033473226009190 -0.00398502309303909
v -0.00492545212371297 0.00053431340633213 -0.00352436454277664
v -0.00466382492644735 0.00038325902400791 -0.00401459593754440
v -0.00496277512175985 0.00055585690913975 -0.00361622006874710
v -0.00491249741179891 0.00052682897029698 -0.00394840009194046
v -0.00494141281707235 0.00054352780757725 -0.00390985758286148
v -0.00473940170867391 0.00042689534602940 -0.00403791673164993
v -0.00488329208953328 0.00050996610103428 -0.00398665745239883
v -0.00497005356414266 0.00056006070552647 -0.00387103278618484
v -0.00499352158172079 0.00057360860286533 -0.00369928462486892
v -0.00447498215300985 0.00027423497615635 -0.00285319049339920
v -0.00447327316863485 0.00027324506221592 -0.00281036646347671
v -0.00448100937468953 0.00027771398006260 -0.00276843888741165
v -0.00437500656707235 0.00021650716243565 -0.00225000007134109
v -0.00449770248992391 0.00028735181270420 -0.00273014576416641
v -0.00453389633758016 0.00030824300227940 -0.00266729171257644
v -0.00456922043425985 0.00032864400325596 -0.00260379822235733
v -0.00460370529754110 0.00034855290828526 -0.00253968079071670
v -0.00462694443328329 0.00036196538387119 -0.00250624163132339
v -0.00465676010711141 0.00037917920528233 -0.00248069365006119
v -0.00469119919402547 0.00039906712947666 -0.00246470553856521
v -0.00472803391082235 0.00042033215938389 -0.00245932109337478
v -0.00505097092254110 0.00060677548824131 -0.00164281232338577
v -0.00476485336883016 0.00044158574519932 -0.00246489222031265
v -0.00507871140105672 0.00062279912410557 -0.00167128808479935
v -0.00479923142058797 0.00046143933711826 -0.00248105485420852
v -0.00511180771453328 0.00064190694270908 -0.00169071156960159
v -0.00489598740203329 0.00051729794917881 -0.00254423744660049
v -0.00521652878386922 0.00070236226497471 -0.00173376758080154
v -0.00497701157195516 0.00056407948909580 -0.00258192570191055
v -0.00529425705535360 0.00074724027095615 -0.00177979714852005
v -0.00506119431121297 0.00061267682491123 -0.00260921914559036
v -0.00536723984343953 0.00078937741695225 -0.00183537967186600
v -0.00514684189422079 0.00066213056026280 -0.00262954599838882
v -0.00543663681609578 0.00082944508968174 -0.00189681727867752
v -0.00523325241668172 0.00071201726375401 -0.00264416725617080
v -0.00550278366668172 0.00086763783870518 -0.00196264512520462
v -0.00531992233855672 0.00076206036983311 -0.00265386588555008
v -0.00556589401824422 0.00090407391963780 -0.00203193242531448
v -0.00540706528289266 0.00081236859737217 -0.00265904147606521
v -0.00562634934050985 0.00093897458492100 -0.00210458571892410
v -0.00549492539031453 0.00086309453426182 -0.00266007382851272
v -0.00568456162078328 0.00097258397517979 -0.00218058211784988
v -0.00571736801726766 0.00099152394710362 -0.00251566274147659
v -0.00573570908172078 0.00100211736141026 -0.00246927244644790
v -0.00557312668425985 0.00090824910579502 -0.00265786249619156
v -0.00569867600066610 0.00098073407588780 -0.00256187136154800
v -0.00575371445281454 0.00101251241145908 -0.00242270357590347
v -0.00573433579070516 0.00100131627498448 -0.00225027973633438
v -0.00503037155730672 0.00059488507686436 -0.00160714395027786
v -0.00501827133758016 0.00058790227351963 -0.00156661279183060
v -0.00476431931121297 0.00044128247676670 -0.00116468579750686
v -0.00501547897918172 0.00058628484187901 -0.00152386529427200
v -0.00502214707000203 0.00059013577876865 -0.00148169333916336
v -0.00504152573211141 0.00060132810054600 -0.00140961368065506
v -0.00505994309050985 0.00061195966182530 -0.00133719642143875
v -0.00507738388640828 0.00062203046260655 -0.00126445825081497
v -0.00509151352508016 0.00063018819270908 -0.00122481591683059
v -0.00511388290984578 0.00064310475765049 -0.00119060380440384
v -0.00514304245574422 0.00065993520198643 -0.00116405684929519
v -0.00525923813445516 0.00072702046809971 -0.00023089654427200
v -0.00517706955535360 0.00067958089290440 -0.00114690835457474
v -0.00528769577605672 0.00074345418392002 -0.00025841958504349
v -0.00521375168425985 0.00070075818477451 -0.00114027841072708
v -0.00532128037078328 0.00076283856807530 -0.00027671344261795
v -0.00525067795379110 0.00072208424983799 -0.00114459998589187
v -0.00535776413543172 0.00078390904842198 -0.00028458363991409
v -0.00535893906218953 0.00078458043514073 -0.00117374856453567
v -0.00546874130828329 0.00084798070369541 -0.00029183061104446
v -0.00544586838347860 0.00083477612911045 -0.00118355042915970
v -0.00555455673797078 0.00089752408443272 -0.00031070954781204
v -0.00553330124480672 0.00088525029598057 -0.00118235499840408
v -0.00563814438445516 0.00094578572688877 -0.00034029681664139
v -0.00562044418914266 0.00093556424556553 -0.00117399318199783
v -0.00571971787078328 0.00099288388667881 -0.00037666995506912
v -0.00570691574675985 0.00098548909602940 -0.00115991313439041
v -0.00579926193816610 0.00103880330501377 -0.00041831071358352
v -0.00579244125945516 0.00103487035213291 -0.00114102179985672
v -0.00587671555144735 0.00108352300105869 -0.00046426112633377
v -0.00587732590300985 0.00108387204585850 -0.00111764008980423
v -0.00595244492156454 0.00112724515376865 -0.00051430566292435
v -0.00596187485320516 0.00113268872676670 -0.00109004838448196
v -0.00602683151824422 0.00117019673763096 -0.00056828649025589
v -0.00614006699187703 0.00123557301936924 -0.00087912137489944
v -0.00614635361297078 0.00123920079646885 -0.00082864148598343
v -0.00603636826140829 0.00117570134578526 -0.00106248433571487
v -0.00613341415984579 0.00123172971187412 -0.00092953784447342
v -0.00615227402312704 0.00124261495052158 -0.00077810151558548
v -0.00609158981902547 0.00120758458553135 -0.00061897046547561
v -0.00489711655242391 0.00051795026241123 -0.00000000007134109
v -0.00523773850066610 0.00071461125789463 -0.00019594151955276
v -0.00522461594207235 0.00070703717647373 -0.00015583713036209
v -0.00522074020965047 0.00070479222713291 -0.00011320312004715
v -0.00522174728972860 0.00070537587581455 -0.00003773744087845
v -0.00522174728972860 0.00070537587581455 0.00003773729819626
v -0.00522074020965047 0.00070479222713291 0.00011320297736496
v -0.00522461594207235 0.00070703717647373 0.00015583698767990
v -0.00523773850066610 0.00071461125789463 0.00019594137687058
v -0.00525923813445516 0.00072702046809971 0.00023089640158982
v -0.00476431931121297 0.00044128247676670 0.00116468565482468
v -0.00514304245574422 0.00065993520198643 0.00116405670661301
v -0.00511388290984578 0.00064310475765049 0.00119060413855881
v -0.00517706955535360 0.00067958089290440 0.00114690868872971
v -0.00528769577605672 0.00074345418392002 0.00025841991919846
v -0.00521375168425985 0.00070075818477451 0.00114027826804489
v -0.00532128037078328 0.00076283856807530 0.00027671377677292
v -0.00525067795379110 0.00072208424983799 0.00114459984320969
v -0.00535776413543172 0.00078390904842198 0.00028458349723191
v -0.00535893906218953 0.00078458043514073 0.00117374842185349
v -0.00546874130828329 0.00084798070369541 0.00029183046836228
v -0.00544586838347860 0.00083477612911045 0.00118355028647751
v -0.00555455673797078 0.00089752408443272 0.00031070940512985
v -0.00553330124480672 0.00088525029598057 0.00118235485572190
v -0.00563814438445516 0.00094578572688877 0.00034029667395920
v -0.00562044418914266 0.00093556424556553 0.00117399303931565
v -0.00571971787078328 0.00099288388667881 0.00037666981238693
v -0.00570691574675985 0.00098548909602940 0.00115991299170822
v -0.00579926193816610 0.00103880330501377 0.00041831057090134
v -0.00579244125945516 0.00103487035213291 0.00114102165717453
v -0.00587671555144735 0.00108352300105869 0.00046426098365158
v -0.00587732590300985 0.00108387204585850 0.00111763994712204
v -0.00595244492156454 0.00112724515376865 0.00051430552024216
v -0.00596187485320516 0.00113268872676670 0.00109004824179978
v -0.00602683151824422 0.00117019673763096 0.00056828682441086
v -0.00614006699187703 0.00123557301936924 0.00087912123221726
v -0.00614635361297078 0.00123920079646885 0.00082864134330124
v -0.00609158981902547 0.00120758458553135 0.00061897032279343
v -0.00615227402312704 0.00124261495052158 0.00077810137290329
v -0.00613341415984579 0.00123172971187412 0.00092953770179123
v -0.00603636826140829 0.00117570134578526 0.00106248419303269
v -0.00509151352508016 0.00063018819270908 0.00122481577414841
v -0.00507738388640828 0.00062203046260655 0.00126445810813278
v -0.00505994309050985 0.00061195966182530 0.00133719627875656
v -0.00504152573211141 0.00060132810054600 0.00140961401481003
v -0.00502214707000203 0.00059013577876865 0.00148169367331833
v -0.00501547897918172 0.00058628484187901 0.00152386515158982
v -0.00501827133758016 0.00058790227351963 0.00156661264914841
v -0.00437500656707235 0.00021650716243565 0.00224999992865891
v -0.00503037155730672 0.00059488507686436 0.00160714380759567
v -0.00505097092254110 0.00060677548824131 0.00164281218070358
v -0.00507871140105672 0.00062279912410557 0.00167128794211716
v -0.00476485336883016 0.00044158574519932 0.00246489231604904
v -0.00472803391082235 0.00042033215938389 0.00245932095069260
v -0.00469119919402547 0.00039906712947666 0.00246470539588303
v -0.00465676010711141 0.00037917920528233 0.00248069374579758
v -0.00479923142058797 0.00046143933711826 0.00248105518836350
v -0.00511180771453328 0.00064190694270908 0.00169071142691941
v -0.00489598740203329 0.00051729794917881 0.00254423706549973
v -0.00521652878386922 0.00070236226497471 0.00173376743811936
v -0.00497701157195516 0.00056407948909580 0.00258192532080979
v -0.00529425705535360 0.00074724027095615 0.00177979748267502
v -0.00506119431121297 0.00061267682491123 0.00260921947974533
v -0.00536723984343953 0.00078937741695225 0.00183537952918381
v -0.00514684189422079 0.00066213056026280 0.00262954609412522
v -0.00543663681609578 0.00082944508968174 0.00189681713599533
v -0.00523325241668172 0.00071201726375401 0.00264416687507004
v -0.00550278366668172 0.00086763783870518 0.00196264545935959
v -0.00531992233855672 0.00076206036983311 0.00265386574286789
v -0.00556589401824422 0.00090407391963780 0.00203193275946945
v -0.00540706528289266 0.00081236859737217 0.00265904133338303
v -0.00562634934050985 0.00093897458492100 0.00210458557624191
v -0.00549492539031453 0.00086309453426182 0.00266007416266770
v -0.00568456162078328 0.00097258397517979 0.00218058197516770
v -0.00571736801726766 0.00099152394710362 0.00251566307563156
v -0.00573570908172078 0.00100211736141026 0.00246927254218430
v -0.00573433579070516 0.00100131627498448 0.00225027935523361
v -0.00575371445281454 0.00101251241145908 0.00242270367163986
v -0.00569867600066610 0.00098073407588780 0.00256187145728440
v -0.00557312668425985 0.00090824910579502 0.00265786259192795
v -0.00462694443328329 0.00036196538387119 0.00250624172705979
v -0.00460370529754110 0.00034855290828526 0.00253968040961594
v -0.00456922043425985 0.00032864400325596 0.00260379784125656
v -0.00453389633758016 0.00030824300227940 0.00266729156989426
v -0.00449770248992391 0.00028735181270420 0.00273014538306565
v -0.00448100937468953 0.00027771398006260 0.00276843922156662
v -0.00375566757781453 -0.00014105967106045 0.00318198006171555
v -0.00447327316863485 0.00027324506221592 0.00281036655921311
v -0.00447498215300985 0.00027423497615635 0.00285319035071701
v -0.00448604477508016 0.00028062077937901 0.00289411442298264
v -0.00397698105437704 -0.00001329020084560 0.00357249348182053
v -0.00394032944304891 -0.00003445223392666 0.00356567852515549
v -0.00401094711883016 0.00000631734309971 0.00358981506842942
v -0.00450572861297078 0.00029198285518467 0.00293046467322678
v -0.00403998459441610 0.00002309056697666 0.00361650936621994
v -0.00453275192840047 0.00030758115230381 0.00295986835975022
v -0.00411740769011922 0.00006778737483799 0.00370860760230393
v -0.00462270248992391 0.00035952207027256 0.00303524487037033
v -0.00418596542937703 0.00010736485896885 0.00377112858313889
v -0.00468605698211141 0.00039609738765537 0.00310469620246262
v -0.00426006210906453 0.00015014859615147 0.00382470028418869
v -0.00474252976043172 0.00042869969783604 0.00318177025336594
v -0.00433728684050985 0.00019473477779209 0.00387206833381027
v -0.00479411972625203 0.00045848866878330 0.00326329510230393
v -0.00441663254363485 0.00024054166255772 0.00391420738715500
v -0.00484152878386922 0.00048586102901280 0.00334797756690354
v -0.00449742783172079 0.00028718968807041 0.00395170967597336
v -0.00488518417937703 0.00051106091914951 0.00343498890418381
v -0.00457977951629110 0.00033473226009190 0.00398502342719406
v -0.00492545212371297 0.00053431340633213 0.00352436440009445
v -0.00466382492644735 0.00038325902400791 0.00401459591407150
v -0.00496277512175985 0.00055585690913975 0.00361622040290207
v -0.00491249741179891 0.00052682897029698 0.00394840042609543
v -0.00494141281707235 0.00054352780757725 0.00390985767859787
v -0.00499352158172079 0.00057360860286533 0.00369928448218674
v -0.00497005356414266 0.00056006070552647 0.00387103264350266
v -0.00488329208953328 0.00050996610103428 0.00398665707129807
v -0.00473940170867391 0.00042689534602940 0.00403791706580490
v -0.00390337265593953 -0.00005578592838467 0.00356981270331711
v -0.00386853684050985 -0.00007590082706631 0.00358462612647385
v -0.00383808029754110 -0.00009348085941494 0.00360915367621750
v -0.00378935898406453 -0.00012161425174892 0.00365945618171066
v -0.00373995102508016 -0.00015013483585537 0.00370888130683274
v -0.00368990219695516 -0.00017903498233974 0.00375741760749191
v -0.00366454208953328 -0.00019367579044521 0.00378872959632248
v -0.00294855393035360 -0.00060704973758877 0.00389711468238205
v -0.00364688767058797 -0.00020386866153896 0.00382644073981613
v -0.00363808334929891 -0.00020895174564541 0.00386808769721359
v -0.00363870895965047 -0.00020858934940517 0.00391095154303879
v -0.00364871872527547 -0.00020280817569912 0.00395223228949875
v -0.00301311386687703 -0.00056978205265224 0.00442391197699875
v -0.00303446091277547 -0.00055744913639248 0.00445897572059006
v -0.00366747177703328 -0.00019198397220791 0.00398923389930100
v -0.00308627976043172 -0.00052753809513271 0.00457252781409592
v -0.00373540390593953 -0.00015276506962002 0.00409082405585617
v -0.00313680161101766 -0.00049836901249111 0.00465481750983566
v -0.00377924240691610 -0.00012745455326260 0.00417807190436691
v -0.00319483078582235 -0.00046486452640713 0.00473032658118576
v -0.00381461227996297 -0.00010703066410244 0.00427039425391525
v -0.00325737656218953 -0.00042875650943935 0.00480089943427414
v -0.00384422958953328 -0.00008993319095791 0.00436540119666428
v -0.00332321823699422 -0.00039074114383877 0.00486714069861740
v -0.00386905563933797 -0.00007559565128506 0.00446207706946701
v -0.00339159287078329 -0.00035126665653408 0.00492940895575852
v -0.00388971603972860 -0.00006367472232998 0.00455976288337082
v -0.00346246994597860 -0.00031034258426845 0.00498816196936936
v -0.00390654648406453 -0.00005395296634853 0.00465862076300949
v -0.00353589523894735 -0.00026794794620693 0.00504387943763107
v -0.00391994370086141 -0.00004622438968838 0.00475889294165940
v -0.00379064072234578 -0.00012086847843349 0.00506126205939621
v -0.00382779587371297 -0.00009941652836025 0.00503368942756027
v -0.00392917526824422 -0.00004089144291103 0.00484859554786057
v -0.00386475266082235 -0.00007808283390224 0.00500575344580979
v -0.00375328720672078 -0.00014243677677334 0.00508846848029465
v -0.00360272873504110 -0.00022936419071377 0.00509084312934250
v -0.00298474777800985 -0.00058615473331631 0.00439624493140549
v -0.00295123947722860 -0.00060550097049892 0.00437778084296555
v -0.00291477097136922 -0.00062655237735927 0.00436972610968918
v -0.00287773789031453 -0.00064793947757900 0.00437260620612473
v -0.00284253586394735 -0.00066826227726162 0.00438623421210617
v -0.00278349960906453 -0.00070234278263271 0.00441864674109787
v -0.00272405136687703 -0.00073666933597744 0.00444999973792404
v -0.00266417587859578 -0.00077123621524990 0.00448028652686447
v -0.00200864304168172 -0.00114970758976162 0.00434666626471848
v -0.00263220871550985 -0.00078969362796963 0.00450208084601731
v -0.00260607040984578 -0.00080478838504970 0.00453252022284836
v -0.00258745468718953 -0.00081553057254970 0.00456961624640793
v -0.00257759750945516 -0.00082122210087002 0.00461094753760666
v -0.00257713974578328 -0.00082148912967861 0.00465381424445481
v -0.00258609665496297 -0.00081631640018642 0.00469541637915940
v -0.00186412705047079 -0.00123314837040127 0.00494020264167160
v -0.00185217941863485 -0.00124004152836025 0.00489961044806809
v -0.00183171738250204 -0.00125185564579189 0.00486383812445969
v -0.00180408371550985 -0.00126781443180263 0.00483522121924729
v -0.00188613022429891 -0.00122044352115810 0.00506600945014328
v -0.00262648666961141 -0.00079299524845302 0.00481498997229904
v -0.00191452683074422 -0.00120404985965908 0.00516140072364182
v -0.00264726914031454 -0.00078100184024990 0.00491296474952072
v -0.00195178879363485 -0.00118253878177822 0.00525272934455246
v -0.00265868271453328 -0.00077441004337490 0.00501305477637619
v -0.00199457443816610 -0.00115783480228603 0.00534078972358078
v -0.00266391647918172 -0.00077138689579189 0.00511384766120285
v -0.00204158676726766 -0.00113069132389248 0.00542576782721848
v -0.00266414536101766 -0.00077125147403896 0.00521468632239670
v -0.00209200180633016 -0.00110158518375576 0.00550775806922287
v -0.00266013229949422 -0.00077357271732509 0.00531513111609787
v -0.00214566696746297 -0.00107059458316982 0.00558718960303635
v -0.00265216721160360 -0.00077817133487881 0.00541546242255539
v -0.00220253647429891 -0.00103776720585049 0.00566453831214279
v -0.00264055527312703 -0.00078487948002041 0.00551602928656906
v -0.00244272507293172 -0.00089909342350185 0.00576408951300949
v -0.00248509873015828 -0.00087462786258877 0.00574972145575852
v -0.00262752426726766 -0.00079240015567959 0.00560510246772141
v -0.00252736557586141 -0.00085022333683193 0.00573493855017990
v -0.00240024460418172 -0.00092362001957119 0.00577804176825852
v -0.00225519455535360 -0.00100736216129482 0.00573133938330979
v -0.00177104843718954 -0.00128688028873623 0.00481563084143967
v -0.00173480881316610 -0.00130780581058681 0.00480634396094650
v -0.00169771469695516 -0.00132922533573330 0.00480796806830734
v -0.00163317001922079 -0.00136649111332119 0.00481986420173020
v -0.00156847275359578 -0.00140384462894619 0.00483060543555588
v -0.00100000656707235 -0.00173204973758877 0.00449999992865891
v -0.00150363815886922 -0.00144127634586513 0.00484018890876145
v -0.00146764267547079 -0.00146205690921963 0.00485069935340256
v -0.00143512619597860 -0.00148082712711513 0.00487140076178879
v -0.00140822495086141 -0.00149636057438076 0.00490094177741379
v -0.00138867844207235 -0.00150764444889248 0.00493739216346115
v -0.00137778366668172 -0.00151393869938076 0.00497837059516281
v -0.00062221420867391 -0.00195016077579677 0.00497837059516281
v -0.00061131943328328 -0.00195645693363369 0.00493739216346115
v -0.00062377060515828 -0.00194926622928799 0.00502120296973557
v -0.00137622727019735 -0.00151483515323818 0.00502120296973557
v -0.00061418808562703 -0.00195479754032314 0.00514907352942795
v -0.00138580978972860 -0.00150930384220302 0.00514907352942795
v -0.00061815537078328 -0.00195250490726650 0.00524983780402512
v -0.00138184250457235 -0.00151159647525967 0.00524983780402512
v -0.00063162888152547 -0.00194473055423916 0.00534958832282395
v -0.00136836899383016 -0.00151937082828701 0.00534958832282395
v -0.00065119064910360 -0.00193343142093838 0.00544800083655686
v -0.00134880722625203 -0.00153066996158779 0.00544800083655686
v -0.00067557419402547 -0.00191935709537685 0.00554483120459885
v -0.00132442368133016 -0.00154474428714931 0.00554483120459885
v -0.00070394028289266 -0.00190298060001552 0.00563990013617844
v -0.00129605759246297 -0.00156112078251064 0.00563990013617844
v -0.00073606003386922 -0.00188443544925869 0.00573357574958176
v -0.00126393784148641 -0.00157966593326748 0.00573357574958176
v -0.00077175034148641 -0.00186383226932705 0.00582628910559983
v -0.00122824753386922 -0.00160026911319912 0.00582628910559983
v -0.00097791184050985 -0.00174480036319912 0.00599994556922287
v -0.00102208603484579 -0.00171930101932705 0.00599994556922287
v -0.00119402207000204 -0.00162003115238369 0.00590751640815109
v -0.00106624497039266 -0.00169380167545498 0.00599951260108322
v -0.00093375290496297 -0.00177029970707119 0.00599951260108322
v -0.00080597580535360 -0.00184406832279384 0.00590751640815109
v -0.00059177292449422 -0.00196773890079677 0.00490094177741379
v -0.00056487167937703 -0.00198327234806240 0.00487140076178879
v -0.00053235519988485 -0.00200204256595791 0.00485069935340256
v -0.00049635971648641 -0.00202282312931240 0.00484018890876145
v -0.00043152512175985 -0.00206025675357998 0.00483060543555588
v 0.00000864516632609 -0.00231439379276455 0.00434666626471848
v -0.00036682785613485 -0.00209760836185634 0.00481986420173020
v -0.00030228317840047 -0.00213487413944424 0.00480796806830734
v -0.00026518906218954 -0.00215629366459072 0.00480634396094650
v -0.00022894943816610 -0.00217721918644131 0.00481563084143967
v -0.00019591415984579 -0.00219628504337490 0.00483522121924729
v -0.00016828049285360 -0.00221224573673427 0.00486383812445969
v -0.00014781845672079 -0.00222405794681728 0.00489961044806809
v 0.00057714187042765 -0.00264261034549892 0.00465381424445481
v -0.00013587082488485 -0.00223095301212490 0.00494020264167160
v 0.00058609877960734 -0.00264778498233974 0.00469541637915940
v -0.00011386765105672 -0.00224365786136806 0.00506600945014328
v 0.00062648879425578 -0.00267110422672451 0.00481498997229904
v -0.00008547104461141 -0.00226005152286709 0.00516140072364182
v 0.00064727126495890 -0.00268309954227627 0.00491296474952072
v -0.00004820908172079 -0.00228156260074795 0.00525272934455246
v 0.00065868483917765 -0.00268969133915127 0.00501305477637619
v -0.00000542343718954 -0.00230626658024013 0.00534078972358078
v 0.00066391860382609 -0.00269271257938564 0.00511384766120285
v 0.00004158889191203 -0.00233341005863369 0.00542576782721848
v 0.00066414748566203 -0.00269284990848720 0.00521468632239670
v 0.00009200393097453 -0.00236251619877041 0.00550775806922287
v 0.00066013442413859 -0.00269052866520107 0.00531513111609787
v 0.00014566909210734 -0.00239350679935634 0.00558718960303635
v 0.00065216933624796 -0.00268593004764736 0.00541546242255539
v 0.00020253859894328 -0.00242633417667568 0.00566453831214279
v 0.00064055739777140 -0.00267922190250576 0.00551602928656906
v 0.00044272719757609 -0.00256500795902431 0.00576408951300949
v 0.00048510085480265 -0.00258947351993740 0.00574972145575852
v 0.00025519667999796 -0.00245673922123134 0.00573133938330979
v 0.00040024672882609 -0.00254047945560634 0.00577804176825852
v 0.00052736770050578 -0.00261387804569424 0.00573493855017990
v 0.00062752639191203 -0.00267170122684658 0.00560510246772141
v 0.00057759963409953 -0.00264287928165615 0.00461094753760666
v 0.00058745681183390 -0.00264857080997646 0.00456961624640793
v 0.00060607253449015 -0.00265931299747646 0.00453252022284836
v 0.00063221084015421 -0.00267440584720791 0.00450208084601731
v 0.00066417800324015 -0.00269286516727627 0.00448028652686447
v 0.00094855605499796 -0.00285704973758877 0.00389711468238205
v 0.00072405349152140 -0.00272743013920009 0.00444999973792404
v 0.00078350173370890 -0.00276175859989345 0.00441864674109787
v 0.00084253798859171 -0.00279583719791591 0.00438623421210617
v 0.00087774001495890 -0.00281616190494717 0.00437260620612473
v 0.00091477309601359 -0.00283754709781826 0.00436972610968918
v 0.00095124160187296 -0.00285860041202724 0.00437778084296555
v 0.00098474990265421 -0.00287794474186123 0.00439624493140549
v 0.00101311599152140 -0.00289431932987392 0.00442391197699875
v 0.00164872084991984 -0.00326129320682705 0.00395223228949875
v 0.00103446303741984 -0.00290665033878506 0.00445897572059006
v 0.00166747390167765 -0.00327211741031826 0.00398923389930100
v 0.00108628188507609 -0.00293656328739345 0.00457252781409592
v 0.00173540603058390 -0.00331133631290615 0.00409082405585617
v 0.00113680373566203 -0.00296573046268642 0.00465481750983566
v 0.00177924453156046 -0.00333664682926357 0.00417807190436691
v 0.00119483291046671 -0.00299923685611904 0.00473032658118576
v 0.00181461440460734 -0.00335707071842373 0.00427039425391525
v 0.00125737868683390 -0.00303534487308681 0.00480089943427414
v 0.00184423171417765 -0.00337416819156826 0.00436540119666428
v 0.00132322036163859 -0.00307335833133877 0.00486714069861740
v 0.00186905776398234 -0.00338850382389248 0.00446207706946701
v 0.00139159499542765 -0.00311283472599209 0.00492940895575852
v 0.00188971816437296 -0.00340042666019619 0.00455976288337082
v 0.00146247207062296 -0.00315375879825771 0.00498816196936936
v 0.00190654860870890 -0.00341014650882900 0.00465862076300949
v 0.00153589736359171 -0.00319615343631924 0.00504387943763107
v 0.00191994582550578 -0.00341787699283779 0.00475889294165940
v 0.00179064284699015 -0.00334323290409267 0.00506126205939621
v 0.00182779799835734 -0.00336468485416591 0.00503368942756027
v 0.00160273085968546 -0.00323473719181240 0.00509084312934250
v 0.00175328933136515 -0.00332166460575283 0.00508846848029465
v 0.00186475478546671 -0.00338601854862392 0.00500575344580979
v 0.00192917739288859 -0.00342320803226650 0.00484859554786057
v 0.00163871108429484 -0.00325551012577236 0.00391095154303879
v 0.00163808547394328 -0.00325514963688076 0.00386808769721359
v 0.00164688979523234 -0.00326023081363857 0.00382644073981613
v 0.00166454421417765 -0.00327042559208095 0.00378872959632248
v 0.00175566970245890 -0.00332303980411709 0.00318198006171555
v 0.00168990432159953 -0.00328506640018642 0.00375741760749191
v 0.00173995314972453 -0.00331396654667080 0.00370888130683274
v 0.00178936110870890 -0.00334248522342861 0.00365945618171066
v 0.00183808242218546 -0.00337062052311123 0.00360915367621750
v 0.00186853896515421 -0.00338820055545986 0.00358462612647385
v 0.00190337478058390 -0.00340831354679287 0.00356981270331711
v 0.00194033156769328 -0.00342964914859951 0.00356567852515549
v 0.00197698317902140 -0.00345081118168056 0.00357249348182053
v 0.00248604689972453 -0.00374472025455654 0.00289411442298264
v 0.00201094924347453 -0.00347041872562588 0.00358981506842942
v 0.00250573073761515 -0.00375608423771084 0.00293046467322678
v 0.00203998671906046 -0.00348719004215420 0.00361650936621994
v 0.00253275405304484 -0.00377168253482998 0.00295986835975022
v 0.00211740981476359 -0.00353188685001552 0.00370860760230393
v 0.00262270461456828 -0.00382362345279873 0.00303524487037033
v 0.00218596755402140 -0.00357146433414638 0.00377112858313889
v 0.00268605910675578 -0.00386019877018154 0.00310469620246262
v 0.00226006423370890 -0.00361424997867763 0.00382470028418869
v 0.00274253188507609 -0.00389280108036220 0.00318177025336594
v 0.00233728896515421 -0.00365883616031826 0.00387206833381027
v 0.00279412185089640 -0.00392258814396084 0.00326329510230393
v 0.00241663466827921 -0.00370464304508388 0.00391420738715500
v 0.00284153090851359 -0.00394996241153896 0.00334797756690354
v 0.00249742995636515 -0.00375129107059658 0.00395170967597336
v 0.00288518630402140 -0.00397516230167568 0.00343498890418381
v 0.00257978164093547 -0.00379883364261806 0.00398502342719406
v 0.00292545424835734 -0.00399841478885830 0.00352436440009445
v 0.00266382705109171 -0.00384736040653408 0.00401459591407150
v 0.00296277724640421 -0.00401995638431728 0.00361622040290207
v 0.00291249953644328 -0.00399092844547451 0.00394840042609543
v 0.00294141494171671 -0.00400762728275478 0.00390985767859787
v 0.00273940383331828 -0.00389099482120693 0.00403791706580490
v 0.00288329421417765 -0.00397406748356045 0.00398665707129807
v 0.00297005568878703 -0.00402416208805263 0.00387103264350266
v 0.00299352370636515 -0.00403770807804287 0.00369928448218674
v 0.00247498427765421 -0.00373833635868252 0.00285319035071701
v 0.00247327529327921 -0.00373734644474209 0.00281036655921311
v 0.00248101149933390 -0.00374181536258877 0.00276843922156662
v 0.00237499343292765 -0.00368060663761318 0.00224999992865891
v 0.00249770461456828 -0.00375145128788174 0.00273014538306565
v 0.00253389846222453 -0.00377234247745693 0.00266729156989426
v 0.00256922255890421 -0.00379274538578213 0.00260379784125656
v 0.00260370742218546 -0.00381265429081142 0.00253968040961594
v 0.00262694655792765 -0.00382606676639736 0.00250624172705979
v 0.00265676223175578 -0.00384328058780849 0.00248069374579758
v 0.00269120131866984 -0.00386316851200283 0.00246470539588303
v 0.00272803603546671 -0.00388443354191006 0.00245932095069260
v 0.00305097304718546 -0.00407087687076748 0.00164281218070358
v 0.00276485549347453 -0.00390568712772549 0.00246489231604904
v 0.00307871352570109 -0.00408690050663173 0.00167128794211716
v 0.00279923354523234 -0.00392553881229580 0.00248105518836350
v 0.00311180983917765 -0.00410600832523525 0.00169071142691941
v 0.00289598952667765 -0.00398139933170498 0.00254423706549973
v 0.00321653090851359 -0.00416646364750088 0.00173376743811936
v 0.00297701369659953 -0.00402818087162197 0.00258192532080979
v 0.00329425917999796 -0.00421134165348232 0.00177979748267502
v 0.00306119643585734 -0.00407677820743740 0.00260921947974533
v 0.00336724196808390 -0.00425347879947841 0.00183537952918381
v 0.00314684401886515 -0.00412623194278896 0.00262954609412522
v 0.00343663894074015 -0.00429354456485927 0.00189681713599533
v 0.00323325454132609 -0.00417611864628017 0.00264416687507004
v 0.00350278579132609 -0.00433173922123134 0.00196264545935959
v 0.00331992446320109 -0.00422615984501064 0.00265386574286789
v 0.00356589614288859 -0.00436817339481533 0.00203193275946945
v 0.00340706740753703 -0.00427646997989834 0.00265904133338303
v 0.00362635146515421 -0.00440307596744716 0.00210458557624191
v 0.00349492751495890 -0.00432719591678798 0.00266007416266770
v 0.00368456374542765 -0.00443668345035732 0.00218058197516770
v 0.00371737014191203 -0.00445562532962978 0.00251566307563156
v 0.00373571120636515 -0.00446621874393642 0.00246927254218430
v 0.00357312880890421 -0.00437234858097256 0.00265786259192795
v 0.00369867812531047 -0.00444483545841396 0.00256187145728440
v 0.00375371657745890 -0.00447661379398525 0.00242270367163986
v 0.00373433791534953 -0.00446541765751064 0.00225027935523361
v 0.00303037368195109 -0.00405898645939052 0.00160714380759567
v 0.00301827346222453 -0.00405200365604580 0.00156661264914841
v 0.00276432143585734 -0.00390538385929287 0.00116468565482468
v 0.00301548110382609 -0.00405038431705654 0.00152386515158982
v 0.00302214919464640 -0.00405423716129482 0.00148169367331833
v 0.00304152785675578 -0.00406542948307216 0.00140961401481003
v 0.00305994521515421 -0.00407606104435146 0.00133719627875656
v 0.00307738601105265 -0.00408612993778408 0.00126445810813278
v 0.00309151564972453 -0.00409428957523525 0.00122481577414841
v 0.00311388503449015 -0.00410720614017666 0.00119060413855881
v 0.00314304458038859 -0.00412403658451259 0.00116405670661301
v 0.00325924025909953 -0.00419112185062588 0.00023089640158982
v 0.00317707167999796 -0.00414368227543056 0.00114690868872971
v 0.00328769790070109 -0.00420755556644619 0.00025841991919846
v 0.00321375380890422 -0.00416485956730068 0.00114027826804489
v 0.00332128249542765 -0.00422693995060146 0.00027671377677292
v 0.00325068007843546 -0.00418618563236416 0.00114459984320969
v 0.00335776626007609 -0.00424801043094814 0.00028458349723191
v 0.00335894118683390 -0.00424868181766689 0.00117374842185349
v 0.00346874343292765 -0.00431208208622158 0.00029183046836228
v 0.00344587050812296 -0.00429887751163662 0.00118355028647751
v 0.00355455886261515 -0.00436162546695888 0.00031070940512985
v 0.00353330336945109 -0.00434935167850673 0.00118235485572190
v 0.00363814650909953 -0.00440988710941494 0.00034029667395920
v 0.00362044631378703 -0.00439966562809170 0.00117399303931565
v 0.00371971999542765 -0.00445698336185634 0.00037666981238693
v 0.00370691787140421 -0.00444959047855556 0.00115991299170822
v 0.00379926406281046 -0.00450290278019131 0.00041831057090134
v 0.00379244338409953 -0.00449897173465908 0.00114102165717453
v 0.00387671767609171 -0.00454762247623623 0.00046426098365158
v 0.00387732802765422 -0.00454797152103603 0.00111763994712204
v 0.00395244704620890 -0.00459134462894619 0.00051430552024216
v 0.00396187697784953 -0.00459678820194423 0.00109004824179978
v 0.00402683364288859 -0.00463429812015713 0.00056828682441086
v 0.00414006911652140 -0.00469967249454677 0.00087912123221726
v 0.00414635573761515 -0.00470330217899502 0.00082864134330124
v 0.00403637038605265 -0.00463980272831142 0.00106248419303269
v 0.00413341628449015 -0.00469582918705166 0.00092953770179123
v 0.00415227614777140 -0.00470671633304775 0.00077810137290329
v 0.00409159194366984 -0.00467168596805752 0.00061897032279343
v 0.00289711867706828 -0.00398204973758877 -0.00000000007134109
v 0.00323774062531046 -0.00417871264042080 0.00019594137687058
v 0.00322461806671671 -0.00417113855899990 0.00015583698767990
v 0.00322074233429484 -0.00416889360965908 0.00011320297736496
v 0.00322174941437297 -0.00416947725834072 0.00003773729819626
v 0.00322174941437297 -0.00416947725834072 -0.00003773744087845
v 0.00322074233429484 -0.00416889360965908 -0.00011320312004715
v 0.00322461806671671 -0.00417113855899990 -0.00015583713036209
v 0.00323774062531046 -0.00417871264042080 -0.00019594151955276
v 0.00325924025909953 -0.00419112185062588 -0.00023089654427200
v 0.00276432143585734 -0.00390538385929287 -0.00116468579750686
v 0.00314304458038859 -0.00412403658451259 -0.00116405684929519
v 0.00311388503449015 -0.00410720614017666 -0.00119060380440384
v 0.00317707167999796 -0.00414368227543056 -0.00114690835457474
v 0.00328769790070109 -0.00420755556644619 -0.00025841958504349
v 0.00321375380890422 -0.00416485956730068 -0.00114027841072708
v 0.00332128249542765 -0.00422693995060146 -0.00027671344261795
v 0.00325068007843546 -0.00418618563236416 -0.00114459998589187
v 0.00335776626007609 -0.00424801043094814 -0.00028458363991409
v 0.00335894118683390 -0.00424868181766689 -0.00117374856453567
v 0.00346874343292765 -0.00431208208622158 -0.00029183061104446
v 0.00344587050812296 -0.00429887751163662 -0.00118355042915970
v 0.00355455886261515 -0.00436162546695888 -0.00031070954781204
v 0.00353330336945109 -0.00434935167850673 -0.00118235499840408
v 0.00363814650909953 -0.00440988710941494 -0.00034029681664139
v 0.00362044631378703 -0.00439966562809170 -0.00117399318199783
v 0.00371971999542765 -0.00445698336185634 -0.00037666995506912
v 0.00370691787140421 -0.00444959047855556 -0.00115991313439041
v 0.00379926406281046 -0.00450290278019131 -0.00041831071358352
v 0.00379244338409953 -0.00449897173465908 -0.00114102179985672
v 0.00387671767609171 -0.00454762247623623 -0.00046426112633377
v 0.00387732802765422 -0.00454797152103603 -0.00111764008980423
v 0.00395244704620890 -0.00459134462894619 -0.00051430566292435
v 0.00396187697784953 -0.00459678820194423 -0.00109004838448196
v 0.00402683364288859 -0.00463429812015713 -0.00056828649025589
v 0.00414006911652140 -0.00469967249454677 -0.00087912137489944
v 0.00414635573761515 -0.00470330217899502 -0.00082864148598343
v 0.00409159194366984 -0.00467168596805752 -0.00061897046547561
v 0.00415227614777140 -0.00470671633304775 -0.00077810151558548
v 0.00413341628449015 -0.00469582918705166 -0.00092953784447342
v 0.00403637038605265 -0.00463980272831142 -0.00106248433571487
v 0.00309151564972453 -0.00409428957523525 -0.00122481591683059
v 0.00307738601105265 -0.00408612993778408 -0.00126445825081497
v 0.00305994521515421 -0.00407606104435146 -0.00133719642143875
v 0.00304152785675578 -0.00406542948307216 -0.00140961368065506
v 0.00302214919464640 -0.00405423716129482 -0.00148169333916336
v 0.00301548110382609 -0.00405038431705654 -0.00152386529427200
v 0.00301827346222453 -0.00405200365604580 -0.00156661279183060
v 0.00237499343292765 -0.00368060663761318 -0.00225000007134109
v 0.00303037368195109 -0.00405898645939052 -0.00160714395027786
v 0.00305097304718546 -0.00407087687076748 -0.00164281232338577
v 0.00307871352570109 -0.00408690050663173 -0.00167128808479935
v 0.00276485549347453 -0.00390568712772549 -0.00246489222031265
v 0.00272803603546671 -0.00388443354191006 -0.00245932109337478
v 0.00269120131866984 -0.00386316851200283 -0.00246470553856521
v 0.00265676223175578 -0.00384328058780849 -0.00248069365006119
v 0.00279923354523234 -0.00392553881229580 -0.00248105485420852
v 0.00311180983917765 -0.00410600832523525 -0.00169071156960159
v 0.00289598952667765 -0.00398139933170498 -0.00254423744660049
v 0.00321653090851359 -0.00416646364750088 -0.00173376758080154
v 0.00297701369659953 -0.00402818087162197 -0.00258192570191055
v 0.00329425917999796 -0.00421134165348232 -0.00177979714852005
v 0.00306119643585734 -0.00407677820743740 -0.00260921914559036
v 0.00336724196808390 -0.00425347879947841 -0.00183537967186600
v 0.00314684401886515 -0.00412623194278896 -0.00262954599838882
v 0.00343663894074015 -0.00429354456485927 -0.00189681727867752
v 0.00323325454132609 -0.00417611864628017 -0.00264416725617080
v 0.00350278579132609 -0.00433173922123134 -0.00196264512520462
v 0.00331992446320109 -0.00422615984501064 -0.00265386588555008
v 0.00356589614288859 -0.00436817339481533 -0.00203193242531448
v 0.00340706740753703 -0.00427646997989834 -0.00265904147606521
v 0.00362635146515421 -0.00440307596744716 -0.00210458571892410
v 0.00349492751495890 -0.00432719591678798 -0.00266007382851272
v 0.00368456374542765 -0.00443668345035732 -0.00218058211784988
v 0.00371737014191203 -0.00445562532962978 -0.00251566274147659
v 0.00373571120636515 -0.00446621874393642 -0.00246927244644790
v 0.00373433791534953 -0.00446541765751064 -0.00225027973633438
v 0.00375371657745890 -0.00447661379398525 -0.00242270357590347
v 0.00369867812531047 -0.00444483545841396 -0.00256187136154800
v 0.00357312880890421 -0.00437234858097256 -0.00265786249619156
v 0.00262694655792765 -0.00382606676639736 -0.00250624163132339
v 0.00260370742218546 -0.00381265429081142 -0.00253968079071670
v 0.00256922255890421 -0.00379274538578213 -0.00260379822235733
v 0.00253389846222453 -0.00377234247745693 -0.00266729171257644
v 0.00249770461456828 -0.00375145128788174 -0.00273014576416641
v 0.00248101149933390 -0.00374181536258877 -0.00276843888741165
v 0.00175566970245890 -0.00332303980411709 -0.00318198044281631
v 0.00247327529327921 -0.00373734644474209 -0.00281036646347671
v 0.00247498427765421 -0.00373833635868252 -0.00285319049339920
v 0.00248604689972453 -0.00374472025455654 -0.00289411408882767
v 0.00197698317902140 -0.00345081118168056 -0.00357249386292129
v 0.00194033156769328 -0.00342964914859951 -0.00356567819100052
v 0.00201094924347453 -0.00347041872562588 -0.00358981473427444
v 0.00250573073761515 -0.00375608423771084 -0.00293046481590896
v 0.00203998671906046 -0.00348719004215420 -0.00361650927048355
v 0.00253275405304484 -0.00377168253482998 -0.00295986850243240
v 0.00211740981476359 -0.00353188685001552 -0.00370860750656753
v 0.00262270461456828 -0.00382362345279873 -0.00303524453621536
v 0.00218596755402140 -0.00357146433414638 -0.00377112896423965
v 0.00268605910675578 -0.00386019877018154 -0.00310469658356338
v 0.00226006423370890 -0.00361424997867763 -0.00382469995003372
v 0.00274253188507609 -0.00389280108036220 -0.00318177063446670
v 0.00233728896515421 -0.00365883616031826 -0.00387206871491104
v 0.00279412185089640 -0.00392258814396084 -0.00326329548340469
v 0.00241663466827921 -0.00370464304508388 -0.00391420705300003
v 0.00284153090851359 -0.00394996241153896 -0.00334797794800430
v 0.00249742995636515 -0.00375129107059658 -0.00395170958023697
v 0.00288518630402140 -0.00397516230167568 -0.00343498880844742
v 0.00257978164093547 -0.00379883364261806 -0.00398502309303909
v 0.00292545424835734 -0.00399841478885830 -0.00352436454277664
v 0.00266382705109171 -0.00384736040653408 -0.00401459593754440
v 0.00296277724640421 -0.00401995638431728 -0.00361622006874710
v 0.00291249953644328 -0.00399092844547451 -0.00394840009194046
v 0.00294141494171671 -0.00400762728275478 -0.00390985758286148
v 0.00299352370636515 -0.00403770807804287 -0.00369928462486892
v 0.00297005568878703 -0.00402416208805263 -0.00387103278618484
v 0.00288329421417765 -0.00397406748356045 -0.00398665745239883
v 0.00273940383331828 -0.00389099482120693 -0.00403791673164993
v 0.00190337478058390 -0.00340831354679287 -0.00356981236916214
v 0.00186853896515421 -0.00338820055545986 -0.00358462650757461
v 0.00183808242218546 -0.00337062052311123 -0.00360915334206253
v 0.00178936110870890 -0.00334248522342861 -0.00365945608597427
v 0.00173995314972453 -0.00331396654667080 -0.00370888144951492
v 0.00168990432159953 -0.00328506640018642 -0.00375741798859268
v 0.00166454421417765 -0.00327042559208095 -0.00378872997742325
v 0.00094855605499796 -0.00285704973758877 -0.00389711434822708
v 0.00164688979523234 -0.00326023081363857 -0.00382644088249832
v 0.00163808547394328 -0.00325514963688076 -0.00386808807831436
v 0.00163871108429484 -0.00325551012577236 -0.00391095192413955
v 0.00164872084991984 -0.00326129320682705 -0.00395223243218094
v 0.00101311599152140 -0.00289431932987392 -0.00442391200047165
v 0.00103446303741984 -0.00290665033878506 -0.00445897574406296
v 0.00166747390167765 -0.00327211741031826 -0.00398923428040176
v 0.00108628188507609 -0.00293656328739345 -0.00457252819519668
v 0.00173540603058390 -0.00331133631290615 -0.00409082443695694
v 0.00113680373566203 -0.00296573046268642 -0.00465481777172714
v 0.00177924453156046 -0.00333664682926357 -0.00417807180863052
v 0.00119483291046671 -0.00299923685611904 -0.00473032624703079
v 0.00181461440460734 -0.00335707071842373 -0.00427039380055099
v 0.00125737868683390 -0.00303534487308681 -0.00480089945774704
v 0.00184423171417765 -0.00337416819156826 -0.00436540122013717
v 0.00132322036163859 -0.00307335833133877 -0.00486714084129959
v 0.00186905776398234 -0.00338850382389248 -0.00446207745056778
v 0.00139159499542765 -0.00311283472599209 -0.00492940933685928
v 0.00188971816437296 -0.00340042666019619 -0.00455976254921585
v 0.00146247207062296 -0.00315375879825771 -0.00498816187363296
v 0.00190654860870890 -0.00341014650882900 -0.00465862042885452
v 0.00153589736359171 -0.00319615343631924 -0.00504387952070862
v 0.00191994582550578 -0.00341787699283779 -0.00475889320355087
v 0.00179064284699015 -0.00334323290409267 -0.00506126172524124
v 0.00182779799835734 -0.00336468485416591 -0.00503368957024246
v 0.00192917739288859 -0.00342320803226650 -0.00484859557133346
v 0.00186475478546671 -0.00338601854862392 -0.00500575370770126
v 0.00175328933136515 -0.00332166460575283 -0.00508846826534897
v 0.00160273085968546 -0.00323473719181240 -0.00509084291439682
v 0.00098474990265421 -0.00287794474186123 -0.00439624471645981
v 0.00095124160187296 -0.00285860041202724 -0.00437778074722915
v 0.00091477309601359 -0.00283754709781826 -0.00436972601395279
v 0.00087774001495890 -0.00281616190494717 -0.00437260646801620
v 0.00084253798859171 -0.00279583719791591 -0.00438623399716049
v 0.00078350173370890 -0.00276175859989345 -0.00441864640694290
v 0.00072405349152140 -0.00272743013920009 -0.00444999976139694
v 0.00066417800324015 -0.00269286516727627 -0.00448028655033737
v 0.00063221084015421 -0.00267440584720791 -0.00450208063107162
v 0.00060607253449015 -0.00265931299747646 -0.00453252000790268
v 0.00058745681183390 -0.00264857080997646 -0.00456961650829941
v 0.00057759963409953 -0.00264287928165615 -0.00461094756107956
v -0.00085944260222860 -0.00527729776920498 -0.00551602910142570
v -0.00087247360808797 -0.00526977709354580 -0.00560510210376411
v -0.00084783066375204 -0.00528400591434658 -0.00541546256523758
v -0.00083986557586141 -0.00528860453190029 -0.00531513155680328
v -0.00083585251433797 -0.00529092577518642 -0.00521468592863708
v -0.00083608139617391 -0.00529079035343349 -0.00511384804230362
v -0.00084131516082235 -0.00528776720585048 -0.00501305503826767
v -0.00085272873504110 -0.00528117540897548 -0.00491296453457504
v -0.00087351120574422 -0.00526918200077236 -0.00481498987656265
v -0.00091390122039266 -0.00524586084903896 -0.00469541616421371
v -0.00083582199675985 -0.00529094103397549 -0.00448028655033737
v -0.00086778915984579 -0.00527248362125576 -0.00450208063107162
v -0.00089392746550985 -0.00525738886417568 -0.00453252000790268
v -0.00091254318816610 -0.00524664667667568 -0.00456961650829941
v -0.00092240036590047 -0.00524095514835537 -0.00461094756107956
v -0.00092285812957235 -0.00524068811954677 -0.00465381391029983
v -0.00065746201140829 -0.00539391497196377 -0.00438623399716049
v -0.00071649826629110 -0.00535983446659267 -0.00441864640694290
v -0.00077594650847860 -0.00532550600589931 -0.00444999976139694
v -0.00046553696258016 -0.00550472811283291 -0.00445897574406296
v -0.00048688400847860 -0.00549239519657314 -0.00442391200047165
v -0.00051525009734579 -0.00547602251590908 -0.00439624471645981
v -0.00054875839812704 -0.00545667627872646 -0.00437778074722915
v -0.00058522690398641 -0.00543562296451748 -0.00436972601395279
v -0.00062225998504110 -0.00541423777164638 -0.00437260646801620
v -0.00041371811492391 -0.00553463915409267 -0.00457252819519668
v -0.00036319626433797 -0.00556380632938564 -0.00465481777172714
v -0.00030516708953329 -0.00559731272281826 -0.00473032624703079
v -0.00024262131316610 -0.00563342073978603 -0.00480089945774704
v -0.00017677963836141 -0.00567143419803798 -0.00486714084129959
v -0.00010840500457235 -0.00571091059269131 -0.00492940933685928
v -0.00003752792937704 -0.00575183466495693 -0.00498816187363296
v 0.00003589736359171 -0.00579422930301845 -0.00504387952070862
v 0.00010273085968546 -0.00583281305851162 -0.00509084291439682
v 0.00025328933136515 -0.00591974047245205 -0.00508846826534897
v 0.00036475478546671 -0.00598409441532314 -0.00500575370770126
v 0.00032779799835734 -0.00596276072086513 -0.00503368957024246
v 0.00029064284699015 -0.00594130877079189 -0.00506126172524124
v 0.00042917739288859 -0.00602128580631435 -0.00484859557133346
v 0.00041994582550578 -0.00601595285953701 -0.00475889320355087
v 0.00040654860870890 -0.00600822428287685 -0.00465862042885452
v 0.00038971816437296 -0.00599850252689541 -0.00455976254921585
v 0.00036905776398234 -0.00598657969059170 -0.00446207745056778
v 0.00034423171417765 -0.00597224405826748 -0.00436540122013717
v 0.00031461440460734 -0.00595514658512295 -0.00427039380055099
v 0.00027924453156046 -0.00593472269596279 -0.00417807180863052
v 0.00023540603058390 -0.00590941217960537 -0.00409082443695694
v 0.00016747390167765 -0.00587019327701748 -0.00398923428040176
v 0.00018990432159953 -0.00588314226688564 -0.00375741798859268
v 0.00016454421417765 -0.00586850145878017 -0.00378872997742325
v 0.00014688979523234 -0.00585830858768642 -0.00382644088249832
v 0.00013808547394328 -0.00585322550357998 -0.00386808807831436
v 0.00013871108429484 -0.00585358789982021 -0.00391095192413955
v 0.00014872084991984 -0.00585936907352627 -0.00395223243218094
v 0.00033808242218546 -0.00596869638981045 -0.00360915334206253
v 0.00028936110870890 -0.00594056109012783 -0.00365945608597427
v 0.00023995314972453 -0.00591204241337002 -0.00370888144951492
v 0.00053998671906046 -0.00608526781620205 -0.00361650927048355
v 0.00051094924347453 -0.00606849459232509 -0.00358981473427444
v 0.00047698317902140 -0.00604888704837978 -0.00357249386292129
v 0.00044033156769328 -0.00602772501529873 -0.00356567819100052
v 0.00040337478058390 -0.00600639132084072 -0.00356981236916214
v 0.00036853896515421 -0.00598627642215908 -0.00358462650757461
v 0.00061740981476359 -0.00612996271671474 -0.00370860750656753
v 0.00068596755402140 -0.00616954210819423 -0.00377112896423965
v 0.00076006423370890 -0.00621232584537685 -0.00382469995003372
v 0.00083728896515421 -0.00625691202701748 -0.00387206871491104
v 0.00091663466827921 -0.00630271891178310 -0.00391420705300003
v 0.00099742995636515 -0.00634936693729580 -0.00395170958023697
v 0.00107978164093546 -0.00639690950931728 -0.00398502309303909
v 0.00116382705109171 -0.00644543627323330 -0.00401459593754440
v 0.00123940383331828 -0.00648907068790615 -0.00403791673164993
v 0.00138329421417765 -0.00657214335025966 -0.00398665745239883
v 0.00147005568878703 -0.00662223795475185 -0.00387103278618484
v 0.00144141494171671 -0.00660570505680263 -0.00390985758286148
v 0.00141249953644328 -0.00658900621952236 -0.00394840009194046
v 0.00149352370636515 -0.00663578394474209 -0.00369928462486892
v 0.00146277724640421 -0.00661803225101650 -0.00361622006874710
v 0.00142545424835734 -0.00659649065555752 -0.00352436454277664
v 0.00138518630402140 -0.00657323816837490 -0.00343498880844742
v 0.00134153090851359 -0.00654803827823818 -0.00334797794800430
v 0.00129412185089640 -0.00652066591800869 -0.00326329548340469
v 0.00124253188507609 -0.00649087694706142 -0.00318177063446670
v 0.00118605910675578 -0.00645827463688076 -0.00310469658356338
v 0.00112270461456828 -0.00642169931949795 -0.00303524453621536
v 0.00103275405304484 -0.00636975840152920 -0.00295986850243240
v 0.00099770461456828 -0.00634952715458095 -0.00273014576416641
v 0.00098101149933390 -0.00633989122928798 -0.00276843888741165
v 0.00097327529327921 -0.00633542231144131 -0.00281036646347671
v 0.00097498427765421 -0.00633641222538173 -0.00285319049339920
v 0.00098604689972453 -0.00634279802860439 -0.00289411408882767
v 0.00100573073761515 -0.00635416010441006 -0.00293046481590896
v 0.00110370742218546 -0.00641073015751064 -0.00253968079071670
v 0.00106922255890421 -0.00639082125248134 -0.00260379822235733
v 0.00103389846222453 -0.00637042025150478 -0.00266729171257644
v 0.00129923354523234 -0.00652361658634365 -0.00248105485420852
v 0.00126485549347453 -0.00650376299442470 -0.00246489222031265
v 0.00122803603546671 -0.00648250940860927 -0.00245932109337478
v 0.00119120131866984 -0.00646124437870205 -0.00246470553856521
v 0.00115676223175578 -0.00644135645450771 -0.00248069365006119
v 0.00112694655792765 -0.00642414263309658 -0.00250624163132339
v 0.00139598952667765 -0.00657947519840420 -0.00254423744660049
v 0.00147701369659953 -0.00662625673832119 -0.00258192570191055
v 0.00156119643585734 -0.00667485407413662 -0.00260921914559036
v 0.00164684401886515 -0.00672430780948818 -0.00262954599838882
v 0.00173325454132609 -0.00677419451297939 -0.00264416725617080
v 0.00181992446320109 -0.00682423571170986 -0.00265386588555008
v 0.00190706740753703 -0.00687454584659756 -0.00265904147606521
v 0.00199492751495890 -0.00692527178348720 -0.00266007382851272
v 0.00207312880890421 -0.00697042635502041 -0.00265786249619156
v 0.00219867812531046 -0.00704291132511318 -0.00256187136154800
v 0.00225371657745890 -0.00707468966068447 -0.00242270357590347
v 0.00223571120636515 -0.00706429461063564 -0.00246927244644790
v 0.00221737014191203 -0.00705370119632900 -0.00251566274147659
v 0.00223433791534953 -0.00706349352420986 -0.00225027973633438
v 0.00218456374542765 -0.00703475931705654 -0.00218058211784988
v 0.00212635146515421 -0.00700115183414638 -0.00210458571892410
v 0.00206589614288859 -0.00696625116886318 -0.00203193242531448
v 0.00200278579132609 -0.00692981508793056 -0.00196264512520462
v 0.00193663894074015 -0.00689162043155849 -0.00189681727867752
v 0.00186724196808390 -0.00685155466617763 -0.00183537967186600
v 0.00179425917999796 -0.00680941752018154 -0.00177979714852005
v 0.00171653090851359 -0.00676453951420009 -0.00173376758080154
v 0.00161180983917765 -0.00670408419193447 -0.00169071156960159
v 0.00152214919464640 -0.00665231302799404 -0.00148169333916336
v 0.00151548110382609 -0.00664846209110439 -0.00152386529427200
v 0.00151827346222453 -0.00665007952274502 -0.00156661279183060
v 0.00153037368195109 -0.00665706232608974 -0.00160714395027786
v 0.00155097304718546 -0.00666895273746670 -0.00164281232338577
v 0.00157871352570109 -0.00668497637333095 -0.00167128808479935
v 0.00157738601105265 -0.00668420580448330 -0.00126445825081497
v 0.00155994521515421 -0.00667413691105068 -0.00133719642143875
v 0.00154152785675578 -0.00666350534977138 -0.00140961368065506
v 0.00175068007843546 -0.00678426149906338 -0.00114459998589187
v 0.00171375380890421 -0.00676293543399990 -0.00114027841072708
v 0.00167707167999796 -0.00674175814212978 -0.00114690835457474
v 0.00164304458038859 -0.00672211245121181 -0.00116405684929519
v 0.00161388503449015 -0.00670528200687588 -0.00119060380440384
v 0.00159151564972453 -0.00669236544193447 -0.00122481591683059
v 0.00185894118683390 -0.00684675768436611 -0.00117374856453567
v 0.00194587050812296 -0.00689695337833584 -0.00118355042915970
v 0.00203330336945109 -0.00694742754520595 -0.00118235499840408
v 0.00212044631378703 -0.00699774149479091 -0.00117399318199783
v 0.00220691787140421 -0.00704766634525478 -0.00115991313439041
v 0.00229244338409953 -0.00709704760135830 -0.00114102179985672
v 0.00237732802765421 -0.00714604738773525 -0.00111764008980423
v 0.00246187697784953 -0.00719486597599209 -0.00109004838448196
v 0.00253637038605265 -0.00723787859501064 -0.00106248433571487
v 0.00263341628449015 -0.00729390696109951 -0.00092953784447342
v 0.00265227614777140 -0.00730479219974697 -0.00077810151558548
v 0.00264635573761515 -0.00730137804569423 -0.00082864148598343
v 0.00264006911652140 -0.00729775026859463 -0.00087912137489944
v 0.00259159194366984 -0.00726976183475673 -0.00061897046547561
v 0.00252683364288859 -0.00723237398685634 -0.00056828649025589
v 0.00245244704620890 -0.00718942240299404 -0.00051430566292435
v 0.00237671767609171 -0.00714570025028408 -0.00046426112633377
v 0.00229926406281046 -0.00710098055423916 -0.00041831071358352
v 0.00221971999542765 -0.00705506113590420 -0.00037666995506912
v 0.00213814650909953 -0.00700796297611416 -0.00034029681664139
v 0.00205455886261515 -0.00695970133365810 -0.00031070954781204
v 0.00196874343292765 -0.00691015795292080 -0.00029183061104446
v 0.00185776626007609 -0.00684608629764736 -0.00028458363991409
v 0.00172074233429484 -0.00676696947635830 -0.00011320312004715
v 0.00172461806671671 -0.00676921442569912 -0.00015583713036209
v 0.00173774062531046 -0.00677678850712002 -0.00019594151955276
v 0.00175924025909953 -0.00678919771732509 -0.00023089654427200
v 0.00178769790070109 -0.00680563143314541 -0.00025841958504349
v 0.00182128249542765 -0.00682501581730068 -0.00027671344261795
v 0.00172074233429484 -0.00676696947635830 0.00011320297736496
v 0.00172174941437296 -0.00676755312503994 0.00003773729819626
v 0.00172174941437296 -0.00676755312503994 -0.00003773744087845
v 0.00185776626007609 -0.00684608629764736 0.00028458349723191
v 0.00182128249542765 -0.00682501581730068 0.00027671377677292
v 0.00178769790070109 -0.00680563143314541 0.00025841991919846
v 0.00175924025909953 -0.00678919771732509 0.00023089640158982
v 0.00173774062531046 -0.00677678850712002 0.00019594137687058
v 0.00172461806671671 -0.00676921442569912 0.00015583698767990
v 0.00196874343292765 -0.00691015795292080 0.00029183046836228
v 0.00205455886261515 -0.00695970133365810 0.00031070940512985
v 0.00213814650909953 -0.00700796297611416 0.00034029667395920
v 0.00221971999542765 -0.00705506113590420 0.00037666981238693
v 0.00229926406281046 -0.00710098055423916 0.00041831057090134
v 0.00237671767609171 -0.00714570025028408 0.00046426098365158
v 0.00245244704620890 -0.00718942240299404 0.00051430552024216
v 0.00252683364288859 -0.00723237398685634 0.00056828682441086
v 0.00259159194366984 -0.00726976183475673 0.00061897032279343
v 0.00265227614777140 -0.00730479219974697 0.00077810137290329
v 0.00263341628449015 -0.00729390696109951 0.00092953770179123
v 0.00264006911652140 -0.00729775026859463 0.00087912123221726
v 0.00264635573761515 -0.00730137804569423 0.00082864134330124
v 0.00253637038605265 -0.00723787859501064 0.00106248419303269
v 0.00246187697784953 -0.00719486597599209 0.00109004824179978
v 0.00237732802765421 -0.00714604738773525 0.00111763994712204
v 0.00229244338409953 -0.00709704760135830 0.00114102165717453
v 0.00220691787140421 -0.00704766634525478 0.00115991299170822
v 0.00212044631378703 -0.00699774149479091 0.00117399303931565
v 0.00203330336945109 -0.00694742754520595 0.00118235485572190
v 0.00194587050812296 -0.00689695337833584 0.00118355028647751
v 0.00185894118683390 -0.00684675768436611 0.00117374842185349
v 0.00175068007843546 -0.00678426149906338 0.00114459984320969
v 0.00157738601105265 -0.00668420580448330 0.00126445810813278
v 0.00159151564972453 -0.00669236544193447 0.00122481577414841
v 0.00161388503449015 -0.00670528200687588 0.00119060413855881
v 0.00164304458038859 -0.00672211245121181 0.00116405670661301
v 0.00167707167999796 -0.00674175814212978 0.00114690868872971
v 0.00171375380890421 -0.00676293543399990 0.00114027826804489
v 0.00152214919464640 -0.00665231302799404 0.00148169367331833
v 0.00154152785675578 -0.00666350534977138 0.00140961401481003
v 0.00155994521515421 -0.00667413691105068 0.00133719627875656
v 0.00161180983917765 -0.00670408419193447 0.00169071142691941
v 0.00157871352570109 -0.00668497637333095 0.00167128794211716
v 0.00155097304718546 -0.00666895273746670 0.00164281218070358
v 0.00153037368195109 -0.00665706232608974 0.00160714380759567
v 0.00151827346222453 -0.00665007952274502 0.00156661264914841
v 0.00151548110382609 -0.00664846209110439 0.00152386515158982
v 0.00171653090851359 -0.00676453951420009 0.00173376743811936
v 0.00179425917999796 -0.00680941752018154 0.00177979748267502
v 0.00186724196808390 -0.00685155466617763 0.00183537952918381
v 0.00193663894074015 -0.00689162043155849 0.00189681713599533
v 0.00200278579132609 -0.00692981508793056 0.00196264545935959
v 0.00206589614288859 -0.00696625116886318 0.00203193275946945
v 0.00212635146515421 -0.00700115183414638 0.00210458557624191
v 0.00218456374542765 -0.00703475931705654 0.00218058197516770
v 0.00223433791534953 -0.00706349352420986 0.00225027935523361
v 0.00225371657745890 -0.00707468966068447 0.00242270367163986
v 0.00219867812531046 -0.00704291132511318 0.00256187145728440
v 0.00221737014191203 -0.00705370119632900 0.00251566307563156
v 0.00223571120636515 -0.00706429461063564 0.00246927254218430
v 0.00207312880890421 -0.00697042635502041 0.00265786259192795
v 0.00199492751495890 -0.00692527178348720 0.00266007416266770
v 0.00190706740753703 -0.00687454584659756 0.00265904133338303
v 0.00181992446320109 -0.00682423571170986 0.00265386574286789
v 0.00173325454132609 -0.00677419451297939 0.00264416687507004
v 0.00164684401886515 -0.00672430780948818 0.00262954609412522
v 0.00156119643585734 -0.00667485407413662 0.00260921947974533
v 0.00147701369659953 -0.00662625673832119 0.00258192532080979
v 0.00139598952667765 -0.00657947519840420 0.00254423706549973
v 0.00129923354523234 -0.00652361658634365 0.00248105518836350
v 0.00110370742218546 -0.00641073015751064 0.00253968040961594
v 0.00112694655792765 -0.00642414263309658 0.00250624172705979
v 0.00115676223175578 -0.00644135645450771 0.00248069374579758
v 0.00119120131866984 -0.00646124437870205 0.00246470539588303
v 0.00122803603546671 -0.00648250940860927 0.00245932095069260
v 0.00126485549347453 -0.00650376299442470 0.00246489231604904
v 0.00099770461456828 -0.00634952715458095 0.00273014538306565
v 0.00103389846222453 -0.00637042025150478 0.00266729156989426
v 0.00106922255890421 -0.00639082125248134 0.00260379784125656
v 0.00103275405304484 -0.00636975840152920 0.00295986835975022
v 0.00100573073761515 -0.00635416010441006 0.00293046467322678
v 0.00098604689972453 -0.00634279802860439 0.00289411442298264
v 0.00097498427765421 -0.00633641222538173 0.00285319035071701
v 0.00097327529327921 -0.00633542231144131 0.00281036655921311
v 0.00098101149933390 -0.00633989122928798 0.00276843922156662
v 0.00112270461456828 -0.00642169931949795 0.00303524487037033
v 0.00118605910675578 -0.00645827463688076 0.00310469620246262
v 0.00124253188507609 -0.00649087694706142 0.00318177025336594
v 0.00129412185089640 -0.00652066591800869 0.00326329510230393
v 0.00134153090851359 -0.00654803827823818 0.00334797756690354
v 0.00138518630402140 -0.00657323816837490 0.00343498890418381
v 0.00142545424835734 -0.00659649065555752 0.00352436440009445
v 0.00146277724640421 -0.00661803225101650 0.00361622040290207
v 0.00149352370636515 -0.00663578394474209 0.00369928448218674
v 0.00147005568878703 -0.00662223795475185 0.00387103264350266
v 0.00138329421417765 -0.00657214335025966 0.00398665707129807
v 0.00141249953644328 -0.00658900621952236 0.00394840042609543
v 0.00144141494171671 -0.00660570505680263 0.00390985767859787
v 0.00123940383331828 -0.00648907068790615 0.00403791706580490
v 0.00116382705109171 -0.00644543627323330 0.00401459591407150
v 0.00107978164093546 -0.00639690950931728 0.00398502342719406
v 0.00099742995636515 -0.00634936693729580 0.00395170967597336
v 0.00091663466827921 -0.00630271891178310 0.00391420738715500
v 0.00083728896515421 -0.00625691202701748 0.00387206833381027
v 0.00076006423370890 -0.00621232584537685 0.00382470028418869
v 0.00068596755402140 -0.00616954210819423 0.00377112858313889
v 0.00061740981476359 -0.00612996271671474 0.00370860760230393
v 0.00053998671906046 -0.00608526781620205 0.00361650936621994
v 0.00033808242218546 -0.00596869638981045 0.00360915367621750
v 0.00036853896515421 -0.00598627642215908 0.00358462612647385
v 0.00040337478058390 -0.00600639132084072 0.00356981270331711
v 0.00044033156769328 -0.00602772501529873 0.00356567852515549
v 0.00047698317902140 -0.00604888704837978 0.00357249348182053
v 0.00051094924347453 -0.00606849459232509 0.00358981506842942
v 0.00018990432159953 -0.00588314226688564 0.00375741760749191
v 0.00023995314972453 -0.00591204241337002 0.00370888130683274
v 0.00028936110870890 -0.00594056109012783 0.00365945618171066
v 0.00016747390167765 -0.00587019327701748 0.00398923389930100
v 0.00014872084991984 -0.00585936907352627 0.00395223228949875
v 0.00013871108429484 -0.00585358789982021 0.00391095154303879
v 0.00013808547394328 -0.00585322550357998 0.00386808769721359
v 0.00014688979523234 -0.00585830858768642 0.00382644073981613
v 0.00016454421417765 -0.00586850145878017 0.00378872959632248
v 0.00023540603058390 -0.00590941217960537 0.00409082405585617
v 0.00027924453156046 -0.00593472269596279 0.00417807190436691
v 0.00031461440460734 -0.00595514658512295 0.00427039425391525
v 0.00034423171417765 -0.00597224405826748 0.00436540119666428
v 0.00036905776398234 -0.00598657969059170 0.00446207706946701
v 0.00038971816437296 -0.00599850252689541 0.00455976288337082
v 0.00040654860870890 -0.00600822428287685 0.00465862076300949
v 0.00041994582550578 -0.00601595285953701 0.00475889294165940
v 0.00042917739288859 -0.00602128580631435 0.00484859554786057
v 0.00036475478546671 -0.00598409441532314 0.00500575344580979
v 0.00025328933136515 -0.00591974047245205 0.00508846848029465
v 0.00029064284699015 -0.00594130877079189 0.00506126205939621
v 0.00032779799835734 -0.00596276072086513 0.00503368942756027
v 0.00010273085968546 -0.00583281305851162 0.00509084312934250
v 0.00003589736359171 -0.00579422930301845 0.00504387943763107
v -0.00003752792937704 -0.00575183466495693 0.00498816196936936
v -0.00010840500457235 -0.00571091059269131 0.00492940895575852
v -0.00017677963836141 -0.00567143419803798 0.00486714069861740
v -0.00024262131316610 -0.00563342073978603 0.00480089943427414
v -0.00030516708953329 -0.00559731272281826 0.00473032658118576
v -0.00036319626433797 -0.00556380632938564 0.00465481750983566
v -0.00041371811492391 -0.00553463915409267 0.00457252781409592
v -0.00046553696258016 -0.00550472811283291 0.00445897572059006
v -0.00065746201140829 -0.00539391497196377 0.00438623421210617
v -0.00062225998504110 -0.00541423777164638 0.00437260620612473
v -0.00058522690398641 -0.00543562296451748 0.00436972610968918
v -0.00054875839812704 -0.00545667627872646 0.00437778084296555
v -0.00051525009734579 -0.00547602251590908 0.00439624493140549
v -0.00048688400847860 -0.00549239519657314 0.00442391197699875
v -0.00083582199675985 -0.00529094103397549 0.00448028652686447
v -0.00077594650847860 -0.00532550600589931 0.00444999973792404
v -0.00071649826629110 -0.00535983446659267 0.00441864674109787
v -0.00091390122039266 -0.00524586084903896 0.00469541637915940
v -0.00092285812957235 -0.00524068811954677 0.00465381424445481
v -0.00092240036590047 -0.00524095514835537 0.00461094753760666
v -0.00091254318816610 -0.00524664667667568 0.00456961624640793
v -0.00089392746550985 -0.00525738886417568 0.00453252022284836
v -0.00086778915984579 -0.00527248362125576 0.00450208084601731
v -0.00087351120574422 -0.00526918200077236 0.00481498997229904
v -0.00085272873504110 -0.00528117540897548 0.00491296474952072
v -0.00084131516082235 -0.00528776720585048 0.00501305477637619
v -0.00083608139617391 -0.00529079035343349 0.00511384766120285
v -0.00083585251433797 -0.00529092577518642 0.00521468632239670
v -0.00083986557586141 -0.00528860453190029 0.00531513111609787
v -0.00084783066375204 -0.00528400591434658 0.00541546242255539
v -0.00085944260222860 -0.00527729776920498 0.00551602928656906
v -0.00087247360808797 -0.00526977709354580 0.00560510246772141
v -0.00097263229949422 -0.00521195391239345 0.00573493855017990
v -0.00109975327117391 -0.00513855722965420 0.00577804176825852
v -0.00105727280242391 -0.00516308382572353 0.00576408951300949
v -0.00101489914519735 -0.00518754938663662 0.00574972145575852
v -0.00124480332000204 -0.00505481508793056 0.00573133938330979
v -0.00129746140105672 -0.00502441004337490 0.00566453831214279
v -0.00135433090789266 -0.00499158266605556 0.00558718960303635
v -0.00140799606902547 -0.00496059206546963 0.00550775806922287
v -0.00145841110808797 -0.00493148592533291 0.00542576782721848
v -0.00150542343718954 -0.00490434244693935 0.00534078972358078
v -0.00154820908172079 -0.00487963846744716 0.00525272934455246
v -0.00158547104461141 -0.00485812738956630 0.00516140072364182
v -0.00161386765105672 -0.00484173372806728 0.00506600945014328
v -0.00163587082488485 -0.00482902887882412 0.00494020264167160
v -0.00180228317840047 -0.00473295191349209 0.00480796806830734
v -0.00176518906218954 -0.00475436953128994 0.00480634396094650
v -0.00172894943816610 -0.00477529696048916 0.00481563084143967
v -0.00169591415984579 -0.00479436281742275 0.00483522121924729
v -0.00166828049285360 -0.00481032160343349 0.00486383812445969
v -0.00164781845672079 -0.00482213572086513 0.00489961044806809
v -0.00199635971648641 -0.00462090090336025 0.00484018890876145
v -0.00193152512175985 -0.00465833262027920 0.00483060543555588
v -0.00186682785613485 -0.00469568613590420 0.00481986420173020
v -0.00212377060515829 -0.00454734209598720 0.00502120296973557
v -0.00212221420867391 -0.00454823854984463 0.00497837059516281
v -0.00211131943328329 -0.00455453280033291 0.00493739216346115
v -0.00209177292449422 -0.00456581667484463 0.00490094177741379
v -0.00206487167937704 -0.00458135012211025 0.00487140076178879
v -0.00203235519988485 -0.00460012034000576 0.00485069935340256
v -0.00211418808562704 -0.00455287340702236 0.00514907352942795
v -0.00211815537078329 -0.00455058077396572 0.00524983780402512
v -0.00213162888152547 -0.00454280642093838 0.00534958832282395
v -0.00215119064910360 -0.00453150728763759 0.00544800083655686
v -0.00217557419402547 -0.00451743296207607 0.00554483120459885
v -0.00220394028289266 -0.00450105646671474 0.00563990013617844
v -0.00223606003386922 -0.00448251131595791 0.00573357574958176
v -0.00227175034148641 -0.00446190813602627 0.00582628910559983
v -0.00230597580535360 -0.00444214609684170 0.00590751640815109
v -0.00243375290496297 -0.00436837557377041 0.00599951260108322
v -0.00256624497039266 -0.00429187754215420 0.00599951260108322
v -0.00252208603484579 -0.00431737688602627 0.00599994556922287
v -0.00247791184050985 -0.00434287622989834 0.00599994556922287
v -0.00269402207000204 -0.00421810892643154 0.00590751640815109
v -0.00272824753386922 -0.00419834497989834 0.00582628910559983
v -0.00276393784148641 -0.00417774179996670 0.00573357574958176
v -0.00279605759246297 -0.00415919664920986 0.00563990013617844
v -0.00282442368133016 -0.00414282015384853 0.00554483120459885
v -0.00284880722625204 -0.00412874582828701 0.00544800083655686
v -0.00286836899383016 -0.00411744669498623 0.00534958832282395
v -0.00288184250457235 -0.00410967234195888 0.00524983780402512
v -0.00288580978972860 -0.00410737970890224 0.00514907352942795
v -0.00287622727019735 -0.00411291101993740 0.00502120296973557
v -0.00300363815886922 -0.00403935411991299 0.00484018890876145
v -0.00296764267547079 -0.00406013468326748 0.00485069935340256
v -0.00293512619597860 -0.00407890299381435 0.00487140076178879
v -0.00290822495086141 -0.00409443834842861 0.00490094177741379
v -0.00288867844207235 -0.00410572031559170 0.00493739216346115
v -0.00287778366668172 -0.00411201456607998 0.00497837059516281
v -0.00319771469695516 -0.00392730310978115 0.00480796806830734
v -0.00313317001922079 -0.00396456888736904 0.00481986420173020
v -0.00306847275359579 -0.00400192049564541 0.00483060543555588
v -0.00336412705047079 -0.00383122423710049 0.00494020264167160
v -0.00335217941863485 -0.00383811739505947 0.00489961044806809
v -0.00333171738250204 -0.00384993151249111 0.00486383812445969
v -0.00330408371550985 -0.00386589220585049 0.00483522121924729
v -0.00327104843718954 -0.00388495615543545 0.00481563084143967
v -0.00323480881316610 -0.00390588358463467 0.00480634396094650
v -0.00338613022429891 -0.00381851938785732 0.00506600945014328
v -0.00341452683074422 -0.00380212572635830 0.00516140072364182
v -0.00345178879363485 -0.00378061464847744 0.00525272934455246
v -0.00349457443816610 -0.00375591066898525 0.00534078972358078
v -0.00354158676726766 -0.00372876719059170 0.00542576782721848
v -0.00359200180633016 -0.00369966105045498 0.00550775806922287
v -0.00364566696746297 -0.00366867044986904 0.00558718960303635
v -0.00370253647429891 -0.00363584307254970 0.00566453831214279
v -0.00375519455535360 -0.00360543802799404 0.00573133938330979
v -0.00390024460418172 -0.00352169588627041 0.00577804176825852
v -0.00402736557586141 -0.00344829920353115 0.00573493855017990
v -0.00398509873015829 -0.00347270372928799 0.00574972145575852
v -0.00394272507293172 -0.00349716929020107 0.00576408951300949
v -0.00412752426726766 -0.00339047602237881 0.00560510246772141
v -0.00414055527312703 -0.00338295534671963 0.00551602928656906
v -0.00415216721160360 -0.00337624720157802 0.00541546242255539
v -0.00416013229949422 -0.00337164858402431 0.00531513111609787
v -0.00416414536101766 -0.00336932734073818 0.00521468632239670
v -0.00416391647918172 -0.00336946276249111 0.00511384766120285
v -0.00415868271453328 -0.00337248591007412 0.00501305477637619
v -0.00414726914031453 -0.00337907770694912 0.00491296474952072
v -0.00412648666961141 -0.00339107111515224 0.00481498997229904
v -0.00408609665496297 -0.00341439226688564 0.00469541637915940
v -0.00416417587859578 -0.00336931208194912 0.00448028652686447
v -0.00413220871550985 -0.00338777140201748 0.00450208084601731
v -0.00410607040984578 -0.00340286425174892 0.00453252022284836
v -0.00408745468718954 -0.00341360643924892 0.00456961624640793
v -0.00407759750945516 -0.00341929796756924 0.00461094753760666
v -0.00407713974578328 -0.00341956499637783 0.00465381424445481
v -0.00434253586394735 -0.00326633814396084 0.00438623421210617
v -0.00428349960906453 -0.00330041864933193 0.00441864674109787
v -0.00422405136687704 -0.00333474711002529 0.00444999973792404
v -0.00453446091277547 -0.00315552500309170 0.00445897572059006
v -0.00451311386687703 -0.00316785791935146 0.00442391197699875
v -0.00448474777800985 -0.00318423060001552 0.00439624493140549
v -0.00445123947722860 -0.00320357683719814 0.00437778084296555
v -0.00441477097136922 -0.00322463015140713 0.00436972610968918
v -0.00437773789031454 -0.00324601534427822 0.00437260620612473
v -0.00458627976043172 -0.00312561396183193 0.00457252781409592
v -0.00463680161101766 -0.00309644678653896 0.00465481750983566
v -0.00469483078582235 -0.00306294039310634 0.00473032658118576
v -0.00475737656218954 -0.00302683237613857 0.00480089943427414
v -0.00482321823699422 -0.00298881891788662 0.00486714069861740
v -0.00489159287078329 -0.00294934252323330 0.00492940895575852
v -0.00496246994597860 -0.00290841845096767 0.00498816196936936
v -0.00503589523894735 -0.00286602381290615 0.00504387943763107
v -0.00510272873504110 -0.00282744005741299 0.00509084312934250
v -0.00525328720672079 -0.00274051264347256 0.00508846848029465
v -0.00536475266082235 -0.00267615870060146 0.00500575344580979
v -0.00532779587371297 -0.00269749239505947 0.00503368942756027
v -0.00529064072234578 -0.00271894434513271 0.00506126205939621
v -0.00542917526824422 -0.00263896730961025 0.00484859554786057
v -0.00541994370086141 -0.00264430025638759 0.00475889294165940
v -0.00540654648406453 -0.00265203074039638 0.00465862076300949
v -0.00538971603972860 -0.00266175058902920 0.00455976288337082
v -0.00536905563933797 -0.00267367342533291 0.00446207706946701
v -0.00534422958953328 -0.00268800905765713 0.00436540119666428
v -0.00531461227996297 -0.00270510653080166 0.00427039425391525
v -0.00527924240691610 -0.00272553041996181 0.00417807190436691
v -0.00523540390593953 -0.00275084093631924 0.00409082405585617
v -0.00516747177703328 -0.00279005983890713 0.00398923389930100
v -0.00518990219695516 -0.00277711084903896 0.00375741760749191
v -0.00516454208953328 -0.00279175165714443 0.00378872959632248
v -0.00514688767058797 -0.00280194452823818 0.00382644073981613
v -0.00513808334929891 -0.00280702761234463 0.00386808769721359
v -0.00513870895965047 -0.00280666712345302 0.00391095154303879
v -0.00514871872527547 -0.00280088404239834 0.00395223228949875
v -0.00533808029754110 -0.00269155672611416 0.00360915367621750
v -0.00528935898406453 -0.00271969202579677 0.00365945618171066
v -0.00523995102508016 -0.00274821070255459 0.00370888130683274
v -0.00553998459441610 -0.00257498529972256 0.00361650936621994
v -0.00551094711883016 -0.00259175852359951 0.00358981506842942
v -0.00547698105437703 -0.00261136606754482 0.00357249348182053
v -0.00544032944304891 -0.00263252810062588 0.00356567852515549
v -0.00540337265593953 -0.00265386370243252 0.00356981270331711
v -0.00536853684050985 -0.00267397669376552 0.00358462612647385
v -0.00561740769011922 -0.00253029039920986 0.00370860760230393
v -0.00568596542937704 -0.00249071100773037 0.00377112858313889
v -0.00576006210906454 -0.00244792727054775 0.00382470028418869
v -0.00583728684050985 -0.00240334108890713 0.00387206833381027
v -0.00591663254363485 -0.00235753420414150 0.00391420738715500
v -0.00599742783172078 -0.00231088617862881 0.00395170967597336
v -0.00607977951629110 -0.00226334360660732 0.00398502342719406
v -0.00616382492644735 -0.00221481684269131 0.00401459591407150
v -0.00623940170867391 -0.00217118242801845 0.00403791706580490
v -0.00638329208953328 -0.00208810976566494 0.00398665707129807
v -0.00647005356414266 -0.00203801516117275 0.00387103264350266
v -0.00644141281707235 -0.00205454996647060 0.00390985767859787
v -0.00641249741179891 -0.00207124689640224 0.00394840042609543
v -0.00649352158172078 -0.00202446917118252 0.00369928448218674
v -0.00646277512175985 -0.00204222086490810 0.00361622040290207
v -0.00642545212371297 -0.00206376246036709 0.00352436440009445
v -0.00638518417937704 -0.00208701494754970 0.00343498890418381
v -0.00634152878386922 -0.00211221483768642 0.00334797756690354
v -0.00629411972625204 -0.00213958719791592 0.00326329510230393
v -0.00624252976043172 -0.00216937616886318 0.00318177025336594
v -0.00618605698211141 -0.00220197847904384 0.00310469620246262
v -0.00612270248992391 -0.00223855379642666 0.00303524487037033
v -0.00603275192840047 -0.00229049471439541 0.00295986835975022
v -0.00599770248992391 -0.00231072596134365 0.00273014538306565
v -0.00598100937468954 -0.00232036188663662 0.00276843922156662
v -0.00597327316863485 -0.00232483080448330 0.00281036655921311
v -0.00597498215300985 -0.00232384089054287 0.00285319035071701
v -0.00598604477508016 -0.00231745508732021 0.00289411442298264
v -0.00600572861297078 -0.00230609301151455 0.00293046467322678
v -0.00610370529754110 -0.00224952295841396 0.00253968040961594
v -0.00606922043425985 -0.00226943186344326 0.00260379784125656
v -0.00603389633758016 -0.00228983286441982 0.00266729156989426
v -0.00629923142058797 -0.00213663652958095 0.00248105518836350
v -0.00626485336883016 -0.00215649012149990 0.00246489231604904
v -0.00622803391082235 -0.00217774370731533 0.00245932095069260
v -0.00619119919402547 -0.00219900873722256 0.00246470539588303
v -0.00615676010711141 -0.00221889666141689 0.00248069374579758
v -0.00612694443328328 -0.00223611048282802 0.00250624172705979
v -0.00639598740203328 -0.00208077791752041 0.00254423706549973
v -0.00647701157195516 -0.00203399637760341 0.00258192532080979
v -0.00656119431121297 -0.00198539904178799 0.00260921947974533
v -0.00664684189422078 -0.00193594530643642 0.00262954609412522
v -0.00673325241668172 -0.00188605860294521 0.00264416687507004
v -0.00681992233855672 -0.00183601740421474 0.00265386574286789
v -0.00690706528289266 -0.00178570726932705 0.00265904133338303
v -0.00699492539031453 -0.00173498133243740 0.00266007416266770
v -0.00707312668425985 -0.00168982866825283 0.00265786259192795
v -0.00719867600066610 -0.00161734179081142 0.00256187145728440
v -0.00725371445281453 -0.00158556345524013 0.00242270367163986
v -0.00723570908172078 -0.00159595850528896 0.00246927254218430
v -0.00721736801726766 -0.00160655191959560 0.00251566307563156
v -0.00723433579070516 -0.00159675959171474 0.00225027935523361
v -0.00718456162078328 -0.00162549379886806 0.00218058197516770
v -0.00712634934050985 -0.00165910128177822 0.00210458557624191
v -0.00706589401824422 -0.00169400385441006 0.00203193275946945
v -0.00700278366668172 -0.00173043802799404 0.00196264545935959
v -0.00693663681609579 -0.00176863268436611 0.00189681713599533
v -0.00686723984343954 -0.00180869844974697 0.00183537952918381
v -0.00679425705535360 -0.00185083559574306 0.00177979748267502
v -0.00671652878386922 -0.00189571360172451 0.00173376743811936
v -0.00661180771453328 -0.00195616892399013 0.00169071142691941
v -0.00652214707000204 -0.00200794008793056 0.00148169367331833
v -0.00651547897918172 -0.00201179102482021 0.00152386515158982
v -0.00651827133758016 -0.00201017359317959 0.00156661264914841
v -0.00653037155730672 -0.00200319078983486 0.00160714380759567
v -0.00655097092254110 -0.00199130037845791 0.00164281218070358
v -0.00657871140105672 -0.00197527674259365 0.00167128794211716
v -0.00657738388640828 -0.00197604731144131 0.00126445810813278
v -0.00655994309050985 -0.00198611620487392 0.00133719627875656
v -0.00654152573211141 -0.00199674776615322 0.00140961401481003
v -0.00675067795379110 -0.00187599161686123 0.00114459984320969
v -0.00671375168425985 -0.00189731768192470 0.00114027826804489
v -0.00667706955535360 -0.00191849497379482 0.00114690868872971
v -0.00664304245574422 -0.00193814066471279 0.00116405670661301
v -0.00661388290984579 -0.00195497110904873 0.00119060413855881
v -0.00659151352508016 -0.00196788767399013 0.00122481577414841
v -0.00685893906218954 -0.00181349543155849 0.00117374842185349
v -0.00694586838347860 -0.00176329973758877 0.00118355028647751
v -0.00703330124480672 -0.00171282557071865 0.00118235485572190
v -0.00712044418914266 -0.00166251162113369 0.00117399303931565
v -0.00720691574675985 -0.00161258677066982 0.00115991299170822
v -0.00729244125945516 -0.00156320551456631 0.00114102165717453
v -0.00737732590300985 -0.00151420572818935 0.00111763994712204
v -0.00746187485320516 -0.00146538904728115 0.00109004824179978
v -0.00753636826140828 -0.00142237452091396 0.00106248419303269
v -0.00763341415984578 -0.00136634615482509 0.00092953770179123
v -0.00765227402312703 -0.00135546091617763 0.00077810137290329
v -0.00764635361297079 -0.00135887507023037 0.00082864134330124
v -0.00764006699187703 -0.00136250284732998 0.00087912123221726
v -0.00759158981902547 -0.00139049128116787 0.00061897032279343
v -0.00752683151824422 -0.00142787912906826 0.00056828682441086
v -0.00745244492156453 -0.00147083262027920 0.00051430552024216
v -0.00737671555144735 -0.00151455286564052 0.00046426098365158
v -0.00729926193816610 -0.00155927256168545 0.00041831057090134
v -0.00721971787078328 -0.00160519388736904 0.00037666981238693
v -0.00713814438445516 -0.00165229013981045 0.00034029667395920
v -0.00705455673797079 -0.00170055178226650 0.00031070940512985
v -0.00696874130828328 -0.00175009516300381 0.00029183046836228
v -0.00685776413543172 -0.00181416681827724 0.00028458349723191
v -0.00672074020965047 -0.00189328363956631 0.00011320297736496
v -0.00672461594207235 -0.00189103869022549 0.00015583698767990
v -0.00673773850066610 -0.00188346460880459 0.00019594137687058
v -0.00675923813445516 -0.00187105539859951 0.00023089640158982
v -0.00678769577605672 -0.00185462168277920 0.00025841991919846
v -0.00682128037078329 -0.00183523729862392 0.00027671377677292
v -0.00672074020965047 -0.00189328363956631 -0.00011320312004715
v -0.00672174728972860 -0.00189269999088467 -0.00003773744087845
v -0.00672174728972860 -0.00189269999088467 0.00003773729819626
v -0.00685776413543172 -0.00181416681827724 -0.00028458363991409
v -0.00682128037078329 -0.00183523729862392 -0.00027671344261795
v -0.00678769577605672 -0.00185462168277920 -0.00025841958504349
v -0.00675923813445516 -0.00187105539859951 -0.00023089654427200
v -0.00673773850066610 -0.00188346460880459 -0.00019594151955276
v -0.00672461594207235 -0.00189103869022549 -0.00015583713036209
v -0.00696874130828328 -0.00175009516300381 -0.00029183061104446
v -0.00705455673797079 -0.00170055178226650 -0.00031070954781204
v -0.00713814438445516 -0.00165229013981045 -0.00034029681664139
v -0.00721971787078328 -0.00160519388736904 -0.00037666995506912
v -0.00729926193816610 -0.00155927256168545 -0.00041831071358352
v -0.00737671555144735 -0.00151455286564052 -0.00046426112633377
v -0.00745244492156453 -0.00147083262027920 -0.00051430566292435
v -0.00752683151824422 -0.00142787912906826 -0.00056828649025589
v -0.00759158981902547 -0.00139049128116787 -0.00061897046547561
v -0.00765227402312703 -0.00135546091617763 -0.00077810151558548
v -0.00763341415984578 -0.00136634615482509 -0.00092953784447342
v -0.00764006699187703 -0.00136250284732998 -0.00087912137489944
v -0.00764635361297079 -0.00135887507023037 -0.00082864148598343
v -0.00753636826140828 -0.00142237452091396 -0.00106248433571487
v -0.00746187485320516 -0.00146538904728115 -0.00109004838448196
v -0.00737732590300985 -0.00151420572818935 -0.00111764008980423
v -0.00729244125945516 -0.00156320551456631 -0.00114102179985672
v -0.00720691574675985 -0.00161258677066982 -0.00115991313439041
v -0.00712044418914266 -0.00166251162113369 -0.00117399318199783
v -0.00703330124480672 -0.00171282557071865 -0.00118235499840408
v -0.00694586838347860 -0.00176329973758877 -0.00118355042915970
v -0.00685893906218954 -0.00181349543155849 -0.00117374856453567
v -0.00675067795379110 -0.00187599161686123 -0.00114459998589187
v -0.00657738388640828 -0.00197604731144131 -0.00126445825081497
v -0.00659151352508016 -0.00196788767399013 -0.00122481591683059
v -0.00661388290984579 -0.00195497110904873 -0.00119060380440384
v -0.00664304245574422 -0.00193814066471279 -0.00116405684929519
v -0.00667706955535360 -0.00191849497379482 -0.00114690835457474
v -0.00671375168425985 -0.00189731768192470 -0.00114027841072708
v -0.00652214707000204 -0.00200794008793056 -0.00148169333916336
v -0.00654152573211141 -0.00199674776615322 -0.00140961368065506
v -0.00655994309050985 -0.00198611620487392 -0.00133719642143875
v -0.00661180771453328 -0.00195616892399013 -0.00169071156960159
v -0.00657871140105672 -0.00197527674259365 -0.00167128808479935
v -0.00655097092254110 -0.00199130037845791 -0.00164281232338577
v -0.00653037155730672 -0.00200319078983486 -0.00160714395027786
v -0.00651827133758016 -0.00201017359317959 -0.00156661279183060
v -0.00651547897918172 -0.00201179102482021 -0.00152386529427200
v -0.00671652878386922 -0.00189571360172451 -0.00173376758080154
v -0.00679425705535360 -0.00185083559574306 -0.00177979714852005
v -0.00686723984343954 -0.00180869844974697 -0.00183537967186600
v -0.00693663681609579 -0.00176863268436611 -0.00189681727867752
v -0.00700278366668172 -0.00173043802799404 -0.00196264512520462
v -0.00706589401824422 -0.00169400385441006 -0.00203193242531448
v -0.00712634934050985 -0.00165910128177822 -0.00210458571892410
v -0.00718456162078328 -0.00162549379886806 -0.00218058211784988
v -0.00723433579070516 -0.00159675959171474 -0.00225027973633438
v -0.00725371445281453 -0.00158556345524013 -0.00242270357590347
v -0.00719867600066610 -0.00161734179081142 -0.00256187136154800
v -0.00721736801726766 -0.00160655191959560 -0.00251566274147659
v -0.00723570908172078 -0.00159595850528896 -0.00246927244644790
v -0.00707312668425985 -0.00168982866825283 -0.00265786249619156
v -0.00699492539031453 -0.00173498133243740 -0.00266007382851272
v -0.00690706528289266 -0.00178570726932705 -0.00265904147606521
v -0.00681992233855672 -0.00183601740421474 -0.00265386588555008
v -0.00673325241668172 -0.00188605860294521 -0.00264416725617080
v -0.00664684189422078 -0.00193594530643642 -0.00262954599838882
v -0.00656119431121297 -0.00198539904178799 -0.00260921914559036
v -0.00647701157195516 -0.00203399637760341 -0.00258192570191055
v -0.00639598740203328 -0.00208077791752041 -0.00254423744660049
v -0.00629923142058797 -0.00213663652958095 -0.00248105485420852
v -0.00610370529754110 -0.00224952295841396 -0.00253968079071670
v -0.00612694443328328 -0.00223611048282802 -0.00250624163132339
v -0.00615676010711141 -0.00221889666141689 -0.00248069365006119
v -0.00619119919402547 -0.00219900873722256 -0.00246470553856521
v -0.00622803391082235 -0.00217774370731533 -0.00245932109337478
v -0.00626485336883016 -0.00215649012149990 -0.00246489222031265
v -0.00599770248992391 -0.00231072596134365 -0.00273014576416641
v -0.00603389633758016 -0.00228983286441982 -0.00266729171257644
v -0.00606922043425985 -0.00226943186344326 -0.00260379822235733
v -0.00603275192840047 -0.00229049471439541 -0.00295986850243240
v -0.00600572861297078 -0.00230609301151455 -0.00293046481590896
v -0.00598604477508016 -0.00231745508732021 -0.00289411408882767
v -0.00597498215300985 -0.00232384089054287 -0.00285319049339920
v -0.00597327316863485 -0.00232483080448330 -0.00281036646347671
v -0.00598100937468954 -0.00232036188663662 -0.00276843888741165
v -0.00612270248992391 -0.00223855379642666 -0.00303524453621536
v -0.00618605698211141 -0.00220197847904384 -0.00310469658356338
v -0.00624252976043172 -0.00216937616886318 -0.00318177063446670
v -0.00629411972625204 -0.00213958719791592 -0.00326329548340469
v -0.00634152878386922 -0.00211221483768642 -0.00334797794800430
v -0.00638518417937704 -0.00208701494754970 -0.00343498880844742
v -0.00642545212371297 -0.00206376246036709 -0.00352436454277664
v -0.00646277512175985 -0.00204222086490810 -0.00361622006874710
v -0.00649352158172078 -0.00202446917118252 -0.00369928462486892
v -0.00647005356414266 -0.00203801516117275 -0.00387103278618484
v -0.00638329208953328 -0.00208810976566494 -0.00398665745239883
v -0.00641249741179891 -0.00207124689640224 -0.00394840009194046
v -0.00644141281707235 -0.00205454996647060 -0.00390985758286148
v -0.00623940170867391 -0.00217118242801845 -0.00403791673164993
v -0.00616382492644735 -0.00221481684269131 -0.00401459593754440
v -0.00607977951629110 -0.00226334360660732 -0.00398502309303909
v -0.00599742783172078 -0.00231088617862881 -0.00395170958023697
v -0.00591663254363485 -0.00235753420414150 -0.00391420705300003
v -0.00583728684050985 -0.00240334108890713 -0.00387206871491104
v -0.00576006210906454 -0.00244792727054775 -0.00382469995003372
v -0.00568596542937704 -0.00249071100773037 -0.00377112896423965
v -0.00561740769011922 -0.00253029039920986 -0.00370860750656753
v -0.00553998459441610 -0.00257498529972256 -0.00361650927048355
v -0.00533808029754110 -0.00269155672611416 -0.00360915334206253
v -0.00536853684050985 -0.00267397669376552 -0.00358462650757461
v -0.00540337265593953 -0.00265386370243252 -0.00356981236916214
v -0.00544032944304891 -0.00263252810062588 -0.00356567819100052
v -0.00547698105437703 -0.00261136606754482 -0.00357249386292129
v -0.00551094711883016 -0.00259175852359951 -0.00358981473427444
v -0.00518990219695516 -0.00277711084903896 -0.00375741798859268
v -0.00523995102508016 -0.00274821070255459 -0.00370888144951492
v -0.00528935898406453 -0.00271969202579677 -0.00365945608597427
v -0.00516747177703328 -0.00279005983890713 -0.00398923428040176
v -0.00514871872527547 -0.00280088404239834 -0.00395223243218094
v -0.00513870895965047 -0.00280666712345302 -0.00391095192413955
v -0.00513808334929891 -0.00280702761234463 -0.00386808807831436
v -0.00514688767058797 -0.00280194452823818 -0.00382644088249832
v -0.00516454208953328 -0.00279175165714443 -0.00378872997742325
v -0.00523540390593953 -0.00275084093631924 -0.00409082443695694
v -0.00527924240691610 -0.00272553041996181 -0.00417807180863052
v -0.00531461227996297 -0.00270510653080166 -0.00427039380055099
v -0.00534422958953328 -0.00268800905765713 -0.00436540122013717
v -0.00536905563933797 -0.00267367342533291 -0.00446207745056778
v -0.00538971603972860 -0.00266175058902920 -0.00455976254921585
v -0.00540654648406453 -0.00265203074039638 -0.00465862042885452
v -0.00541994370086141 -0.00264430025638759 -0.00475889320355087
v -0.00542917526824422 -0.00263896730961025 -0.00484859557133346
v -0.00536475266082235 -0.00267615870060146 -0.00500575370770126
v -0.00525328720672079 -0.00274051264347256 -0.00508846826534897
v -0.00529064072234578 -0.00271894434513271 -0.00506126172524124
v -0.00532779587371297 -0.00269749239505947 -0.00503368957024246
v -0.00510272873504110 -0.00282744005741299 -0.00509084291439682
v -0.00503589523894735 -0.00286602381290615 -0.00504387952070862
v -0.00496246994597860 -0.00290841845096767 -0.00498816187363296
v -0.00489159287078329 -0.00294934252323330 -0.00492940933685928
v -0.00482321823699422 -0.00298881891788662 -0.00486714084129959
v -0.00475737656218954 -0.00302683237613857 -0.00480089945774704
v -0.00469483078582235 -0.00306294039310634 -0.00473032624703079
v -0.00463680161101766 -0.00309644678653896 -0.00465481777172714
v -0.00458627976043172 -0.00312561396183193 -0.00457252819519668
v -0.00453446091277547 -0.00315552500309170 -0.00445897574406296
v -0.00434253586394735 -0.00326633814396084 -0.00438623399716049
v -0.00437773789031454 -0.00324601534427822 -0.00437260646801620
v -0.00441477097136922 -0.00322463015140713 -0.00436972601395279
v -0.00445123947722860 -0.00320357683719814 -0.00437778074722915
v -0.00448474777800985 -0.00318423060001552 -0.00439624471645981
v -0.00451311386687703 -0.00316785791935146 -0.00442391200047165
v -0.00416417587859578 -0.00336931208194912 -0.00448028655033737
v -0.00422405136687704 -0.00333474711002529 -0.00444999976139694
v -0.00428349960906453 -0.00330041864933193 -0.00441864640694290
v -0.00408609665496297 -0.00341439226688564 -0.00469541616421371
v -0.00407713974578328 -0.00341956499637783 -0.00465381391029983
v -0.00407759750945516 -0.00341929796756924 -0.00461094756107956
v -0.00408745468718954 -0.00341360643924892 -0.00456961650829941
v -0.00410607040984578 -0.00340286425174892 -0.00453252000790268
v -0.00413220871550985 -0.00338777140201748 -0.00450208063107162
v -0.00412648666961141 -0.00339107111515224 -0.00481498987656265
v -0.00414726914031453 -0.00337907770694912 -0.00491296453457504
v -0.00415868271453328 -0.00337248591007412 -0.00501305503826767
v -0.00416391647918172 -0.00336946276249111 -0.00511384804230362
v -0.00416414536101766 -0.00336932734073818 -0.00521468592863708
v -0.00416013229949422 -0.00337164858402431 -0.00531513155680328
v -0.00415216721160360 -0.00337624720157802 -0.00541546256523758
v -0.00414055527312703 -0.00338295534671963 -0.00551602910142570
v -0.00412752426726766 -0.00339047602237881 -0.00560510210376411
v -0.00402736557586141 -0.00344829920353115 -0.00573493833523422
v -0.00390024460418172 -0.00352169588627041 -0.00577804158311516
v -0.00394272507293172 -0.00349716929020107 -0.00576408992391258
v -0.00398509873015829 -0.00347270372928799 -0.00574972183685928
v -0.00375519455535360 -0.00360543802799404 -0.00573133928757339
v -0.00370253647429891 -0.00363584307254970 -0.00566453791838318
v -0.00364566696746297 -0.00366867044986904 -0.00558718941789299
v -0.00359200180633016 -0.00369966105045498 -0.00550775767546326
v -0.00354158676726766 -0.00372876719059170 -0.00542576796990066
v -0.00349457443816610 -0.00375591066898525 -0.00534078992586761
v -0.00345178879363485 -0.00378061464847744 -0.00525272978525787
v -0.00341452683074422 -0.00380212572635830 -0.00516140098553329
v -0.00338613022429891 -0.00381851938785732 -0.00506600983124405
v -0.00336412705047079 -0.00383122423710049 -0.00494020242672592
v -0.00319771469695516 -0.00392730310978115 -0.00480796797257095
v -0.00323480881316610 -0.00390588358463467 -0.00480634374600082
v -0.00327104843718954 -0.00388495615543545 -0.00481563050728470
v -0.00330408371550985 -0.00386589220585049 -0.00483522160034805
v -0.00333171738250204 -0.00384993151249111 -0.00486383779030472
v -0.00335217941863485 -0.00383811739505947 -0.00489961011391311
v -0.00300363815886922 -0.00403935411991299 -0.00484018893223434
v -0.00306847275359579 -0.00400192049564541 -0.00483060557823807
v -0.00313317001922079 -0.00396456888736904 -0.00481986434441238
v -0.00287622727019735 -0.00411291101993740 -0.00502120329123169
v -0.00287778366668172 -0.00411201456607998 -0.00497837109547287
v -0.00288867844207235 -0.00410572031559170 -0.00493739171009689
v -0.00290822495086141 -0.00409443834842861 -0.00490094168167740
v -0.00293512619597860 -0.00407890299381435 -0.00487140114288956
v -0.00296764267547079 -0.00406013468326748 -0.00485069961529404
v -0.00288580978972860 -0.00410737970890224 -0.00514907349329620
v -0.00288184250457235 -0.00410967234195888 -0.00524983806591659
v -0.00286836899383016 -0.00411744669498623 -0.00534958834629684
v -0.00284880722625204 -0.00412874582828701 -0.00544800127726227
v -0.00282442368133016 -0.00414282015384853 -0.00554483158569961
v -0.00279605759246297 -0.00415919664920986 -0.00563990018945366
v -0.00276393784148641 -0.00417774179996670 -0.00573357610088020
v -0.00272824753386922 -0.00419834497989834 -0.00582628915887504
v -0.00269402207000204 -0.00421810892643154 -0.00590751661788851
v -0.00256624497039266 -0.00429187754215420 -0.00599951235901277
v -0.00243375290496297 -0.00436837557377041 -0.00599951235901277
v -0.00247791184050985 -0.00434287622989834 -0.00599994583924887
v -0.00252208603484579 -0.00431737688602627 -0.00599994583924887
v -0.00230597580535360 -0.00444214609684170 -0.00590751661788851
v -0.00227175034148641 -0.00446190813602627 -0.00582628915887504
v -0.00223606003386922 -0.00448251131595791 -0.00573357610088020
v -0.00220394028289266 -0.00450105646671474 -0.00563990018945366
v -0.00217557419402547 -0.00451743296207607 -0.00554483158569961
v -0.00215119064910360 -0.00453150728763759 -0.00544800127726227
v -0.00213162888152547 -0.00454280642093838 -0.00534958834629684
v -0.00211815537078329 -0.00455058077396572 -0.00524983806591659
v -0.00211418808562704 -0.00455287340702236 -0.00514907349329620
v -0.00212377060515829 -0.00454734209598720 -0.00502120329123169
v -0.00199635971648641 -0.00462090090336025 -0.00484018893223434
v -0.00203235519988485 -0.00460012034000576 -0.00485069961529404
v -0.00206487167937704 -0.00458135012211025 -0.00487140114288956
v -0.00209177292449422 -0.00456581667484463 -0.00490094168167740
v -0.00211131943328329 -0.00455453280033291 -0.00493739171009689
v -0.00212221420867391 -0.00454823854984463 -0.00497837109547287
v -0.00180228317840047 -0.00473295191349209 -0.00480796797257095
v -0.00186682785613485 -0.00469568613590420 -0.00481986434441238
v -0.00193152512175985 -0.00465833262027920 -0.00483060557823807
v -0.00163587082488485 -0.00482902887882412 -0.00494020242672592
v -0.00164781845672079 -0.00482213572086513 -0.00489961011391311
v -0.00166828049285360 -0.00481032160343349 -0.00486383779030472
v -0.00169591415984579 -0.00479436281742275 -0.00483522160034805
v -0.00172894943816610 -0.00477529696048916 -0.00481563050728470
v -0.00176518906218954 -0.00475436953128994 -0.00480634374600082
v -0.00161386765105672 -0.00484173372806728 -0.00506600983124405
v -0.00158547104461141 -0.00485812738956630 -0.00516140098553329
v -0.00154820908172079 -0.00487963846744716 -0.00525272978525787
v -0.00150542343718954 -0.00490434244693935 -0.00534078992586761
v -0.00145841110808797 -0.00493148592533291 -0.00542576796990066
v -0.00140799606902547 -0.00496059206546963 -0.00550775767546326
v -0.00135433090789266 -0.00499158266605556 -0.00558718941789299
v -0.00129746140105672 -0.00502441004337490 -0.00566453791838318
v -0.00124480332000204 -0.00505481508793056 -0.00573133928757339
v -0.00109975327117391 -0.00513855722965420 -0.00577804158311516
v -0.00097263229949422 -0.00521195391239345 -0.00573493833523422
v -0.00101489914519735 -0.00518754938663662 -0.00574972183685928
v -0.00105727280242391 -0.00516308382572353 -0.00576408992391258
v 0.00626432143585734 0.00215679379878819 -0.00116468579750686
v 0.00639711867706828 0.00208012792049229 -0.00000000007134109
v 0.00626432143585734 0.00215679379878819 0.00116468565482468
v 0.00587499343292765 0.00238157102046787 0.00224999992865891
v 0.00525566970245890 0.00273913785396397 0.00318198006171555
v 0.00444855605499797 0.00320512792049229 0.00389711468238205
v 0.00350864516632609 0.00374778386531651 0.00434666626471848
v 0.00249999343292765 0.00433012792049229 0.00449999992865891
v 0.00149135695831828 0.00491247006831944 0.00434666626471848
v 0.00055144606964640 0.00545512601314365 0.00389711468238205
v -0.00025566757781453 0.00592111798702061 0.00318198006171555
v -0.00087500656707235 0.00627868482051670 0.00224999992865891
v -0.00126431931121297 0.00650346204219639 0.00116468565482468
v -0.00139711655242391 0.00658012601314365 -0.00000000007134109
v -0.00126431931121297 0.00650346204219639 -0.00116468579750686
v -0.00087500656707235 0.00627868482051670 -0.00225000007134109
v -0.00025566757781453 0.00592111798702061 -0.00318198044281631
v 0.00055144606964640 0.00545512601314365 -0.00389711434822708
v 0.00149135695831828 0.00491247006831944 -0.00434666628819137
v 0.00249999343292765 0.00433012792049229 -0.00450000007134109
v 0.00350864516632609 0.00374778386531651 -0.00434666628819137
v 0.00444855605499797 0.00320512792049229 -0.00389711434822708
v 0.00525566970245890 0.00273913785396397 -0.00318198044281631
v 0.00587499343292765 0.00238157102046787 -0.00225000007134109
f 181 1633 183
f 191 1630 1627
f 1631 1628 189
f 189 1628 190
f 1632 1631 185
f 185 1631 189
f 1633 1632 183
f 183 1632 185
f 1634 1633 181
f 1635 1634 179
f 162 1641 163
f 1636 1635 177
f 177 1635 179
f 1637 1636 175
f 175 1636 177
f 1638 1637 173
f 173 1637 175
f 1639 1638 171
f 171 1638 173
f 1640 1639 169
f 169 1639 171
f 188 1630 191
f 163 1641 1642
f 179 1634 181
f 188 1629 1630
f 1624 1623 184
f 187 1628 1629
f 196 1617 198
f 163 1642 164
f 198 1617 1609
f 1618 1612 172
f 172 1612 170
f 1619 1618 174
f 174 1618 172
f 1620 1619 176
f 176 1619 174
f 1621 1620 178
f 178 1620 176
f 1622 1621 180
f 180 1621 178
f 1623 1622 182
f 182 1622 180
f 184 1623 182
f 1625 1624 186
f 186 1624 184
f 1626 1625 192
f 192 1625 186
f 1627 1626 191
f 191 1626 192
f 190 1628 187
f 187 1629 188
f 164 1642 1643
f 157 1655 158
f 165 1643 1644
f 135 1656 133
f 1658 1657 137
f 137 1657 135
f 1659 1658 139
f 139 1658 137
f 1660 1659 141
f 141 1659 139
f 1661 1660 143
f 143 1660 141
f 1662 1661 145
f 145 1661 143
f 1657 1656 135
f 1663 1662 147
f 1664 1663 153
f 153 1663 147
f 1665 1664 152
f 152 1664 153
f 151 1666 148
f 148 1666 1667
f 148 1667 149
f 149 1667 1668
f 149 1668 152
f 152 1668 1665
f 1669 1666 150
f 147 1662 145
f 164 1643 165
f 133 1650 131
f 158 1655 1647
f 165 1644 166
f 166 1644 1645
f 166 1645 167
f 167 1645 1646
f 167 1646 169
f 169 1646 1640
f 158 1647 160
f 160 1647 1648
f 160 1648 161
f 161 1648 1649
f 161 1649 162
f 1656 1650 133
f 162 1649 1641
f 129 1650 1651
f 129 1651 154
f 154 1651 1652
f 154 1652 155
f 155 1652 1653
f 155 1653 156
f 156 1653 1654
f 254 1560 256
f 156 1654 157
f 157 1654 1655
f 196 1616 1617
f 131 1650 129
f 195 1616 196
f 201 1603 202
f 194 1615 195
f 206 1575 1576
f 206 1576 233
f 233 1576 1577
f 233 1577 234
f 234 1577 1578
f 234 1578 235
f 235 1578 1579
f 235 1579 237
f 237 1579 1571
f 1580 1574 212
f 212 1574 210
f 1581 1580 214
f 214 1580 212
f 1582 1581 216
f 216 1581 214
f 1583 1582 218
f 218 1582 216
f 1584 1583 220
f 220 1583 218
f 1585 1584 222
f 222 1584 220
f 1586 1585 224
f 224 1585 222
f 208 1575 206
f 208 1574 1575
f 210 1574 208
f 240 1573 1565
f 150 1666 151
f 1562 1561 252
f 252 1561 254
f 1563 1562 250
f 250 1562 252
f 1564 1563 248
f 248 1563 250
f 240 1565 241
f 241 1565 1566
f 241 1566 242
f 242 1566 1567
f 1587 1586 226
f 242 1567 243
f 243 1568 244
f 244 1568 1569
f 244 1569 246
f 246 1569 1570
f 246 1570 248
f 248 1570 1564
f 237 1571 238
f 238 1571 1572
f 238 1572 239
f 239 1572 1573
f 239 1573 240
f 243 1567 1568
f 195 1615 1616
f 226 1586 224
f 232 1587 226
f 202 1603 1604
f 202 1604 203
f 203 1604 1605
f 203 1605 204
f 204 1605 1606
f 204 1606 205
f 205 1606 1607
f 205 1607 207
f 207 1607 1608
f 207 1608 209
f 209 1608 1602
f 198 1609 199
f 199 1609 1610
f 199 1610 200
f 200 1610 1611
f 200 1611 201
f 201 1611 1603
f 170 1612 168
f 168 1612 1613
f 168 1613 193
f 193 1613 1614
f 193 1614 194
f 194 1614 1615
f 209 1601 211
f 1602 1601 209
f 211 1600 213
f 1601 1600 211
f 1589 1588 231
f 231 1588 232
f 230 1590 227
f 227 1590 1591
f 227 1591 228
f 228 1591 1592
f 228 1592 231
f 231 1592 1589
f 1593 1590 229
f 229 1590 230
f 1594 1593 225
f 1588 1587 232
f 225 1593 229
f 223 1594 225
f 1596 1595 221
f 221 1595 223
f 1597 1596 219
f 219 1596 221
f 1598 1597 217
f 217 1597 219
f 1599 1598 215
f 215 1598 217
f 1600 1599 213
f 213 1599 215
f 1595 1594 223
f 1670 1669 146
f 121 1763 83
f 1671 1670 144
f 1741 1740 56
f 56 1740 55
f 49 1742 50
f 50 1742 1743
f 50 1743 53
f 53 1743 1744
f 53 1744 56
f 56 1744 1741
f 910 1742 51
f 51 1742 49
f 752 1745 742
f 742 1745 1746
f 742 1746 704
f 704 1746 1747
f 704 1747 666
f 666 1747 1748
f 666 1748 627
f 627 1748 1749
f 627 1749 589
f 589 1749 1750
f 589 1750 551
f 551 1750 1751
f 551 1751 513
f 55 1739 54
f 1740 1739 55
f 54 1738 58
f 1739 1738 54
f 74 1727 76
f 76 1727 1728
f 76 1728 77
f 77 1728 1729
f 77 1729 78
f 78 1729 1730
f 78 1730 79
f 79 1730 1731
f 79 1731 80
f 80 1731 1723
f 1732 1726 70
f 513 1751 1752
f 70 1726 72
f 68 1732 70
f 1734 1733 66
f 66 1733 68
f 1735 1734 64
f 64 1734 66
f 1736 1735 62
f 62 1735 64
f 1737 1736 60
f 60 1736 62
f 1738 1737 58
f 58 1737 60
f 1733 1732 68
f 513 1752 475
f 475 1752 1753
f 475 1753 437
f 790 1767 1768
f 790 1768 752
f 752 1768 1745
f 5 1747 3
f 3 1747 1746
f 3 1746 1
f 1 1746 1745
f 1 1745 47
f 47 1745 1768
f 47 1768 45
f 45 1768 1767
f 828 1767 790
f 45 1767 43
f 43 1766 41
f 41 1766 1765
f 41 1765 39
f 39 1765 1764
f 39 1764 1763
f 5 7 1747
f 1747 7 1748
f 1748 7 9
f 1748 9 1749
f 1749 9 11
f 1749 11 1750
f 43 1767 1766
f 74 1726 1727
f 828 1766 1767
f 867 1765 1766
f 437 1753 1754
f 437 1754 398
f 398 1754 1755
f 398 1755 360
f 360 1755 1756
f 360 1756 322
f 322 1756 1757
f 322 1757 312
f 312 1757 1758
f 312 1758 274
f 274 1758 1759
f 867 1766 828
f 274 1759 236
f 236 1760 197
f 197 1760 1761
f 197 1761 159
f 159 1761 1762
f 159 1762 121
f 121 1762 1763
f 1561 1560 254
f 83 1763 1764
f 83 1764 75
f 75 1764 1765
f 75 1765 867
f 236 1759 1760
f 146 1669 150
f 72 1726 74
f 82 1725 84
f 120 1685 1686
f 120 1686 122
f 122 1686 1687
f 122 1687 123
f 123 1687 1679
f 92 1688 90
f 90 1688 1689
f 90 1689 91
f 91 1689 1690
f 91 1690 116
f 116 1690 1691
f 116 1691 117
f 117 1691 1692
f 117 1692 118
f 118 1692 1693
f 118 1693 119
f 119 1693 1685
f 1694 1688 94
f 94 1688 92
f 1695 1694 96
f 96 1694 94
f 1696 1695 98
f 98 1695 96
f 119 1685 120
f 130 1684 1678
f 128 1684 130
f 128 1683 1684
f 144 1670 146
f 1672 1671 142
f 142 1671 144
f 1673 1672 140
f 140 1672 142
f 1674 1673 138
f 138 1673 140
f 1675 1674 136
f 136 1674 138
f 1676 1675 134
f 134 1675 136
f 1697 1696 100
f 1677 1676 132
f 1678 1677 130
f 130 1677 132
f 123 1679 124
f 124 1679 1680
f 124 1680 125
f 125 1680 1681
f 125 1681 126
f 126 1681 1682
f 126 1682 127
f 127 1682 1683
f 127 1683 128
f 132 1676 134
f 100 1696 98
f 1698 1697 102
f 102 1697 100
f 1713 1712 99
f 99 1712 101
f 1714 1713 97
f 97 1713 99
f 1715 1714 95
f 95 1714 97
f 1716 1715 93
f 93 1715 95
f 84 1717 85
f 85 1717 1718
f 85 1718 86
f 101 1711 103
f 86 1718 1719
f 87 1719 1720
f 87 1720 88
f 88 1720 1721
f 88 1721 89
f 89 1721 1722
f 89 1722 93
f 93 1722 1716
f 80 1723 81
f 81 1723 1724
f 81 1724 82
f 82 1724 1725
f 86 1719 87
f 84 1725 1717
f 1712 1711 101
f 1711 1710 103
f 1699 1698 104
f 104 1698 102
f 1700 1699 106
f 106 1699 104
f 1701 1700 108
f 108 1700 106
f 1702 1701 115
f 115 1701 108
f 1703 1702 114
f 114 1702 115
f 113 1704 111
f 103 1710 105
f 111 1704 1705
f 110 1705 1706
f 110 1706 114
f 114 1706 1703
f 1707 1704 112
f 112 1704 113
f 1708 1707 109
f 109 1707 112
f 1709 1708 107
f 107 1708 109
f 1710 1709 105
f 105 1709 107
f 111 1705 110
f 256 1559 258
f 1467 1466 333
f 258 1558 260
f 1410 1409 411
f 411 1409 413
f 1411 1410 409
f 409 1410 411
f 1412 1411 407
f 407 1411 409
f 396 1413 397
f 397 1413 1414
f 397 1414 399
f 399 1414 1415
f 399 1415 400
f 400 1415 1416
f 400 1416 401
f 401 1416 1417
f 401 1417 405
f 405 1417 1418
f 405 1418 407
f 407 1418 1412
f 393 1419 394
f 394 1419 1420
f 394 1420 395
f 395 1420 1421
f 395 1421 396
f 413 1408 415
f 1409 1408 413
f 415 1407 417
f 1408 1407 415
f 1396 1395 420
f 420 1395 418
f 1397 1396 422
f 422 1396 420
f 1398 1397 429
f 429 1397 422
f 1399 1398 428
f 428 1398 429
f 427 1400 425
f 425 1400 1401
f 425 1401 424
f 396 1421 1413
f 424 1401 1402
f 428 1402 1399
f 1403 1400 426
f 426 1400 427
f 1404 1403 423
f 423 1403 426
f 1405 1404 421
f 421 1404 423
f 1406 1405 419
f 419 1405 421
f 1407 1406 417
f 417 1406 419
f 424 1402 428
f 418 1394 416
f 368 1422 364
f 364 1423 365
f 390 1436 391
f 389 1438 387
f 387 1438 1439
f 387 1439 386
f 386 1439 1440
f 386 1440 390
f 390 1440 1437
f 1441 1438 388
f 388 1438 389
f 1442 1441 385
f 385 1441 388
f 1443 1442 383
f 383 1442 385
f 1444 1443 381
f 381 1443 383
f 1445 1444 379
f 379 1444 381
f 1446 1445 377
f 377 1445 379
f 1447 1446 375
f 375 1446 377
f 1448 1447 373
f 373 1447 375
f 1437 1436 390
f 391 1435 384
f 1436 1435 391
f 384 1434 382
f 365 1423 1424
f 365 1424 366
f 366 1424 1425
f 366 1425 367
f 367 1425 1426
f 367 1426 392
f 392 1426 1427
f 392 1427 393
f 393 1427 1419
f 1428 1422 370
f 370 1422 368
f 364 1422 1423
f 1429 1428 372
f 1430 1429 374
f 374 1429 372
f 1431 1430 376
f 376 1430 374
f 1432 1431 378
f 378 1431 376
f 1433 1432 380
f 380 1432 378
f 1434 1433 382
f 382 1433 380
f 1435 1434 384
f 372 1428 370
f 1395 1394 418
f 416 1393 414
f 1394 1393 416
f 1355 1354 451
f 451 1354 449
f 1356 1355 453
f 453 1355 451
f 1357 1356 455
f 455 1356 453
f 1358 1357 457
f 457 1357 455
f 1359 1358 459
f 459 1358 457
f 1360 1359 466
f 466 1359 459
f 1361 1360 465
f 465 1360 466
f 479 1341 480
f 464 1362 462
f 462 1362 1363
f 462 1363 461
f 461 1363 1364
f 461 1364 465
f 465 1364 1361
f 1365 1362 463
f 463 1362 464
f 449 1353 447
f 1354 1353 449
f 447 1352 445
f 1353 1352 447
f 1750 11 13
f 480 1341 1342
f 480 1342 481
f 481 1342 1336
f 471 1343 472
f 472 1343 1344
f 472 1344 473
f 473 1344 1345
f 473 1345 474
f 474 1345 1337
f 443 1346 442
f 1366 1365 460
f 442 1346 1347
f 467 1347 1348
f 467 1348 468
f 468 1348 1349
f 468 1349 469
f 469 1349 1350
f 469 1350 470
f 470 1350 1351
f 470 1351 471
f 471 1351 1343
f 1352 1346 445
f 445 1346 443
f 442 1347 467
f 460 1365 463
f 1367 1366 458
f 458 1366 460
f 433 1382 434
f 434 1382 1383
f 434 1383 435
f 435 1383 1375
f 406 1384 404
f 404 1384 1385
f 404 1385 402
f 402 1385 1386
f 402 1386 403
f 403 1386 1387
f 403 1387 430
f 433 1381 1382
f 430 1387 1388
f 431 1388 1389
f 431 1389 432
f 432 1389 1381
f 1390 1384 408
f 408 1384 406
f 1391 1390 410
f 410 1390 408
f 1392 1391 412
f 412 1391 410
f 1393 1392 414
f 414 1392 412
f 430 1388 431
f 1449 1448 371
f 432 1381 433
f 441 1380 444
f 1368 1367 456
f 456 1367 458
f 1369 1368 454
f 454 1368 456
f 1370 1369 452
f 452 1369 454
f 1371 1370 450
f 450 1370 452
f 1372 1371 448
f 448 1371 450
f 1373 1372 446
f 444 1380 1374
f 446 1372 448
f 444 1373 446
f 435 1375 436
f 436 1375 1376
f 436 1376 438
f 438 1376 1377
f 438 1377 439
f 439 1377 1378
f 439 1378 440
f 440 1378 1379
f 440 1379 441
f 441 1379 1380
f 1374 1373 444
f 1560 1559 256
f 371 1448 373
f 369 1449 371
f 300 1519 302
f 1521 1520 298
f 298 1520 300
f 1522 1521 296
f 296 1521 298
f 1523 1522 294
f 294 1522 296
f 1524 1523 292
f 292 1523 294
f 1525 1524 290
f 290 1524 292
f 1526 1525 288
f 288 1525 290
f 279 1527 280
f 280 1527 1528
f 280 1528 281
f 281 1528 1529
f 281 1529 282
f 282 1529 1530
f 282 1530 284
f 284 1530 1531
f 284 1531 286
f 286 1531 1532
f 1520 1519 300
f 302 1518 304
f 1519 1518 302
f 304 1517 308
f 295 1505 293
f 1507 1506 297
f 297 1506 295
f 1508 1507 299
f 299 1507 297
f 1509 1508 301
f 301 1508 299
f 1510 1509 303
f 303 1509 301
f 1511 1510 305
f 305 1510 303
f 286 1532 288
f 1512 1511 311
f 1513 1512 310
f 310 1512 311
f 309 1514 306
f 306 1514 1515
f 306 1515 307
f 307 1515 1516
f 307 1516 310
f 310 1516 1513
f 1517 1514 308
f 308 1514 309
f 1518 1517 304
f 311 1511 305
f 1506 1505 295
f 288 1532 1526
f 277 1533 1534
f 1548 1547 263
f 263 1547 261
f 1549 1548 265
f 265 1548 263
f 1550 1549 271
f 271 1549 265
f 1551 1550 270
f 270 1550 271
f 269 1552 266
f 266 1552 1553
f 266 1553 267
f 267 1553 1554
f 267 1554 270
f 270 1554 1551
f 1555 1552 268
f 268 1552 269
f 1556 1555 264
f 264 1555 268
f 1557 1556 262
f 262 1556 264
f 1558 1557 260
f 260 1557 262
f 1559 1558 258
f 261 1546 259
f 1547 1546 261
f 259 1545 257
f 1546 1545 259
f 277 1534 278
f 278 1534 1535
f 278 1535 279
f 279 1535 1527
f 249 1536 247
f 247 1536 1537
f 247 1537 245
f 245 1537 1538
f 245 1538 272
f 272 1538 1539
f 272 1539 273
f 276 1533 277
f 273 1539 1540
f 275 1540 1541
f 275 1541 276
f 276 1541 1533
f 1542 1536 251
f 251 1536 249
f 1543 1542 253
f 253 1542 251
f 1544 1543 255
f 255 1543 253
f 1545 1544 257
f 257 1544 255
f 273 1540 275
f 293 1504 291
f 1505 1504 293
f 291 1498 289
f 353 1465 354
f 354 1465 1457
f 1466 1460 331
f 331 1460 329
f 333 1466 331
f 1468 1467 335
f 335 1467 333
f 1469 1468 337
f 337 1468 335
f 1470 1469 339
f 339 1469 337
f 1471 1470 341
f 341 1470 339
f 1472 1471 343
f 343 1471 341
f 1473 1472 345
f 345 1472 343
f 1474 1473 352
f 352 1473 345
f 1475 1474 351
f 351 1474 352
f 350 1476 348
f 348 1476 1477
f 353 1464 1465
f 324 1464 353
f 324 1463 1464
f 323 1463 324
f 357 1451 358
f 358 1451 1452
f 358 1452 359
f 359 1452 1453
f 359 1453 361
f 361 1453 1454
f 361 1454 362
f 362 1454 1455
f 362 1455 363
f 363 1455 1456
f 363 1456 369
f 348 1477 347
f 369 1456 1450
f 355 1457 1458
f 355 1458 356
f 356 1458 1459
f 356 1459 357
f 357 1459 1451
f 329 1460 327
f 327 1460 1461
f 327 1461 325
f 325 1461 1462
f 325 1462 323
f 323 1462 1463
f 354 1457 355
f 347 1477 1478
f 347 1478 351
f 351 1478 1475
f 326 1492 1493
f 326 1493 328
f 328 1493 1494
f 328 1494 330
f 330 1494 1488
f 315 1495 316
f 316 1495 1496
f 316 1496 317
f 317 1496 1497
f 317 1497 318
f 318 1497 1489
f 321 1492 326
f 289 1498 287
f 287 1499 285
f 285 1499 1500
f 285 1500 283
f 283 1500 1501
f 283 1501 313
f 313 1501 1502
f 313 1502 314
f 314 1502 1503
f 314 1503 315
f 315 1503 1495
f 1504 1498 291
f 287 1498 1499
f 1450 1449 369
f 321 1491 1492
f 320 1490 1491
f 1479 1476 349
f 349 1476 350
f 1480 1479 346
f 346 1479 349
f 1481 1480 344
f 344 1480 346
f 1482 1481 342
f 342 1481 344
f 1483 1482 340
f 340 1482 342
f 1484 1483 338
f 320 1491 321
f 338 1483 340
f 336 1484 338
f 1486 1485 334
f 334 1485 336
f 1487 1486 332
f 332 1486 334
f 1488 1487 330
f 330 1487 332
f 318 1489 319
f 319 1489 1490
f 479 1340 1341
f 319 1490 320
f 1485 1484 336
f 1750 13 1751
f 1642 1641 36
f 1751 15 1752
f 1338 1312 1339
f 1339 1312 1311
f 1339 1311 1340
f 1340 1311 1310
f 1340 1310 1341
f 1341 1310 1309
f 1341 1309 1342
f 1342 1309 1308
f 1342 1308 1336
f 1336 1308 1314
f 1336 1314 1335
f 1335 1314 1315
f 1335 1315 1334
f 1334 1315 1316
f 1334 1316 1333
f 1333 1316 1317
f 1333 1317 1332
f 1332 1317 1318
f 1332 1318 1331
f 1331 1318 1319
f 1331 1319 1330
f 1330 1319 1320
f 1330 1320 1329
f 1313 1312 1338
f 18 1338 1337
f 18 1313 1338
f 1305 1313 18
f 1304 1271 1298
f 1298 1271 1270
f 1298 1270 1297
f 1297 1270 1276
f 1297 1276 1296
f 1296 1276 1277
f 1296 1277 1295
f 1295 1277 1278
f 1295 1278 1294
f 1294 1278 1279
f 1294 1279 1293
f 1329 1320 1321
f 1293 1279 1280
f 1292 1280 1281
f 1292 1281 1291
f 1291 1281 1282
f 1291 1282 1290
f 1290 1282 1283
f 1290 1283 1287
f 1287 1283 1288
f 1288 1283 1284
f 1288 1284 1285
f 1286 1289 1287
f 1287 1289 1290
f 1293 1280 1292
f 1304 1272 1271
f 1329 1321 1328
f 1328 1326 1325
f 1369 1357 1368
f 1368 1357 1358
f 1368 1358 1367
f 1367 1358 1359
f 1367 1359 1366
f 1366 1359 1364
f 1366 1364 1363
f 1359 1360 1364
f 1364 1360 1361
f 1362 1365 1363
f 1363 1365 1366
f 1376 1375 20
f 1382 1381 22
f 22 1381 1389
f 22 1389 1414
f 1414 1389 1388
f 1414 1388 1415
f 1415 1388 1387
f 1415 1387 1416
f 1416 1387 1386
f 1416 1386 1417
f 1417 1386 1385
f 1417 1385 1418
f 1369 1356 1357
f 1370 1356 1369
f 1370 1355 1356
f 1371 1355 1370
f 1321 1322 1326
f 1326 1322 1323
f 1324 1327 1325
f 1325 1327 1328
f 1344 1343 20
f 20 1343 1351
f 20 1351 1376
f 1376 1351 1350
f 1376 1350 1377
f 1377 1350 1349
f 1377 1349 1378
f 1328 1321 1326
f 1378 1349 1348
f 1379 1348 1347
f 1379 1347 1380
f 1380 1347 1346
f 1380 1346 1374
f 1374 1346 1352
f 1374 1352 1373
f 1373 1352 1353
f 1373 1353 1372
f 1372 1353 1354
f 1372 1354 1371
f 1371 1354 1355
f 1378 1348 1379
f 1303 1272 1304
f 1303 1273 1272
f 1302 1273 1303
f 1105 1088 1104
f 1104 1088 1089
f 1104 1089 1103
f 1103 1089 1090
f 1103 1090 1102
f 1102 1090 1091
f 1102 1091 1101
f 1101 1091 1092
f 1101 1092 1100
f 1100 1092 1093
f 1100 1093 1097
f 1097 1093 1098
f 1098 1093 1094
f 1098 1094 1095
f 1096 1099 1097
f 1097 1099 1100
f 1109 1117 6
f 6 1117 1116
f 6 1116 1115
f 1115 1123 6
f 1148 1123 1149
f 1149 1123 1122
f 1149 1122 1150
f 1105 1087 1088
f 1106 1087 1105
f 1106 1086 1087
f 1107 1086 1106
f 1064 1054 1063
f 1063 1054 1055
f 1063 1055 1062
f 1062 1055 1060
f 1062 1060 1059
f 1055 1056 1060
f 1060 1056 1057
f 1058 1061 1059
f 1059 1061 1062
f 1079 1078 4
f 4 1078 1077
f 1150 1122 1121
f 4 1077 1085
f 1111 1085 1084
f 1111 1084 1112
f 1112 1084 1083
f 1112 1083 1113
f 1113 1083 1082
f 1113 1082 1114
f 1114 1082 1081
f 1114 1081 1108
f 1108 1081 1080
f 1108 1080 1107
f 1107 1080 1086
f 1110 1085 1111
f 1150 1121 1151
f 1151 1121 1120
f 1151 1120 1152
f 1172 1175 1173
f 1173 1175 1176
f 1186 1185 10
f 10 1185 1193
f 10 1193 1192
f 1192 1191 10
f 1210 1213 1211
f 1211 1213 1214
f 1224 1223 12
f 12 1223 1231
f 12 1231 1230
f 8 1154 1153
f 1230 1229 12
f 1249 1251 1252
f 1262 1261 14
f 14 1261 1269
f 14 1269 1268
f 1274 1301 1275
f 1275 1301 1300
f 1275 1300 16
f 16 1300 1299
f 16 1299 1307
f 1301 1274 1302
f 1302 1274 1273
f 1248 1251 1249
f 1418 1385 1384
f 8 1155 1154
f 1135 1137 1138
f 1152 1120 1119
f 1152 1119 1146
f 1146 1119 1118
f 1146 1118 1145
f 1145 1118 1124
f 1145 1124 1144
f 1144 1124 1125
f 1144 1125 1143
f 1143 1125 1126
f 1143 1126 1142
f 1142 1126 1127
f 1147 1155 8
f 1142 1127 1141
f 1141 1128 1140
f 1140 1128 1129
f 1140 1129 1139
f 1139 1129 1130
f 1139 1130 1138
f 1138 1130 1131
f 1138 1131 1135
f 1135 1131 1136
f 1136 1131 1132
f 1136 1132 1133
f 1134 1137 1135
f 1141 1127 1128
f 1064 1053 1054
f 1418 1384 1412
f 1412 1390 1411
f 1570 1537 1564
f 1564 1537 1536
f 1564 1536 1563
f 1563 1536 1542
f 1563 1542 1562
f 1562 1542 1543
f 1562 1543 1561
f 1561 1543 1544
f 1561 1544 1560
f 1560 1544 1545
f 1560 1545 1559
f 1559 1545 1546
f 1559 1546 1558
f 1558 1546 1547
f 1558 1547 1557
f 1557 1547 1548
f 1557 1548 1556
f 1556 1548 1549
f 1556 1549 1553
f 1553 1549 1554
f 1554 1549 1550
f 1554 1550 1551
f 1552 1555 1553
f 1570 1538 1537
f 1569 1538 1570
f 1569 1539 1538
f 1568 1539 1569
f 1523 1506 1522
f 1522 1506 1507
f 1522 1507 1521
f 1521 1507 1508
f 1521 1508 1520
f 1520 1508 1509
f 1520 1509 1519
f 1519 1509 1510
f 1519 1510 1518
f 1518 1510 1511
f 1518 1511 1515
f 1553 1555 1556
f 1515 1511 1516
f 1516 1512 1513
f 1514 1517 1515
f 1515 1517 1518
f 1527 1535 30
f 30 1535 1534
f 30 1534 1533
f 1533 1541 30
f 1566 1541 1567
f 1567 1541 1540
f 1567 1540 1568
f 1568 1540 1539
f 1516 1511 1512
f 1523 1505 1506
f 1565 1573 32
f 32 1572 1571
f 1716 1689 1688
f 1716 1688 1715
f 1715 1688 1694
f 1715 1694 1714
f 1714 1694 1695
f 1714 1695 1713
f 1713 1695 1696
f 1713 1696 1712
f 1712 1696 1697
f 1712 1697 1711
f 1711 1697 1698
f 1711 1698 1710
f 1710 1698 1699
f 1710 1699 1709
f 1709 1699 1700
f 1709 1700 1708
f 1708 1700 1701
f 1708 1701 1705
f 1705 1701 1706
f 1706 1701 1702
f 1706 1702 1703
f 478 1340 479
f 1704 1707 1705
f 1722 1689 1716
f 1722 1690 1689
f 1721 1690 1722
f 1721 1691 1690
f 1590 1593 1591
f 1591 1593 1594
f 1604 1603 34
f 34 1603 1611
f 34 1611 1610
f 1610 1609 34
f 1628 1631 1629
f 1629 1631 1632
f 36 1641 1649
f 36 1649 1648
f 1648 1647 36
f 32 1573 1572
f 1666 1669 1667
f 1680 1679 38
f 38 1679 1687
f 38 1687 1686
f 1692 1719 1693
f 1693 1719 1718
f 1693 1718 40
f 40 1718 1717
f 40 1717 1725
f 1719 1692 1720
f 1720 1692 1691
f 1720 1691 1721
f 1667 1669 1670
f 1524 1505 1523
f 1524 1504 1505
f 1525 1504 1524
f 1454 1425 1424
f 1454 1424 1455
f 1455 1424 1423
f 1455 1423 1456
f 1456 1423 1422
f 1456 1422 1450
f 1450 1422 1428
f 1450 1428 1449
f 1449 1428 1429
f 1449 1429 1448
f 1448 1429 1430
f 1448 1430 1447
f 1447 1430 1431
f 1447 1431 1446
f 1446 1431 1432
f 1446 1432 1445
f 1445 1432 1433
f 1445 1433 1444
f 1444 1433 1434
f 1444 1434 1443
f 1443 1434 1435
f 1443 1435 1442
f 1442 1435 1440
f 1453 1425 1454
f 1453 1426 1425
f 1452 1426 1453
f 1452 1427 1426
f 1411 1390 1391
f 1411 1391 1410
f 1410 1391 1392
f 1410 1392 1409
f 1409 1392 1393
f 1409 1393 1408
f 1408 1393 1394
f 1408 1394 1407
f 1407 1394 1395
f 1407 1395 1406
f 1406 1395 1396
f 1442 1440 1439
f 1406 1396 1405
f 1405 1397 1404
f 1404 1397 1402
f 1404 1402 1401
f 1397 1398 1402
f 1402 1398 1399
f 1400 1403 1401
f 1401 1403 1404
f 1414 1413 22
f 1420 1419 24
f 24 1419 1427
f 24 1427 1452
f 1405 1396 1397
f 1435 1436 1440
f 1440 1436 1437
f 1438 1441 1439
f 1482 1472 1481
f 1481 1472 1473
f 1481 1473 1480
f 1480 1473 1478
f 1480 1478 1477
f 1473 1474 1478
f 1478 1474 1475
f 1476 1479 1477
f 1477 1479 1480
f 1497 1496 28
f 28 1496 1495
f 1482 1471 1472
f 28 1495 1503
f 1529 1503 1502
f 1529 1502 1530
f 1530 1502 1501
f 1530 1501 1531
f 1531 1501 1500
f 1531 1500 1532
f 1532 1500 1499
f 1532 1499 1526
f 1526 1499 1498
f 1526 1498 1525
f 1525 1498 1504
f 1528 1503 1529
f 1412 1384 1390
f 1483 1471 1482
f 1484 1470 1483
f 1439 1441 1442
f 1459 1458 26
f 26 1458 1457
f 26 1457 1465
f 26 1465 1490
f 1490 1465 1464
f 1490 1464 1491
f 1491 1464 1463
f 1491 1463 1492
f 1492 1463 1462
f 1492 1462 1493
f 1483 1470 1471
f 1493 1462 1461
f 1494 1461 1460
f 1494 1460 1488
f 1488 1460 1466
f 1488 1466 1487
f 1487 1466 1467
f 1487 1467 1486
f 1486 1467 1468
f 1486 1468 1485
f 1485 1468 1469
f 1485 1469 1484
f 1484 1469 1470
f 1493 1461 1494
f 1065 1053 1064
f 1065 1052 1053
f 1066 1052 1065
f 1594 1587 1591
f 1591 1587 1592
f 1592 1587 1588
f 1592 1588 1589
f 30 1541 32
f 32 1541 1566
f 32 1566 1565
f 28 1503 30
f 30 1503 1528
f 30 1528 1527
f 26 1490 28
f 28 1490 1489
f 28 1489 1497
f 24 1452 26
f 26 1452 1451
f 26 1451 1459
f 22 1413 24
f 24 1413 1421
f 24 1421 1420
f 20 1375 22
f 22 1375 1383
f 22 1383 1382
f 18 1337 20
f 1594 1586 1587
f 1595 1586 1594
f 1595 1585 1586
f 1596 1585 1595
f 34 1571 1579
f 34 1579 1604
f 1604 1579 1605
f 1605 1579 1578
f 1605 1578 1606
f 1606 1578 1577
f 1606 1577 1607
f 1607 1577 1576
f 1607 1576 1608
f 1608 1576 1575
f 1608 1575 1602
f 20 1337 1345
f 1602 1575 1574
f 1601 1574 1580
f 1601 1580 1600
f 1600 1580 1581
f 1600 1581 1599
f 1599 1581 1582
f 1599 1582 1598
f 1598 1582 1583
f 1598 1583 1597
f 1597 1583 1584
f 1597 1584 1596
f 1596 1584 1585
f 1602 1574 1601
f 32 1571 34
f 20 1345 1344
f 18 1307 1306
f 1254 1242 1243
f 1254 1243 1253
f 1253 1243 1244
f 1253 1244 1252
f 1252 1244 1245
f 1252 1245 1249
f 1249 1245 1250
f 1250 1245 1246
f 1250 1246 1247
f 10 1191 12
f 12 1191 1199
f 12 1199 1224
f 1224 1199 1225
f 1225 1199 1198
f 1225 1198 1226
f 1226 1198 1197
f 1226 1197 1227
f 1227 1197 1196
f 1227 1196 1228
f 1228 1196 1195
f 1228 1195 1222
f 1222 1195 1194
f 1222 1194 1221
f 1255 1242 1254
f 1255 1241 1242
f 1256 1241 1255
f 1256 1240 1241
f 18 1306 1305
f 14 1268 16
f 16 1268 1267
f 16 1267 1275
f 12 1229 14
f 14 1229 1237
f 14 1237 1262
f 1262 1237 1263
f 1263 1237 1236
f 1263 1236 1264
f 1264 1236 1235
f 16 1307 18
f 1264 1235 1265
f 1265 1234 1266
f 1266 1234 1233
f 1266 1233 1260
f 1260 1233 1232
f 1260 1232 1259
f 1259 1232 1238
f 1259 1238 1258
f 1258 1238 1239
f 1258 1239 1257
f 1257 1239 1240
f 1257 1240 1256
f 1265 1235 1234
f 1630 1626 1627
f 1630 1625 1626
f 1629 1625 1630
f 2 1033 1041
f 46 995 48
f 48 995 1003
f 48 1003 1002
f 44 957 46
f 46 957 965
f 46 965 964
f 42 919 44
f 44 919 927
f 44 927 926
f 40 1725 42
f 42 1725 1724
f 42 1724 1723
f 38 1686 40
f 40 1686 1685
f 40 1685 1693
f 36 1647 38
f 38 1647 1655
f 38 1655 1680
f 1680 1655 1681
f 1681 1655 1654
f 1681 1654 1682
f 1682 1654 1653
f 2 1034 1033
f 48 1034 2
f 4 1071 1079
f 4 1072 1071
f 1752 15 1753
f 1753 15 17
f 1753 17 1754
f 1754 17 19
f 1754 19 1755
f 1755 19 21
f 1755 21 1756
f 1756 21 23
f 1756 23 1757
f 1757 23 25
f 1757 25 1758
f 1682 1653 1683
f 1758 25 27
f 1758 29 1759
f 1759 29 31
f 1759 31 1760
f 1760 31 33
f 1760 33 1761
f 1761 33 35
f 1761 35 1762
f 1762 35 37
f 1762 37 1763
f 1763 37 39
f 2 1072 4
f 1758 27 29
f 1683 1653 1652
f 1683 1652 1684
f 1684 1652 1651
f 1644 1616 1615
f 1644 1615 1645
f 1645 1615 1614
f 1645 1614 1646
f 1646 1614 1613
f 1646 1613 1640
f 1640 1613 1612
f 1640 1612 1639
f 1639 1612 1618
f 1639 1618 1638
f 1638 1618 1619
f 1643 1616 1644
f 1638 1619 1637
f 1637 1620 1636
f 1636 1620 1621
f 1636 1621 1635
f 1635 1621 1622
f 1635 1622 1634
f 1634 1622 1623
f 1634 1623 1633
f 1633 1623 1624
f 1633 1624 1632
f 1632 1624 1625
f 1632 1625 1629
f 1637 1619 1620
f 1221 1194 1200
f 1643 1617 1616
f 36 1617 1642
f 1684 1651 1678
f 1678 1651 1650
f 1678 1650 1677
f 1677 1650 1656
f 1677 1656 1676
f 1676 1656 1657
f 1676 1657 1675
f 1675 1657 1658
f 1675 1658 1674
f 1674 1658 1659
f 1674 1659 1673
f 1642 1617 1643
f 1673 1659 1660
f 1672 1660 1661
f 1672 1661 1671
f 1671 1661 1662
f 1671 1662 1670
f 1670 1662 1663
f 1670 1663 1667
f 1667 1663 1668
f 1668 1663 1664
f 1668 1664 1665
f 34 1609 36
f 36 1609 1617
f 1673 1660 1672
f 1221 1200 1220
f 1220 1200 1201
f 1220 1201 1219
f 993 972 973
f 993 973 992
f 992 973 974
f 992 974 991
f 991 974 975
f 991 975 990
f 990 975 976
f 990 976 989
f 989 976 977
f 989 977 988
f 988 977 978
f 988 978 987
f 987 978 979
f 987 979 986
f 986 979 984
f 986 984 983
f 979 980 984
f 984 980 981
f 982 985 983
f 983 985 986
f 996 995 46
f 1002 1001 48
f 48 1001 1009
f 994 972 993
f 994 966 972
f 1000 966 994
f 1000 967 966
f 951 938 939
f 951 939 950
f 950 939 940
f 950 940 949
f 949 940 941
f 949 941 948
f 948 941 946
f 948 946 945
f 941 942 946
f 946 942 943
f 944 947 945
f 48 1009 1034
f 945 947 948
f 964 963 46
f 46 963 971
f 46 971 996
f 996 971 970
f 996 970 997
f 997 970 969
f 997 969 998
f 998 969 968
f 998 968 999
f 999 968 967
f 999 967 1000
f 958 957 44
f 1034 1009 1008
f 1034 1008 1035
f 1035 1008 1007
f 1021 1023 1024
f 1041 1040 2
f 2 1040 1039
f 2 1039 1047
f 2 1047 1072
f 1072 1047 1046
f 1072 1046 1073
f 1073 1046 1045
f 1073 1045 1074
f 1074 1045 1044
f 1074 1044 1075
f 1020 1023 1021
f 1075 1044 1043
f 1076 1043 1042
f 1076 1042 1070
f 1070 1042 1048
f 1070 1048 1069
f 1069 1048 1049
f 1069 1049 1068
f 1068 1049 1050
f 1068 1050 1067
f 1067 1050 1051
f 1067 1051 1066
f 1066 1051 1052
f 1075 1043 1076
f 952 938 951
f 1022 1018 1019
f 1024 1022 1021
f 1035 1007 1036
f 1036 1007 1006
f 1036 1006 1037
f 1037 1006 1005
f 1037 1005 1038
f 1038 1005 1004
f 1038 1004 1032
f 1032 1004 1010
f 1032 1010 1031
f 1031 1010 1011
f 1031 1011 1030
f 1017 1018 1022
f 1030 1011 1012
f 1029 1012 1013
f 1029 1013 1028
f 1028 1013 1014
f 1028 1014 1027
f 1027 1014 1015
f 1027 1015 1026
f 1026 1015 1016
f 1026 1016 1025
f 1025 1016 1017
f 1025 1017 1024
f 1024 1017 1022
f 1030 1012 1029
f 1751 13 15
f 952 937 938
f 953 936 937
f 1184 1156 1183
f 1183 1156 1162
f 1183 1162 1182
f 1182 1162 1163
f 1182 1163 1181
f 1181 1163 1164
f 1181 1164 1180
f 1180 1164 1165
f 1180 1165 1179
f 1179 1165 1166
f 1179 1166 1178
f 1178 1166 1167
f 1178 1167 1177
f 1177 1167 1168
f 1177 1168 1176
f 1176 1168 1169
f 1176 1169 1173
f 1173 1169 1174
f 1174 1169 1170
f 1174 1170 1171
f 6 1123 8
f 8 1123 1148
f 8 1148 1147
f 1184 1157 1156
f 1190 1157 1184
f 1190 1158 1157
f 1189 1158 1190
f 1219 1201 1202
f 1219 1202 1218
f 1218 1202 1203
f 1218 1203 1217
f 1217 1203 1204
f 1217 1204 1216
f 1216 1204 1205
f 1216 1205 1215
f 1215 1205 1206
f 1215 1206 1214
f 1214 1206 1207
f 4 1085 6
f 1214 1207 1211
f 1212 1207 1208
f 1212 1208 1209
f 8 1153 10
f 10 1153 1161
f 10 1161 1186
f 1186 1161 1187
f 1187 1161 1160
f 1187 1160 1188
f 1188 1160 1159
f 1188 1159 1189
f 1189 1159 1158
f 1211 1207 1212
f 6 1085 1110
f 6 1110 1109
f 1742 910 1743
f 1730 921 920
f 1730 920 1731
f 1731 920 42
f 1731 42 1723
f 920 919 42
f 926 925 44
f 44 925 933
f 44 933 958
f 958 933 932
f 958 932 959
f 959 932 931
f 1729 921 1730
f 959 931 960
f 960 930 961
f 961 930 929
f 961 929 962
f 962 929 928
f 962 928 956
f 956 928 934
f 956 934 955
f 955 934 935
f 955 935 954
f 954 935 936
f 954 936 953
f 960 931 930
f 953 937 952
f 1729 922 921
f 1728 923 922
f 1743 910 909
f 1743 909 1744
f 1744 909 1739
f 1744 1739 1740
f 909 911 1739
f 1739 911 1738
f 1738 911 912
f 1738 912 1737
f 1737 912 913
f 1737 913 1736
f 1736 913 914
f 1728 922 1729
f 1736 914 1735
f 1735 915 1734
f 1734 915 916
f 1734 916 1733
f 1733 916 917
f 1733 917 1732
f 1732 917 918
f 1732 918 1726
f 1726 918 924
f 1726 924 1727
f 1727 924 923
f 1727 923 1728
f 1735 914 915
f 478 1339 1340
f 299 300 301
f 477 1338 1339
f 559 584 551
f 551 584 585
f 551 585 586
f 586 587 551
f 551 587 588
f 551 588 589
f 589 588 590
f 589 590 591
f 591 592 589
f 589 592 593
f 589 593 594
f 594 595 589
f 589 595 596
f 589 596 597
f 589 597 598
f 598 597 599
f 598 599 600
f 600 599 601
f 600 601 602
f 602 601 603
f 602 603 604
f 604 603 605
f 604 605 606
f 579 583 577
f 582 583 579
f 578 580 581
f 576 580 578
f 551 555 556
f 556 557 551
f 551 557 558
f 551 558 559
f 559 558 560
f 559 560 561
f 561 560 562
f 561 562 563
f 563 562 564
f 563 564 565
f 565 564 566
f 606 605 607
f 565 566 567
f 567 568 569
f 569 568 570
f 569 570 571
f 571 570 572
f 571 572 573
f 573 572 574
f 573 574 575
f 575 574 576
f 575 576 577
f 577 576 578
f 577 578 579
f 567 566 568
f 551 554 555
f 606 607 608
f 608 609 610
f 638 637 639
f 638 639 640
f 640 639 641
f 640 641 642
f 642 641 643
f 642 643 644
f 644 643 645
f 644 645 646
f 646 645 647
f 646 647 648
f 648 647 649
f 648 649 650
f 650 649 651
f 650 651 652
f 652 651 653
f 652 653 654
f 654 653 655
f 654 655 656
f 656 655 657
f 656 657 658
f 655 659 657
f 657 659 660
f 661 662 658
f 636 637 638
f 636 635 637
f 627 635 636
f 627 634 635
f 610 609 611
f 610 611 612
f 612 611 613
f 612 613 614
f 614 613 615
f 614 615 616
f 616 615 617
f 616 617 618
f 615 619 617
f 617 619 620
f 621 622 618
f 608 607 609
f 618 622 616
f 589 623 624
f 589 624 625
f 625 626 589
f 589 626 627
f 627 626 628
f 627 628 629
f 629 630 627
f 627 630 631
f 627 631 632
f 632 633 627
f 627 633 634
f 598 623 589
f 553 554 551
f 551 552 553
f 551 550 552
f 472 473 437
f 437 473 474
f 437 474 475
f 475 474 476
f 475 476 477
f 477 478 475
f 475 478 479
f 475 479 480
f 481 482 480
f 480 482 483
f 480 483 475
f 475 483 484
f 475 484 485
f 482 481 486
f 486 481 487
f 486 487 488
f 488 487 489
f 488 489 490
f 490 489 491
f 490 491 492
f 492 491 493
f 492 493 494
f 494 493 495
f 437 471 472
f 437 470 471
f 469 470 437
f 437 468 469
f 443 444 445
f 445 444 446
f 445 446 447
f 447 446 448
f 447 448 449
f 449 448 450
f 449 450 451
f 451 450 452
f 451 452 453
f 453 452 454
f 453 454 455
f 494 495 496
f 455 454 456
f 457 456 458
f 457 458 459
f 459 458 460
f 459 460 461
f 461 460 462
f 462 460 463
f 462 463 464
f 465 466 461
f 461 466 459
f 442 467 437
f 437 467 468
f 455 456 457
f 496 495 497
f 496 497 498
f 498 497 499
f 526 527 528
f 528 527 529
f 528 529 530
f 530 529 531
f 530 531 532
f 532 531 533
f 532 533 534
f 534 533 535
f 534 535 536
f 536 535 537
f 536 537 538
f 526 525 527
f 538 537 539
f 540 539 541
f 541 539 542
f 541 542 543
f 544 545 540
f 540 545 538
f 521 546 513
f 513 546 547
f 513 547 548
f 548 549 513
f 513 549 550
f 513 550 551
f 538 539 540
f 658 662 656
f 524 525 526
f 522 523 524
f 498 499 500
f 500 499 501
f 500 501 502
f 502 501 503
f 503 501 504
f 503 504 505
f 506 507 502
f 502 507 500
f 485 508 475
f 475 508 509
f 475 509 510
f 524 523 525
f 510 511 475
f 475 512 513
f 513 512 514
f 513 514 515
f 515 516 513
f 513 516 517
f 513 517 518
f 518 519 513
f 513 519 520
f 513 520 521
f 520 519 522
f 522 519 523
f 475 511 512
f 443 441 444
f 636 663 627
f 627 664 665
f 804 803 805
f 804 805 806
f 806 805 807
f 806 807 808
f 808 807 809
f 808 809 810
f 810 809 811
f 810 811 812
f 812 811 813
f 812 813 814
f 814 813 815
f 814 815 816
f 816 815 817
f 817 815 818
f 817 818 819
f 820 821 816
f 816 821 814
f 797 822 790
f 790 822 823
f 790 823 824
f 824 825 790
f 790 825 826
f 790 826 827
f 802 803 804
f 802 801 803
f 800 801 802
f 800 799 801
f 775 776 777
f 777 776 778
f 778 776 779
f 778 779 780
f 781 782 777
f 777 782 775
f 754 783 752
f 752 783 784
f 752 784 785
f 785 786 752
f 752 786 787
f 790 827 828
f 752 787 788
f 752 789 790
f 790 789 791
f 790 791 792
f 793 794 792
f 792 794 795
f 792 795 790
f 790 795 796
f 790 796 797
f 794 793 798
f 798 793 799
f 798 799 800
f 788 789 752
f 775 774 776
f 828 827 829
f 830 831 828
f 833 860 828
f 828 860 861
f 828 861 862
f 862 863 828
f 828 863 864
f 828 864 865
f 865 866 828
f 828 866 867
f 867 866 868
f 867 868 869
f 869 870 867
f 867 870 871
f 867 871 872
f 872 871 873
f 873 871 874
f 873 874 875
f 875 874 876
f 875 876 877
f 877 876 878
f 877 878 879
f 879 878 880
f 879 880 881
f 881 880 882
f 854 859 852
f 858 859 854
f 855 856 857
f 855 853 856
f 828 831 832
f 828 832 833
f 832 831 834
f 834 831 835
f 834 835 836
f 836 835 837
f 836 837 838
f 838 837 839
f 838 839 840
f 840 839 841
f 840 841 842
f 828 829 830
f 842 841 843
f 844 843 845
f 844 845 846
f 846 845 847
f 846 847 848
f 848 847 849
f 848 849 850
f 850 849 851
f 850 851 852
f 852 851 853
f 852 853 854
f 854 853 855
f 842 843 844
f 773 774 775
f 773 772 774
f 771 772 773
f 693 692 694
f 693 694 695
f 695 694 696
f 695 696 697
f 694 698 696
f 696 698 699
f 700 701 697
f 697 701 695
f 675 702 666
f 666 702 703
f 666 703 704
f 704 703 705
f 704 705 706
f 706 707 704
f 704 707 708
f 704 708 709
f 709 710 704
f 704 710 711
f 704 711 712
f 704 712 713
f 713 712 714
f 713 714 715
f 715 714 716
f 691 692 693
f 691 690 692
f 689 690 691
f 689 688 690
f 627 665 666
f 666 665 667
f 666 667 668
f 668 669 666
f 666 669 670
f 666 670 671
f 671 672 666
f 666 672 673
f 666 673 674
f 666 674 675
f 675 674 676
f 715 716 717
f 675 676 677
f 677 678 679
f 679 678 680
f 679 680 681
f 681 680 682
f 681 682 683
f 683 682 684
f 683 684 685
f 685 684 686
f 685 686 687
f 687 686 688
f 687 688 689
f 677 676 678
f 717 716 718
f 717 718 719
f 719 718 720
f 742 748 749
f 742 749 750
f 750 751 742
f 742 751 752
f 752 751 753
f 752 753 754
f 753 751 755
f 755 751 756
f 755 756 757
f 757 756 758
f 757 758 759
f 747 748 742
f 759 758 760
f 761 760 762
f 761 762 763
f 763 762 764
f 763 764 765
f 765 764 766
f 765 766 767
f 767 766 768
f 767 768 769
f 769 768 770
f 769 770 771
f 771 770 772
f 759 760 761
f 627 663 664
f 742 746 747
f 744 745 742
f 719 720 721
f 721 720 722
f 721 722 723
f 723 722 724
f 723 724 725
f 725 724 726
f 725 726 727
f 727 726 728
f 727 728 729
f 729 728 730
f 729 730 731
f 742 745 746
f 731 730 732
f 733 732 734
f 733 734 735
f 735 734 736
f 735 736 737
f 734 738 736
f 736 738 739
f 740 741 737
f 737 741 735
f 704 713 742
f 742 713 743
f 742 743 744
f 731 732 733
f 881 882 883
f 442 441 443
f 437 440 441
f 139 140 141
f 141 140 142
f 141 142 143
f 143 142 144
f 143 144 145
f 145 144 146
f 145 146 147
f 147 146 148
f 147 148 149
f 146 150 148
f 148 150 151
f 152 153 149
f 149 153 147
f 129 154 121
f 121 154 155
f 121 155 156
f 156 157 121
f 121 157 158
f 121 158 159
f 159 158 160
f 159 160 161
f 161 162 159
f 159 162 163
f 139 138 140
f 137 138 139
f 137 136 138
f 135 136 137
f 111 112 113
f 114 115 110
f 110 115 108
f 91 116 83
f 83 116 117
f 83 117 118
f 118 119 83
f 83 119 120
f 83 120 121
f 121 120 122
f 121 122 123
f 159 163 164
f 123 124 121
f 121 125 126
f 126 127 121
f 121 127 128
f 121 128 129
f 129 128 130
f 129 130 131
f 131 130 132
f 131 132 133
f 133 132 134
f 133 134 135
f 135 134 136
f 121 124 125
f 111 109 112
f 164 165 159
f 159 166 167
f 195 196 159
f 159 196 197
f 197 196 198
f 197 198 199
f 199 200 197
f 197 200 201
f 197 201 202
f 202 203 197
f 197 203 204
f 197 204 205
f 197 205 206
f 206 205 207
f 206 207 208
f 208 207 209
f 208 209 210
f 210 209 211
f 210 211 212
f 212 211 213
f 212 213 214
f 214 213 215
f 214 215 216
f 216 215 217
f 216 217 218
f 159 194 195
f 159 193 194
f 168 193 159
f 188 192 186
f 159 167 168
f 168 167 169
f 168 169 170
f 170 169 171
f 170 171 172
f 172 171 173
f 172 173 174
f 174 173 175
f 174 175 176
f 176 175 177
f 176 177 178
f 159 165 166
f 178 177 179
f 180 179 181
f 180 181 182
f 182 181 183
f 182 183 184
f 184 183 185
f 184 185 186
f 186 185 187
f 186 187 188
f 185 189 187
f 187 189 190
f 191 192 188
f 178 179 180
f 110 109 111
f 108 109 110
f 108 107 109
f 29 28 30
f 29 30 31
f 31 30 32
f 31 32 33
f 33 32 34
f 33 34 35
f 35 34 36
f 35 36 37
f 37 36 38
f 37 38 39
f 39 38 40
f 39 40 41
f 41 40 42
f 41 42 43
f 43 42 44
f 43 44 45
f 45 44 46
f 45 46 47
f 47 46 48
f 47 48 1
f 1 48 2
f 49 50 51
f 51 50 52
f 27 28 29
f 27 26 28
f 25 26 27
f 25 24 26
f 1705 1707 1708
f 1 2 3
f 3 2 4
f 3 4 5
f 5 4 6
f 5 6 7
f 7 6 8
f 7 8 9
f 9 8 10
f 9 10 11
f 11 10 12
f 52 50 53
f 11 12 13
f 13 14 15
f 15 14 16
f 15 16 17
f 17 16 18
f 17 18 19
f 19 18 20
f 19 20 21
f 21 20 22
f 21 22 23
f 23 22 24
f 23 24 25
f 13 12 14
f 52 53 54
f 54 53 55
f 55 53 56
f 83 84 85
f 85 86 83
f 83 86 87
f 83 87 88
f 88 89 83
f 83 89 90
f 83 90 91
f 90 89 92
f 92 89 93
f 92 93 94
f 94 93 95
f 83 82 84
f 94 95 96
f 96 97 98
f 98 97 99
f 98 99 100
f 100 99 101
f 100 101 102
f 102 101 103
f 102 103 104
f 104 103 105
f 104 105 106
f 106 105 107
f 106 107 108
f 96 95 97
f 218 217 219
f 75 82 83
f 80 81 75
f 52 54 57
f 57 54 58
f 57 58 59
f 59 58 60
f 59 60 61
f 61 60 62
f 61 62 63
f 63 62 64
f 63 64 65
f 65 64 66
f 65 66 67
f 75 81 82
f 67 66 68
f 69 68 70
f 69 70 71
f 71 70 72
f 71 72 73
f 73 72 74
f 73 74 75
f 75 74 76
f 75 76 77
f 77 78 75
f 75 78 79
f 75 79 80
f 67 68 69
f 437 441 442
f 218 219 220
f 220 221 222
f 363 364 362
f 362 364 365
f 362 365 360
f 360 365 366
f 360 366 367
f 364 363 368
f 368 363 369
f 368 369 370
f 370 369 371
f 370 371 372
f 372 371 373
f 372 373 374
f 374 373 375
f 374 375 376
f 376 375 377
f 376 377 378
f 378 377 379
f 378 379 380
f 380 379 381
f 380 381 382
f 382 381 383
f 382 383 384
f 384 383 385
f 360 361 362
f 360 359 361
f 322 359 360
f 358 359 322
f 333 334 335
f 335 334 336
f 335 336 337
f 337 336 338
f 337 338 339
f 339 338 340
f 339 340 341
f 341 340 342
f 341 342 343
f 343 342 344
f 343 344 345
f 384 385 386
f 345 344 346
f 347 346 348
f 348 346 349
f 348 349 350
f 351 352 347
f 347 352 345
f 324 353 322
f 322 353 354
f 322 354 355
f 355 356 322
f 322 356 357
f 322 357 358
f 345 346 347
f 333 332 334
f 386 385 387
f 387 388 389
f 416 417 418
f 418 417 419
f 418 419 420
f 420 419 421
f 420 421 422
f 422 421 423
f 422 423 424
f 424 423 425
f 425 423 426
f 425 426 427
f 428 429 424
f 424 429 422
f 403 430 398
f 398 430 431
f 398 431 432
f 432 433 398
f 398 433 434
f 398 434 435
f 435 436 398
f 398 436 437
f 437 436 438
f 437 438 439
f 439 440 437
f 416 415 417
f 414 415 416
f 414 413 415
f 412 413 414
f 390 391 386
f 386 391 384
f 367 392 360
f 360 392 393
f 360 393 394
f 394 395 360
f 360 395 396
f 360 396 397
f 360 397 398
f 398 397 399
f 398 399 400
f 387 385 388
f 400 401 398
f 398 402 403
f 402 401 404
f 404 401 405
f 404 405 406
f 406 405 407
f 406 407 408
f 408 407 409
f 408 409 410
f 410 409 411
f 410 411 412
f 412 411 413
f 398 401 402
f 331 332 333
f 331 330 332
f 329 330 331
f 249 250 251
f 251 250 252
f 251 252 253
f 253 252 254
f 253 254 255
f 255 254 256
f 255 256 257
f 257 256 258
f 257 258 259
f 259 258 260
f 259 260 261
f 261 260 262
f 261 262 263
f 263 262 264
f 263 264 265
f 265 264 266
f 265 266 267
f 264 268 266
f 266 268 269
f 270 271 267
f 267 271 265
f 245 272 236
f 236 272 273
f 249 248 250
f 247 248 249
f 247 246 248
f 245 246 247
f 222 221 223
f 222 223 224
f 224 223 225
f 224 225 226
f 226 225 227
f 226 227 228
f 225 229 227
f 227 229 230
f 231 232 228
f 228 232 226
f 206 233 197
f 236 273 274
f 197 233 234
f 197 235 236
f 236 235 237
f 236 237 238
f 238 239 236
f 236 239 240
f 236 240 241
f 241 242 236
f 236 242 243
f 236 243 244
f 236 244 245
f 245 244 246
f 197 234 235
f 274 273 275
f 274 275 276
f 276 277 274
f 305 306 307
f 304 308 306
f 306 308 309
f 310 311 307
f 307 311 305
f 274 283 312
f 312 283 313
f 312 313 314
f 314 315 312
f 312 315 316
f 312 316 317
f 305 304 306
f 317 318 312
f 312 319 320
f 320 321 312
f 312 321 322
f 322 321 323
f 322 323 324
f 323 321 325
f 325 321 326
f 325 326 327
f 327 326 328
f 327 328 329
f 329 328 330
f 312 318 319
f 220 219 221
f 303 304 305
f 301 302 303
f 274 277 278
f 274 278 279
f 279 280 274
f 274 280 281
f 274 281 282
f 274 282 283
f 283 282 284
f 283 284 285
f 285 284 286
f 285 286 287
f 287 286 288
f 303 302 304
f 287 288 289
f 289 290 291
f 291 290 292
f 291 292 293
f 293 292 294
f 293 294 295
f 295 294 296
f 295 296 297
f 297 296 298
f 297 298 299
f 299 298 300
f 301 300 302
f 289 288 290
f 883 882 884
f 883 884 885
f 885 884 886
f 635 1189 637
f 637 1189 1190
f 637 1190 639
f 639 1190 1184
f 628 1191 629
f 629 1191 1192
f 629 1192 630
f 630 1192 1193
f 630 1193 631
f 631 1193 1185
f 600 1194 598
f 598 1194 1195
f 598 1195 623
f 623 1195 1196
f 623 1196 624
f 624 1196 1197
f 624 1197 625
f 625 1197 1198
f 625 1198 626
f 626 1198 1199
f 626 1199 628
f 628 1199 1191
f 1200 1194 602
f 635 1188 1189
f 634 1188 635
f 634 1187 1188
f 633 1187 634
f 1175 1172 659
f 659 1172 660
f 1176 1175 655
f 655 1175 659
f 1177 1176 653
f 653 1176 655
f 1178 1177 651
f 651 1177 653
f 1179 1178 649
f 649 1178 651
f 1180 1179 647
f 602 1194 600
f 647 1179 649
f 645 1180 647
f 1182 1181 643
f 643 1181 645
f 1183 1182 641
f 641 1182 643
f 1184 1183 639
f 639 1183 641
f 631 1185 632
f 632 1185 1186
f 632 1186 633
f 633 1186 1187
f 1181 1180 645
f 661 1174 1171
f 1201 1200 604
f 1202 1201 606
f 611 1215 613
f 1217 1216 609
f 609 1216 611
f 1218 1217 607
f 607 1217 609
f 1219 1218 605
f 605 1218 607
f 1220 1219 603
f 603 1219 605
f 1221 1220 601
f 601 1220 603
f 1222 1221 599
f 599 1221 601
f 592 1223 593
f 593 1223 1224
f 593 1224 594
f 594 1224 1225
f 594 1225 595
f 595 1225 1226
f 595 1226 596
f 596 1226 1227
f 596 1227 597
f 597 1227 1228
f 1216 1215 611
f 613 1214 615
f 1215 1214 613
f 615 1213 619
f 606 1201 604
f 1203 1202 608
f 608 1202 606
f 1204 1203 610
f 610 1203 608
f 1205 1204 612
f 612 1204 610
f 1206 1205 614
f 614 1205 612
f 1207 1206 616
f 616 1206 614
f 604 1200 602
f 1208 1207 622
f 1209 1208 621
f 621 1208 622
f 620 1210 617
f 617 1210 1211
f 617 1211 618
f 618 1211 1212
f 618 1212 621
f 621 1212 1209
f 1213 1210 619
f 619 1210 620
f 1214 1213 615
f 622 1207 616
f 658 1174 661
f 658 1173 1174
f 657 1173 658
f 700 1132 701
f 699 1134 696
f 696 1134 1135
f 696 1135 697
f 697 1135 1136
f 697 1136 700
f 700 1136 1133
f 1137 1134 698
f 698 1134 699
f 1138 1137 694
f 694 1137 698
f 1139 1138 692
f 692 1138 694
f 1140 1139 690
f 690 1139 692
f 1141 1140 688
f 688 1140 690
f 1142 1141 686
f 686 1141 688
f 1143 1142 684
f 684 1142 686
f 1144 1143 682
f 682 1143 684
f 1133 1132 700
f 701 1131 695
f 1132 1131 701
f 695 1130 693
f 675 1119 1120
f 675 1120 702
f 702 1120 1121
f 702 1121 703
f 703 1121 1122
f 703 1122 705
f 705 1122 1123
f 705 1123 706
f 706 1123 1115
f 1124 1118 681
f 681 1118 679
f 1145 1144 680
f 1125 1124 683
f 1126 1125 685
f 685 1125 683
f 1127 1126 687
f 687 1126 685
f 1128 1127 689
f 689 1127 687
f 1129 1128 691
f 691 1128 689
f 1130 1129 693
f 693 1129 691
f 1131 1130 695
f 683 1124 681
f 680 1144 682
f 1146 1145 678
f 678 1145 680
f 665 1161 667
f 667 1161 1153
f 1162 1156 642
f 642 1156 640
f 1163 1162 644
f 644 1162 642
f 1164 1163 646
f 646 1163 644
f 1165 1164 648
f 648 1164 646
f 1166 1165 650
f 665 1160 1161
f 650 1165 648
f 652 1166 650
f 1168 1167 654
f 654 1167 652
f 1169 1168 656
f 656 1168 654
f 1170 1169 662
f 662 1169 656
f 1171 1170 661
f 661 1170 662
f 660 1172 657
f 657 1172 1173
f 1167 1166 652
f 597 1228 599
f 664 1160 665
f 663 1159 664
f 670 1147 671
f 671 1147 1148
f 671 1148 672
f 672 1148 1149
f 672 1149 673
f 673 1149 1150
f 673 1150 674
f 674 1150 1151
f 674 1151 676
f 676 1151 1152
f 676 1152 678
f 664 1159 1160
f 678 1152 1146
f 668 1153 1154
f 668 1154 669
f 669 1154 1155
f 669 1155 670
f 670 1155 1147
f 640 1156 638
f 638 1156 1157
f 638 1157 636
f 636 1157 1158
f 636 1158 663
f 663 1158 1159
f 667 1153 668
f 677 1119 675
f 599 1228 1222
f 590 1229 1230
f 515 1299 1300
f 515 1300 516
f 516 1300 1301
f 516 1301 517
f 517 1301 1302
f 517 1302 518
f 518 1302 1303
f 518 1303 519
f 519 1303 1304
f 519 1304 523
f 523 1304 1298
f 510 1305 511
f 511 1305 1306
f 511 1306 512
f 512 1306 1307
f 512 1307 514
f 514 1307 1299
f 482 1308 483
f 483 1308 1309
f 483 1309 484
f 484 1309 1310
f 484 1310 485
f 485 1310 1311
f 514 1299 515
f 523 1297 525
f 1298 1297 523
f 525 1296 527
f 544 1284 545
f 543 1286 541
f 541 1286 1287
f 541 1287 540
f 540 1287 1288
f 540 1288 544
f 544 1288 1285
f 1289 1286 542
f 542 1286 543
f 1290 1289 539
f 539 1289 542
f 485 1311 508
f 1291 1290 537
f 1292 1291 535
f 535 1291 537
f 1293 1292 533
f 533 1292 535
f 1294 1293 531
f 531 1293 533
f 1295 1294 529
f 529 1294 531
f 1296 1295 527
f 527 1295 529
f 1297 1296 525
f 537 1290 539
f 1285 1284 544
f 508 1311 1312
f 509 1312 1313
f 1327 1324 504
f 504 1324 505
f 1328 1327 501
f 501 1327 504
f 1329 1328 499
f 499 1328 501
f 1330 1329 497
f 497 1329 499
f 1331 1330 495
f 495 1330 497
f 1332 1331 493
f 493 1331 495
f 1333 1332 491
f 491 1332 493
f 1334 1333 489
f 489 1333 491
f 1335 1334 487
f 487 1334 489
f 1336 1335 481
f 481 1335 487
f 474 1337 476
f 476 1337 1338
f 476 1338 477
f 506 1326 1323
f 502 1326 506
f 502 1325 1326
f 503 1325 502
f 509 1313 510
f 510 1313 1305
f 1314 1308 486
f 486 1308 482
f 1315 1314 488
f 488 1314 486
f 1316 1315 490
f 490 1315 488
f 1317 1316 492
f 492 1316 490
f 1318 1317 494
f 508 1312 509
f 494 1317 492
f 496 1318 494
f 1320 1319 498
f 498 1319 496
f 1321 1320 500
f 500 1320 498
f 1322 1321 507
f 507 1321 500
f 1323 1322 506
f 506 1322 507
f 505 1324 503
f 503 1324 1325
f 1319 1318 496
f 545 1283 538
f 1284 1283 545
f 538 1282 536
f 1244 1243 575
f 575 1243 573
f 1245 1244 577
f 577 1244 575
f 1246 1245 583
f 583 1245 577
f 1247 1246 582
f 582 1246 583
f 581 1248 578
f 578 1248 1249
f 578 1249 579
f 579 1249 1250
f 579 1250 582
f 582 1250 1247
f 1251 1248 580
f 580 1248 581
f 1252 1251 576
f 576 1251 580
f 1253 1252 574
f 574 1252 576
f 1254 1253 572
f 572 1253 574
f 1255 1254 570
f 573 1242 571
f 1243 1242 573
f 571 1241 569
f 1242 1241 571
f 590 1230 591
f 591 1230 1231
f 591 1231 592
f 592 1231 1223
f 561 1232 559
f 559 1232 1233
f 559 1233 584
f 584 1233 1234
f 584 1234 585
f 585 1234 1235
f 585 1235 586
f 570 1254 572
f 586 1235 1236
f 587 1236 1237
f 587 1237 588
f 588 1237 1229
f 1238 1232 563
f 563 1232 561
f 1239 1238 565
f 565 1238 563
f 1240 1239 567
f 567 1239 565
f 1241 1240 569
f 569 1240 567
f 586 1236 587
f 1256 1255 568
f 568 1255 570
f 1257 1256 566
f 521 1271 1272
f 521 1272 546
f 546 1272 1273
f 546 1273 547
f 547 1273 1274
f 547 1274 548
f 548 1274 1275
f 548 1275 549
f 549 1275 1267
f 1276 1270 524
f 524 1270 522
f 520 1271 521
f 1277 1276 526
f 1278 1277 528
f 528 1277 526
f 1279 1278 530
f 530 1278 528
f 1280 1279 532
f 532 1279 530
f 1281 1280 534
f 534 1280 532
f 1282 1281 536
f 536 1281 534
f 1283 1282 538
f 526 1276 524
f 588 1229 590
f 520 1270 1271
f 553 1269 1261
f 566 1256 568
f 1258 1257 564
f 564 1257 566
f 1259 1258 562
f 562 1258 564
f 1260 1259 560
f 560 1259 562
f 553 1261 554
f 554 1261 1262
f 554 1262 555
f 555 1262 1263
f 522 1270 520
f 555 1263 556
f 556 1264 557
f 557 1264 1265
f 557 1265 558
f 558 1265 1266
f 558 1266 560
f 560 1266 1260
f 549 1267 550
f 550 1267 1268
f 550 1268 552
f 552 1268 1269
f 552 1269 553
f 556 1263 1264
f 677 1118 1119
f 679 1118 677
f 709 1117 1109
f 832 967 968
f 832 968 833
f 833 968 969
f 833 969 860
f 860 969 970
f 860 970 861
f 861 970 971
f 861 971 862
f 862 971 963
f 972 966 838
f 838 966 836
f 973 972 840
f 840 972 838
f 974 973 842
f 842 973 840
f 975 974 844
f 844 974 842
f 976 975 846
f 846 975 844
f 977 976 848
f 848 976 846
f 978 977 850
f 850 977 848
f 834 967 832
f 834 966 967
f 836 966 834
f 865 965 957
f 880 952 882
f 954 953 878
f 878 953 880
f 955 954 876
f 876 954 878
f 956 955 874
f 874 955 876
f 865 957 866
f 866 957 958
f 866 958 868
f 868 958 959
f 979 978 852
f 868 959 869
f 869 960 870
f 870 960 961
f 870 961 871
f 871 961 962
f 871 962 874
f 874 962 956
f 862 963 863
f 863 963 964
f 863 964 864
f 864 964 965
f 864 965 865
f 869 959 960
f 953 952 880
f 852 978 850
f 859 979 852
f 826 995 827
f 827 995 996
f 827 996 829
f 829 996 997
f 829 997 830
f 830 997 998
f 830 998 831
f 831 998 999
f 831 999 835
f 835 999 1000
f 835 1000 837
f 837 1000 994
f 823 1001 824
f 824 1001 1002
f 824 1002 825
f 825 1002 1003
f 825 1003 826
f 826 1003 995
f 798 1004 794
f 794 1004 1005
f 794 1005 795
f 795 1005 1006
f 795 1006 796
f 837 993 839
f 994 993 837
f 839 992 841
f 993 992 839
f 981 980 858
f 858 980 859
f 857 982 855
f 855 982 983
f 855 983 854
f 854 983 984
f 854 984 858
f 858 984 981
f 985 982 856
f 856 982 857
f 986 985 853
f 980 979 859
f 853 985 856
f 851 986 853
f 988 987 849
f 849 987 851
f 989 988 847
f 847 988 849
f 990 989 845
f 845 989 847
f 991 990 843
f 843 990 845
f 992 991 841
f 841 991 843
f 987 986 851
f 882 951 884
f 952 951 882
f 884 950 886
f 912 911 59
f 59 911 57
f 913 912 61
f 61 912 59
f 914 913 63
f 63 913 61
f 915 914 65
f 65 914 63
f 916 915 67
f 67 915 65
f 917 916 69
f 69 916 67
f 918 917 71
f 71 917 69
f 904 919 905
f 905 919 920
f 905 920 906
f 906 920 921
f 906 921 907
f 907 921 922
f 907 922 908
f 908 922 923
f 908 923 73
f 57 909 52
f 911 909 57
f 52 910 51
f 909 910 52
f 885 886 887
f 887 886 888
f 887 888 889
f 889 888 890
f 889 890 891
f 891 890 892
f 892 890 893
f 892 893 894
f 895 896 891
f 891 896 889
f 872 897 867
f 73 923 924
f 867 897 898
f 899 900 867
f 867 900 901
f 867 901 902
f 902 903 867
f 867 903 904
f 867 904 75
f 75 904 905
f 75 905 906
f 906 907 75
f 75 907 908
f 75 908 73
f 867 898 899
f 73 924 71
f 71 924 918
f 901 925 902
f 885 938 883
f 940 939 887
f 887 939 885
f 941 940 889
f 889 940 887
f 942 941 896
f 896 941 889
f 943 942 895
f 895 942 896
f 894 944 892
f 892 944 945
f 939 938 885
f 892 945 891
f 891 946 895
f 895 946 943
f 947 944 893
f 893 944 894
f 948 947 890
f 890 947 893
f 949 948 888
f 888 948 890
f 950 949 886
f 886 949 888
f 951 950 884
f 891 945 946
f 796 1006 1007
f 883 937 881
f 881 936 879
f 902 925 926
f 902 926 903
f 903 926 927
f 903 927 904
f 904 927 919
f 873 928 872
f 872 928 929
f 872 929 897
f 897 929 930
f 897 930 898
f 898 930 931
f 938 937 883
f 898 931 899
f 899 932 900
f 900 932 933
f 900 933 901
f 901 933 925
f 934 928 875
f 875 928 873
f 935 934 877
f 877 934 875
f 936 935 879
f 879 935 877
f 937 936 881
f 899 931 932
f 796 1007 797
f 797 1007 1008
f 797 1008 822
f 746 1078 747
f 747 1078 1079
f 747 1079 748
f 748 1079 1071
f 719 1080 717
f 717 1080 1081
f 717 1081 715
f 715 1081 1082
f 715 1082 713
f 713 1082 1083
f 713 1083 743
f 743 1083 1084
f 743 1084 744
f 744 1084 1085
f 744 1085 745
f 745 1085 1077
f 1086 1080 721
f 721 1080 719
f 1087 1086 723
f 723 1086 721
f 1088 1087 725
f 725 1087 723
f 1089 1088 727
f 746 1077 1078
f 745 1077 746
f 760 1076 1070
f 758 1076 760
f 1064 1063 772
f 772 1063 774
f 1065 1064 770
f 770 1064 772
f 1066 1065 768
f 768 1065 770
f 1067 1066 766
f 766 1066 768
f 1068 1067 764
f 764 1067 766
f 1069 1068 762
f 727 1088 725
f 762 1068 764
f 760 1069 762
f 748 1071 749
f 749 1071 1072
f 749 1072 750
f 750 1072 1073
f 750 1073 751
f 751 1073 1074
f 751 1074 756
f 756 1074 1075
f 756 1075 758
f 758 1075 1076
f 1070 1069 760
f 1090 1089 729
f 729 1089 727
f 1091 1090 731
f 724 1104 726
f 1106 1105 722
f 722 1105 724
f 1107 1106 720
f 720 1106 722
f 1108 1107 718
f 718 1107 720
f 709 1109 710
f 710 1109 1110
f 710 1110 711
f 711 1110 1111
f 1105 1104 724
f 711 1111 712
f 712 1112 714
f 714 1112 1113
f 714 1113 716
f 716 1113 1114
f 716 1114 718
f 718 1114 1108
f 706 1115 707
f 707 1115 1116
f 707 1116 708
f 708 1116 1117
f 708 1117 709
f 712 1111 1112
f 774 1062 776
f 726 1103 728
f 728 1102 730
f 731 1090 729
f 1092 1091 733
f 733 1091 731
f 1093 1092 735
f 735 1092 733
f 1094 1093 741
f 741 1093 735
f 1095 1094 740
f 740 1094 741
f 739 1096 736
f 736 1096 1097
f 1104 1103 726
f 736 1097 737
f 737 1098 740
f 740 1098 1095
f 1099 1096 738
f 738 1096 739
f 1100 1099 734
f 734 1099 738
f 1101 1100 732
f 732 1100 734
f 1102 1101 730
f 730 1101 732
f 1103 1102 728
f 737 1097 1098
f 477 1339 478
f 1063 1062 774
f 1062 1061 776
f 820 1022 1019
f 1023 1020 818
f 818 1020 819
f 1024 1023 815
f 815 1023 818
f 1025 1024 813
f 813 1024 815
f 1026 1025 811
f 811 1025 813
f 1027 1026 809
f 809 1026 811
f 1028 1027 807
f 807 1027 809
f 1029 1028 805
f 805 1028 807
f 1030 1029 803
f 803 1029 805
f 1031 1030 801
f 801 1030 803
f 1032 1031 799
f 799 1031 801
f 787 1033 788
f 788 1033 1034
f 816 1022 820
f 816 1021 1022
f 817 1021 816
f 817 1020 1021
f 822 1008 1009
f 822 1009 823
f 823 1009 1001
f 1010 1004 800
f 800 1004 798
f 1011 1010 802
f 802 1010 800
f 1012 1011 804
f 804 1011 802
f 1013 1012 806
f 806 1012 804
f 788 1034 789
f 1014 1013 808
f 1015 1014 810
f 810 1014 808
f 1016 1015 812
f 812 1015 810
f 1017 1016 814
f 814 1016 812
f 1018 1017 821
f 821 1017 814
f 1019 1018 820
f 820 1018 821
f 819 1020 817
f 808 1013 806
f 789 1034 1035
f 789 1035 791
f 791 1035 1036
f 1050 1049 765
f 765 1049 763
f 1051 1050 767
f 767 1050 765
f 1052 1051 769
f 769 1051 767
f 1053 1052 771
f 771 1052 769
f 1054 1053 773
f 773 1053 771
f 1055 1054 775
f 763 1048 761
f 775 1054 773
f 782 1055 775
f 1057 1056 781
f 781 1056 782
f 780 1058 778
f 778 1058 1059
f 778 1059 777
f 777 1059 1060
f 777 1060 781
f 781 1060 1057
f 1061 1058 779
f 779 1058 780
f 1056 1055 782
f 776 1061 779
f 1049 1048 763
f 1048 1042 761
f 791 1036 792
f 792 1036 1037
f 792 1037 793
f 793 1037 1038
f 793 1038 799
f 799 1038 1032
f 784 1039 785
f 785 1039 1040
f 785 1040 786
f 786 1040 1041
f 786 1041 787
f 761 1042 759
f 787 1041 1033
f 757 1042 1043
f 757 1043 755
f 755 1043 1044
f 755 1044 753
f 753 1044 1045
f 753 1045 754
f 754 1045 1046
f 754 1046 783
f 783 1046 1047
f 783 1047 784
f 784 1047 1039
f 759 1042 757
f 1740 1741 1744

