# https://github.com/mikedh/trimesh

o mori-design-2.stl
v -0.00500000073399637 0.00144888978504134 -0.00038822848862915
v 0.00500000047348945 0.00144889048218360 -0.00038822848862915
v -0.00499999741442638 0.00150000097873683 -0.00000000007218628
v 0.00499999718580996 0.00149999786118183 -0.00000000007218628
v -0.00500000073399637 0.00144888978504134 0.00038822834425659
v 0.00500000047348945 0.00144889048218360 0.00038822834425659
v -0.00500000253064681 0.00129903632954838 0.00074999992781372
v 0.00499999867683900 0.00129903702669064 0.00074999992781372
v -0.00500000099605453 0.00106066086882221 0.00106066029005737
v 0.00500000021143128 0.00106066156596447 0.00106066029005737
v -0.00499999841118245 0.00075000270516901 0.00129903786116333
v 0.00499999618905388 0.00074999958761400 0.00129903786116333
v -0.00499999723853174 0.00038823004419557 0.00144888870650024
v 0.00499999736170460 0.00038822692664057 0.00144888870650024
v -0.00499999750058990 0.00000000112797644 0.00149999992781372
v 0.00499999709964643 -0.00000000198957857 0.00149999992781372
v -0.00499999776264806 -0.00038822778824270 0.00144888870650024
v 0.00500000344483775 -0.00038822709110044 0.00144888870650024
v -0.00499999658999735 -0.00075000044921613 0.00129903786116333
v 0.00499999801023899 -0.00075000356677114 0.00129903786116333
v -0.00500000061237475 -0.00106066242756660 0.00106066029005737
v 0.00500000059511106 -0.00106066173042434 0.00106066029005737
v -0.00499999907778247 -0.00129903788829278 0.00074999992781372
v 0.00500000212970335 -0.00129903719115052 0.00074999992781372
v -0.00500000087443291 -0.00144889134378574 0.00038822834425659
v 0.00500000033305290 -0.00144889064664348 0.00038822834425659
v -0.00499999758675343 -0.00149999872278396 -0.00000000007218628
v 0.00499999701348291 -0.00150000184033897 -0.00000000007218628
v -0.00500000087443291 -0.00144889134378574 -0.00038822848862915
v 0.00500000033305290 -0.00144889064664348 -0.00038822848862915
v -0.00499999907778247 -0.00129903788829278 -0.00075000007218628
v 0.00500000212970335 -0.00129903719115052 -0.00075000007218628
v -0.00500000061237475 -0.00106066242756660 -0.00106066043442994
v 0.00500000059511106 -0.00106066173042434 -0.00106066043442994
v -0.00499999658999735 -0.00075000044921613 -0.00129903800553589
v 0.00499999801023899 -0.00075000356677114 -0.00129903800553589
v -0.00499999776264806 -0.00038822778824270 -0.00144888885087281
v 0.00500000344483775 -0.00038822709110044 -0.00144888885087281
v -0.00499999750058990 0.00000000112797644 -0.00150000007218628
v 0.00499999709964643 -0.00000000198957857 -0.00150000007218628
v -0.00499999723853174 0.00038823004419557 -0.00144888885087281
v 0.00499999736170460 0.00038822692664057 -0.00144888885087281
v -0.00499999841118245 0.00075000270516901 -0.00129903800553589
v 0.00499999618905388 0.00074999958761400 -0.00129903800553589
v -0.00500000099605453 0.00106066086882221 -0.00106066043442994
v 0.00500000021143128 0.00106066156596447 -0.00106066043442994
v -0.00500000253064681 0.00129903632954838 -0.00075000007218628
v 0.00499999867683900 0.00129903702669064 -0.00075000007218628
v 0.00199999788828080 0.00176365394998578 -0.00573493833607941
v 0.00200000323464537 0.00171484708238883 -0.00574972183770447
v 0.00199999870108049 0.00187929890448009 -0.00560510210460930
v 0.00199999985348628 0.00189434207447034 -0.00551602910227089
v 0.00200000252152634 0.00166591338102377 -0.00576408992475777
v 0.00200000345430233 0.00138856801540837 -0.00566453791922837
v 0.00200000048825375 0.00144937942716927 -0.00573133928841858
v 0.00200000044882457 0.00161685996421262 -0.00577804158396035
v 0.00199999784184327 0.00190775803432419 -0.00541546256608277
v 0.00200000149116387 0.00132291284632799 -0.00558718941873818
v 0.00199999946933413 0.00191695626523202 -0.00531513155764847
v 0.00200000114639022 0.00126093224232160 -0.00550775767630844
v 0.00199999772771693 0.00192159795367649 -0.00521468592948227
v 0.00200000010180832 0.00120272177131707 -0.00542576797074585
v 0.00199999705284153 0.00192132446439185 -0.00511384804314881
v 0.00199999958005948 0.00114843190352821 -0.00534078992671280
v 0.00199999746437184 0.00191528127113168 -0.00501305503911286
v 0.00200000003585893 0.00109902315507603 -0.00525272978610306
v 0.00199999749527951 0.00190209762384803 -0.00491296453542023
v 0.00200000327367274 0.00105600302065081 -0.00516140098637848
v 0.00199999831975195 0.00187810937941363 -0.00481498987740784
v 0.00200000259776383 0.00102321305366408 -0.00506600983208924
v 0.00200000348001528 0.00183146958220037 -0.00469541616505890
v 0.00200000311429443 0.00099780627521777 -0.00494020242757111
v 0.00199999751955713 0.00182111918824327 -0.00465381391114502
v 0.00200000016198561 0.00098401744345414 -0.00489961011475830
v 0.00199999818430013 0.00116468493140589 -0.00434666628903656
v 0.00200000315785767 0.00096039164898278 -0.00486383779114991
v 0.00200000144013979 0.00092847323743866 -0.00483522160119324
v 0.00200000184080464 0.00089034082959960 -0.00481563050812989
v 0.00199999987484257 0.00084848937634736 -0.00480634374684601
v 0.00199999759110671 0.00080564665220640 -0.00480796797341614
v 0.00200000012351574 0.00073111834016404 -0.00481986434525757
v 0.00199999966287633 0.00065641210676490 -0.00483060557908326
v 0.00199999739812564 -0.00000000181725152 -0.00450000007218628
v 0.00200000179429291 0.00058154879590247 -0.00484018893307953
v 0.00200000138840981 0.00053998455750636 -0.00485069961613922
v 0.00200000197973893 0.00050244691220053 -0.00487140114373474
v 0.00200000214970578 0.00047137972327807 -0.00490094168252259
v 0.00200000137477142 0.00044881331648032 -0.00493739171094208
v 0.00200000159634336 0.00043622443172989 -0.00497837109631806
v 0.00199999980715739 -0.00043622425153567 -0.00497837109631806
v 0.00200000002872934 -0.00044881313628610 -0.00493739171094208
v 0.00200000317170243 -0.00043442954198924 -0.00502120329207688
v 0.00199999823179833 0.00043442972218346 -0.00502120329207688
v 0.00200000226824674 -0.00044549059922840 -0.00514907349414139
v 0.00199999913525401 0.00044549077942262 -0.00514907349414139
v 0.00199999889316385 -0.00044090711669460 -0.00524983806676178
v 0.00200000251033690 0.00044090729688883 -0.00524983806676178
v 0.00199999873970969 -0.00042535814484951 -0.00534958834714203
v 0.00200000266379106 0.00042535832504374 -0.00534958834714203
v 0.00199999937770259 -0.00040276098328406 -0.00544800127810746
v 0.00200000202579817 0.00040276116347828 -0.00544800127810746
v 0.00200000179522870 -0.00037461270474180 -0.00554483158654480
v 0.00199999960827206 0.00037461288493602 -0.00554483158654480
v 0.00199999790817823 -0.00034186061084478 -0.00563990019029885
v 0.00200000349532252 0.00034186079103900 -0.00563990019029885
v 0.00200000025617475 -0.00030477056148311 -0.00573357610172539
v 0.00200000114732600 0.00030477074167733 -0.00573357610172539
v 0.00200000319055907 -0.00026356165472803 -0.00582628915972023
v 0.00199999821294168 0.00026356183492225 -0.00582628915972023
v 0.00199999832548065 -0.00002550086000096 -0.00599994584009406
v 0.00200000307802010 0.00002550104019518 -0.00599994584009406
v 0.00200000007607186 0.00022403834421425 -0.00590751661873370
v 0.00200000122331008 0.00007649912569405 -0.00599951235985796
v 0.00200000018019068 -0.00007649894549983 -0.00599951235985796
v 0.00200000132742890 -0.00022403816402003 -0.00590751661873370
v 0.00199999925379497 -0.00047137954308384 -0.00490094168252259
v 0.00199999942376182 -0.00050244673200631 -0.00487140114373474
v 0.00200000001509094 -0.00053998437731214 -0.00485069961613922
v 0.00199999960920785 -0.00058154861570825 -0.00484018893307953
v 0.00200000174062443 -0.00065641192657068 -0.00483060557908326
v 0.00200000321920063 -0.00116468475121166 -0.00434666628903656
v 0.00200000127998502 -0.00073111815996982 -0.00481986434525757
v 0.00199999720514457 -0.00080565028670944 -0.00480796797341614
v 0.00200000152865819 -0.00084848919615314 -0.00480634374684601
v 0.00199999956269612 -0.00089034064940538 -0.00481563050812989
v 0.00199999996336096 -0.00092847305724444 -0.00483522160119324
v 0.00199999824564309 -0.00096039146878856 -0.00486383779114991
v 0.00200000124151514 -0.00098401726325992 -0.00489961011475830
v 0.00199999727669414 -0.00182112282274631 -0.00465381391114502
v 0.00199999828920633 -0.00099780609502355 -0.00494020242757111
v 0.00199999792348548 -0.00183146940200615 -0.00469541616505890
v 0.00199999880573693 -0.00102321287346985 -0.00506600983208924
v 0.00200000308374881 -0.00187810919921941 -0.00481498987740784
v 0.00199999812982802 -0.00105600284045659 -0.00516140098637848
v 0.00200000390822124 -0.00190209744365380 -0.00491296453542023
v 0.00200000136764183 -0.00109902297488180 -0.00525272978610306
v 0.00200000393912891 -0.00191528109093746 -0.00501305503911286
v 0.00200000182344128 -0.00114843172333399 -0.00534078992671280
v 0.00199999774340975 -0.00192132809889489 -0.00511384804314881
v 0.00200000130169243 -0.00120272159112285 -0.00542576797074585
v 0.00200000367578383 -0.00192159777348227 -0.00521468592948227
v 0.00200000025711054 -0.00126093206212738 -0.00550775767630844
v 0.00200000193416663 -0.00191695608503780 -0.00531513155764847
v 0.00199999991233689 -0.00132291266613377 -0.00558718941873818
v 0.00200000356165749 -0.00190775785412997 -0.00541546256608277
v 0.00199999794919842 -0.00138856783521415 -0.00566453791922837
v 0.00200000155001447 -0.00189434189427612 -0.00551602910227089
v 0.00199999888197441 -0.00166591320082955 -0.00576408992475777
v 0.00199999816885539 -0.00171484690219461 -0.00574972183770447
v 0.00200000091524700 -0.00144937924697504 -0.00573133928841858
v 0.00200000095467619 -0.00161685978401839 -0.00577804158396035
v 0.00199999690797048 -0.00176365758448882 -0.00573493833607941
v 0.00200000270242026 -0.00187929872428587 -0.00560510210460930
v 0.00199999871949556 -0.00182165937936886 -0.00461094756192475
v 0.00199999830025100 -0.00183304170985661 -0.00456961650914460
v 0.00199999933961464 -0.00185452788508725 -0.00453252000874787
v 0.00200000126032474 -0.00188471309662035 -0.00450208063191681
v 0.00200000381272530 -0.00192162852824998 -0.00448028655118256
v 0.00199999822255467 -0.00225000324520449 -0.00389711434907227
v 0.00200000029477679 -0.00199076000822661 -0.00444999976224213
v 0.00200000221515928 -0.00205941262641884 -0.00441864640778809
v 0.00200000194447824 -0.00212757316832772 -0.00438623399800568
v 0.00200000124504829 -0.00216822137094201 -0.00437260646886139
v 0.00200000147998171 -0.00221099216360081 -0.00436972601479798
v 0.00199999781699919 -0.00225310007694147 -0.00437778074807434
v 0.00200000258995913 -0.00229178937422405 -0.00439624471730500
v 0.00200000266231233 -0.00232453486087159 -0.00442391200131684
v 0.00200000211359078 -0.00305848166436423 -0.00395223243302613
v 0.00199999989224764 -0.00234920352489286 -0.00445897574490815
v 0.00200000104510956 -0.00308013203538016 -0.00398923428124695
v 0.00199999656882053 -0.00240902748046231 -0.00457252819604187
v 0.00199999923998829 -0.00315857434338871 -0.00409082443780213
v 0.00199999797935315 -0.00246736427416242 -0.00465481777257233
v 0.00200000224395288 -0.00320919294972832 -0.00417807180947571
v 0.00200000204163939 -0.00253437265302202 -0.00473032624787598
v 0.00200000148096818 -0.00325003940652036 -0.00427039380139618
v 0.00199999900333898 -0.00260658723916415 -0.00480089945859223
v 0.00200000138232101 -0.00328423418194753 -0.00436540122098236
v 0.00199999782393333 -0.00268261974227207 -0.00486714084214478
v 0.00200000129279990 -0.00331290529154085 -0.00446207745141297
v 0.00199999923202063 -0.00276157115576020 -0.00492940933770447
v 0.00199999864001277 -0.00333675018408345 -0.00455976255006104
v 0.00199999839075858 -0.00284341784318284 -0.00498816187447815
v 0.00200000004104105 -0.00335619230800123 -0.00465862042969971
v 0.00200000306648317 -0.00292820377380664 -0.00504387952155381
v 0.00200000169101943 -0.00337165231916793 -0.00475889320439606
v 0.00200000316006413 -0.00322236287144049 -0.00506126172608643
v 0.00200000115021121 -0.00326526710511687 -0.00503368957108765
v 0.00199999843931382 -0.00300537471439235 -0.00509084291524201
v 0.00200000318918171 -0.00317922632519392 -0.00508846826619416
v 0.00200000185952379 -0.00330793190790105 -0.00500575370854645
v 0.00200000091467326 -0.00338231686805161 -0.00484859557217865
v 0.00199999701128567 -0.00304692192359223 -0.00391095192498474
v 0.00200000135408491 -0.00304619702366616 -0.00386808807915955
v 0.00200000308657606 -0.00305636237794447 -0.00382644088334351
v 0.00199999640349455 -0.00307675180348431 -0.00378872997826844
v 0.00199999936992141 -0.00318198155086136 -0.00318198044366150
v 0.00200000375270369 -0.00310603089010982 -0.00375741798943787
v 0.00200000181308627 -0.00316382782356264 -0.00370888145036011
v 0.00199999747207713 -0.00322087291701894 -0.00365945608681946
v 0.00200000101468155 -0.00327713820826323 -0.00360915334290772
v 0.00200000236866776 -0.00331229680343614 -0.00358462650841980
v 0.00199999886685364 -0.00335252816487399 -0.00356981237000733
v 0.00200000148351486 -0.00339519627128291 -0.00356567819184571
v 0.00200000068647126 -0.00343752277162228 -0.00357249386376648
v 0.00200000338247050 -0.00402534177228463 -0.00289411408967286
v 0.00199999927283810 -0.00347673541102844 -0.00358981473511963
v 0.00199999859234264 -0.00404806907124292 -0.00293046481675415
v 0.00200000290566954 -0.00351028052163644 -0.00361650927132874
v 0.00200000121742401 -0.00407926258286097 -0.00295986850327759
v 0.00199999876412311 -0.00359967459338480 -0.00370860750741272
v 0.00200000197312344 -0.00418314572770828 -0.00303524453706055
v 0.00200000201600429 -0.00367882756467541 -0.00377112896508484
v 0.00200000215786356 -0.00425629668245318 -0.00310469658440857
v 0.00200000071546395 -0.00376439660113597 -0.00382469995087891
v 0.00200000195530030 -0.00432149713726739 -0.00318177063531189
v 0.00200000222257671 -0.00385357157481309 -0.00387206871575623
v 0.00199999944369006 -0.00438107835831990 -0.00326329548424988
v 0.00200000133356669 -0.00394518380453381 -0.00391420705384522
v 0.00199999906871464 -0.00443582624399967 -0.00334797794884949
v 0.00200000416164028 -0.00403848093922909 -0.00395170958108216
v 0.00199999729939167 -0.00448622295971583 -0.00343498880929261
v 0.00199999981047158 -0.00413356617622132 -0.00398502309388428
v 0.00200000279709269 -0.00453272601228677 -0.00352436454362183
v 0.00200000231620836 -0.00423061641472222 -0.00401459593838959
v 0.00199999970153996 -0.00457581147094466 -0.00361622006959229
v 0.00200000333817784 -0.00451775807740342 -0.00394840009278565
v 0.00200000158640108 -0.00455115653249488 -0.00390985758370667
v 0.00199999914764721 -0.00431789120005083 -0.00403791673249512
v 0.00200000269839485 -0.00448403504543865 -0.00398665745324402
v 0.00200000214296540 -0.00458422329239100 -0.00387103278703003
v 0.00199999976933014 -0.00461131879050913 -0.00369928462571411
v 0.00200000424659837 -0.00401257166255268 -0.00285319049424439
v 0.00199999827489646 -0.00401059293547251 -0.00281036646432190
v 0.00200000304432690 -0.00401952758796991 -0.00276843888825684
v 0.00199999927379741 -0.00389711505136189 -0.00225000007218628
v 0.00199999803860193 -0.00403880602717493 -0.00273014576501160
v 0.00199999859130913 -0.00408058554894501 -0.00266729171342163
v 0.00200000048393517 -0.00412139082902260 -0.00260379822320252
v 0.00200000269433500 -0.00416120483821147 -0.00253968079156189
v 0.00199999629567429 -0.00418803396536696 -0.00250624163216858
v 0.00199999817776247 -0.00422246105336431 -0.00248069365090638
v 0.00200000304377304 -0.00426223388583873 -0.00246470553941040
v 0.00199999748327384 -0.00430476575867785 -0.00245932109421997
v 0.00200000272625266 -0.00467765386810386 -0.00164281232423096
v 0.00200000220777992 -0.00434726966930148 -0.00246489222115784
v 0.00200000346364930 -0.00470969860234356 -0.00167128808564453
v 0.00199999828530944 -0.00438698150331300 -0.00248105485505371
v 0.00200000046044130 -0.00474791666723627 -0.00169071157044678
v 0.00200000078789499 -0.00449869543264490 -0.00254423744744568
v 0.00199999942818736 -0.00486882552385125 -0.00173376758164673
v 0.00199999912639592 -0.00459225944937534 -0.00258192570275574
v 0.00200000162983943 -0.00495858153449012 -0.00177979714936524
v 0.00199999850214279 -0.00468945685446532 -0.00260921914643555
v 0.00200000118500681 -0.00504285505600961 -0.00183537967271119
v 0.00199999791721748 -0.00478836331204808 -0.00262954599923401
v 0.00199999839706830 -0.00512298938731471 -0.00189681727952271
v 0.00200000307400197 -0.00488813420675146 -0.00264416725701599
v 0.00199999974616387 -0.00519937722206367 -0.00196264512604981
v 0.00199999638570221 -0.00498822027852646 -0.00265386588639527
v 0.00199999774475645 -0.00527224973208682 -0.00203193242615967
v 0.00199999774745335 -0.00508883909222675 -0.00265904147691040
v 0.00200000098574682 -0.00534204904681868 -0.00210458571976929
v 0.00200000280662420 -0.00519028828465519 -0.00266007382935791
v 0.00200000219192609 -0.00540926610180278 -0.00218058211869507
v 0.00200000054338485 -0.00544715081968779 -0.00251566274232178
v 0.00200000307435674 -0.00546833440267844 -0.00246927244729309
v 0.00199999895862462 -0.00528059839218536 -0.00265786249703675
v 0.00199999909319680 -0.00542557238015402 -0.00256187136239319
v 0.00200000007886298 -0.00548912694382324 -0.00242270357674866
v 0.00200000351432407 -0.00546673299187264 -0.00225027973717957
v 0.00199999713832462 -0.00465387099616921 -0.00160714395112305
v 0.00200000308368188 -0.00463990424304880 -0.00156661279267578
v 0.00199999858374693 -0.00434666829951877 -0.00116468579835205
v 0.00200000191932643 -0.00463666736304475 -0.00152386529511719
v 0.00200000121109804 -0.00464437182483377 -0.00148169334000855
v 0.00200000152186349 -0.00466675700664999 -0.00140961368150025
v 0.00199999778793957 -0.00468802129125718 -0.00133719642228394
v 0.00199999661657578 -0.00470816086395807 -0.00126445825166016
v 0.00200000019356670 -0.00472447870499591 -0.00122481591767578
v 0.00200000071992926 -0.00475031274656541 -0.00119060380524903
v 0.00200000108582931 -0.00478397426899476 -0.00116405685014038
v 0.00199999947316240 -0.00491814200800031 -0.00023089654511719
v 0.00200000096822414 -0.00482326544713257 -0.00114690835541993
v 0.00200000009328148 -0.00495101051371869 -0.00025841958588868
v 0.00199999840077338 -0.00486561939861491 -0.00114027841157227
v 0.00199999764767131 -0.00498977886080543 -0.00027671344346314
v 0.00199999999528954 -0.00490827047582761 -0.00114459998673706
v 0.00200000454357701 -0.00503192032146602 -0.00028458364075928
v 0.00200000293960718 -0.00503326031674629 -0.00117374856538086
v 0.00200000354152484 -0.00516006189640763 -0.00029183061188965
v 0.00199999952807076 -0.00513365723982313 -0.00118355043000489
v 0.00200000187089972 -0.00525914957897191 -0.00031070954865723
v 0.00200000328138166 -0.00523460063039674 -0.00118235499924927
v 0.00199999918760855 -0.00535567203098465 -0.00034029681748658
v 0.00200000185058059 -0.00533522986604377 -0.00117399318284302
v 0.00200000033340962 -0.00544986652045314 -0.00037666995591431
v 0.00199999978879496 -0.00543507981055131 -0.00115991313523560
v 0.00199999951778631 -0.00554170775911932 -0.00041831071442871
v 0.00200000328753388 -0.00553384075335738 -0.00114102180070191
v 0.00200000218890157 -0.00563114414832197 -0.00046426112717896
v 0.00200000057018381 -0.00563184324891744 -0.00111764009064942
v 0.00200000072719283 -0.00571858973668535 -0.00051430566376953
v 0.00199999716321042 -0.00572947833907736 -0.00109004838532715
v 0.00199999997933435 -0.00580449542377834 -0.00056828649110108
v 0.00199999924168612 -0.00593524670961069 -0.00087912137574463
v 0.00200000315505589 -0.00594250141257065 -0.00082864148682862
v 0.00200000261669299 -0.00581550157873156 -0.00106248433656006
v 0.00200000097205956 -0.00592755927701790 -0.00092953784531861
v 0.00200000045134422 -0.00594933266710467 -0.00077810151643067
v 0.00200000265360083 -0.00587926812215001 -0.00061897046632080
v 0.00199999713963507 -0.00450000136953272 -0.00000000007218628
v 0.00200000346586837 -0.00489332287376523 -0.00019594152039795
v 0.00199999848540385 -0.00487817752859763 -0.00015583713120728
v 0.00200000212839485 -0.00487368249566970 -0.00011320312089234
v 0.00200000072492126 -0.00487485499153993 -0.00003773744172364
v 0.00200000072492126 -0.00487485499153993 0.00003773729735107
v 0.00200000212839485 -0.00487368249566970 0.00011320297651977
v 0.00199999848540385 -0.00487817752859763 0.00015583698683471
v 0.00200000346586837 -0.00489332287376523 0.00019594137602539
v 0.00199999947316240 -0.00491814200800031 0.00023089640074463
v 0.00199999858374693 -0.00434666829951877 0.00116468565397949
v 0.00200000108582931 -0.00478397426899476 0.00116405670576782
v 0.00200000071992926 -0.00475031274656541 0.00119060413771362
v 0.00200000096822414 -0.00482326544713257 0.00114690868788452
v 0.00200000009328148 -0.00495101051371869 0.00025841991835327
v 0.00199999840077338 -0.00486561939861491 0.00114027826719970
v 0.00199999764767131 -0.00498977886080543 0.00027671377592773
v 0.00199999999528954 -0.00490827047582761 0.00114459984236450
v 0.00200000454357701 -0.00503192032146602 0.00028458349638672
v 0.00200000293960718 -0.00503326031674629 0.00117374842100830
v 0.00200000354152484 -0.00516006189640763 0.00029183046751709
v 0.00199999952807076 -0.00513365723982313 0.00118355028563232
v 0.00200000187089972 -0.00525914957897191 0.00031070940428466
v 0.00200000328138166 -0.00523460063039674 0.00118235485487671
v 0.00199999918760855 -0.00535567203098465 0.00034029667311401
v 0.00200000185058059 -0.00533522986604377 0.00117399303847046
v 0.00200000033340962 -0.00544986652045314 0.00037666981154174
v 0.00199999978879496 -0.00543507981055131 0.00115991299086303
v 0.00199999951778631 -0.00554170775911932 0.00041831057005615
v 0.00200000328753388 -0.00553384075335738 0.00114102165632934
v 0.00200000218890157 -0.00563114414832197 0.00046426098280639
v 0.00200000057018381 -0.00563184324891744 0.00111763994627685
v 0.00200000072719283 -0.00571858973668535 0.00051430551939697
v 0.00199999716321042 -0.00572947833907736 0.00109004824095459
v 0.00199999997933435 -0.00580449542377834 0.00056828682356567
v 0.00199999924168612 -0.00593524670961069 0.00087912123137207
v 0.00200000315505589 -0.00594250141257065 0.00082864134245605
v 0.00200000265360083 -0.00587926812215001 0.00061897032194824
v 0.00200000045134422 -0.00594933266710467 0.00077810137205810
v 0.00200000097205956 -0.00592755927701790 0.00092953770094604
v 0.00200000261669299 -0.00581550157873156 0.00106248419218750
v 0.00200000019356670 -0.00472447870499591 0.00122481577330322
v 0.00199999661657578 -0.00470816086395807 0.00126445810728759
v 0.00199999778793957 -0.00468802129125718 0.00133719627791137
v 0.00200000152186349 -0.00466675700664999 0.00140961401396484
v 0.00200000121109804 -0.00464437182483377 0.00148169367247314
v 0.00200000191932643 -0.00463666736304475 0.00152386515074463
v 0.00200000308368188 -0.00463990424304880 0.00156661264830322
v 0.00199999927379741 -0.00389711505136189 0.00224999992781372
v 0.00199999713832462 -0.00465387099616921 0.00160714380675048
v 0.00200000272625266 -0.00467765386810386 0.00164281217985840
v 0.00200000346364930 -0.00470969860234356 0.00167128794127197
v 0.00200000220777992 -0.00434726966930148 0.00246489231520385
v 0.00199999748327384 -0.00430476575867785 0.00245932094984741
v 0.00200000304377304 -0.00426223388583873 0.00246470539503784
v 0.00199999817776247 -0.00422246105336431 0.00248069374495239
v 0.00199999828530944 -0.00438698150331300 0.00248105518751831
v 0.00200000046044130 -0.00474791666723627 0.00169071142607422
v 0.00200000078789499 -0.00449869543264490 0.00254423706465454
v 0.00199999942818736 -0.00486882552385125 0.00173376743727417
v 0.00199999912639592 -0.00459225944937534 0.00258192531996460
v 0.00200000162983943 -0.00495858153449012 0.00177979748182983
v 0.00199999850214279 -0.00468945685446532 0.00260921947890014
v 0.00200000118500681 -0.00504285505600961 0.00183537952833862
v 0.00199999791721748 -0.00478836331204808 0.00262954609328003
v 0.00199999839706830 -0.00512298938731471 0.00189681713515014
v 0.00200000307400197 -0.00488813420675146 0.00264416687422485
v 0.00199999974616387 -0.00519937722206367 0.00196264545851440
v 0.00199999638570221 -0.00498822027852646 0.00265386574202270
v 0.00199999774475645 -0.00527224973208682 0.00203193275862426
v 0.00199999774745335 -0.00508883909222675 0.00265904133253784
v 0.00200000098574682 -0.00534204904681868 0.00210458557539673
v 0.00200000280662420 -0.00519028828465519 0.00266007416182251
v 0.00200000219192609 -0.00540926610180278 0.00218058197432251
v 0.00200000054338485 -0.00544715081968779 0.00251566307478637
v 0.00200000307435674 -0.00546833440267844 0.00246927254133911
v 0.00200000351432407 -0.00546673299187264 0.00225027935438842
v 0.00200000007886298 -0.00548912694382324 0.00242270367079467
v 0.00199999909319680 -0.00542557238015402 0.00256187145643921
v 0.00199999895862462 -0.00528059839218536 0.00265786259108276
v 0.00199999629567429 -0.00418803396536696 0.00250624172621460
v 0.00200000269433500 -0.00416120483821147 0.00253968040877075
v 0.00200000048393517 -0.00412139082902260 0.00260379784041137
v 0.00199999859130913 -0.00408058554894501 0.00266729156904907
v 0.00199999803860193 -0.00403880602717493 0.00273014538222046
v 0.00200000304432690 -0.00401952758796991 0.00276843922072143
v 0.00199999936992141 -0.00318198155086136 0.00318198006087036
v 0.00199999827489646 -0.00401059293547251 0.00281036655836792
v 0.00200000424659837 -0.00401257166255268 0.00285319034987182
v 0.00200000338247050 -0.00402534177228463 0.00289411442213745
v 0.00200000068647126 -0.00343752277162228 0.00357249348097534
v 0.00200000148351486 -0.00339519627128291 0.00356567852431030
v 0.00199999927283810 -0.00347673541102844 0.00358981506758423
v 0.00199999859234264 -0.00404806907124292 0.00293046467238159
v 0.00200000290566954 -0.00351028052163644 0.00361650936537475
v 0.00200000121742401 -0.00407926258286097 0.00295986835890503
v 0.00199999876412311 -0.00359967459338480 0.00370860760145874
v 0.00200000197312344 -0.00418314572770828 0.00303524486952514
v 0.00200000201600429 -0.00367882756467541 0.00377112858229370
v 0.00200000215786356 -0.00425629668245318 0.00310469620161743
v 0.00200000071546395 -0.00376439660113597 0.00382470028334350
v 0.00200000195530030 -0.00432149713726739 0.00318177025252075
v 0.00200000222257671 -0.00385357157481309 0.00387206833296508
v 0.00199999944369006 -0.00438107835831990 0.00326329510145874
v 0.00200000133356669 -0.00394518380453381 0.00391420738630981
v 0.00199999906871464 -0.00443582624399967 0.00334797756605835
v 0.00200000416164028 -0.00403848093922909 0.00395170967512817
v 0.00199999729939167 -0.00448622295971583 0.00343498890333862
v 0.00199999981047158 -0.00413356617622132 0.00398502342634887
v 0.00200000279709269 -0.00453272601228677 0.00352436439924926
v 0.00200000231620836 -0.00423061641472222 0.00401459591322632
v 0.00199999970153996 -0.00457581147094466 0.00361622040205688
v 0.00200000333817784 -0.00451775807740342 0.00394840042525024
v 0.00200000158640108 -0.00455115653249488 0.00390985767775268
v 0.00199999976933014 -0.00461131879050913 0.00369928448134155
v 0.00200000214296540 -0.00458422329239100 0.00387103264265747
v 0.00200000269839485 -0.00448403504543865 0.00398665707045288
v 0.00199999914764721 -0.00431789120005083 0.00403791706495971
v 0.00199999886685364 -0.00335252816487399 0.00356981270247192
v 0.00200000236866776 -0.00331229680343614 0.00358462612562866
v 0.00200000101468155 -0.00327713820826323 0.00360915367537231
v 0.00199999747207713 -0.00322087291701894 0.00365945618086548
v 0.00200000181308627 -0.00316382782356264 0.00370888130598755
v 0.00200000375270369 -0.00310603089010982 0.00375741760664673
v 0.00199999640349455 -0.00307675180348431 0.00378872959547729
v 0.00199999822255467 -0.00225000324520449 0.00389711468153686
v 0.00200000308657606 -0.00305636237794447 0.00382644073897094
v 0.00200000135408491 -0.00304619702366616 0.00386808769636840
v 0.00199999701128567 -0.00304692192359223 0.00391095154219360
v 0.00200000211359078 -0.00305848166436423 0.00395223228865356
v 0.00200000266231233 -0.00232453486087159 0.00442391197615356
v 0.00199999989224764 -0.00234920352489286 0.00445897571974487
v 0.00200000104510956 -0.00308013203538016 0.00398923389845581
v 0.00199999656882053 -0.00240902748046231 0.00457252781325073
v 0.00199999923998829 -0.00315857434338871 0.00409082405501098
v 0.00199999797935315 -0.00246736427416242 0.00465481750899048
v 0.00200000224395288 -0.00320919294972832 0.00417807190352173
v 0.00200000204163939 -0.00253437265302202 0.00473032658034057
v 0.00200000148096818 -0.00325003940652036 0.00427039425307007
v 0.00199999900333898 -0.00260658723916415 0.00480089943342895
v 0.00200000138232101 -0.00328423418194753 0.00436540119581909
v 0.00199999782393333 -0.00268261974227207 0.00486714069777221
v 0.00200000129279990 -0.00331290529154085 0.00446207706862182
v 0.00199999923202063 -0.00276157115576020 0.00492940895491333
v 0.00199999864001277 -0.00333675018408345 0.00455976288252563
v 0.00199999839075858 -0.00284341784318284 0.00498816196852417
v 0.00200000004104105 -0.00335619230800123 0.00465862076216430
v 0.00200000306648317 -0.00292820377380664 0.00504387943678589
v 0.00200000169101943 -0.00337165231916793 0.00475889294081421
v 0.00200000316006413 -0.00322236287144049 0.00506126205855102
v 0.00200000115021121 -0.00326526710511687 0.00503368942671508
v 0.00200000091467326 -0.00338231686805161 0.00484859554701538
v 0.00200000185952379 -0.00330793190790105 0.00500575344496460
v 0.00200000318918171 -0.00317922632519392 0.00508846847944946
v 0.00199999843931382 -0.00300537471439235 0.00509084312849731
v 0.00200000258995913 -0.00229178937422405 0.00439624493056030
v 0.00199999781699919 -0.00225310007694147 0.00437778084212036
v 0.00200000147998171 -0.00221099216360081 0.00436972610884399
v 0.00200000124504829 -0.00216822137094201 0.00437260620527954
v 0.00200000194447824 -0.00212757316832772 0.00438623421126098
v 0.00200000221515928 -0.00205941262641884 0.00441864674025268
v 0.00200000029477679 -0.00199076000822661 0.00444999973707885
v 0.00200000381272530 -0.00192162852824998 0.00448028652601928
v 0.00200000321920063 -0.00116468475121166 0.00434666626387329
v 0.00200000126032474 -0.00188471309662035 0.00450208084517212
v 0.00199999933961464 -0.00185452788508725 0.00453252022200317
v 0.00199999830025100 -0.00183304170985661 0.00456961624556274
v 0.00199999871949556 -0.00182165937936886 0.00461094753676147
v 0.00199999727669414 -0.00182112282274631 0.00465381424360962
v 0.00199999792348548 -0.00183146940200615 0.00469541637831421
v 0.00199999828920633 -0.00099780609502355 0.00494020264082641
v 0.00200000124151514 -0.00098401726325992 0.00489961044722290
v 0.00199999824564309 -0.00096039146878856 0.00486383812361450
v 0.00199999996336096 -0.00092847305724444 0.00483522121840210
v 0.00199999880573693 -0.00102321287346985 0.00506600944929809
v 0.00200000308374881 -0.00187810919921941 0.00481498997145385
v 0.00199999812982802 -0.00105600284045659 0.00516140072279663
v 0.00200000390822124 -0.00190209744365380 0.00491296474867553
v 0.00200000136764183 -0.00109902297488180 0.00525272934370727
v 0.00200000393912891 -0.00191528109093746 0.00501305477553100
v 0.00200000182344128 -0.00114843172333399 0.00534078972273559
v 0.00199999774340975 -0.00192132809889489 0.00511384766035766
v 0.00200000130169243 -0.00120272159112285 0.00542576782637329
v 0.00200000367578383 -0.00192159777348227 0.00521468632155151
v 0.00200000025711054 -0.00126093206212738 0.00550775806837768
v 0.00200000193416663 -0.00191695608503780 0.00531513111525268
v 0.00199999991233689 -0.00132291266613377 0.00558718960219116
v 0.00200000356165749 -0.00190775785412997 0.00541546242171020
v 0.00199999794919842 -0.00138856783521415 0.00566453831129760
v 0.00200000155001447 -0.00189434189427612 0.00551602928572387
v 0.00199999888197441 -0.00166591320082955 0.00576408951216430
v 0.00199999816885539 -0.00171484690219461 0.00574972145491333
v 0.00200000270242026 -0.00187929872428587 0.00560510246687622
v 0.00199999690797048 -0.00176365758448882 0.00573493854933471
v 0.00200000095467619 -0.00161685978401839 0.00577804176741333
v 0.00200000091524700 -0.00144937924697504 0.00573133938246460
v 0.00199999956269612 -0.00089034064940538 0.00481563084059448
v 0.00200000152865819 -0.00084848919615314 0.00480634396010131
v 0.00199999720514457 -0.00080565028670944 0.00480796806746215
v 0.00200000127998502 -0.00073111815996982 0.00481986420088501
v 0.00200000174062443 -0.00065641192657068 0.00483060543471069
v 0.00199999739812564 -0.00000000181725152 0.00449999992781372
v 0.00199999960920785 -0.00058154861570825 0.00484018890791626
v 0.00200000001509094 -0.00053998437731214 0.00485069935255737
v 0.00199999942376182 -0.00050244673200631 0.00487140076094360
v 0.00199999925379497 -0.00047137954308384 0.00490094177656860
v 0.00200000002872934 -0.00044881313628610 0.00493739216261596
v 0.00199999980715739 -0.00043622425153567 0.00497837059431762
v 0.00200000159634336 0.00043622443172989 0.00497837059431762
v 0.00200000137477142 0.00044881331648032 0.00493739216261596
v 0.00199999823179833 0.00043442972218346 0.00502120296889038
v 0.00200000317170243 -0.00043442954198924 0.00502120296889038
v 0.00199999913525401 0.00044549077942262 0.00514907352858276
v 0.00200000226824674 -0.00044549059922840 0.00514907352858276
v 0.00200000251033690 0.00044090729688883 0.00524983780317993
v 0.00199999889316385 -0.00044090711669460 0.00524983780317993
v 0.00200000266379106 0.00042535832504374 0.00534958832197876
v 0.00199999873970969 -0.00042535814484951 0.00534958832197876
v 0.00200000202579817 0.00040276116347828 0.00544800083571167
v 0.00199999937770259 -0.00040276098328406 0.00544800083571167
v 0.00199999960827206 0.00037461288493602 0.00554483120375366
v 0.00200000179522870 -0.00037461270474180 0.00554483120375366
v 0.00200000349532252 0.00034186079103900 0.00563990013533325
v 0.00199999790817823 -0.00034186061084478 0.00563990013533325
v 0.00200000114732600 0.00030477074167733 0.00573357574873657
v 0.00200000025617475 -0.00030477056148311 0.00573357574873657
v 0.00199999821294168 0.00026356183492225 0.00582628910475464
v 0.00200000319055907 -0.00026356165472803 0.00582628910475464
v 0.00200000307802010 0.00002550104019518 0.00599994556837768
v 0.00199999832548065 -0.00002550086000096 0.00599994556837768
v 0.00200000132742890 -0.00022403816402003 0.00590751640730590
v 0.00200000018019068 -0.00007649894549983 0.00599951260023803
v 0.00200000122331008 0.00007649912569405 0.00599951260023803
v 0.00200000007607186 0.00022403834421425 0.00590751640730590
v 0.00200000214970578 0.00047137972327807 0.00490094177656860
v 0.00200000197973893 0.00050244691220053 0.00487140076094360
v 0.00200000138840981 0.00053998455750636 0.00485069935255737
v 0.00200000179429291 0.00058154879590247 0.00484018890791626
v 0.00199999966287633 0.00065641210676490 0.00483060543471069
v 0.00199999818430013 0.00116468493140589 0.00434666626387329
v 0.00200000012351574 0.00073111834016404 0.00481986420088501
v 0.00199999759110671 0.00080564665220640 0.00480796806746215
v 0.00199999987484257 0.00084848937634736 0.00480634396010131
v 0.00200000184080464 0.00089034082959960 0.00481563084059448
v 0.00200000144013979 0.00092847323743866 0.00483522121840210
v 0.00200000315785767 0.00096039164898278 0.00486383812361450
v 0.00200000016198561 0.00098401744345414 0.00489961044722290
v 0.00199999751955713 0.00182111918824327 0.00465381424360962
v 0.00200000311429443 0.00099780627521777 0.00494020264082641
v 0.00200000348001528 0.00183146958220037 0.00469541637831421
v 0.00200000259776383 0.00102321305366408 0.00506600944929809
v 0.00199999831975195 0.00187810937941363 0.00481498997145385
v 0.00200000327367274 0.00105600302065081 0.00516140072279663
v 0.00199999749527951 0.00190209762384803 0.00491296474867553
v 0.00200000003585893 0.00109902315507603 0.00525272934370727
v 0.00199999746437184 0.00191528127113168 0.00501305477553100
v 0.00199999958005948 0.00114843190352821 0.00534078972273559
v 0.00199999705284153 0.00192132446439185 0.00511384766035766
v 0.00200000010180832 0.00120272177131707 0.00542576782637329
v 0.00199999772771693 0.00192159795367649 0.00521468632155151
v 0.00200000114639022 0.00126093224232160 0.00550775806837768
v 0.00199999946933413 0.00191695626523202 0.00531513111525268
v 0.00200000149116387 0.00132291284632799 0.00558718960219116
v 0.00199999784184327 0.00190775803432419 0.00541546242171020
v 0.00200000345430233 0.00138856801540837 0.00566453831129760
v 0.00199999985348628 0.00189434207447034 0.00551602928572387
v 0.00200000252152634 0.00166591338102377 0.00576408951216430
v 0.00200000323464537 0.00171484708238883 0.00574972145491333
v 0.00200000048825375 0.00144937942716927 0.00573133938246460
v 0.00200000044882457 0.00161685996421262 0.00577804176741333
v 0.00199999788828080 0.00176365394998578 0.00573493854933471
v 0.00199999870108049 0.00187929890448009 0.00560510246687622
v 0.00200000268400519 0.00182165955956309 0.00461094753676147
v 0.00199999649600028 0.00183303807535356 0.00456961624556274
v 0.00200000206388611 0.00185452806528147 0.00453252022200317
v 0.00200000014317601 0.00188471327681458 0.00450208084517212
v 0.00199999759077546 0.00192162870844420 0.00448028652601928
v 0.00199999657369661 0.00224999961070145 0.00389711468153686
v 0.00200000110872397 0.00199076018842083 0.00444999973707885
v 0.00199999918834148 0.00205941280661306 0.00441864674025268
v 0.00199999945902252 0.00212757334852194 0.00438623421126098
v 0.00200000015845246 0.00216822155113624 0.00437260620527954
v 0.00199999992351905 0.00221099234379503 0.00436972610884399
v 0.00200000358650157 0.00225310025713570 0.00437778084212036
v 0.00199999881354162 0.00229178955441827 0.00439624493056030
v 0.00199999874118842 0.00232453504106581 0.00442391197615356
v 0.00199999928990997 0.00305848184455845 0.00395223228865356
v 0.00200000151125311 0.00234920370508709 0.00445897571974487
v 0.00200000035839119 0.00308013221557438 0.00398923389845581
v 0.00199999822743075 0.00240902384595927 0.00457252781325073
v 0.00200000216351247 0.00315857452358293 0.00409082405501098
v 0.00199999681689813 0.00246736063965937 0.00465481750899048
v 0.00199999915954788 0.00320919312992254 0.00417807190352173
v 0.00199999936186136 0.00253437283321625 0.00473032658034057
v 0.00199999992253258 0.00325003958671459 0.00427039425307007
v 0.00200000240016177 0.00260658741935837 0.00480089943342895
v 0.00200000002117974 0.00328423436214175 0.00436540119581909
v 0.00199999697231795 0.00268261610776903 0.00486714069777221
v 0.00200000011070085 0.00331290547173508 0.00446207706862182
v 0.00200000217148012 0.00276157133595443 0.00492940895491333
v 0.00200000276348798 0.00333675036427767 0.00455976288252563
v 0.00200000301274218 0.00284341802337706 0.00498816196852417
v 0.00200000136245970 0.00335619248819546 0.00465862076216430
v 0.00199999833701758 0.00292820395400086 0.00504387943678589
v 0.00199999971248132 0.00337165249936216 0.00475889294081421
v 0.00199999824343662 0.00322236305163472 0.00506126205855102
v 0.00200000025328954 0.00326526728531109 0.00503368942671508
v 0.00200000296418694 0.00300537489458657 0.00509084312849731
v 0.00199999821431905 0.00317922650538814 0.00508846847944946
v 0.00199999954397696 0.00330793208809527 0.00500575344496460
v 0.00200000048882750 0.00338231704824583 0.00484859554701538
v 0.00199999778496560 0.00304691828908919 0.00391095154219360
v 0.00200000004941585 0.00304619720386038 0.00386808769636840
v 0.00199999831692470 0.00305636255813870 0.00382644073897094
v 0.00199999839275673 0.00307674816898127 0.00378872959547729
v 0.00200000203357934 0.00318198173105558 0.00318198006087036
v 0.00199999765079706 0.00310603107030405 0.00375741760664673
v 0.00199999959041449 0.00316382800375686 0.00370888130598755
v 0.00199999732417415 0.00322086928251590 0.00365945618086548
v 0.00200000038881921 0.00327713838845745 0.00360915367537231
v 0.00199999903483300 0.00331229698363036 0.00358462612562866
v 0.00200000253664711 0.00335252834506821 0.00356981270247192
v 0.00199999991998590 0.00339519645147713 0.00356567852431030
v 0.00200000071702949 0.00343752295181650 0.00357249348097534
v 0.00199999802103025 0.00402534195247885 0.00289411442213745
v 0.00200000213066265 0.00347673559122267 0.00358981506758423
v 0.00200000281115811 0.00404806925143715 0.00293046467238159
v 0.00199999849783122 0.00351028070183066 0.00361650936537475
v 0.00200000018607675 0.00407926276305519 0.00295986835890503
v 0.00200000263937764 0.00359967477357902 0.00370860760145874
v 0.00199999943037732 0.00418314590790250 0.00303524486952514
v 0.00199999938749646 0.00367882774486963 0.00377112858229370
v 0.00199999924563720 0.00425629686264740 0.00310469620161743
v 0.00200000068803680 0.00376439678133019 0.00382470028334350
v 0.00199999944820045 0.00432149731746162 0.00318177025252075
v 0.00199999918092404 0.00385357175500731 0.00387206833296508
v 0.00200000195981070 0.00438107853851412 0.00326329510145874
v 0.00200000006993406 0.00394518398472803 0.00391420738630981
v 0.00200000233478612 0.00443582642419389 0.00334797756605835
v 0.00199999724186047 0.00403848111942331 0.00395170967512817
v 0.00200000410410909 0.00448622313991005 0.00343498890333862
v 0.00200000159302918 0.00413356635641554 0.00398502342634887
v 0.00199999860640806 0.00453272619248099 0.00352436439924926
v 0.00199999908729240 0.00423061659491645 0.00401459591322632
v 0.00200000170196079 0.00457581165113889 0.00361622040205688
v 0.00199999806532291 0.00451775825759765 0.00394840042525024
v 0.00199999981709968 0.00455115671268910 0.00390985767775268
v 0.00200000225585355 0.00431789138024505 0.00403791706495971
v 0.00199999870510591 0.00448403522563287 0.00398665707045288
v 0.00199999926053535 0.00458422347258522 0.00387103264265747
v 0.00200000163417062 0.00461131897070335 0.00369928448134155
v 0.00199999906425102 0.00401256853912216 0.00285319034987182
v 0.00200000312860429 0.00401059311566674 0.00281036655836792
v 0.00199999835917385 0.00401952776816414 0.00276843922072143
v 0.00200000212970334 0.00389711523155612 0.00224999992781372
v 0.00199999675764935 0.00403880239267189 0.00273014538222046
v 0.00200000281219163 0.00408058572913924 0.00266729156904907
v 0.00200000091956559 0.00412139100921682 0.00260379784041137
v 0.00199999870916576 0.00416120501840569 0.00253968040877075
v 0.00199999850057699 0.00418803033086391 0.00250624172621460
v 0.00200000322573829 0.00422246123355854 0.00248069374495239
v 0.00199999835972771 0.00426223406603295 0.00246470539503784
v 0.00200000392022691 0.00430476593887207 0.00245932094984741
v 0.00199999867724809 0.00467765404829808 0.00164281217985840
v 0.00199999919572084 0.00434726984949570 0.00246489231520385
v 0.00199999793985145 0.00470969878253778 0.00167128794127197
v 0.00199999651094184 0.00438697786880996 0.00248105518751831
v 0.00200000094305946 0.00474791684743049 0.00169071142607422
v 0.00200000061560576 0.00449869561283912 0.00254423706465454
v 0.00200000197531340 0.00486882570404548 0.00173376743727417
v 0.00200000227710483 0.00459225962956956 0.00258192531996460
v 0.00199999977366133 0.00495858171468434 0.00177979748182983
v 0.00200000290135797 0.00468945703465954 0.00260921947890014
v 0.00200000021849395 0.00504285523620383 0.00183537952833862
v 0.00200000348628328 0.00478836349224231 0.00262954609328003
v 0.00200000300643246 0.00512298956750894 0.00189681713515014
v 0.00199999832949878 0.00488813438694568 0.00264416687422485
v 0.00200000165733688 0.00519937740225789 0.00196264545851440
v 0.00199999841054906 0.00498821664402342 0.00265386574202270
v 0.00199999800516915 0.00527224444577140 0.00203193275862426
v 0.00200000365604740 0.00508883927242097 0.00265904133253784
v 0.00200000041775394 0.00534204922701290 0.00210458557539673
v 0.00199999859687656 0.00519028846484942 0.00266007416182251
v 0.00199999921157467 0.00540926628199700 0.00218058197432251
v 0.00200000181379022 0.00544714934806964 0.00251566307478637
v 0.00199999832914401 0.00546833458287266 0.00246927254133911
v 0.00200000244487613 0.00528059857237958 0.00265786259108276
v 0.00200000326397827 0.00542557090853587 0.00256187145643921
v 0.00200000132463777 0.00548912712401746 0.00242270367079467
v 0.00199999884285100 0.00546673152025449 0.00225027935438842
v 0.00200000426517613 0.00465387117636344 0.00160714380675048
v 0.00199999831981887 0.00463990442324303 0.00156661264830322
v 0.00200000281975383 0.00434666847971299 0.00116468565397949
v 0.00199999948417432 0.00463666754323898 0.00152386515074463
v 0.00200000019240271 0.00464437200502799 0.00148169367247314
v 0.00199999988163727 0.00466675718684421 0.00140961401396484
v 0.00200000361556118 0.00468802147145141 0.00133719627791137
v 0.00199999817967550 0.00470815722945503 0.00126445810728759
v 0.00200000120993406 0.00472447888519013 0.00122481577330322
v 0.00200000068357150 0.00475031292675963 0.00119060413771362
v 0.00200000031767145 0.00478397444918899 0.00116405670576782
v 0.00200000193033835 0.00491814218819453 0.00023089640074463
v 0.00200000234262525 0.00482326232370205 0.00114690868788452
v 0.00200000131021927 0.00495101069391291 0.00025841991835327
v 0.00200000300272738 0.00486561957880914 0.00114027826719970
v 0.00200000375582944 0.00498977904099966 0.00027671377592773
v 0.00200000140821121 0.00490827065602183 0.00114459984236450
v 0.00199999685992375 0.00503192050166025 0.00028458349638672
v 0.00199999846389357 0.00503326049694051 0.00117374842100830
v 0.00199999786197592 0.00516006207660186 0.00029183046751709
v 0.00200000187542999 0.00513365742001735 0.00118355028563232
v 0.00199999953260104 0.00525914975916614 0.00031070940428466
v 0.00199999812211910 0.00523460081059096 0.00118235485487671
v 0.00200000126221789 0.00535567386299124 0.00034029667311401
v 0.00199999955292017 0.00533523004623799 0.00117399303847046
v 0.00200000107009113 0.00544986670064736 0.00037666981154174
v 0.00200000161470579 0.00543507999074554 0.00115991299086303
v 0.00200000188571444 0.00554170793931354 0.00041831057005615
v 0.00199999716229256 0.00553384258536397 0.00114102165632934
v 0.00199999826092487 0.00563114598032856 0.00046426098280639
v 0.00200000083331694 0.00563184342911167 0.00111763994627685
v 0.00200000162998224 0.00571858826506720 0.00051430551939697
v 0.00199999763304086 0.00572947470457432 0.00109004824095459
v 0.00200000142416641 0.00580449560397256 0.00056828682356567
v 0.00200000120814032 0.00593524854161728 0.00087912123137207
v 0.00199999824844487 0.00594250159276487 0.00082864134245605
v 0.00199999878680777 0.00581550175892579 0.00106248419218750
v 0.00200000138511551 0.00592755780539976 0.00092953770094604
v 0.00200000190583085 0.00594933119548653 0.00077810137205810
v 0.00199999779622561 0.00587926995415660 0.00061897032194824
v 0.00199999765661621 0.00449999773502967 -0.00000000007218628
v 0.00199999793763238 0.00489332305395945 0.00019594137602539
v 0.00199999631084742 0.00487817389409459 0.00015583698683471
v 0.00199999927510590 0.00487368267586392 0.00011320297651977
v 0.00200000067857950 0.00487485517173415 0.00003773729735107
v 0.00200000067857950 0.00487485517173415 -0.00003773744172364
v 0.00199999927510590 0.00487368267586392 -0.00011320312089234
v 0.00199999631084742 0.00487817389409459 -0.00015583713120728
v 0.00199999793763238 0.00489332305395945 -0.00019594152039795
v 0.00200000193033835 0.00491814218819453 -0.00023089654511719
v 0.00200000281975383 0.00434666847971299 -0.00116468579835205
v 0.00200000031767145 0.00478397444918899 -0.00116405685014038
v 0.00200000068357150 0.00475031292675963 -0.00119060380524903
v 0.00200000234262525 0.00482326232370205 -0.00114690835541993
v 0.00200000131021927 0.00495101069391291 -0.00025841958588868
v 0.00200000300272738 0.00486561957880914 -0.00114027841157227
v 0.00200000375582944 0.00498977904099966 -0.00027671344346314
v 0.00200000140821121 0.00490827065602183 -0.00114459998673706
v 0.00199999685992375 0.00503192050166025 -0.00028458364075928
v 0.00199999846389357 0.00503326049694051 -0.00117374856538086
v 0.00199999786197592 0.00516006207660186 -0.00029183061188965
v 0.00200000187542999 0.00513365742001735 -0.00118355043000489
v 0.00199999953260104 0.00525914975916614 -0.00031070954865723
v 0.00199999812211910 0.00523460081059096 -0.00118235499924927
v 0.00200000126221789 0.00535567386299124 -0.00034029681748658
v 0.00199999955292017 0.00533523004623799 -0.00117399318284302
v 0.00200000107009113 0.00544986670064736 -0.00037666995591431
v 0.00200000161470579 0.00543507999074554 -0.00115991313523560
v 0.00200000188571444 0.00554170793931354 -0.00041831071442871
v 0.00199999716229256 0.00553384258536397 -0.00114102180070191
v 0.00199999826092487 0.00563114598032856 -0.00046426112717896
v 0.00200000083331694 0.00563184342911167 -0.00111764009064942
v 0.00200000162998224 0.00571858826506720 -0.00051430566376953
v 0.00199999763304086 0.00572947470457432 -0.00109004838532715
v 0.00200000142416641 0.00580449560397256 -0.00056828649110108
v 0.00200000120814032 0.00593524854161728 -0.00087912137574463
v 0.00199999824844487 0.00594250159276487 -0.00082864148682862
v 0.00199999779622561 0.00587926995415660 -0.00061897046632080
v 0.00200000190583085 0.00594933119548653 -0.00077810151643067
v 0.00200000138511551 0.00592755780539976 -0.00092953784531861
v 0.00199999878680777 0.00581550175892579 -0.00106248433656006
v 0.00200000120993406 0.00472447888519013 -0.00122481591767578
v 0.00199999817967550 0.00470815722945503 -0.00126445825166016
v 0.00200000361556118 0.00468802147145141 -0.00133719642228394
v 0.00199999988163727 0.00466675718684421 -0.00140961368150025
v 0.00200000019240271 0.00464437200502799 -0.00148169334000855
v 0.00199999948417432 0.00463666754323898 -0.00152386529511719
v 0.00199999831981887 0.00463990442324303 -0.00156661279267578
v 0.00200000212970334 0.00389711523155612 -0.00225000007218628
v 0.00200000426517613 0.00465387117636344 -0.00160714395112305
v 0.00199999867724809 0.00467765404829808 -0.00164281232423096
v 0.00199999793985145 0.00470969878253778 -0.00167128808564453
v 0.00199999919572084 0.00434726984949570 -0.00246489222115784
v 0.00200000392022691 0.00430476593887207 -0.00245932109421997
v 0.00199999835972771 0.00426223406603295 -0.00246470553941040
v 0.00200000322573829 0.00422246123355854 -0.00248069365090638
v 0.00199999651094184 0.00438697786880996 -0.00248105485505371
v 0.00200000094305946 0.00474791684743049 -0.00169071157044678
v 0.00200000061560576 0.00449869561283912 -0.00254423744744568
v 0.00200000197531340 0.00486882570404548 -0.00173376758164673
v 0.00200000227710483 0.00459225962956956 -0.00258192570275574
v 0.00199999977366133 0.00495858171468434 -0.00177979714936524
v 0.00200000290135797 0.00468945703465954 -0.00260921914643555
v 0.00200000021849395 0.00504285523620383 -0.00183537967271119
v 0.00200000348628328 0.00478836349224231 -0.00262954599923401
v 0.00200000300643246 0.00512298956750894 -0.00189681727952271
v 0.00199999832949878 0.00488813438694568 -0.00264416725701599
v 0.00200000165733688 0.00519937740225789 -0.00196264512604981
v 0.00199999841054906 0.00498821664402342 -0.00265386588639527
v 0.00199999800516915 0.00527224444577140 -0.00203193242615967
v 0.00200000365604740 0.00508883927242097 -0.00265904147691040
v 0.00200000041775394 0.00534204922701290 -0.00210458571976929
v 0.00199999859687656 0.00519028846484942 -0.00266007382935791
v 0.00199999921157467 0.00540926628199700 -0.00218058211869507
v 0.00200000181379022 0.00544714934806964 -0.00251566274232178
v 0.00199999832914401 0.00546833458287266 -0.00246927244729309
v 0.00199999884285100 0.00546673152025449 -0.00225027973717957
v 0.00200000132463777 0.00548912712401746 -0.00242270357674866
v 0.00200000326397827 0.00542557090853587 -0.00256187136239319
v 0.00200000244487613 0.00528059857237958 -0.00265786249703675
v 0.00199999850057699 0.00418803033086391 -0.00250624163216858
v 0.00199999870916576 0.00416120501840569 -0.00253968079156189
v 0.00200000091956559 0.00412139100921682 -0.00260379822320252
v 0.00200000281219163 0.00408058572913924 -0.00266729171342163
v 0.00199999675764935 0.00403880239267189 -0.00273014576501160
v 0.00199999835917385 0.00401952776816414 -0.00276843888825684
v 0.00200000203357934 0.00318198173105558 -0.00318198044366150
v 0.00200000312860429 0.00401059311566674 -0.00281036646432190
v 0.00199999906425102 0.00401256853912216 -0.00285319049424439
v 0.00199999802103025 0.00402534195247885 -0.00289411408967286
v 0.00200000071702949 0.00343752295181650 -0.00357249386376648
v 0.00199999991998590 0.00339519645147713 -0.00356567819184571
v 0.00200000213066265 0.00347673559122267 -0.00358981473511963
v 0.00200000281115811 0.00404806925143715 -0.00293046481675415
v 0.00199999849783122 0.00351028070183066 -0.00361650927132874
v 0.00200000018607675 0.00407926276305519 -0.00295986850327759
v 0.00200000263937764 0.00359967477357902 -0.00370860750741272
v 0.00199999943037732 0.00418314590790250 -0.00303524453706055
v 0.00199999938749646 0.00367882774486963 -0.00377112896508484
v 0.00199999924563720 0.00425629686264740 -0.00310469658440857
v 0.00200000068803680 0.00376439678133019 -0.00382469995087891
v 0.00199999944820045 0.00432149731746162 -0.00318177063531189
v 0.00199999918092404 0.00385357175500731 -0.00387206871575623
v 0.00200000195981070 0.00438107853851412 -0.00326329548424988
v 0.00200000006993406 0.00394518398472803 -0.00391420705384522
v 0.00200000233478612 0.00443582642419389 -0.00334797794884949
v 0.00199999724186047 0.00403848111942331 -0.00395170958108216
v 0.00200000410410909 0.00448622313991005 -0.00343498880929261
v 0.00200000159302918 0.00413356635641554 -0.00398502309388428
v 0.00199999860640806 0.00453272619248099 -0.00352436454362183
v 0.00199999908729240 0.00423061659491645 -0.00401459593838959
v 0.00200000170196079 0.00457581165113889 -0.00361622006959229
v 0.00199999806532291 0.00451775825759765 -0.00394840009278565
v 0.00199999981709968 0.00455115671268910 -0.00390985758370667
v 0.00200000163417062 0.00461131897070335 -0.00369928462571411
v 0.00199999926053535 0.00458422347258522 -0.00387103278703003
v 0.00199999870510591 0.00448403522563287 -0.00398665745324402
v 0.00200000225585355 0.00431789138024505 -0.00403791673249512
v 0.00200000253664711 0.00335252834506821 -0.00356981237000733
v 0.00199999903483300 0.00331229698363036 -0.00358462650841980
v 0.00200000038881921 0.00327713838845745 -0.00360915334290772
v 0.00199999732417415 0.00322086928251590 -0.00365945608681946
v 0.00199999959041449 0.00316382800375686 -0.00370888145036011
v 0.00199999765079706 0.00310603107030405 -0.00375741798943787
v 0.00199999839275673 0.00307674816898127 -0.00378872997826844
v 0.00199999657369661 0.00224999961070145 -0.00389711434907227
v 0.00199999831692470 0.00305636255813870 -0.00382644088334351
v 0.00200000004941585 0.00304619720386038 -0.00386808807915955
v 0.00199999778496560 0.00304691828908919 -0.00391095192498474
v 0.00199999928990997 0.00305848184455845 -0.00395223243302613
v 0.00199999874118842 0.00232453504106581 -0.00442391200131684
v 0.00200000151125311 0.00234920370508709 -0.00445897574490815
v 0.00200000035839119 0.00308013221557438 -0.00398923428124695
v 0.00199999822743075 0.00240902384595927 -0.00457252819604187
v 0.00200000216351247 0.00315857452358293 -0.00409082443780213
v 0.00199999681689813 0.00246736063965937 -0.00465481777257233
v 0.00199999915954788 0.00320919312992254 -0.00417807180947571
v 0.00199999936186136 0.00253437283321625 -0.00473032624787598
v 0.00199999992253258 0.00325003958671459 -0.00427039380139618
v 0.00200000240016177 0.00260658741935837 -0.00480089945859223
v 0.00200000002117974 0.00328423436214175 -0.00436540122098236
v 0.00199999697231795 0.00268261610776903 -0.00486714084214478
v 0.00200000011070085 0.00331290547173508 -0.00446207745141297
v 0.00200000217148012 0.00276157133595443 -0.00492940933770447
v 0.00200000276348798 0.00333675036427767 -0.00455976255006104
v 0.00200000301274218 0.00284341802337706 -0.00498816187447815
v 0.00200000136245970 0.00335619248819546 -0.00465862042969971
v 0.00199999833701758 0.00292820395400086 -0.00504387952155381
v 0.00199999971248132 0.00337165249936216 -0.00475889320439606
v 0.00199999824343662 0.00322236305163472 -0.00506126172608643
v 0.00200000025328954 0.00326526728531109 -0.00503368957108765
v 0.00200000048882750 0.00338231704824583 -0.00484859557217865
v 0.00199999954397696 0.00330793208809527 -0.00500575370854645
v 0.00199999821431905 0.00317922650538814 -0.00508846826619416
v 0.00200000296418694 0.00300537489458657 -0.00509084291524201
v 0.00199999881354162 0.00229178955441827 -0.00439624471730500
v 0.00200000358650157 0.00225310025713570 -0.00437778074807434
v 0.00199999992351905 0.00221099234379503 -0.00436972601479798
v 0.00200000015845246 0.00216822155113624 -0.00437260646886139
v 0.00199999945902252 0.00212757334852194 -0.00438623399800568
v 0.00199999918834148 0.00205941280661306 -0.00441864640778809
v 0.00200000110872397 0.00199076018842083 -0.00444999976224213
v 0.00199999759077546 0.00192162870844420 -0.00448028655118256
v 0.00200000014317601 0.00188471327681458 -0.00450208063191681
v 0.00200000206388611 0.00185452806528147 -0.00453252000874787
v 0.00199999649600028 0.00183303807535356 -0.00456961650914460
v 0.00200000268400519 0.00182165955956309 -0.00461094756192475
v 0.00499999955500708 0.00189434190214329 -0.00551602910227089
v 0.00499999840260129 0.00187929873215304 -0.00560510210460930
v 0.00499999754336406 0.00190775786199714 -0.00541546256608277
v 0.00499999917085492 0.00191695609290497 -0.00531513155764847
v 0.00499999742923772 0.00192159778134945 -0.00521468592948227
v 0.00500000336161180 0.00192132810676206 -0.00511384804314881
v 0.00499999716589264 0.00191528109880464 -0.00501305503911286
v 0.00499999719680031 0.00190209745152098 -0.00491296453542023
v 0.00499999802127275 0.00187810920708658 -0.00481498987740784
v 0.00500000318153607 0.00183146940987332 -0.00469541616505890
v 0.00499999729229625 0.00192162853611716 -0.00448028655118256
v 0.00499999984469681 0.00188471310448753 -0.00450208063191681
v 0.00500000176540691 0.00185452789295442 -0.00453252000874787
v 0.00500000280477055 0.00183304171772378 -0.00456961650914460
v 0.00500000238552599 0.00182165938723604 -0.00461094756192475
v 0.00500000382832741 0.00182112283061349 -0.00465381391114502
v 0.00499999916054331 0.00212757317619489 -0.00438623399800568
v 0.00499999888986227 0.00205941263428601 -0.00441864640778809
v 0.00500000081024476 0.00199076001609378 -0.00444999976224213
v 0.00500000121277391 0.00234920353276004 -0.00445897574490815
v 0.00499999844270922 0.00232453486873876 -0.00442391200131684
v 0.00499999851506242 0.00229178938209122 -0.00439624471730500
v 0.00500000328802237 0.00225310008480865 -0.00437778074807434
v 0.00499999962503985 0.00221099217146798 -0.00436972601479798
v 0.00499999985997326 0.00216822137880919 -0.00437260646886139
v 0.00499999792895155 0.00240902367363222 -0.00457252819604187
v 0.00499999651841892 0.00246736046733232 -0.00465481777257233
v 0.00499999906338216 0.00253437266088920 -0.00473032624787598
v 0.00500000210168257 0.00260658724703132 -0.00480089945859223
v 0.00499999667383874 0.00268261593544198 -0.00486714084214478
v 0.00500000187300092 0.00276157116362738 -0.00492940933770447
v 0.00500000271426297 0.00284341785105001 -0.00498816187447815
v 0.00499999803853838 0.00292820378167381 -0.00504387952155381
v 0.00500000266570773 0.00300537472225952 -0.00509084291524201
v 0.00499999791583985 0.00317922633306110 -0.00508846826619416
v 0.00499999924549776 0.00330793191576822 -0.00500575370854645
v 0.00499999995481034 0.00326526711298404 -0.00503368957108765
v 0.00499999794495742 0.00322236287930767 -0.00506126172608643
v 0.00500000019034829 0.00338231687591878 -0.00484859557217865
v 0.00499999941400212 0.00337165232703511 -0.00475889320439606
v 0.00500000106398050 0.00335619231586841 -0.00465862042969971
v 0.00500000246500878 0.00333675019195062 -0.00455976255006104
v 0.00499999981222165 0.00331290529940803 -0.00446207745141297
v 0.00499999972270054 0.00328423418981470 -0.00436540122098236
v 0.00499999962405337 0.00325003941438754 -0.00427039380139618
v 0.00499999886106867 0.00320919295759550 -0.00417807180947571
v 0.00500000186503326 0.00315857435125588 -0.00409082443780213
v 0.00500000005991199 0.00308013204324734 -0.00398923428124695
v 0.00499999735231786 0.00310603089797700 -0.00375741798943787
v 0.00499999809427753 0.00307674799665422 -0.00378872997826844
v 0.00499999801844550 0.00305636238581165 -0.00382644088334351
v 0.00499999975093664 0.00304619703153333 -0.00386808807915955
v 0.00499999748648640 0.00304691811676214 -0.00391095192498474
v 0.00499999899143077 0.00305848167223140 -0.00395223243302613
v 0.00500000009034000 0.00327713821613040 -0.00360915334290772
v 0.00499999702569495 0.00322086911018885 -0.00365945608681946
v 0.00499999929193529 0.00316382783142982 -0.00370888145036011
v 0.00499999819935202 0.00351028052950361 -0.00361650927132874
v 0.00500000183218345 0.00347673541889562 -0.00358981473511963
v 0.00500000041855029 0.00343752277948945 -0.00357249386376648
v 0.00499999962150669 0.00339519627915008 -0.00356567819184571
v 0.00500000223816791 0.00335252817274116 -0.00356981237000733
v 0.00499999873635379 0.00331229681130331 -0.00358462650841980
v 0.00500000234089844 0.00359967460125197 -0.00370860750741272
v 0.00499999908901726 0.00367882757254258 -0.00377112896508484
v 0.00500000038955760 0.00376439660900314 -0.00382469995087891
v 0.00499999888244484 0.00385357158268026 -0.00387206871575623
v 0.00499999977145486 0.00394518381240099 -0.00391420705384522
v 0.00499999694338127 0.00403848094709626 -0.00395170958108216
v 0.00500000129454998 0.00413356618408849 -0.00398502309388428
v 0.00499999878881320 0.00423061642258940 -0.00401459593838959
v 0.00500000195737435 0.00431789120791800 -0.00403791673249512
v 0.00499999840662670 0.00448403505330582 -0.00398665745324402
v 0.00499999896205615 0.00458422330025817 -0.00387103278703003
v 0.00499999951862048 0.00455115654036205 -0.00390985758370667
v 0.00499999776684371 0.00451775808527060 -0.00394840009278565
v 0.00500000133569141 0.00461131879837630 -0.00369928462571411
v 0.00500000140348159 0.00457581147881184 -0.00361622006959229
v 0.00499999830792886 0.00453272602015394 -0.00352436454362183
v 0.00500000380562988 0.00448622296758300 -0.00343498880929261
v 0.00500000203630692 0.00443582625186684 -0.00334797794884949
v 0.00500000166133149 0.00438107836618707 -0.00326329548424988
v 0.00499999914972125 0.00432149714513457 -0.00318177063531189
v 0.00499999894715799 0.00425629669032035 -0.00310469658440857
v 0.00499999913189812 0.00418314573557545 -0.00303524453706055
v 0.00499999988759754 0.00407926259072814 -0.00295986850327759
v 0.00499999645917014 0.00403880222034484 -0.00273014576501160
v 0.00499999806069465 0.00401952759583709 -0.00276843888825684
v 0.00500000283012509 0.00401059294333969 -0.00281036646432190
v 0.00499999876577182 0.00401256836679511 -0.00285319049424439
v 0.00499999772255105 0.00402534178015180 -0.00289411408967286
v 0.00500000251267891 0.00404806907911010 -0.00293046481675415
v 0.00499999841068655 0.00416120484607865 -0.00253968079156189
v 0.00500000062108638 0.00412139083688977 -0.00260379822320252
v 0.00500000251371242 0.00408058555681219 -0.00266729171342163
v 0.00500000281971211 0.00438698151118017 -0.00248105485505371
v 0.00499999889724163 0.00434726967716865 -0.00246489222115784
v 0.00500000362174771 0.00430476576654503 -0.00245932109421997
v 0.00499999806124851 0.00426223389370590 -0.00246470553941040
v 0.00500000292725908 0.00422246106123149 -0.00248069365090638
v 0.00499999820209779 0.00418803015853686 -0.00250624163216858
v 0.00500000031712656 0.00449869544051207 -0.00254423744744568
v 0.00500000197862563 0.00459225945724251 -0.00258192570275574
v 0.00500000260287876 0.00468945686233249 -0.00260921914643555
v 0.00500000318780408 0.00478836331991526 -0.00262954599923401
v 0.00499999803101958 0.00488813421461863 -0.00264416725701599
v 0.00499999811206986 0.00498821647169637 -0.00265386588639527
v 0.00500000335756820 0.00508883910009392 -0.00265904147691040
v 0.00499999829839735 0.00519028829252237 -0.00266007382935791
v 0.00500000214639693 0.00528059840005254 -0.00265786249703675
v 0.00500000296549907 0.00542557073620882 -0.00256187136239319
v 0.00500000102615857 0.00548912695169041 -0.00242270357674866
v 0.00499999803066481 0.00546833441054561 -0.00246927244729309
v 0.00500000151531101 0.00544714917574259 -0.00251566274232178
v 0.00499999854437180 0.00546673134792744 -0.00225027973717957
v 0.00499999891309546 0.00540926610966995 -0.00218058211869507
v 0.00500000011927473 0.00534204905468586 -0.00210458571976929
v 0.00499999770668994 0.00527224427344435 -0.00203193242615967
v 0.00500000135885768 0.00519937722993084 -0.00196264512604981
v 0.00500000270795325 0.00512298939518189 -0.00189681727952271
v 0.00499999992001475 0.00504285506387678 -0.00183537967271119
v 0.00499999947518212 0.00495858154235730 -0.00177979714936524
v 0.00500000167683419 0.00486882553171843 -0.00173376758164673
v 0.00500000064458026 0.00474791667510344 -0.00169071157044678
v 0.00499999989392351 0.00464437183270094 -0.00148169334000855
v 0.00499999918569512 0.00463666737091193 -0.00152386529511719
v 0.00499999802133967 0.00463990425091598 -0.00156661279267578
v 0.00500000396669693 0.00465387100403639 -0.00160714395112305
v 0.00499999837876889 0.00467765387597103 -0.00164281232423096
v 0.00499999764137225 0.00470969861021073 -0.00167128808564453
v 0.00499999788119630 0.00470815705712798 -0.00126445825166016
v 0.00500000331708198 0.00468802129912436 -0.00133719642228394
v 0.00499999958315807 0.00466675701451717 -0.00140961368150025
v 0.00500000110973201 0.00490827048369478 -0.00114459998673706
v 0.00500000270424817 0.00486561940648209 -0.00114027841157227
v 0.00500000204414605 0.00482326215137500 -0.00114690835541993
v 0.00500000001919225 0.00478397427686194 -0.00116405685014038
v 0.00500000038509230 0.00475031275443258 -0.00119060380524903
v 0.00500000091145485 0.00472447871286308 -0.00122481591767578
v 0.00499999816541437 0.00503326032461347 -0.00117374856538086
v 0.00500000157695079 0.00513365724769030 -0.00118355043000489
v 0.00499999782363989 0.00523460063826391 -0.00118235499924927
v 0.00499999925444097 0.00533522987391094 -0.00117399318284302
v 0.00500000131622659 0.00543507981841849 -0.00115991313523560
v 0.00499999686381336 0.00553384241303692 -0.00114102180070191
v 0.00500000053483774 0.00563184325678462 -0.00111764009064942
v 0.00499999733456165 0.00572947453224727 -0.00109004838532715
v 0.00499999848832856 0.00581550158659874 -0.00106248433656006
v 0.00500000108663631 0.00592755763307271 -0.00092953784531861
v 0.00500000160735165 0.00594933102315948 -0.00077810151643067
v 0.00499999794996566 0.00594250142043782 -0.00082864148682862
v 0.00500000090966112 0.00593524836929023 -0.00087912137574463
v 0.00499999749774640 0.00587926978182955 -0.00061897046632080
v 0.00500000112568720 0.00580449543164552 -0.00056828649110108
v 0.00500000133150304 0.00571858809274015 -0.00051430566376953
v 0.00499999796244566 0.00563114580800152 -0.00046426112717896
v 0.00500000158723524 0.00554170776698649 -0.00041831071442871
v 0.00500000077161193 0.00544986652832031 -0.00037666995591431
v 0.00500000096373869 0.00535567369066419 -0.00034029681748658
v 0.00499999923412183 0.00525914958683909 -0.00031070954865723
v 0.00499999756349671 0.00516006190427481 -0.00029183061188965
v 0.00499999656144454 0.00503192032933320 -0.00028458364075928
v 0.00499999897662670 0.00487368250353687 -0.00011320312089234
v 0.00500000261961770 0.00487817753646480 -0.00015583713120728
v 0.00499999763915318 0.00489332288163240 -0.00019594152039795
v 0.00500000163185915 0.00491814201586748 -0.00023089654511719
v 0.00500000101174007 0.00495101052158587 -0.00025841958588868
v 0.00500000345735024 0.00498977886867261 -0.00027671344346314
v 0.00499999897662670 0.00487368250353687 0.00011320297651977
v 0.00500000038010030 0.00487485499940711 0.00003773729735107
v 0.00500000038010030 0.00487485499940711 -0.00003773744172364
v 0.00499999656144454 0.00503192032933320 0.00028458349638672
v 0.00500000345735024 0.00498977886867261 0.00027671377592773
v 0.00500000101174007 0.00495101052158587 0.00025841991835327
v 0.00500000163185915 0.00491814201586748 0.00023089640074463
v 0.00499999763915318 0.00489332288163240 0.00019594137602539
v 0.00500000261961770 0.00487817753646480 0.00015583698683471
v 0.00499999756349671 0.00516006190427481 0.00029183046751709
v 0.00499999923412183 0.00525914958683909 0.00031070940428466
v 0.00500000096373869 0.00535567369066419 0.00034029667311401
v 0.00500000077161193 0.00544986652832031 0.00037666981154174
v 0.00500000158723524 0.00554170776698649 0.00041831057005615
v 0.00499999796244566 0.00563114580800152 0.00046426098280639
v 0.00500000133150304 0.00571858809274015 0.00051430551939697
v 0.00500000112568720 0.00580449543164552 0.00056828682356567
v 0.00499999749774640 0.00587926978182955 0.00061897032194824
v 0.00500000160735165 0.00594933102315948 0.00077810137205810
v 0.00500000108663631 0.00592755763307271 0.00092953770094604
v 0.00500000090966112 0.00593524836929023 0.00087912123137207
v 0.00499999794996566 0.00594250142043782 0.00082864134245605
v 0.00499999848832856 0.00581550158659874 0.00106248419218750
v 0.00499999733456165 0.00572947453224727 0.00109004824095459
v 0.00500000053483774 0.00563184325678462 0.00111763994627685
v 0.00499999686381336 0.00553384241303692 0.00114102165632934
v 0.00500000131622659 0.00543507981841849 0.00115991299086303
v 0.00499999925444097 0.00533522987391094 0.00117399303847046
v 0.00499999782363989 0.00523460063826391 0.00118235485487671
v 0.00500000157695079 0.00513365724769030 0.00118355028563232
v 0.00499999816541437 0.00503326032461347 0.00117374842100830
v 0.00500000110973201 0.00490827048369478 0.00114459984236450
v 0.00499999788119630 0.00470815705712798 0.00126445810728759
v 0.00500000091145485 0.00472447871286308 0.00122481577330322
v 0.00500000038509230 0.00475031275443258 0.00119060413771362
v 0.00500000001919225 0.00478397427686194 0.00116405670576782
v 0.00500000204414605 0.00482326215137500 0.00114690868788452
v 0.00500000270424817 0.00486561940648209 0.00114027826719970
v 0.00499999989392351 0.00464437183270094 0.00148169367247314
v 0.00499999958315807 0.00466675701451717 0.00140961401396484
v 0.00500000331708198 0.00468802129912436 0.00133719627791137
v 0.00500000064458026 0.00474791667510344 0.00169071142607422
v 0.00499999764137225 0.00470969861021073 0.00167128794127197
v 0.00499999837876889 0.00467765387597103 0.00164281217985840
v 0.00500000396669693 0.00465387100403639 0.00160714380675048
v 0.00499999802133967 0.00463990425091598 0.00156661264830322
v 0.00499999918569512 0.00463666737091193 0.00152386515074463
v 0.00500000167683419 0.00486882553171843 0.00173376743727417
v 0.00499999947518212 0.00495858154235730 0.00177979748182983
v 0.00499999992001475 0.00504285506387678 0.00183537952833862
v 0.00500000270795325 0.00512298939518189 0.00189681713515014
v 0.00500000135885768 0.00519937722993084 0.00196264545851440
v 0.00499999770668994 0.00527224427344435 0.00203193275862426
v 0.00500000011927473 0.00534204905468586 0.00210458557539673
v 0.00499999891309546 0.00540926610966995 0.00218058197432251
v 0.00499999854437180 0.00546673134792744 0.00225027935438842
v 0.00500000102615857 0.00548912695169041 0.00242270367079467
v 0.00500000296549907 0.00542557073620882 0.00256187145643921
v 0.00500000151531101 0.00544714917574259 0.00251566307478637
v 0.00499999803066481 0.00546833441054561 0.00246927254133911
v 0.00500000214639693 0.00528059840005254 0.00265786259108276
v 0.00499999829839735 0.00519028829252237 0.00266007416182251
v 0.00500000335756820 0.00508883910009392 0.00265904133253784
v 0.00499999811206986 0.00498821647169637 0.00265386574202270
v 0.00499999803101958 0.00488813421461863 0.00264416687422485
v 0.00500000318780408 0.00478836331991526 0.00262954609328003
v 0.00500000260287876 0.00468945686233249 0.00260921947890014
v 0.00500000197862563 0.00459225945724251 0.00258192531996460
v 0.00500000031712656 0.00449869544051207 0.00254423706465454
v 0.00500000281971211 0.00438698151118017 0.00248105518751831
v 0.00499999841068655 0.00416120484607865 0.00253968040877075
v 0.00499999820209779 0.00418803015853686 0.00250624172621460
v 0.00500000292725908 0.00422246106123149 0.00248069374495239
v 0.00499999806124851 0.00426223389370590 0.00246470539503784
v 0.00500000362174771 0.00430476576654503 0.00245932094984741
v 0.00499999889724163 0.00434726967716865 0.00246489231520385
v 0.00499999645917014 0.00403880222034484 0.00273014538222046
v 0.00500000251371242 0.00408058555681219 0.00266729156904907
v 0.00500000062108638 0.00412139083688977 0.00260379784041137
v 0.00499999988759754 0.00407926259072814 0.00295986835890503
v 0.00500000251267891 0.00404806907911010 0.00293046467238159
v 0.00499999772255105 0.00402534178015180 0.00289411442213745
v 0.00499999876577182 0.00401256836679511 0.00285319034987182
v 0.00500000283012509 0.00401059294333969 0.00281036655836792
v 0.00499999806069465 0.00401952759583709 0.00276843922072143
v 0.00499999913189812 0.00418314573557545 0.00303524486952514
v 0.00499999894715799 0.00425629669032035 0.00310469620161743
v 0.00499999914972125 0.00432149714513457 0.00318177025252075
v 0.00500000166133149 0.00438107836618707 0.00326329510145874
v 0.00500000203630692 0.00443582625186684 0.00334797756605835
v 0.00500000380562988 0.00448622296758300 0.00343498890333862
v 0.00499999830792886 0.00453272602015394 0.00352436439924926
v 0.00500000140348159 0.00457581147881184 0.00361622040205688
v 0.00500000133569141 0.00461131879837630 0.00369928448134155
v 0.00499999896205615 0.00458422330025817 0.00387103264265747
v 0.00499999840662670 0.00448403505330582 0.00398665707045288
v 0.00499999776684371 0.00451775808527060 0.00394840042525024
v 0.00499999951862048 0.00455115654036205 0.00390985767775268
v 0.00500000195737435 0.00431789120791800 0.00403791706495971
v 0.00499999878881320 0.00423061642258940 0.00401459591322632
v 0.00500000129454998 0.00413356618408849 0.00398502342634887
v 0.00499999694338127 0.00403848094709626 0.00395170967512817
v 0.00499999977145486 0.00394518381240099 0.00391420738630981
v 0.00499999888244484 0.00385357158268026 0.00387206833296508
v 0.00500000038955760 0.00376439660900314 0.00382470028334350
v 0.00499999908901726 0.00367882757254258 0.00377112858229370
v 0.00500000234089844 0.00359967460125197 0.00370860760145874
v 0.00499999819935202 0.00351028052950361 0.00361650936537475
v 0.00500000009034000 0.00327713821613040 0.00360915367537231
v 0.00499999873635379 0.00331229681130331 0.00358462612562866
v 0.00500000223816791 0.00335252817274116 0.00356981270247192
v 0.00499999962150669 0.00339519627915008 0.00356567852431030
v 0.00500000041855029 0.00343752277948945 0.00357249348097534
v 0.00500000183218345 0.00347673541889562 0.00358981506758423
v 0.00499999735231786 0.00310603089797700 0.00375741760664673
v 0.00499999929193529 0.00316382783142982 0.00370888130598755
v 0.00499999702569495 0.00322086911018885 0.00365945618086548
v 0.00500000005991199 0.00308013204324734 0.00398923389845581
v 0.00499999899143077 0.00305848167223140 0.00395223228865356
v 0.00499999748648640 0.00304691811676214 0.00391095154219360
v 0.00499999975093664 0.00304619703153333 0.00386808769636840
v 0.00499999801844550 0.00305636238581165 0.00382644073897094
v 0.00499999809427753 0.00307674799665422 0.00378872959547729
v 0.00500000186503326 0.00315857435125588 0.00409082405501098
v 0.00499999886106867 0.00320919295759550 0.00417807190352173
v 0.00499999962405337 0.00325003941438754 0.00427039425307007
v 0.00499999972270054 0.00328423418981470 0.00436540119581909
v 0.00499999981222165 0.00331290529940803 0.00446207706862182
v 0.00500000246500878 0.00333675019195062 0.00455976288252563
v 0.00500000106398050 0.00335619231586841 0.00465862076216430
v 0.00499999941400212 0.00337165232703511 0.00475889294081421
v 0.00500000019034829 0.00338231687591878 0.00484859554701538
v 0.00499999924549776 0.00330793191576822 0.00500575344496460
v 0.00499999791583985 0.00317922633306110 0.00508846847944946
v 0.00499999794495742 0.00322236287930767 0.00506126205855102
v 0.00499999995481034 0.00326526711298404 0.00503368942671508
v 0.00500000266570773 0.00300537472225952 0.00509084312849731
v 0.00499999803853838 0.00292820378167381 0.00504387943678589
v 0.00500000271426297 0.00284341785105001 0.00498816196852417
v 0.00500000187300092 0.00276157116362738 0.00492940895491333
v 0.00499999667383874 0.00268261593544198 0.00486714069777221
v 0.00500000210168257 0.00260658724703132 0.00480089943342895
v 0.00499999906338216 0.00253437266088920 0.00473032658034057
v 0.00499999651841892 0.00246736046733232 0.00465481750899048
v 0.00499999792895155 0.00240902367363222 0.00457252781325073
v 0.00500000121277391 0.00234920353276004 0.00445897571974487
v 0.00499999916054331 0.00212757317619489 0.00438623421126098
v 0.00499999985997326 0.00216822137880919 0.00437260620527954
v 0.00499999962503985 0.00221099217146798 0.00436972610884399
v 0.00500000328802237 0.00225310008480865 0.00437778084212036
v 0.00499999851506242 0.00229178938209122 0.00439624493056030
v 0.00499999844270922 0.00232453486873876 0.00442391197615356
v 0.00499999729229625 0.00192162853611716 0.00448028652601928
v 0.00500000081024476 0.00199076001609378 0.00444999973707885
v 0.00499999888986227 0.00205941263428601 0.00441864674025268
v 0.00500000318153607 0.00183146940987332 0.00469541637831421
v 0.00500000382832741 0.00182112283061349 0.00465381424360962
v 0.00500000238552599 0.00182165938723604 0.00461094753676147
v 0.00500000280477055 0.00183304171772378 0.00456961624556274
v 0.00500000176540691 0.00185452789295442 0.00453252022200317
v 0.00499999984469681 0.00188471310448753 0.00450208084517212
v 0.00499999802127275 0.00187810920708658 0.00481498997145385
v 0.00499999719680031 0.00190209745152098 0.00491296474867553
v 0.00499999716589264 0.00191528109880464 0.00501305477553100
v 0.00500000336161180 0.00192132810676206 0.00511384766035766
v 0.00499999742923772 0.00192159778134945 0.00521468632155151
v 0.00499999917085492 0.00191695609290497 0.00531513111525268
v 0.00499999754336406 0.00190775786199714 0.00541546242171020
v 0.00499999955500708 0.00189434190214329 0.00551602928572387
v 0.00499999840260129 0.00187929873215304 0.00560510246687622
v 0.00499999758980159 0.00176365377765873 0.00573493854933471
v 0.00500000015034537 0.00161685979188557 0.00577804176741333
v 0.00500000222304714 0.00166591320869672 0.00576408951216430
v 0.00500000293616616 0.00171484691006178 0.00574972145491333
v 0.00500000018977455 0.00144937925484222 0.00573133938246460
v 0.00500000315582313 0.00138856784308132 0.00566453831129760
v 0.00500000119268466 0.00132291267400094 0.00558718960219116
v 0.00500000084791101 0.00126093206999455 0.00550775806837768
v 0.00499999980332912 0.00120272159899003 0.00542576782637329
v 0.00499999928158027 0.00114843173120116 0.00534078972273559
v 0.00499999973737973 0.00109902298274898 0.00525272934370727
v 0.00500000297519354 0.00105600284832377 0.00516140072279663
v 0.00500000229928462 0.00102321288133703 0.00506600944929809
v 0.00500000281581523 0.00099780610289072 0.00494020264082641
v 0.00499999729262750 0.00080564647987935 0.00480796806746215
v 0.00499999957636336 0.00084848920402031 0.00480634396010131
v 0.00500000154232544 0.00089034065727255 0.00481563084059448
v 0.00500000114166059 0.00092847306511161 0.00483522121840210
v 0.00500000285937846 0.00096039147665573 0.00486383812361450
v 0.00499999986350641 0.00098401727112709 0.00489961044722290
v 0.00500000149581370 0.00058154862357542 0.00484018890791626
v 0.00499999936439713 0.00065641193443785 0.00483060543471069
v 0.00499999982503654 0.00073111816783699 0.00481986420088501
v 0.00499999793331912 0.00043442954985641 0.00502120296889038
v 0.00500000129786416 0.00043622425940285 0.00497837059431762
v 0.00500000107629221 0.00044881314415327 0.00493739216261596
v 0.00500000185122658 0.00047137955095102 0.00490094177656860
v 0.00500000168125973 0.00050244673987349 0.00487140076094360
v 0.00500000108993061 0.00053998438517931 0.00485069935255737
v 0.00499999883677481 0.00044549060709557 0.00514907352858276
v 0.00500000221185770 0.00044090712456178 0.00524983780317993
v 0.00500000236531186 0.00042535815271669 0.00534958832197876
v 0.00500000172731897 0.00040276099115123 0.00544800083571167
v 0.00499999930979286 0.00037461271260897 0.00554483120375366
v 0.00500000319684332 0.00034186061871195 0.00563990013533325
v 0.00500000084884680 0.00030477056935028 0.00573357574873657
v 0.00499999791446248 0.00026356166259520 0.00582628910475464
v 0.00499999977759265 0.00022403817188720 0.00590751640730590
v 0.00500000092483088 0.00007649895336700 0.00599951260023803
v 0.00499999988171147 -0.00007649911782688 0.00599951260023803
v 0.00499999802700145 -0.00002550103232801 0.00599994556837768
v 0.00500000277954090 0.00002550086786813 0.00599994556837768
v 0.00500000102894969 -0.00022403833634708 0.00590751640730590
v 0.00500000289207987 -0.00026356182705508 0.00582628910475464
v 0.00499999995769555 -0.00030477073381016 0.00573357574873657
v 0.00499999760969903 -0.00034186078317183 0.00563990013533325
v 0.00500000149674949 -0.00037461287706885 0.00554483120375366
v 0.00499999907922338 -0.00040276115561111 0.00544800083571167
v 0.00499999844123049 -0.00042535831717656 0.00534958832197876
v 0.00499999859468465 -0.00044090728902165 0.00524983780317993
v 0.00500000196976754 -0.00044549077155545 0.00514907352858276
v 0.00500000287322322 -0.00043442971431629 0.00502120296889038
v 0.00499999931072864 -0.00058154878803530 0.00484018890791626
v 0.00499999971661174 -0.00053998454963919 0.00485069935255737
v 0.00499999912528262 -0.00050244690433336 0.00487140076094360
v 0.00499999895531577 -0.00047137971541089 0.00490094177656860
v 0.00499999973025014 -0.00044881330861315 0.00493739216261596
v 0.00499999950867819 -0.00043622442386272 0.00497837059431762
v 0.00500000351391485 -0.00080564664433923 0.00480796806746215
v 0.00500000098150581 -0.00073111833229687 0.00481986420088501
v 0.00500000144214522 -0.00065641209889773 0.00483060543471069
v 0.00499999799072712 -0.00099780626735060 0.00494020264082641
v 0.00500000094303594 -0.00098401743558696 0.00489961044722290
v 0.00499999794716389 -0.00096039164111561 0.00486383812361450
v 0.00499999966488176 -0.00092847322957149 0.00483522121840210
v 0.00499999926421691 -0.00089034082173243 0.00481563084059448
v 0.00500000123017899 -0.00084848936848019 0.00480634396010131
v 0.00499999850725772 -0.00102321304579690 0.00506600944929809
v 0.00499999783134881 -0.00105600301278364 0.00516140072279663
v 0.00500000106916262 -0.00109902314720885 0.00525272934370727
v 0.00500000152496208 -0.00114843189566104 0.00534078972273559
v 0.00500000100321323 -0.00120272176344990 0.00542576782637329
v 0.00499999995863134 -0.00126093223445443 0.00550775806837768
v 0.00499999961385768 -0.00132291283846082 0.00558718960219116
v 0.00499999765071922 -0.00138856800754120 0.00566453831129760
v 0.00500000061676780 -0.00144937941930209 0.00573133938246460
v 0.00500000065619698 -0.00161685995634544 0.00577804176741333
v 0.00500000321674076 -0.00176365394211861 0.00573493854933471
v 0.00499999787037618 -0.00171484707452165 0.00574972145491333
v 0.00499999858349521 -0.00166591337315660 0.00576408951216430
v 0.00500000240394106 -0.00187929889661292 0.00560510246687622
v 0.00500000125153527 -0.00189434206660317 0.00551602928572387
v 0.00500000326317829 -0.00190775802645701 0.00541546242171020
v 0.00500000163568743 -0.00191695625736484 0.00531513111525268
v 0.00500000337730462 -0.00192159794580932 0.00521468632155151
v 0.00499999744493054 -0.00192132827122194 0.00511384766035766
v 0.00500000364064971 -0.00191528126326451 0.00501305477553100
v 0.00500000360974204 -0.00190209761598085 0.00491296474867553
v 0.00500000278526960 -0.00187810937154646 0.00481498997145385
v 0.00499999762500628 -0.00183146957433320 0.00469541637831421
v 0.00500000351424609 -0.00192162870057703 0.00448028652601928
v 0.00500000096184554 -0.00188471326894740 0.00450208084517212
v 0.00499999904113544 -0.00185452805741429 0.00453252022200317
v 0.00499999800177180 -0.00183304188218366 0.00456961624556274
v 0.00499999842101636 -0.00182165955169591 0.00461094753676147
v 0.00499999697821494 -0.00182112299507336 0.00465381424360962
v 0.00500000164599904 -0.00212757334065476 0.00438623421126098
v 0.00500000191668007 -0.00205941279874589 0.00441864674025268
v 0.00499999999629758 -0.00199076018055366 0.00444999973707885
v 0.00499999959376844 -0.00234920369721991 0.00445897571974487
v 0.00500000236383313 -0.00232453503319864 0.00442391197615356
v 0.00500000229147993 -0.00229178954655109 0.00439624493056030
v 0.00499999751851998 -0.00225310024926852 0.00437778084212036
v 0.00500000118150250 -0.00221099233592786 0.00436972610884399
v 0.00500000094656909 -0.00216822154326906 0.00437260620527954
v 0.00500000287759080 -0.00240902383809209 0.00457252781325073
v 0.00500000428812343 -0.00246736063179220 0.00465481750899048
v 0.00500000174316019 -0.00253437282534907 0.00473032658034057
v 0.00499999870485978 -0.00260658741149120 0.00480089943342895
v 0.00500000413270360 -0.00268261609990186 0.00486714069777221
v 0.00499999893354143 -0.00276157132808725 0.00492940895491333
v 0.00499999809227938 -0.00284341801550988 0.00498816196852417
v 0.00500000276800397 -0.00292820394613369 0.00504387943678589
v 0.00499999814083461 -0.00300537488671940 0.00509084312849731
v 0.00500000289070250 -0.00317922649752097 0.00508846847944946
v 0.00500000156104459 -0.00330793208022810 0.00500575344496460
v 0.00500000085173201 -0.00326526727744392 0.00503368942671508
v 0.00500000286158493 -0.00322236304376754 0.00506126205855102
v 0.00500000061619406 -0.00338231704037866 0.00484859554701538
v 0.00500000139254023 -0.00337165249149498 0.00475889294081421
v 0.00499999974256185 -0.00335619248032828 0.00465862076216430
v 0.00499999834153357 -0.00333675035641049 0.00455976288252563
v 0.00500000099432070 -0.00331290546386790 0.00446207706862182
v 0.00500000108384181 -0.00328423435427458 0.00436540119581909
v 0.00500000118248897 -0.00325003957884741 0.00427039425307007
v 0.00500000194547368 -0.00320919312205537 0.00417807190352173
v 0.00499999894150908 -0.00315857451571576 0.00409082405501098
v 0.00500000074663036 -0.00308013220770721 0.00398923389845581
v 0.00500000345422449 -0.00310603106243687 0.00375741760664673
v 0.00500000271226482 -0.00307674816111409 0.00378872959547729
v 0.00500000278809685 -0.00305636255027152 0.00382644073897094
v 0.00500000105560571 -0.00304619719599321 0.00386808769636840
v 0.00499999671280647 -0.00304692209591928 0.00391095154219360
v 0.00500000181511158 -0.00305848183669128 0.00395223228865356
v 0.00500000071620234 -0.00327713838059028 0.00360915367537231
v 0.00500000378084740 -0.00322086927464872 0.00365945618086548
v 0.00500000151460706 -0.00316382799588969 0.00370888130598755
v 0.00500000260719033 -0.00351028069396349 0.00361650936537475
v 0.00499999897435890 -0.00347673558335549 0.00358981506758423
v 0.00500000038799206 -0.00343752294394933 0.00357249348097534
v 0.00500000118503566 -0.00339519644360996 0.00356567852431030
v 0.00499999856837444 -0.00335252833720104 0.00356981270247192
v 0.00500000207018855 -0.00331229697576319 0.00358462612562866
v 0.00499999846564391 -0.00359967476571184 0.00370860760145874
v 0.00500000171752509 -0.00367882773700246 0.00377112858229370
v 0.00500000137065907 -0.00376439842527538 0.00382470028334350
v 0.00500000192409751 -0.00385357174714014 0.00387206833296508
v 0.00500000103508749 -0.00394518397686086 0.00391420738630981
v 0.00500000290948676 -0.00403847945974377 0.00395170967512817
v 0.00499999951199237 -0.00413356634854836 0.00398502342634887
v 0.00500000201772915 -0.00423061658704927 0.00401459591322632
v 0.00499999884916800 -0.00431789137237788 0.00403791706495971
v 0.00500000144624133 -0.00448403356595333 0.00398665707045288
v 0.00500000184448620 -0.00458422346471805 0.00387103264265747
v 0.00500000033424756 -0.00455115505300955 0.00390985767775268
v 0.00500000208602432 -0.00451775659791810 0.00394840042525024
v 0.00499999851717662 -0.00461131731102381 0.00369928448134155
v 0.00500000035673508 -0.00457581329508408 0.00361622040205688
v 0.00500000345228781 -0.00453272783642619 0.00352436439924926
v 0.00499999795458678 -0.00448622478385525 0.00343498890333862
v 0.00499999781656112 -0.00443582476451435 0.00334797756605835
v 0.00499999914521085 -0.00438107853064695 0.00326329510145874
v 0.00500000261049542 -0.00432149896140681 0.00318177025252075
v 0.00500000090571004 -0.00425629520296786 0.00310469620161743
v 0.00500000167464423 -0.00418314590003532 0.00303524486952514
v 0.00500000091894480 -0.00407926275518802 0.00295986835890503
v 0.00500000339369789 -0.00403880073299235 0.00273014538222046
v 0.00500000274584770 -0.00401952776029696 0.00276843922072143
v 0.00499999797641726 -0.00401059310779956 0.00281036655836792
v 0.00500000299444485 -0.00401257018306736 0.00285319034987182
v 0.00500000213031698 -0.00402534029279930 0.00289411442213745
v 0.00499999829386344 -0.00404806924356997 0.00293046467238159
v 0.00500000334953011 -0.00416120666235089 0.00253968040877075
v 0.00500000018545597 -0.00412139100134965 0.00260379784041137
v 0.00499999924650424 -0.00408058737308443 0.00266729156904907
v 0.00499999703315592 -0.00438698002382768 0.00248105518751831
v 0.00500000286297503 -0.00434727149344090 0.00246489231520385
v 0.00499999813846896 -0.00430476758281727 0.00245932094984741
v 0.00500000274529384 -0.00426223405816578 0.00246470539503784
v 0.00499999787928327 -0.00422246122569136 0.00248069374495239
v 0.00500000355811888 -0.00418803197480911 0.00250624172621460
v 0.00500000144309011 -0.00449869725678432 0.00254423706465454
v 0.00499999978159104 -0.00459226127351476 0.00258192531996460
v 0.00499999820366359 -0.00468945702679237 0.00260921947890014
v 0.00499999857241259 -0.00478836513618750 0.00262954609328003
v 0.00500000277552277 -0.00488813437907850 0.00264416687422485
v 0.00500000364814681 -0.00498821828796861 0.00265386574202270
v 0.00499999744897415 -0.00508883926455379 0.00265904133253784
v 0.00500000346181931 -0.00519029010879461 0.00266007416182251
v 0.00499999866014542 -0.00528059856451241 0.00265786259108276
v 0.00499999879471760 -0.00542557255248107 0.00256187145643921
v 0.00499999978038378 -0.00548912711615029 0.00242270367079467
v 0.00500000277587754 -0.00546833457500549 0.00246927254133911
v 0.00500000024490565 -0.00544715099201483 0.00251566307478637
v 0.00500000321584486 -0.00546673316419969 0.00225027935438842
v 0.00500000189344689 -0.00540926627412982 0.00218058197432251
v 0.00500000068726761 -0.00534204921914573 0.00210458557539673
v 0.00499999744627724 -0.00527224990441386 0.00203193275862426
v 0.00499999944768467 -0.00519937739439072 0.00196264545851440
v 0.00499999905226341 -0.00512299121145413 0.00189681713515014
v 0.00500000184020192 -0.00504285688014902 0.00183537952833862
v 0.00500000037768591 -0.00495858005500480 0.00177979748182983
v 0.00500000008338247 -0.00486882734799067 0.00173376743727417
v 0.00500000016196209 -0.00474791683956332 0.00169071142607422
v 0.00500000186629316 -0.00464437364897319 0.00148169367247314
v 0.00500000257452154 -0.00463666918718417 0.00152386515074463
v 0.00500000278520268 -0.00463990441537585 0.00156661264830322
v 0.00499999779351974 -0.00465387282030863 0.00160714380675048
v 0.00500000147409914 -0.00467765238861854 0.00164281217985840
v 0.00500000221149578 -0.00470969712285824 0.00167128794127197
v 0.00500000387902037 -0.00470815887340023 0.00126445810728759
v 0.00499999748946037 -0.00468802146358423 0.00133719627791137
v 0.00500000026970997 -0.00466675552716467 0.00140961401396484
v 0.00499999874313602 -0.00490826899634229 0.00114459984236450
v 0.00499999810229418 -0.00486561957094196 0.00114027826719970
v 0.00499999971607062 -0.00482326396764725 0.00114690868788452
v 0.00499999983367579 -0.00478397278950944 0.00116405670576782
v 0.00500000042145005 -0.00475031291889246 0.00119060413771362
v 0.00499999989508750 -0.00472447887732295 0.00122481577330322
v 0.00500000359480230 -0.00503326214088571 0.00117374842100830
v 0.00499999827591724 -0.00513365576033781 0.00118355028563232
v 0.00500000298290246 -0.00523460080272379 0.00118235485487671
v 0.00500000155210138 -0.00533523003837082 0.00117399303847046
v 0.00499999949031576 -0.00543507998287836 0.00115991299086303
v 0.00500000298905467 -0.00553384092568443 0.00114102165632934
v 0.00500000027170461 -0.00563184342124449 0.00111763994627685
v 0.00499999686473122 -0.00572947851140441 0.00109004824095459
v 0.00500000231821378 -0.00581550175105861 0.00106248419218750
v 0.00500000067358035 -0.00592755944934495 0.00092953770094604
v 0.00500000015286502 -0.00594933283943172 0.00077810137205810
v 0.00500000285657668 -0.00594250158489770 0.00082864134245605
v 0.00499999894320692 -0.00593524688193774 0.00087912123137207
v 0.00500000235512163 -0.00587926829447706 0.00061897032194824
v 0.00499999968085515 -0.00580449559610539 0.00056828682356567
v 0.00500000042871362 -0.00571858990901240 0.00051430551939697
v 0.00500000189042237 -0.00563114432064902 0.00046426098280639
v 0.00499999921930711 -0.00554170793144636 0.00041831057005615
v 0.00500000003493042 -0.00544986669278019 0.00037666981154174
v 0.00499999888912934 -0.00535567220331170 0.00034029667311401
v 0.00500000157242051 -0.00525914975129896 0.00031070940428466
v 0.00500000324304564 -0.00516006206873468 0.00029183046751709
v 0.00500000329142349 -0.00503191884198070 0.00028458349638672
v 0.00500000278358997 -0.00487368431980912 0.00011320297651977
v 0.00499999723325033 -0.00487817604911231 0.00015583698683471
v 0.00500000221371485 -0.00489332139427991 0.00019594137602539
v 0.00499999917468320 -0.00491814218032736 0.00023089640074463
v 0.00499999884112796 -0.00495100903423337 0.00025841991835327
v 0.00499999830286643 -0.00498978068494485 0.00027671377592773
v 0.00500000278358997 -0.00487368431980912 -0.00011320312089234
v 0.00499999947276774 -0.00487485351205461 -0.00003773744172364
v 0.00499999947276774 -0.00487485351205461 0.00003773729735107
v 0.00500000329142349 -0.00503191884198070 -0.00028458364075928
v 0.00499999830286643 -0.00498978068494485 -0.00027671344346314
v 0.00499999884112796 -0.00495100903423337 -0.00025841958588868
v 0.00499999917468320 -0.00491814218032736 -0.00023089654511719
v 0.00500000221371485 -0.00489332139427991 -0.00019594152039795
v 0.00499999723325033 -0.00487817604911231 -0.00015583713120728
v 0.00500000324304564 -0.00516006206873468 -0.00029183061188965
v 0.00500000157242051 -0.00525914975129896 -0.00031070954865723
v 0.00499999888912934 -0.00535567220331170 -0.00034029681748658
v 0.00500000003493042 -0.00544986669278019 -0.00037666995591431
v 0.00499999921930711 -0.00554170793144636 -0.00041831071442871
v 0.00500000189042237 -0.00563114432064902 -0.00046426112717896
v 0.00500000042871362 -0.00571858990901240 -0.00051430566376953
v 0.00499999968085515 -0.00580449559610539 -0.00056828649110108
v 0.00500000235512163 -0.00587926829447706 -0.00061897046632080
v 0.00500000015286502 -0.00594933283943172 -0.00077810151643067
v 0.00500000067358035 -0.00592755944934495 -0.00092953784531861
v 0.00499999894320692 -0.00593524688193774 -0.00087912137574463
v 0.00500000285657668 -0.00594250158489770 -0.00082864148682862
v 0.00500000231821378 -0.00581550175105861 -0.00106248433656006
v 0.00499999686473122 -0.00572947851140441 -0.00109004838532715
v 0.00500000027170461 -0.00563184342124449 -0.00111764009064942
v 0.00500000298905467 -0.00553384092568443 -0.00114102180070191
v 0.00499999949031576 -0.00543507998287836 -0.00115991313523560
v 0.00500000155210138 -0.00533523003837082 -0.00117399318284302
v 0.00500000298290246 -0.00523460080272379 -0.00118235499924927
v 0.00499999827591724 -0.00513365576033781 -0.00118355043000489
v 0.00500000359480230 -0.00503326214088571 -0.00117374856538086
v 0.00499999874313602 -0.00490826899634229 -0.00114459998673706
v 0.00500000387902037 -0.00470815887340023 -0.00126445825166016
v 0.00499999989508750 -0.00472447887732295 -0.00122481591767578
v 0.00500000042145005 -0.00475031291889246 -0.00119060380524903
v 0.00499999983367579 -0.00478397278950944 -0.00116405685014038
v 0.00499999971607062 -0.00482326396764725 -0.00114690835541993
v 0.00499999810229418 -0.00486561957094196 -0.00114027841157227
v 0.00500000186629316 -0.00464437364897319 -0.00148169334000855
v 0.00500000026970997 -0.00466675552716467 -0.00140961368150025
v 0.00499999748946037 -0.00468802146358423 -0.00133719642228394
v 0.00500000016196209 -0.00474791683956332 -0.00169071157044678
v 0.00500000221149578 -0.00470969712285824 -0.00167128808564453
v 0.00500000147409914 -0.00467765238861854 -0.00164281232423096
v 0.00499999779351974 -0.00465387282030863 -0.00160714395112305
v 0.00500000278520268 -0.00463990441537585 -0.00156661279267578
v 0.00500000257452154 -0.00463666918718417 -0.00152386529511719
v 0.00500000008338247 -0.00486882734799067 -0.00173376758164673
v 0.00500000037768591 -0.00495858005500480 -0.00177979714936524
v 0.00500000184020192 -0.00504285688014902 -0.00183537967271119
v 0.00499999905226341 -0.00512299121145413 -0.00189681727952271
v 0.00499999944768467 -0.00519937739439072 -0.00196264512604981
v 0.00499999744627724 -0.00527224990441386 -0.00203193242615967
v 0.00500000068726761 -0.00534204921914573 -0.00210458571976929
v 0.00500000189344689 -0.00540926627412982 -0.00218058211869507
v 0.00500000321584486 -0.00546673316419969 -0.00225027973717957
v 0.00499999978038378 -0.00548912711615029 -0.00242270357674866
v 0.00499999879471760 -0.00542557255248107 -0.00256187136239319
v 0.00500000024490565 -0.00544715099201483 -0.00251566274232178
v 0.00500000277587754 -0.00546833457500549 -0.00246927244729309
v 0.00499999866014542 -0.00528059856451241 -0.00265786249703675
v 0.00500000346181931 -0.00519029010879461 -0.00266007382935791
v 0.00499999744897415 -0.00508883926455379 -0.00265904147691040
v 0.00500000364814681 -0.00498821828796861 -0.00265386588639527
v 0.00500000277552277 -0.00488813437907850 -0.00264416725701599
v 0.00499999857241259 -0.00478836513618750 -0.00262954599923401
v 0.00499999820366359 -0.00468945702679237 -0.00260921914643555
v 0.00499999978159104 -0.00459226127351476 -0.00258192570275574
v 0.00500000144309011 -0.00449869725678432 -0.00254423744744568
v 0.00499999703315592 -0.00438698002382768 -0.00248105485505371
v 0.00500000334953011 -0.00416120666235089 -0.00253968079156189
v 0.00500000355811888 -0.00418803197480911 -0.00250624163216858
v 0.00499999787928327 -0.00422246122569136 -0.00248069365090638
v 0.00500000274529384 -0.00426223405816578 -0.00246470553941040
v 0.00499999813846896 -0.00430476758281727 -0.00245932109421997
v 0.00500000286297503 -0.00434727149344090 -0.00246489222115784
v 0.00500000339369789 -0.00403880073299235 -0.00273014576501160
v 0.00499999924650424 -0.00408058737308443 -0.00266729171342163
v 0.00500000018545597 -0.00412139100134965 -0.00260379822320252
v 0.00500000091894480 -0.00407926275518802 -0.00295986850327759
v 0.00499999829386344 -0.00404806924356997 -0.00293046481675415
v 0.00500000213031698 -0.00402534029279930 -0.00289411408967286
v 0.00500000299444485 -0.00401257018306736 -0.00285319049424439
v 0.00499999797641726 -0.00401059310779956 -0.00281036646432190
v 0.00500000274584770 -0.00401952776029696 -0.00276843888825684
v 0.00500000167464423 -0.00418314590003532 -0.00303524453706055
v 0.00500000090571004 -0.00425629520296786 -0.00310469658440857
v 0.00500000261049542 -0.00432149896140681 -0.00318177063531189
v 0.00499999914521085 -0.00438107853064695 -0.00326329548424988
v 0.00499999781656112 -0.00443582476451435 -0.00334797794884949
v 0.00499999795458678 -0.00448622478385525 -0.00343498880929261
v 0.00500000345228781 -0.00453272783642619 -0.00352436454362183
v 0.00500000035673508 -0.00457581329508408 -0.00361622006959229
v 0.00499999851717662 -0.00461131731102381 -0.00369928462571411
v 0.00500000184448620 -0.00458422346471805 -0.00387103278703003
v 0.00500000144624133 -0.00448403356595333 -0.00398665745324402
v 0.00500000208602432 -0.00451775659791810 -0.00394840009278565
v 0.00500000033424756 -0.00455115505300955 -0.00390985758370667
v 0.00499999884916800 -0.00431789137237788 -0.00403791673249512
v 0.00500000201772915 -0.00423061658704927 -0.00401459593838959
v 0.00499999951199237 -0.00413356634854836 -0.00398502309388428
v 0.00500000290948676 -0.00403847945974377 -0.00395170958108216
v 0.00500000103508749 -0.00394518397686086 -0.00391420705384522
v 0.00500000192409751 -0.00385357174714014 -0.00387206871575623
v 0.00500000137065907 -0.00376439842527538 -0.00382469995087891
v 0.00500000171752509 -0.00367882773700246 -0.00377112896508484
v 0.00499999846564391 -0.00359967476571184 -0.00370860750741272
v 0.00500000260719033 -0.00351028069396349 -0.00361650927132874
v 0.00500000071620234 -0.00327713838059028 -0.00360915334290772
v 0.00500000207018855 -0.00331229697576319 -0.00358462650841980
v 0.00499999856837444 -0.00335252833720104 -0.00356981237000733
v 0.00500000118503566 -0.00339519644360996 -0.00356567819184571
v 0.00500000038799206 -0.00343752294394933 -0.00357249386376648
v 0.00499999897435890 -0.00347673558335549 -0.00358981473511963
v 0.00500000345422449 -0.00310603106243687 -0.00375741798943787
v 0.00500000151460706 -0.00316382799588969 -0.00370888145036011
v 0.00500000378084740 -0.00322086927464872 -0.00365945608681946
v 0.00500000074663036 -0.00308013220770721 -0.00398923428124695
v 0.00500000181511158 -0.00305848183669128 -0.00395223243302613
v 0.00499999671280647 -0.00304692209591928 -0.00391095192498474
v 0.00500000105560571 -0.00304619719599321 -0.00386808807915955
v 0.00500000278809685 -0.00305636255027152 -0.00382644088334351
v 0.00500000271226482 -0.00307674816111409 -0.00378872997826844
v 0.00499999894150908 -0.00315857451571576 -0.00409082443780213
v 0.00500000194547368 -0.00320919312205537 -0.00417807180947571
v 0.00500000118248897 -0.00325003957884741 -0.00427039380139618
v 0.00500000108384181 -0.00328423435427458 -0.00436540122098236
v 0.00500000099432070 -0.00331290546386790 -0.00446207745141297
v 0.00499999834153357 -0.00333675035641049 -0.00455976255006104
v 0.00499999974256185 -0.00335619248032828 -0.00465862042969971
v 0.00500000139254023 -0.00337165249149498 -0.00475889320439606
v 0.00500000061619406 -0.00338231704037866 -0.00484859557217865
v 0.00500000156104459 -0.00330793208022810 -0.00500575370854645
v 0.00500000289070250 -0.00317922649752097 -0.00508846826619416
v 0.00500000286158493 -0.00322236304376754 -0.00506126172608643
v 0.00500000085173201 -0.00326526727744392 -0.00503368957108765
v 0.00499999814083461 -0.00300537488671940 -0.00509084291524201
v 0.00500000276800397 -0.00292820394613369 -0.00504387952155381
v 0.00499999809227938 -0.00284341801550988 -0.00498816187447815
v 0.00499999893354143 -0.00276157132808725 -0.00492940933770447
v 0.00500000413270360 -0.00268261609990186 -0.00486714084214478
v 0.00499999870485978 -0.00260658741149120 -0.00480089945859223
v 0.00500000174316019 -0.00253437282534907 -0.00473032624787598
v 0.00500000428812343 -0.00246736063179220 -0.00465481777257233
v 0.00500000287759080 -0.00240902383809209 -0.00457252819604187
v 0.00499999959376844 -0.00234920369721991 -0.00445897574490815
v 0.00500000164599904 -0.00212757334065476 -0.00438623399800568
v 0.00500000094656909 -0.00216822154326906 -0.00437260646886139
v 0.00500000118150250 -0.00221099233592786 -0.00436972601479798
v 0.00499999751851998 -0.00225310024926852 -0.00437778074807434
v 0.00500000229147993 -0.00229178954655109 -0.00439624471730500
v 0.00500000236383313 -0.00232453503319864 -0.00442391200131684
v 0.00500000351424609 -0.00192162870057703 -0.00448028655118256
v 0.00499999999629758 -0.00199076018055366 -0.00444999976224213
v 0.00500000191668007 -0.00205941279874589 -0.00441864640778809
v 0.00499999762500628 -0.00183146957433320 -0.00469541616505890
v 0.00499999697821494 -0.00182112299507336 -0.00465381391114502
v 0.00499999842101636 -0.00182165955169591 -0.00461094756192475
v 0.00499999800177180 -0.00183304188218366 -0.00456961650914460
v 0.00499999904113544 -0.00185452805741429 -0.00453252000874787
v 0.00500000096184554 -0.00188471326894740 -0.00450208063191681
v 0.00500000278526960 -0.00187810937154646 -0.00481498987740784
v 0.00500000360974204 -0.00190209761598085 -0.00491296453542023
v 0.00500000364064971 -0.00191528126326451 -0.00501305503911286
v 0.00499999744493054 -0.00192132827122194 -0.00511384804314881
v 0.00500000337730462 -0.00192159794580932 -0.00521468592948227
v 0.00500000163568743 -0.00191695625736484 -0.00531513155764847
v 0.00500000326317829 -0.00190775802645701 -0.00541546256608277
v 0.00500000125153527 -0.00189434206660317 -0.00551602910227089
v 0.00500000240394106 -0.00187929889661292 -0.00560510210460930
v 0.00500000321674076 -0.00176365394211861 -0.00573493833607941
v 0.00500000065619698 -0.00161685995634544 -0.00577804158396035
v 0.00499999858349521 -0.00166591337315660 -0.00576408992475777
v 0.00499999787037618 -0.00171484707452165 -0.00574972183770447
v 0.00500000061676780 -0.00144937941930209 -0.00573133928841858
v 0.00499999765071922 -0.00138856800754120 -0.00566453791922837
v 0.00499999961385768 -0.00132291283846082 -0.00558718941873818
v 0.00499999995863134 -0.00126093223445443 -0.00550775767630844
v 0.00500000100321323 -0.00120272176344990 -0.00542576797074585
v 0.00500000152496208 -0.00114843189566104 -0.00534078992671280
v 0.00500000106916262 -0.00109902314720885 -0.00525272978610306
v 0.00499999783134881 -0.00105600301278364 -0.00516140098637848
v 0.00499999850725772 -0.00102321304579690 -0.00506600983208924
v 0.00499999799072712 -0.00099780626735060 -0.00494020242757111
v 0.00500000351391485 -0.00080564664433923 -0.00480796797341614
v 0.00500000123017899 -0.00084848936848019 -0.00480634374684601
v 0.00499999926421691 -0.00089034082173243 -0.00481563050812989
v 0.00499999966488176 -0.00092847322957149 -0.00483522160119324
v 0.00499999794716389 -0.00096039164111561 -0.00486383779114991
v 0.00500000094303594 -0.00098401743558696 -0.00489961011475830
v 0.00499999931072864 -0.00058154878803530 -0.00484018893307953
v 0.00500000144214522 -0.00065641209889773 -0.00483060557908326
v 0.00500000098150581 -0.00073111833229687 -0.00481986434525757
v 0.00500000287322322 -0.00043442971431629 -0.00502120329207688
v 0.00499999950867819 -0.00043622442386272 -0.00497837109631806
v 0.00499999973025014 -0.00044881330861315 -0.00493739171094208
v 0.00499999895531577 -0.00047137971541089 -0.00490094168252259
v 0.00499999912528262 -0.00050244690433336 -0.00487140114373474
v 0.00499999971661174 -0.00053998454963919 -0.00485069961613922
v 0.00500000196976754 -0.00044549077155545 -0.00514907349414139
v 0.00499999859468465 -0.00044090728902165 -0.00524983806676178
v 0.00499999844123049 -0.00042535831717656 -0.00534958834714203
v 0.00499999907922338 -0.00040276115561111 -0.00544800127810746
v 0.00500000149674949 -0.00037461287706885 -0.00554483158654480
v 0.00499999760969903 -0.00034186078317183 -0.00563990019029885
v 0.00499999995769555 -0.00030477073381016 -0.00573357610172539
v 0.00500000289207987 -0.00026356182705508 -0.00582628915972023
v 0.00500000102894969 -0.00022403833634708 -0.00590751661873370
v 0.00499999988171147 -0.00007649911782688 -0.00599951235985796
v 0.00500000092483088 0.00007649895336700 -0.00599951235985796
v 0.00500000277954090 0.00002550086786813 -0.00599994584009406
v 0.00499999802700145 -0.00002550103232801 -0.00599994584009406
v 0.00499999977759265 0.00022403817188720 -0.00590751661873370
v 0.00499999791446248 0.00026356166259520 -0.00582628915972023
v 0.00500000084884680 0.00030477056935028 -0.00573357610172539
v 0.00500000319684332 0.00034186061871195 -0.00563990019029885
v 0.00499999930979286 0.00037461271260897 -0.00554483158654480
v 0.00500000172731897 0.00040276099115123 -0.00544800127810746
v 0.00500000236531186 0.00042535815271669 -0.00534958834714203
v 0.00500000221185770 0.00044090712456178 -0.00524983806676178
v 0.00499999883677481 0.00044549060709557 -0.00514907349414139
v 0.00499999793331912 0.00043442954985641 -0.00502120329207688
v 0.00500000149581370 0.00058154862357542 -0.00484018893307953
v 0.00500000108993061 0.00053998438517931 -0.00485069961613922
v 0.00500000168125973 0.00050244673987349 -0.00487140114373474
v 0.00500000185122658 0.00047137955095102 -0.00490094168252259
v 0.00500000107629221 0.00044881314415327 -0.00493739171094208
v 0.00500000129786416 0.00043622425940285 -0.00497837109631806
v 0.00499999729262750 0.00080564647987935 -0.00480796797341614
v 0.00499999982503654 0.00073111816783699 -0.00481986434525757
v 0.00499999936439713 0.00065641193443785 -0.00483060557908326
v 0.00500000281581523 0.00099780610289072 -0.00494020242757111
v 0.00499999986350641 0.00098401727112709 -0.00489961011475830
v 0.00500000285937846 0.00096039147665573 -0.00486383779114991
v 0.00500000114166059 0.00092847306511161 -0.00483522160119324
v 0.00500000154232544 0.00089034065727255 -0.00481563050812989
v 0.00499999957636336 0.00084848920402031 -0.00480634374684601
v 0.00500000229928462 0.00102321288133703 -0.00506600983208924
v 0.00500000297519354 0.00105600284832377 -0.00516140098637848
v 0.00499999973737973 0.00109902298274898 -0.00525272978610306
v 0.00499999928158027 0.00114843173120116 -0.00534078992671280
v 0.00499999980332912 0.00120272159899003 -0.00542576797074585
v 0.00500000084791101 0.00126093206999455 -0.00550775767630844
v 0.00500000119268466 0.00132291267400094 -0.00558718941873818
v 0.00500000315582313 0.00138856784308132 -0.00566453791922837
v 0.00500000018977455 0.00144937925484222 -0.00573133928841858
v 0.00500000015034537 0.00161685979188557 -0.00577804158396035
v 0.00499999758980159 0.00176365377765873 -0.00573493833607941
v 0.00500000293616616 0.00171484691006178 -0.00574972183770447
v 0.00500000222304714 0.00166591320869672 -0.00576408992475777
v -0.00499999868621119 0.00434666761024368 -0.00116468579835205
v -0.00499999724209933 0.00450000068025763 -0.00000000007218628
v -0.00499999868621119 0.00434666761024368 0.00116468565397949
v -0.00499999937626167 0.00389711436208681 0.00224999992781372
v -0.00499999947238568 0.00318198086158628 0.00318198006087036
v -0.00499999832501893 0.00225000255592940 0.00389711468153686
v -0.00499999671441541 0.00116468787663384 0.00434666626387329
v -0.00499999750058990 0.00000000112797644 0.00449999992781372
v -0.00499999828676439 -0.00116468562068097 0.00434666626387329
v -0.00499999667616087 -0.00225000029997653 0.00389711468153686
v -0.00500000213604360 -0.00318198242033067 0.00318198006087036
v -0.00500000223216761 -0.00389711592083120 0.00224999992781372
v -0.00499999631496861 -0.00434666535429081 0.00116468565397949
v -0.00499999775908047 -0.00449999842430476 -0.00000000007218628
v -0.00499999631496861 -0.00434666535429081 -0.00116468579835205
v -0.00500000223216761 -0.00389711592083120 -0.00225000007218628
v -0.00500000213604360 -0.00318198242033067 -0.00318198044366150
v -0.00499999667616087 -0.00225000029997653 -0.00389711434907227
v -0.00499999828676439 -0.00116468562068097 -0.00434666628903656
v -0.00499999750058990 0.00000000112797644 -0.00450000007218628
v -0.00499999671441541 0.00116468787663384 -0.00434666628903656
v -0.00499999832501893 0.00225000255592940 -0.00389711434907227
v -0.00499999947238568 0.00318198086158628 -0.00318198044366150
v -0.00499999937626167 0.00389711436208681 -0.00225000007218628
f 179 1634 181
f 1635 1634 179
f 181 1633 183
f 1634 1633 181
f 189 1628 190
f 1633 1632 183
f 185 1631 189
f 1632 1631 185
f 1636 1635 177
f 183 1632 185
f 177 1635 179
f 164 1642 1643
f 175 1636 177
f 1638 1637 173
f 173 1637 175
f 1639 1638 171
f 171 1638 173
f 1640 1639 169
f 169 1639 171
f 162 1641 163
f 163 1641 1642
f 163 1642 164
f 146 1669 150
f 1637 1636 175
f 1631 1628 189
f 184 1623 182
f 188 1630 191
f 164 1643 165
f 1618 1612 172
f 172 1612 170
f 1619 1618 174
f 174 1618 172
f 1620 1619 176
f 176 1619 174
f 1621 1620 178
f 178 1620 176
f 1622 1621 180
f 180 1621 178
f 191 1630 1627
f 1623 1622 182
f 1624 1623 184
f 1625 1624 186
f 186 1624 184
f 1626 1625 192
f 192 1625 186
f 1627 1626 191
f 191 1626 192
f 190 1628 187
f 187 1628 1629
f 187 1629 188
f 188 1629 1630
f 182 1622 180
f 165 1643 1644
f 133 1650 131
f 166 1644 1645
f 139 1658 137
f 1660 1659 141
f 141 1659 139
f 1661 1660 143
f 143 1660 141
f 1662 1661 145
f 145 1661 143
f 1663 1662 147
f 147 1662 145
f 1664 1663 153
f 153 1663 147
f 1665 1664 152
f 152 1664 153
f 151 1666 148
f 148 1666 1667
f 148 1667 149
f 149 1667 1668
f 149 1668 152
f 152 1668 1665
f 1669 1666 150
f 150 1666 151
f 1670 1669 146
f 198 1617 1609
f 1659 1658 139
f 137 1657 135
f 1658 1657 137
f 135 1656 133
f 166 1645 167
f 167 1645 1646
f 167 1646 169
f 169 1646 1640
f 158 1647 160
f 160 1647 1648
f 160 1648 161
f 161 1648 1649
f 161 1649 162
f 162 1649 1641
f 131 1650 129
f 165 1644 166
f 129 1650 1651
f 154 1651 1652
f 154 1652 155
f 155 1652 1653
f 155 1653 156
f 156 1653 1654
f 156 1654 157
f 157 1654 1655
f 157 1655 158
f 158 1655 1647
f 1656 1650 133
f 1657 1656 135
f 129 1651 154
f 196 1617 198
f 1563 1562 250
f 195 1616 196
f 233 1576 1577
f 233 1577 234
f 234 1577 1578
f 234 1578 235
f 235 1578 1579
f 235 1579 237
f 237 1579 1571
f 1580 1574 212
f 212 1574 210
f 1581 1580 214
f 214 1580 212
f 1582 1581 216
f 216 1581 214
f 1583 1582 218
f 218 1582 216
f 1584 1583 220
f 220 1583 218
f 1585 1584 222
f 222 1584 220
f 1586 1585 224
f 224 1585 222
f 1587 1586 226
f 226 1586 224
f 206 1576 233
f 206 1575 1576
f 208 1575 206
f 208 1574 1575
f 252 1561 254
f 1671 1670 144
f 250 1562 252
f 1564 1563 248
f 248 1563 250
f 240 1565 241
f 241 1565 1566
f 241 1566 242
f 242 1566 1567
f 242 1567 243
f 243 1567 1568
f 1588 1587 232
f 243 1568 244
f 244 1569 246
f 246 1569 1570
f 246 1570 248
f 248 1570 1564
f 237 1571 238
f 238 1571 1572
f 238 1572 239
f 239 1572 1573
f 239 1573 240
f 240 1573 1565
f 210 1574 208
f 244 1568 1569
f 232 1587 226
f 1589 1588 231
f 231 1588 232
f 202 1604 203
f 203 1604 1605
f 203 1605 204
f 204 1605 1606
f 204 1606 205
f 205 1606 1607
f 205 1607 207
f 207 1607 1608
f 207 1608 209
f 209 1608 1602
f 198 1609 199
f 202 1603 1604
f 199 1609 1610
f 200 1610 1611
f 200 1611 201
f 201 1611 1603
f 170 1612 168
f 168 1612 1613
f 168 1613 193
f 193 1613 1614
f 193 1614 194
f 194 1614 1615
f 194 1615 195
f 195 1615 1616
f 199 1610 200
f 196 1616 1617
f 201 1603 202
f 1602 1601 209
f 230 1590 227
f 227 1590 1591
f 227 1591 228
f 228 1591 1592
f 228 1592 231
f 231 1592 1589
f 1593 1590 229
f 229 1590 230
f 1594 1593 225
f 225 1593 229
f 1595 1594 223
f 209 1601 211
f 223 1594 225
f 221 1595 223
f 1597 1596 219
f 219 1596 221
f 1598 1597 217
f 217 1597 219
f 1599 1598 215
f 215 1598 217
f 1600 1599 213
f 213 1599 215
f 1601 1600 211
f 211 1600 213
f 1596 1595 221
f 144 1670 146
f 72 1726 74
f 142 1671 144
f 50 1743 53
f 53 1743 1744
f 53 1744 56
f 56 1744 1741
f 910 1742 51
f 51 1742 49
f 752 1745 742
f 742 1745 1746
f 742 1746 704
f 704 1746 1747
f 704 1747 666
f 666 1747 1748
f 666 1748 627
f 627 1748 1749
f 627 1749 589
f 589 1749 1750
f 589 1750 551
f 551 1750 1751
f 551 1751 513
f 513 1751 1752
f 513 1752 475
f 475 1752 1753
f 475 1753 437
f 50 1742 1743
f 49 1742 50
f 56 1740 55
f 1741 1740 56
f 77 1729 78
f 78 1729 1730
f 78 1730 79
f 79 1730 1731
f 79 1731 80
f 80 1731 1723
f 1732 1726 70
f 70 1726 72
f 1733 1732 68
f 68 1732 70
f 1734 1733 66
f 437 1753 1754
f 66 1733 68
f 64 1734 66
f 1736 1735 62
f 62 1735 64
f 1737 1736 60
f 60 1736 62
f 1738 1737 58
f 58 1737 60
f 1739 1738 54
f 54 1738 58
f 1740 1739 55
f 55 1739 54
f 1735 1734 64
f 77 1728 1729
f 437 1754 398
f 398 1755 360
f 3 1747 1746
f 3 1746 1
f 1 1746 1745
f 1 1745 47
f 47 1745 1768
f 47 1768 45
f 45 1768 1767
f 45 1767 43
f 43 1767 1766
f 43 1766 41
f 41 1766 1765
f 41 1765 39
f 39 1765 1764
f 39 1764 1763
f 5 7 1747
f 1747 7 1748
f 1748 7 9
f 1748 9 1749
f 1749 9 11
f 1749 11 1750
f 1750 11 13
f 1750 13 1751
f 1562 1561 252
f 5 1747 3
f 752 1768 1745
f 790 1768 752
f 790 1767 1768
f 360 1755 1756
f 360 1756 322
f 322 1756 1757
f 322 1757 312
f 312 1757 1758
f 312 1758 274
f 274 1758 1759
f 274 1759 236
f 236 1759 1760
f 236 1760 197
f 197 1760 1761
f 398 1754 1755
f 197 1761 159
f 159 1762 121
f 121 1762 1763
f 121 1763 83
f 83 1763 1764
f 83 1764 75
f 75 1764 1765
f 75 1765 867
f 867 1765 1766
f 867 1766 828
f 828 1766 1767
f 828 1767 790
f 159 1761 1762
f 76 1728 77
f 76 1727 1728
f 74 1727 76
f 122 1687 123
f 123 1687 1679
f 92 1688 90
f 90 1688 1689
f 90 1689 91
f 91 1689 1690
f 91 1690 116
f 116 1690 1691
f 116 1691 117
f 117 1691 1692
f 117 1692 118
f 118 1692 1693
f 118 1693 119
f 119 1693 1685
f 1694 1688 94
f 94 1688 92
f 1695 1694 96
f 96 1694 94
f 1696 1695 98
f 98 1695 96
f 1697 1696 100
f 100 1696 98
f 1698 1697 102
f 122 1686 1687
f 120 1686 122
f 120 1685 1686
f 119 1685 120
f 1673 1672 140
f 140 1672 142
f 1674 1673 138
f 138 1673 140
f 1675 1674 136
f 136 1674 138
f 1676 1675 134
f 134 1675 136
f 1677 1676 132
f 132 1676 134
f 1678 1677 130
f 102 1697 100
f 130 1677 132
f 124 1679 1680
f 124 1680 125
f 125 1680 1681
f 125 1681 126
f 126 1681 1682
f 126 1682 127
f 127 1682 1683
f 127 1683 128
f 128 1683 1684
f 128 1684 130
f 130 1684 1678
f 123 1679 124
f 1699 1698 104
f 104 1698 102
f 1700 1699 106
f 97 1713 99
f 1715 1714 95
f 95 1714 97
f 1716 1715 93
f 93 1715 95
f 84 1717 85
f 85 1717 1718
f 85 1718 86
f 86 1718 1719
f 86 1719 87
f 87 1719 1720
f 1714 1713 97
f 87 1720 88
f 88 1721 89
f 89 1721 1722
f 89 1722 93
f 93 1722 1716
f 80 1723 81
f 81 1723 1724
f 81 1724 82
f 82 1724 1725
f 82 1725 84
f 84 1725 1717
f 74 1726 1727
f 88 1720 1721
f 1672 1671 142
f 99 1712 101
f 101 1711 103
f 106 1699 104
f 1701 1700 108
f 108 1700 106
f 1702 1701 115
f 115 1701 108
f 1703 1702 114
f 114 1702 115
f 113 1704 111
f 111 1704 1705
f 111 1705 110
f 110 1705 1706
f 1713 1712 99
f 110 1706 114
f 1707 1704 112
f 112 1704 113
f 1708 1707 109
f 109 1707 112
f 1709 1708 107
f 107 1708 109
f 1710 1709 105
f 105 1709 107
f 1711 1710 103
f 103 1710 105
f 1712 1711 101
f 114 1706 1703
f 254 1560 256
f 479 1341 480
f 256 1559 258
f 411 1409 413
f 1411 1410 409
f 409 1410 411
f 1412 1411 407
f 407 1411 409
f 396 1413 397
f 397 1413 1414
f 397 1414 399
f 399 1414 1415
f 399 1415 400
f 400 1415 1416
f 400 1416 401
f 401 1416 1417
f 401 1417 405
f 405 1417 1418
f 405 1418 407
f 407 1418 1412
f 393 1419 394
f 394 1419 1420
f 394 1420 395
f 395 1420 1421
f 395 1421 396
f 396 1421 1413
f 1410 1409 411
f 413 1408 415
f 1409 1408 413
f 415 1407 417
f 420 1395 418
f 1397 1396 422
f 422 1396 420
f 1398 1397 429
f 429 1397 422
f 1399 1398 428
f 428 1398 429
f 427 1400 425
f 425 1400 1401
f 425 1401 424
f 424 1401 1402
f 368 1422 364
f 424 1402 428
f 1403 1400 426
f 426 1400 427
f 1404 1403 423
f 423 1403 426
f 1405 1404 421
f 421 1404 423
f 1406 1405 419
f 419 1405 421
f 1407 1406 417
f 417 1406 419
f 1408 1407 415
f 428 1402 1399
f 1396 1395 420
f 364 1422 1423
f 365 1423 1424
f 389 1438 387
f 387 1438 1439
f 387 1439 386
f 386 1439 1440
f 386 1440 390
f 390 1440 1437
f 1441 1438 388
f 388 1438 389
f 1442 1441 385
f 385 1441 388
f 1443 1442 383
f 383 1442 385
f 1444 1443 381
f 381 1443 383
f 1445 1444 379
f 379 1444 381
f 1446 1445 377
f 377 1445 379
f 1447 1446 375
f 375 1446 377
f 1448 1447 373
f 373 1447 375
f 1449 1448 371
f 390 1436 391
f 1437 1436 390
f 391 1435 384
f 1436 1435 391
f 365 1424 366
f 366 1424 1425
f 366 1425 367
f 367 1425 1426
f 367 1426 392
f 392 1426 1427
f 392 1427 393
f 393 1427 1419
f 1428 1422 370
f 370 1422 368
f 1429 1428 372
f 364 1423 365
f 372 1428 370
f 374 1429 372
f 1431 1430 376
f 376 1430 374
f 1432 1431 378
f 378 1431 376
f 1433 1432 380
f 380 1432 378
f 1434 1433 382
f 382 1433 380
f 1435 1434 384
f 384 1434 382
f 1430 1429 374
f 418 1394 416
f 1395 1394 418
f 416 1393 414
f 1355 1354 451
f 451 1354 449
f 1356 1355 453
f 453 1355 451
f 1357 1356 455
f 455 1356 453
f 1358 1357 457
f 457 1357 455
f 1359 1358 459
f 459 1358 457
f 1360 1359 466
f 466 1359 459
f 1361 1360 465
f 465 1360 466
f 464 1362 462
f 462 1362 1363
f 462 1363 461
f 461 1363 1364
f 461 1364 465
f 465 1364 1361
f 1365 1362 463
f 463 1362 464
f 1366 1365 460
f 449 1353 447
f 1354 1353 449
f 447 1352 445
f 1353 1352 447
f 1751 13 15
f 480 1341 1342
f 480 1342 481
f 481 1342 1336
f 471 1343 472
f 472 1343 1344
f 472 1344 473
f 473 1344 1345
f 473 1345 474
f 474 1345 1337
f 443 1346 442
f 460 1365 463
f 442 1346 1347
f 467 1347 1348
f 467 1348 468
f 468 1348 1349
f 468 1349 469
f 469 1349 1350
f 469 1350 470
f 470 1350 1351
f 470 1351 471
f 471 1351 1343
f 1352 1346 445
f 445 1346 443
f 442 1347 467
f 1367 1366 458
f 458 1366 460
f 1368 1367 456
f 434 1382 1383
f 434 1383 435
f 435 1383 1375
f 406 1384 404
f 404 1384 1385
f 404 1385 402
f 402 1385 1386
f 402 1386 403
f 403 1386 1387
f 403 1387 430
f 430 1387 1388
f 433 1382 434
f 430 1388 431
f 431 1389 432
f 432 1389 1381
f 1390 1384 408
f 408 1384 406
f 1391 1390 410
f 410 1390 408
f 1392 1391 412
f 412 1391 410
f 1393 1392 414
f 414 1392 412
f 1394 1393 416
f 431 1388 1389
f 371 1448 373
f 433 1381 1382
f 444 1380 1374
f 456 1367 458
f 1369 1368 454
f 454 1368 456
f 1370 1369 452
f 452 1369 454
f 1371 1370 450
f 450 1370 452
f 1372 1371 448
f 448 1371 450
f 1373 1372 446
f 446 1372 448
f 432 1381 433
f 1374 1373 444
f 435 1375 436
f 436 1375 1376
f 436 1376 438
f 438 1376 1377
f 438 1377 439
f 439 1377 1378
f 439 1378 440
f 440 1378 1379
f 440 1379 441
f 441 1379 1380
f 441 1380 444
f 444 1373 446
f 1450 1449 369
f 369 1449 371
f 357 1451 358
f 1521 1520 298
f 298 1520 300
f 1522 1521 296
f 296 1521 298
f 1523 1522 294
f 294 1522 296
f 1524 1523 292
f 292 1523 294
f 1525 1524 290
f 290 1524 292
f 1526 1525 288
f 288 1525 290
f 279 1527 280
f 280 1527 1528
f 280 1528 281
f 281 1528 1529
f 281 1529 282
f 282 1529 1530
f 282 1530 284
f 284 1530 1531
f 284 1531 286
f 286 1531 1532
f 286 1532 288
f 300 1519 302
f 1520 1519 300
f 302 1518 304
f 1519 1518 302
f 1507 1506 297
f 297 1506 295
f 1508 1507 299
f 299 1507 297
f 1509 1508 301
f 301 1508 299
f 1510 1509 303
f 303 1509 301
f 1511 1510 305
f 305 1510 303
f 1512 1511 311
f 288 1532 1526
f 311 1511 305
f 310 1512 311
f 309 1514 306
f 306 1514 1515
f 306 1515 307
f 307 1515 1516
f 307 1516 310
f 310 1516 1513
f 1517 1514 308
f 308 1514 309
f 1518 1517 304
f 304 1517 308
f 1513 1512 310
f 276 1533 277
f 277 1533 1534
f 277 1534 278
f 263 1547 261
f 1549 1548 265
f 265 1548 263
f 1550 1549 271
f 271 1549 265
f 1551 1550 270
f 270 1550 271
f 269 1552 266
f 266 1552 1553
f 266 1553 267
f 267 1553 1554
f 1548 1547 263
f 267 1554 270
f 1555 1552 268
f 268 1552 269
f 1556 1555 264
f 264 1555 268
f 1557 1556 262
f 262 1556 264
f 1558 1557 260
f 260 1557 262
f 1559 1558 258
f 258 1558 260
f 1560 1559 256
f 270 1554 1551
f 295 1505 293
f 261 1546 259
f 259 1545 257
f 278 1534 1535
f 278 1535 279
f 279 1535 1527
f 249 1536 247
f 247 1536 1537
f 247 1537 245
f 245 1537 1538
f 245 1538 272
f 272 1538 1539
f 272 1539 273
f 273 1539 1540
f 1547 1546 261
f 273 1540 275
f 275 1541 276
f 276 1541 1533
f 1542 1536 251
f 251 1536 249
f 1543 1542 253
f 253 1542 251
f 1544 1543 255
f 255 1543 253
f 1545 1544 257
f 257 1544 255
f 1546 1545 259
f 275 1540 1541
f 1561 1560 254
f 1506 1505 295
f 1505 1504 293
f 354 1465 1457
f 1466 1460 331
f 331 1460 329
f 1467 1466 333
f 333 1466 331
f 1468 1467 335
f 335 1467 333
f 1469 1468 337
f 337 1468 335
f 1470 1469 339
f 339 1469 337
f 1471 1470 341
f 341 1470 339
f 1472 1471 343
f 343 1471 341
f 1473 1472 345
f 345 1472 343
f 1474 1473 352
f 352 1473 345
f 1475 1474 351
f 351 1474 352
f 350 1476 348
f 348 1476 1477
f 353 1465 354
f 353 1464 1465
f 324 1464 353
f 324 1463 1464
f 358 1451 1452
f 358 1452 359
f 359 1452 1453
f 359 1453 361
f 361 1453 1454
f 361 1454 362
f 362 1454 1455
f 362 1455 363
f 363 1455 1456
f 363 1456 369
f 369 1456 1450
f 348 1477 347
f 354 1457 355
f 355 1458 356
f 356 1458 1459
f 356 1459 357
f 357 1459 1451
f 329 1460 327
f 327 1460 1461
f 327 1461 325
f 325 1461 1462
f 325 1462 323
f 323 1462 1463
f 323 1463 324
f 355 1457 1458
f 347 1477 1478
f 347 1478 351
f 351 1478 1475
f 326 1493 328
f 328 1493 1494
f 328 1494 330
f 330 1494 1488
f 315 1495 316
f 316 1495 1496
f 316 1496 317
f 317 1496 1497
f 317 1497 318
f 318 1497 1489
f 289 1498 287
f 326 1492 1493
f 287 1498 1499
f 285 1499 1500
f 285 1500 283
f 283 1500 1501
f 283 1501 313
f 313 1501 1502
f 313 1502 314
f 314 1502 1503
f 314 1503 315
f 315 1503 1495
f 1504 1498 291
f 291 1498 289
f 287 1499 285
f 293 1504 291
f 321 1492 326
f 320 1491 321
f 1479 1476 349
f 349 1476 350
f 1480 1479 346
f 346 1479 349
f 1481 1480 344
f 344 1480 346
f 1482 1481 342
f 342 1481 344
f 1483 1482 340
f 340 1482 342
f 1484 1483 338
f 321 1491 1492
f 338 1483 340
f 336 1484 338
f 1486 1485 334
f 334 1485 336
f 1487 1486 332
f 332 1486 334
f 1488 1487 330
f 330 1487 332
f 318 1489 319
f 319 1489 1490
f 319 1490 320
f 320 1490 1491
f 1485 1484 336
f 1751 15 1752
f 1740 1741 1744
f 1753 15 17
f 1339 1311 1340
f 1340 1311 1310
f 1340 1310 1341
f 1341 1310 1309
f 1341 1309 1342
f 1342 1309 1308
f 1342 1308 1336
f 1336 1308 1314
f 1336 1314 1335
f 1335 1314 1315
f 1335 1315 1334
f 1334 1315 1316
f 1334 1316 1333
f 1333 1316 1317
f 1333 1317 1332
f 1332 1317 1318
f 1332 1318 1331
f 1331 1318 1319
f 1331 1319 1330
f 1330 1319 1320
f 1330 1320 1329
f 1329 1320 1321
f 1329 1321 1328
f 1339 1312 1311
f 1338 1312 1339
f 1313 1312 1338
f 18 1338 1337
f 1298 1270 1297
f 1297 1270 1276
f 1297 1276 1296
f 1296 1276 1277
f 1296 1277 1295
f 1295 1277 1278
f 1295 1278 1294
f 1294 1278 1279
f 1294 1279 1293
f 1293 1279 1280
f 1293 1280 1292
f 1328 1321 1326
f 1292 1280 1281
f 1291 1281 1282
f 1291 1282 1290
f 1290 1282 1283
f 1290 1283 1287
f 1287 1283 1288
f 1288 1283 1284
f 1288 1284 1285
f 1286 1289 1287
f 1287 1289 1290
f 1305 1313 18
f 18 1313 1338
f 1292 1281 1291
f 1298 1271 1270
f 1328 1326 1325
f 1326 1322 1323
f 1368 1358 1367
f 1367 1358 1359
f 1367 1359 1366
f 1366 1359 1364
f 1366 1364 1363
f 1359 1360 1364
f 1364 1360 1361
f 1362 1365 1363
f 1363 1365 1366
f 1376 1375 20
f 1382 1381 22
f 22 1381 1389
f 22 1389 1414
f 1414 1389 1388
f 1414 1388 1415
f 1415 1388 1387
f 1415 1387 1416
f 1416 1387 1386
f 1416 1386 1417
f 1417 1386 1385
f 1417 1385 1418
f 1418 1385 1384
f 1418 1384 1412
f 1368 1357 1358
f 1369 1357 1368
f 1369 1356 1357
f 1370 1356 1369
f 1324 1327 1325
f 1325 1327 1328
f 1344 1343 20
f 20 1343 1351
f 20 1351 1376
f 1376 1351 1350
f 1376 1350 1377
f 1377 1350 1349
f 1377 1349 1378
f 1378 1349 1348
f 1378 1348 1379
f 1321 1322 1326
f 1379 1348 1347
f 1380 1347 1346
f 1380 1346 1374
f 1374 1346 1352
f 1374 1352 1373
f 1373 1352 1353
f 1373 1353 1372
f 1372 1353 1354
f 1372 1354 1371
f 1371 1354 1355
f 1371 1355 1370
f 1370 1355 1356
f 1379 1347 1380
f 1304 1271 1298
f 1304 1272 1271
f 1303 1272 1304
f 1104 1089 1103
f 1103 1089 1090
f 1103 1090 1102
f 1102 1090 1091
f 1102 1091 1101
f 1101 1091 1092
f 1101 1092 1100
f 1100 1092 1093
f 1100 1093 1097
f 1097 1093 1098
f 1098 1093 1094
f 1098 1094 1095
f 1096 1099 1097
f 1097 1099 1100
f 1109 1117 6
f 6 1117 1116
f 6 1116 1115
f 1115 1123 6
f 1148 1123 1149
f 1149 1123 1122
f 1149 1122 1150
f 1150 1122 1121
f 1150 1121 1151
f 1104 1088 1089
f 1105 1088 1104
f 1105 1087 1088
f 1106 1087 1105
f 1063 1055 1062
f 1062 1055 1060
f 1062 1060 1059
f 1055 1056 1060
f 1060 1056 1057
f 1058 1061 1059
f 1059 1061 1062
f 1079 1078 4
f 4 1078 1077
f 4 1077 1085
f 1110 1085 1111
f 1151 1121 1120
f 1111 1085 1084
f 1112 1084 1083
f 1112 1083 1113
f 1113 1083 1082
f 1113 1082 1114
f 1114 1082 1081
f 1114 1081 1108
f 1108 1081 1080
f 1108 1080 1107
f 1107 1080 1086
f 1107 1086 1106
f 1106 1086 1087
f 1111 1084 1112
f 1151 1120 1152
f 1152 1120 1119
f 1152 1119 1146
f 1186 1185 10
f 10 1185 1193
f 10 1193 1192
f 1192 1191 10
f 1210 1213 1211
f 1211 1213 1214
f 1224 1223 12
f 12 1223 1231
f 12 1231 1230
f 1230 1229 12
f 1248 1251 1249
f 1173 1175 1176
f 1249 1251 1252
f 14 1261 1269
f 14 1269 1268
f 1274 1301 1275
f 1275 1301 1300
f 1275 1300 16
f 16 1300 1299
f 16 1299 1307
f 1301 1274 1302
f 1302 1274 1273
f 1302 1273 1303
f 1303 1273 1272
f 1262 1261 14
f 1412 1384 1390
f 1172 1175 1173
f 8 1155 1154
f 1146 1119 1118
f 1146 1118 1145
f 1145 1118 1124
f 1145 1124 1144
f 1144 1124 1125
f 1144 1125 1143
f 1143 1125 1126
f 1143 1126 1142
f 1142 1126 1127
f 1142 1127 1141
f 1141 1127 1128
f 8 1154 1153
f 1141 1128 1140
f 1140 1129 1139
f 1139 1129 1130
f 1139 1130 1138
f 1138 1130 1131
f 1138 1131 1135
f 1135 1131 1136
f 1136 1131 1132
f 1136 1132 1133
f 1134 1137 1135
f 1135 1137 1138
f 1147 1155 8
f 1140 1128 1129
f 1063 1054 1055
f 1412 1390 1411
f 1411 1391 1410
f 1564 1536 1563
f 1563 1536 1542
f 1563 1542 1562
f 1562 1542 1543
f 1562 1543 1561
f 1561 1543 1544
f 1561 1544 1560
f 1560 1544 1545
f 1560 1545 1559
f 1559 1545 1546
f 1559 1546 1558
f 1558 1546 1547
f 1558 1547 1557
f 1557 1547 1548
f 1557 1548 1556
f 1556 1548 1549
f 1556 1549 1553
f 1553 1549 1554
f 1554 1549 1550
f 1554 1550 1551
f 1552 1555 1553
f 1553 1555 1556
f 1565 1573 32
f 1564 1537 1536
f 1570 1537 1564
f 1570 1538 1537
f 1569 1538 1570
f 1522 1507 1521
f 1521 1507 1508
f 1521 1508 1520
f 1520 1508 1509
f 1520 1509 1519
f 1519 1509 1510
f 1519 1510 1518
f 1518 1510 1511
f 1518 1511 1515
f 1515 1511 1516
f 1516 1511 1512
f 32 1573 1572
f 1516 1512 1513
f 1515 1517 1518
f 1527 1535 30
f 30 1535 1534
f 30 1534 1533
f 1533 1541 30
f 1566 1541 1567
f 1567 1541 1540
f 1567 1540 1568
f 1568 1540 1539
f 1568 1539 1569
f 1569 1539 1538
f 1514 1517 1515
f 1522 1506 1507
f 32 1572 1571
f 1591 1593 1594
f 1716 1688 1715
f 1715 1688 1694
f 1715 1694 1714
f 1714 1694 1695
f 1714 1695 1713
f 1713 1695 1696
f 1713 1696 1712
f 1712 1696 1697
f 1712 1697 1711
f 1711 1697 1698
f 1711 1698 1710
f 1710 1698 1699
f 1710 1699 1709
f 1709 1699 1700
f 1709 1700 1708
f 1708 1700 1701
f 1708 1701 1705
f 1705 1701 1706
f 1706 1701 1702
f 1706 1702 1703
f 1704 1707 1705
f 1705 1707 1708
f 479 1340 1341
f 1716 1689 1688
f 1722 1689 1716
f 1722 1690 1689
f 1721 1690 1722
f 1604 1603 34
f 34 1603 1611
f 34 1611 1610
f 1610 1609 34
f 1628 1631 1629
f 1629 1631 1632
f 1642 1641 36
f 36 1641 1649
f 36 1649 1648
f 1648 1647 36
f 1666 1669 1667
f 1590 1593 1591
f 1667 1669 1670
f 38 1679 1687
f 38 1687 1686
f 1692 1719 1693
f 1693 1719 1718
f 1693 1718 40
f 40 1718 1717
f 40 1717 1725
f 1719 1692 1720
f 1720 1692 1691
f 1720 1691 1721
f 1721 1691 1690
f 1680 1679 38
f 1523 1506 1522
f 1523 1505 1506
f 1524 1505 1523
f 1455 1424 1423
f 1455 1423 1456
f 1456 1423 1422
f 1456 1422 1450
f 1450 1422 1428
f 1450 1428 1449
f 1449 1428 1429
f 1449 1429 1448
f 1448 1429 1430
f 1448 1430 1447
f 1447 1430 1431
f 1447 1431 1446
f 1446 1431 1432
f 1446 1432 1445
f 1445 1432 1433
f 1445 1433 1444
f 1444 1433 1434
f 1444 1434 1443
f 1443 1434 1435
f 1443 1435 1442
f 1442 1435 1440
f 1442 1440 1439
f 1435 1436 1440
f 1454 1424 1455
f 1454 1425 1424
f 1453 1425 1454
f 1453 1426 1425
f 1410 1391 1392
f 1410 1392 1409
f 1409 1392 1393
f 1409 1393 1408
f 1408 1393 1394
f 1408 1394 1407
f 1407 1394 1395
f 1407 1395 1406
f 1406 1395 1396
f 1406 1396 1405
f 1405 1396 1397
f 1440 1436 1437
f 1405 1397 1404
f 1404 1402 1401
f 1397 1398 1402
f 1402 1398 1399
f 1400 1403 1401
f 1401 1403 1404
f 1414 1413 22
f 1420 1419 24
f 24 1419 1427
f 24 1427 1452
f 1452 1427 1426
f 1452 1426 1453
f 1404 1397 1402
f 1438 1441 1439
f 1439 1441 1442
f 1459 1458 26
f 1481 1473 1480
f 1480 1473 1478
f 1480 1478 1477
f 1473 1474 1478
f 1478 1474 1475
f 1476 1479 1477
f 1477 1479 1480
f 1497 1496 28
f 28 1496 1495
f 28 1495 1503
f 1528 1503 1529
f 1481 1472 1473
f 1529 1503 1502
f 1530 1502 1501
f 1530 1501 1531
f 1531 1501 1500
f 1531 1500 1532
f 1532 1500 1499
f 1532 1499 1526
f 1526 1499 1498
f 1526 1498 1525
f 1525 1498 1504
f 1525 1504 1524
f 1524 1504 1505
f 1529 1502 1530
f 1411 1390 1391
f 1482 1472 1481
f 1483 1471 1482
f 26 1458 1457
f 26 1457 1465
f 26 1465 1490
f 1490 1465 1464
f 1490 1464 1491
f 1491 1464 1463
f 1491 1463 1492
f 1492 1463 1462
f 1492 1462 1493
f 1493 1462 1461
f 1493 1461 1494
f 1482 1471 1472
f 1494 1461 1460
f 1488 1460 1466
f 1488 1466 1487
f 1487 1466 1467
f 1487 1467 1486
f 1486 1467 1468
f 1486 1468 1485
f 1485 1468 1469
f 1485 1469 1484
f 1484 1469 1470
f 1484 1470 1483
f 1483 1470 1471
f 1494 1460 1488
f 1064 1054 1063
f 1064 1053 1054
f 1065 1053 1064
f 1592 1587 1588
f 1592 1588 1589
f 30 1541 32
f 32 1541 1566
f 32 1566 1565
f 28 1503 30
f 30 1503 1528
f 30 1528 1527
f 26 1490 28
f 28 1490 1489
f 28 1489 1497
f 24 1452 26
f 26 1452 1451
f 26 1451 1459
f 22 1413 24
f 24 1413 1421
f 24 1421 1420
f 20 1375 22
f 22 1375 1383
f 22 1383 1382
f 18 1337 20
f 20 1337 1345
f 20 1345 1344
f 1591 1587 1592
f 1594 1587 1591
f 1594 1586 1587
f 1595 1586 1594
f 1604 1579 1605
f 1605 1579 1578
f 1605 1578 1606
f 1606 1578 1577
f 1606 1577 1607
f 1607 1577 1576
f 1607 1576 1608
f 1608 1576 1575
f 1608 1575 1602
f 1602 1575 1574
f 1602 1574 1601
f 16 1307 18
f 1601 1574 1580
f 1600 1580 1581
f 1600 1581 1599
f 1599 1581 1582
f 1599 1582 1598
f 1598 1582 1583
f 1598 1583 1597
f 1597 1583 1584
f 1597 1584 1596
f 1596 1584 1585
f 1596 1585 1595
f 1595 1585 1586
f 1601 1580 1600
f 34 1579 1604
f 18 1307 1306
f 14 1268 16
f 1253 1243 1244
f 1253 1244 1252
f 1252 1244 1245
f 1252 1245 1249
f 1249 1245 1250
f 1250 1245 1246
f 1250 1246 1247
f 10 1191 12
f 12 1191 1199
f 12 1199 1224
f 1224 1199 1225
f 1225 1199 1198
f 1225 1198 1226
f 1226 1198 1197
f 1226 1197 1227
f 1227 1197 1196
f 1227 1196 1228
f 1228 1196 1195
f 1228 1195 1222
f 1222 1195 1194
f 1222 1194 1221
f 1221 1194 1200
f 1221 1200 1220
f 1254 1243 1253
f 1254 1242 1243
f 1255 1242 1254
f 1255 1241 1242
f 16 1268 1267
f 16 1267 1275
f 12 1229 14
f 14 1229 1237
f 14 1237 1262
f 1262 1237 1263
f 1263 1237 1236
f 1263 1236 1264
f 1264 1236 1235
f 1264 1235 1265
f 1265 1235 1234
f 18 1306 1305
f 1265 1234 1266
f 1266 1233 1260
f 1260 1233 1232
f 1260 1232 1259
f 1259 1232 1238
f 1259 1238 1258
f 1258 1238 1239
f 1258 1239 1257
f 1257 1239 1240
f 1257 1240 1256
f 1256 1240 1241
f 1256 1241 1255
f 1266 1234 1233
f 34 1571 1579
f 32 1571 34
f 1630 1626 1627
f 48 995 1003
f 48 1003 1002
f 44 957 46
f 46 957 965
f 46 965 964
f 42 919 44
f 44 919 927
f 44 927 926
f 40 1725 42
f 42 1725 1724
f 42 1724 1723
f 38 1686 40
f 40 1686 1685
f 40 1685 1693
f 36 1647 38
f 38 1647 1655
f 38 1655 1680
f 1680 1655 1681
f 1681 1655 1654
f 1681 1654 1682
f 1682 1654 1653
f 1682 1653 1683
f 1683 1653 1652
f 46 995 48
f 2 1033 1041
f 2 1034 1033
f 48 1034 2
f 1753 17 1754
f 1754 17 19
f 1754 19 1755
f 1755 19 21
f 1755 21 1756
f 1756 21 23
f 1756 23 1757
f 1757 23 25
f 1757 25 1758
f 1758 25 27
f 1758 27 29
f 1683 1652 1684
f 1758 29 1759
f 1759 31 1760
f 1760 31 33
f 1760 33 1761
f 1761 33 35
f 1761 35 1762
f 1762 35 37
f 1762 37 1763
f 1763 37 39
f 2 1072 4
f 4 1072 1071
f 4 1071 1079
f 1759 29 31
f 1684 1652 1651
f 1684 1651 1678
f 1678 1651 1650
f 1645 1615 1614
f 1645 1614 1646
f 1646 1614 1613
f 1646 1613 1640
f 1640 1613 1612
f 1640 1612 1639
f 1639 1612 1618
f 1639 1618 1638
f 1638 1618 1619
f 1638 1619 1637
f 1637 1619 1620
f 1644 1615 1645
f 1637 1620 1636
f 1636 1621 1635
f 1635 1621 1622
f 1635 1622 1634
f 1634 1622 1623
f 1634 1623 1633
f 1633 1623 1624
f 1633 1624 1632
f 1632 1624 1625
f 1632 1625 1629
f 1629 1625 1630
f 1630 1625 1626
f 1636 1620 1621
f 1220 1200 1201
f 1644 1616 1615
f 1643 1617 1616
f 1678 1650 1677
f 1677 1650 1656
f 1677 1656 1676
f 1676 1656 1657
f 1676 1657 1675
f 1675 1657 1658
f 1675 1658 1674
f 1674 1658 1659
f 1674 1659 1673
f 1673 1659 1660
f 1673 1660 1672
f 1643 1616 1644
f 1672 1660 1661
f 1671 1661 1662
f 1671 1662 1670
f 1670 1662 1663
f 1670 1663 1667
f 1667 1663 1668
f 1668 1663 1664
f 1668 1664 1665
f 34 1609 36
f 36 1609 1617
f 36 1617 1642
f 1642 1617 1643
f 1672 1661 1671
f 1220 1201 1219
f 1219 1201 1202
f 1219 1202 1218
f 992 973 974
f 992 974 991
f 991 974 975
f 991 975 990
f 990 975 976
f 990 976 989
f 989 976 977
f 989 977 988
f 988 977 978
f 988 978 987
f 987 978 979
f 987 979 986
f 986 979 984
f 986 984 983
f 979 980 984
f 984 980 981
f 982 985 983
f 983 985 986
f 996 995 46
f 1002 1001 48
f 48 1001 1009
f 48 1009 1034
f 1034 1009 1008
f 993 973 992
f 993 972 973
f 994 972 993
f 994 966 972
f 950 939 940
f 950 940 949
f 949 940 941
f 949 941 948
f 948 941 946
f 948 946 945
f 941 942 946
f 946 942 943
f 944 947 945
f 945 947 948
f 958 957 44
f 1034 1008 1035
f 964 963 46
f 46 971 996
f 996 971 970
f 996 970 997
f 997 970 969
f 997 969 998
f 998 969 968
f 998 968 999
f 999 968 967
f 999 967 1000
f 1000 967 966
f 1000 966 994
f 46 963 971
f 1035 1008 1007
f 1035 1007 1036
f 1036 1007 1006
f 2 1040 1039
f 2 1039 1047
f 2 1047 1072
f 1072 1047 1046
f 1072 1046 1073
f 1073 1046 1045
f 1073 1045 1074
f 1074 1045 1044
f 1074 1044 1075
f 1075 1044 1043
f 1075 1043 1076
f 1041 1040 2
f 1076 1043 1042
f 1070 1042 1048
f 1070 1048 1069
f 1069 1048 1049
f 1069 1049 1068
f 1068 1049 1050
f 1068 1050 1067
f 1067 1050 1051
f 1067 1051 1066
f 1066 1051 1052
f 1066 1052 1065
f 1065 1052 1053
f 1076 1042 1070
f 951 939 950
f 1021 1023 1024
f 1022 1018 1019
f 1036 1006 1037
f 1037 1006 1005
f 1037 1005 1038
f 1038 1005 1004
f 1038 1004 1032
f 1032 1004 1010
f 1032 1010 1031
f 1031 1010 1011
f 1031 1011 1030
f 1030 1011 1012
f 1030 1012 1029
f 1020 1023 1021
f 1029 1012 1013
f 1028 1013 1014
f 1028 1014 1027
f 1027 1014 1015
f 1027 1015 1026
f 1026 1015 1016
f 1026 1016 1025
f 1025 1016 1017
f 1025 1017 1024
f 1024 1017 1022
f 1024 1022 1021
f 1017 1018 1022
f 1029 1013 1028
f 1752 15 1753
f 951 938 939
f 952 937 938
f 1183 1162 1182
f 1182 1162 1163
f 1182 1163 1181
f 1181 1163 1164
f 1181 1164 1180
f 1180 1164 1165
f 1180 1165 1179
f 1179 1165 1166
f 1179 1166 1178
f 1178 1166 1167
f 1178 1167 1177
f 1177 1167 1168
f 1177 1168 1176
f 1176 1168 1169
f 1176 1169 1173
f 1173 1169 1174
f 1174 1169 1170
f 1174 1170 1171
f 6 1123 8
f 8 1123 1148
f 8 1148 1147
f 4 1085 6
f 6 1085 1110
f 1183 1156 1162
f 1184 1156 1183
f 1184 1157 1156
f 1190 1157 1184
f 1218 1202 1203
f 1218 1203 1217
f 1217 1203 1204
f 1217 1204 1216
f 1216 1204 1205
f 1216 1205 1215
f 1215 1205 1206
f 1215 1206 1214
f 1214 1206 1207
f 1214 1207 1211
f 1211 1207 1212
f 6 1110 1109
f 1212 1207 1208
f 8 1153 10
f 10 1153 1161
f 10 1161 1186
f 1186 1161 1187
f 1187 1161 1160
f 1187 1160 1188
f 1188 1160 1159
f 1188 1159 1189
f 1189 1159 1158
f 1189 1158 1190
f 1190 1158 1157
f 1212 1208 1209
f 1742 910 1743
f 1743 910 909
f 1743 909 1744
f 1731 920 42
f 1731 42 1723
f 920 919 42
f 926 925 44
f 44 925 933
f 44 933 958
f 958 933 932
f 958 932 959
f 959 932 931
f 959 931 960
f 960 931 930
f 1730 920 1731
f 960 930 961
f 961 929 962
f 962 929 928
f 962 928 956
f 956 928 934
f 956 934 955
f 955 934 935
f 955 935 954
f 954 935 936
f 954 936 953
f 953 936 937
f 953 937 952
f 961 930 929
f 952 938 951
f 1730 921 920
f 1729 922 921
f 1744 909 1739
f 1744 1739 1740
f 909 911 1739
f 1739 911 1738
f 1738 911 912
f 1738 912 1737
f 1737 912 913
f 1737 913 1736
f 1736 913 914
f 1736 914 1735
f 1735 914 915
f 1729 921 1730
f 1735 915 1734
f 1734 916 1733
f 1733 916 917
f 1733 917 1732
f 1732 917 918
f 1732 918 1726
f 1726 918 924
f 1726 924 1727
f 1727 924 923
f 1727 923 1728
f 1728 923 922
f 1728 922 1729
f 1734 915 916
f 478 1340 479
f 885 884 886
f 477 1339 478
f 551 584 585
f 551 585 586
f 586 587 551
f 551 587 588
f 551 588 589
f 589 588 590
f 589 590 591
f 591 592 589
f 589 592 593
f 589 593 594
f 594 595 589
f 589 595 596
f 589 596 597
f 589 597 598
f 598 597 599
f 598 599 600
f 600 599 601
f 600 601 602
f 602 601 603
f 602 603 604
f 604 603 605
f 604 605 606
f 606 605 607
f 559 584 551
f 579 583 577
f 582 583 579
f 578 580 581
f 556 557 551
f 551 557 558
f 551 558 559
f 559 558 560
f 559 560 561
f 561 560 562
f 561 562 563
f 563 562 564
f 563 564 565
f 565 564 566
f 565 566 567
f 606 607 608
f 567 566 568
f 569 568 570
f 569 570 571
f 571 570 572
f 571 572 573
f 573 572 574
f 573 574 575
f 575 574 576
f 575 576 577
f 577 576 578
f 577 578 579
f 576 580 578
f 567 568 569
f 551 555 556
f 608 607 609
f 610 609 611
f 638 639 640
f 640 639 641
f 640 641 642
f 642 641 643
f 642 643 644
f 644 643 645
f 644 645 646
f 646 645 647
f 646 647 648
f 648 647 649
f 648 649 650
f 650 649 651
f 650 651 652
f 652 651 653
f 652 653 654
f 654 653 655
f 654 655 656
f 656 655 657
f 656 657 658
f 655 659 657
f 657 659 660
f 661 662 658
f 658 662 656
f 638 637 639
f 636 637 638
f 636 635 637
f 627 635 636
f 610 611 612
f 612 611 613
f 612 613 614
f 614 613 615
f 614 615 616
f 616 615 617
f 616 617 618
f 615 619 617
f 617 619 620
f 621 622 618
f 618 622 616
f 608 609 610
f 598 623 589
f 589 624 625
f 625 626 589
f 589 626 627
f 627 626 628
f 627 628 629
f 629 630 627
f 627 630 631
f 627 631 632
f 632 633 627
f 627 633 634
f 627 634 635
f 589 623 624
f 551 554 555
f 553 554 551
f 551 552 553
f 437 473 474
f 437 474 475
f 475 474 476
f 475 476 477
f 477 478 475
f 475 478 479
f 475 479 480
f 481 482 480
f 480 482 483
f 480 483 475
f 475 483 484
f 475 484 485
f 482 481 486
f 486 481 487
f 486 487 488
f 488 487 489
f 488 489 490
f 490 489 491
f 490 491 492
f 492 491 493
f 492 493 494
f 494 493 495
f 494 495 496
f 472 473 437
f 437 471 472
f 437 470 471
f 469 470 437
f 445 444 446
f 445 446 447
f 447 446 448
f 447 448 449
f 449 448 450
f 449 450 451
f 451 450 452
f 451 452 453
f 453 452 454
f 453 454 455
f 455 454 456
f 496 495 497
f 455 456 457
f 457 458 459
f 459 458 460
f 459 460 461
f 461 460 462
f 462 460 463
f 462 463 464
f 465 466 461
f 461 466 459
f 442 467 437
f 437 467 468
f 437 468 469
f 457 456 458
f 496 497 498
f 498 497 499
f 498 499 500
f 528 527 529
f 528 529 530
f 530 529 531
f 530 531 532
f 532 531 533
f 532 533 534
f 534 533 535
f 534 535 536
f 536 535 537
f 536 537 538
f 538 537 539
f 526 527 528
f 538 539 540
f 541 539 542
f 541 542 543
f 544 545 540
f 540 545 538
f 521 546 513
f 513 546 547
f 513 547 548
f 548 549 513
f 513 549 550
f 513 550 551
f 551 550 552
f 540 539 541
f 636 663 627
f 526 525 527
f 524 523 525
f 500 499 501
f 500 501 502
f 502 501 503
f 503 501 504
f 503 504 505
f 506 507 502
f 502 507 500
f 485 508 475
f 475 508 509
f 475 509 510
f 510 511 475
f 524 525 526
f 475 511 512
f 513 512 514
f 513 514 515
f 515 516 513
f 513 516 517
f 513 517 518
f 518 519 513
f 513 519 520
f 513 520 521
f 520 519 522
f 522 519 523
f 522 523 524
f 475 512 513
f 443 444 445
f 627 663 664
f 627 665 666
f 804 805 806
f 806 805 807
f 806 807 808
f 808 807 809
f 808 809 810
f 810 809 811
f 810 811 812
f 812 811 813
f 812 813 814
f 814 813 815
f 814 815 816
f 816 815 817
f 817 815 818
f 817 818 819
f 820 821 816
f 816 821 814
f 797 822 790
f 790 822 823
f 790 823 824
f 824 825 790
f 790 825 826
f 790 826 827
f 790 827 828
f 804 803 805
f 802 803 804
f 802 801 803
f 800 801 802
f 777 776 778
f 778 776 779
f 778 779 780
f 781 782 777
f 777 782 775
f 754 783 752
f 752 783 784
f 752 784 785
f 785 786 752
f 752 786 787
f 752 787 788
f 828 827 829
f 788 789 752
f 790 789 791
f 790 791 792
f 793 794 792
f 792 794 795
f 792 795 790
f 790 795 796
f 790 796 797
f 794 793 798
f 798 793 799
f 798 799 800
f 800 799 801
f 752 789 790
f 775 776 777
f 828 829 830
f 828 831 832
f 828 860 861
f 828 861 862
f 862 863 828
f 828 863 864
f 828 864 865
f 865 866 828
f 828 866 867
f 867 866 868
f 867 868 869
f 869 870 867
f 867 870 871
f 867 871 872
f 872 871 873
f 873 871 874
f 873 874 875
f 875 874 876
f 875 876 877
f 877 876 878
f 877 878 879
f 879 878 880
f 879 880 881
f 881 880 882
f 881 882 883
f 833 860 828
f 854 859 852
f 858 859 854
f 855 856 857
f 828 832 833
f 832 831 834
f 834 831 835
f 834 835 836
f 836 835 837
f 836 837 838
f 838 837 839
f 838 839 840
f 840 839 841
f 840 841 842
f 842 841 843
f 830 831 828
f 842 843 844
f 844 845 846
f 846 845 847
f 846 847 848
f 848 847 849
f 848 849 850
f 850 849 851
f 850 851 852
f 852 851 853
f 852 853 854
f 854 853 855
f 855 853 856
f 844 843 845
f 775 774 776
f 773 774 775
f 773 772 774
f 693 694 695
f 695 694 696
f 695 696 697
f 694 698 696
f 696 698 699
f 700 701 697
f 697 701 695
f 675 702 666
f 666 702 703
f 666 703 704
f 704 703 705
f 704 705 706
f 706 707 704
f 704 707 708
f 704 708 709
f 709 710 704
f 704 710 711
f 704 711 712
f 704 712 713
f 713 712 714
f 713 714 715
f 715 714 716
f 715 716 717
f 693 692 694
f 691 692 693
f 691 690 692
f 689 690 691
f 666 665 667
f 666 667 668
f 668 669 666
f 666 669 670
f 666 670 671
f 671 672 666
f 666 672 673
f 666 673 674
f 666 674 675
f 675 674 676
f 675 676 677
f 717 716 718
f 677 676 678
f 679 678 680
f 679 680 681
f 681 680 682
f 681 682 683
f 683 682 684
f 683 684 685
f 685 684 686
f 685 686 687
f 687 686 688
f 687 688 689
f 689 688 690
f 677 678 679
f 717 718 719
f 719 718 720
f 719 720 721
f 742 749 750
f 750 751 742
f 742 751 752
f 752 751 753
f 752 753 754
f 753 751 755
f 755 751 756
f 755 756 757
f 757 756 758
f 757 758 759
f 759 758 760
f 742 748 749
f 759 760 761
f 761 762 763
f 763 762 764
f 763 764 765
f 765 764 766
f 765 766 767
f 767 766 768
f 767 768 769
f 769 768 770
f 769 770 771
f 771 770 772
f 771 772 773
f 761 760 762
f 627 664 665
f 747 748 742
f 742 745 746
f 721 720 722
f 721 722 723
f 723 722 724
f 723 724 725
f 725 724 726
f 725 726 727
f 727 726 728
f 727 728 729
f 729 728 730
f 729 730 731
f 731 730 732
f 742 746 747
f 731 732 733
f 733 734 735
f 735 734 736
f 735 736 737
f 734 738 736
f 736 738 739
f 740 741 737
f 737 741 735
f 704 713 742
f 742 713 743
f 742 743 744
f 744 745 742
f 733 732 734
f 443 441 444
f 442 441 443
f 437 441 442
f 141 140 142
f 141 142 143
f 143 142 144
f 143 144 145
f 145 144 146
f 145 146 147
f 147 146 148
f 147 148 149
f 146 150 148
f 148 150 151
f 152 153 149
f 149 153 147
f 129 154 121
f 121 154 155
f 121 155 156
f 156 157 121
f 121 157 158
f 121 158 159
f 159 158 160
f 159 160 161
f 161 162 159
f 159 162 163
f 159 163 164
f 139 140 141
f 139 138 140
f 137 138 139
f 137 136 138
f 114 115 110
f 110 115 108
f 91 116 83
f 83 116 117
f 83 117 118
f 118 119 83
f 83 119 120
f 83 120 121
f 121 120 122
f 121 122 123
f 123 124 121
f 164 165 159
f 121 124 125
f 126 127 121
f 121 127 128
f 121 128 129
f 129 128 130
f 129 130 131
f 131 130 132
f 131 132 133
f 133 132 134
f 133 134 135
f 135 134 136
f 135 136 137
f 121 125 126
f 111 112 113
f 159 165 166
f 159 167 168
f 159 196 197
f 197 196 198
f 197 198 199
f 199 200 197
f 197 200 201
f 197 201 202
f 202 203 197
f 197 203 204
f 197 204 205
f 197 205 206
f 206 205 207
f 206 207 208
f 208 207 209
f 208 209 210
f 210 209 211
f 210 211 212
f 212 211 213
f 212 213 214
f 214 213 215
f 214 215 216
f 216 215 217
f 216 217 218
f 218 217 219
f 195 196 159
f 159 194 195
f 159 193 194
f 168 193 159
f 168 167 169
f 168 169 170
f 170 169 171
f 170 171 172
f 172 171 173
f 172 173 174
f 174 173 175
f 174 175 176
f 176 175 177
f 176 177 178
f 178 177 179
f 159 166 167
f 178 179 180
f 180 181 182
f 182 181 183
f 182 183 184
f 184 183 185
f 184 185 186
f 186 185 187
f 186 187 188
f 185 189 187
f 187 189 190
f 191 192 188
f 188 192 186
f 180 179 181
f 111 109 112
f 110 109 111
f 108 109 110
f 29 30 31
f 31 30 32
f 31 32 33
f 33 32 34
f 33 34 35
f 35 34 36
f 35 36 37
f 37 36 38
f 37 38 39
f 39 38 40
f 39 40 41
f 41 40 42
f 41 42 43
f 43 42 44
f 43 44 45
f 45 44 46
f 45 46 47
f 47 46 48
f 47 48 1
f 1 48 2
f 49 50 51
f 51 50 52
f 52 50 53
f 29 28 30
f 27 28 29
f 27 26 28
f 25 26 27
f 478 1339 1340
f 3 2 4
f 3 4 5
f 5 4 6
f 5 6 7
f 7 6 8
f 7 8 9
f 9 8 10
f 9 10 11
f 11 10 12
f 11 12 13
f 52 53 54
f 13 12 14
f 15 14 16
f 15 16 17
f 17 16 18
f 17 18 19
f 19 18 20
f 19 20 21
f 21 20 22
f 21 22 23
f 23 22 24
f 23 24 25
f 25 24 26
f 13 14 15
f 54 53 55
f 55 53 56
f 52 54 57
f 85 86 83
f 83 86 87
f 83 87 88
f 88 89 83
f 83 89 90
f 83 90 91
f 90 89 92
f 92 89 93
f 92 93 94
f 94 93 95
f 94 95 96
f 83 84 85
f 96 95 97
f 98 97 99
f 98 99 100
f 100 99 101
f 100 101 102
f 102 101 103
f 102 103 104
f 104 103 105
f 104 105 106
f 106 105 107
f 106 107 108
f 108 107 109
f 96 97 98
f 218 219 220
f 83 82 84
f 75 81 82
f 57 54 58
f 57 58 59
f 59 58 60
f 59 60 61
f 61 60 62
f 61 62 63
f 63 62 64
f 63 64 65
f 65 64 66
f 65 66 67
f 67 66 68
f 75 82 83
f 67 68 69
f 69 70 71
f 71 70 72
f 71 72 73
f 73 72 74
f 73 74 75
f 75 74 76
f 75 76 77
f 77 78 75
f 75 78 79
f 75 79 80
f 80 81 75
f 69 68 70
f 220 219 221
f 220 221 222
f 222 221 223
f 363 364 362
f 362 364 365
f 362 365 360
f 360 365 366
f 360 366 367
f 364 363 368
f 368 363 369
f 368 369 370
f 370 369 371
f 370 371 372
f 372 371 373
f 372 373 374
f 374 373 375
f 374 375 376
f 376 375 377
f 376 377 378
f 378 377 379
f 378 379 380
f 380 379 381
f 380 381 382
f 382 381 383
f 382 383 384
f 384 383 385
f 360 361 362
f 360 359 361
f 322 359 360
f 358 359 322
f 333 334 335
f 335 334 336
f 335 336 337
f 337 336 338
f 337 338 339
f 339 338 340
f 339 340 341
f 341 340 342
f 341 342 343
f 343 342 344
f 343 344 345
f 384 385 386
f 345 344 346
f 347 346 348
f 348 346 349
f 348 349 350
f 351 352 347
f 347 352 345
f 324 353 322
f 322 353 354
f 322 354 355
f 355 356 322
f 322 356 357
f 322 357 358
f 345 346 347
f 386 385 387
f 387 385 388
f 387 388 389
f 416 417 418
f 418 417 419
f 418 419 420
f 420 419 421
f 420 421 422
f 422 421 423
f 422 423 424
f 424 423 425
f 425 423 426
f 425 426 427
f 428 429 424
f 416 415 417
f 424 429 422
f 398 430 431
f 398 431 432
f 432 433 398
f 398 433 434
f 398 434 435
f 435 436 398
f 398 436 437
f 437 436 438
f 437 438 439
f 439 440 437
f 437 440 441
f 403 430 398
f 333 332 334
f 414 415 416
f 412 413 414
f 390 391 386
f 386 391 384
f 367 392 360
f 360 392 393
f 360 393 394
f 394 395 360
f 360 395 396
f 360 396 397
f 360 397 398
f 398 397 399
f 398 399 400
f 414 413 415
f 400 401 398
f 398 402 403
f 402 401 404
f 404 401 405
f 404 405 406
f 406 405 407
f 406 407 408
f 408 407 409
f 408 409 410
f 410 409 411
f 410 411 412
f 412 411 413
f 398 401 402
f 883 882 884
f 331 332 333
f 329 330 331
f 251 250 252
f 251 252 253
f 253 252 254
f 253 254 255
f 255 254 256
f 255 256 257
f 257 256 258
f 257 258 259
f 259 258 260
f 259 260 261
f 261 260 262
f 261 262 263
f 263 262 264
f 263 264 265
f 265 264 266
f 265 266 267
f 264 268 266
f 266 268 269
f 270 271 267
f 267 271 265
f 245 272 236
f 236 272 273
f 236 273 274
f 249 250 251
f 249 248 250
f 247 248 249
f 247 246 248
f 222 223 224
f 224 223 225
f 224 225 226
f 226 225 227
f 226 227 228
f 225 229 227
f 227 229 230
f 231 232 228
f 228 232 226
f 206 233 197
f 197 233 234
f 274 273 275
f 197 234 235
f 236 235 237
f 236 237 238
f 238 239 236
f 236 239 240
f 236 240 241
f 241 242 236
f 236 242 243
f 236 243 244
f 236 244 245
f 245 244 246
f 245 246 247
f 197 235 236
f 274 275 276
f 276 277 274
f 274 277 278
f 305 306 307
f 304 308 306
f 306 308 309
f 310 311 307
f 307 311 305
f 274 283 312
f 312 283 313
f 312 313 314
f 314 315 312
f 312 315 316
f 312 316 317
f 305 304 306
f 317 318 312
f 312 319 320
f 320 321 312
f 312 321 322
f 322 321 323
f 322 323 324
f 323 321 325
f 325 321 326
f 325 326 327
f 327 326 328
f 327 328 329
f 329 328 330
f 312 318 319
f 331 330 332
f 303 304 305
f 301 302 303
f 274 278 279
f 279 280 274
f 274 280 281
f 274 281 282
f 274 282 283
f 283 282 284
f 283 284 285
f 285 284 286
f 285 286 287
f 287 286 288
f 287 288 289
f 303 302 304
f 289 288 290
f 291 290 292
f 291 292 293
f 293 292 294
f 293 294 295
f 295 294 296
f 295 296 297
f 297 296 298
f 297 298 299
f 299 298 300
f 299 300 301
f 301 300 302
f 289 290 291
f 883 884 885
f 1 2 3
f 885 886 887
f 635 1189 637
f 637 1189 1190
f 637 1190 639
f 639 1190 1184
f 628 1191 629
f 629 1191 1192
f 629 1192 630
f 630 1192 1193
f 630 1193 631
f 631 1193 1185
f 600 1194 598
f 598 1194 1195
f 598 1195 623
f 623 1195 1196
f 623 1196 624
f 624 1196 1197
f 624 1197 625
f 625 1197 1198
f 625 1198 626
f 626 1198 1199
f 626 1199 628
f 628 1199 1191
f 1200 1194 602
f 635 1188 1189
f 634 1188 635
f 634 1187 1188
f 633 1187 634
f 1175 1172 659
f 659 1172 660
f 1176 1175 655
f 655 1175 659
f 1177 1176 653
f 653 1176 655
f 1178 1177 651
f 651 1177 653
f 1179 1178 649
f 649 1178 651
f 1180 1179 647
f 602 1194 600
f 647 1179 649
f 645 1180 647
f 1182 1181 643
f 643 1181 645
f 1183 1182 641
f 641 1182 643
f 1184 1183 639
f 639 1183 641
f 631 1185 632
f 632 1185 1186
f 632 1186 633
f 633 1186 1187
f 1181 1180 645
f 661 1174 1171
f 1201 1200 604
f 1202 1201 606
f 611 1215 613
f 1217 1216 609
f 609 1216 611
f 1218 1217 607
f 607 1217 609
f 1219 1218 605
f 605 1218 607
f 1220 1219 603
f 603 1219 605
f 1221 1220 601
f 601 1220 603
f 1222 1221 599
f 599 1221 601
f 592 1223 593
f 593 1223 1224
f 593 1224 594
f 594 1224 1225
f 594 1225 595
f 595 1225 1226
f 595 1226 596
f 596 1226 1227
f 596 1227 597
f 597 1227 1228
f 1216 1215 611
f 613 1214 615
f 1215 1214 613
f 615 1213 619
f 606 1201 604
f 1203 1202 608
f 608 1202 606
f 1204 1203 610
f 610 1203 608
f 1205 1204 612
f 612 1204 610
f 1206 1205 614
f 614 1205 612
f 1207 1206 616
f 616 1206 614
f 604 1200 602
f 1208 1207 622
f 1209 1208 621
f 621 1208 622
f 620 1210 617
f 617 1210 1211
f 617 1211 618
f 618 1211 1212
f 618 1212 621
f 621 1212 1209
f 1213 1210 619
f 619 1210 620
f 1214 1213 615
f 622 1207 616
f 658 1174 661
f 658 1173 1174
f 657 1173 658
f 700 1132 701
f 699 1134 696
f 696 1134 1135
f 696 1135 697
f 697 1135 1136
f 697 1136 700
f 700 1136 1133
f 1137 1134 698
f 698 1134 699
f 1138 1137 694
f 694 1137 698
f 1139 1138 692
f 692 1138 694
f 1140 1139 690
f 690 1139 692
f 1141 1140 688
f 688 1140 690
f 1142 1141 686
f 686 1141 688
f 1143 1142 684
f 684 1142 686
f 1144 1143 682
f 682 1143 684
f 1133 1132 700
f 701 1131 695
f 1132 1131 701
f 695 1130 693
f 675 1119 1120
f 675 1120 702
f 702 1120 1121
f 702 1121 703
f 703 1121 1122
f 703 1122 705
f 705 1122 1123
f 705 1123 706
f 706 1123 1115
f 1124 1118 681
f 681 1118 679
f 1145 1144 680
f 1125 1124 683
f 1126 1125 685
f 685 1125 683
f 1127 1126 687
f 687 1126 685
f 1128 1127 689
f 689 1127 687
f 1129 1128 691
f 691 1128 689
f 1130 1129 693
f 693 1129 691
f 1131 1130 695
f 683 1124 681
f 680 1144 682
f 1146 1145 678
f 678 1145 680
f 665 1161 667
f 667 1161 1153
f 1162 1156 642
f 642 1156 640
f 1163 1162 644
f 644 1162 642
f 1164 1163 646
f 646 1163 644
f 1165 1164 648
f 648 1164 646
f 1166 1165 650
f 665 1160 1161
f 650 1165 648
f 652 1166 650
f 1168 1167 654
f 654 1167 652
f 1169 1168 656
f 656 1168 654
f 1170 1169 662
f 662 1169 656
f 1171 1170 661
f 661 1170 662
f 660 1172 657
f 657 1172 1173
f 1167 1166 652
f 597 1228 599
f 664 1160 665
f 663 1159 664
f 670 1147 671
f 671 1147 1148
f 671 1148 672
f 672 1148 1149
f 672 1149 673
f 673 1149 1150
f 673 1150 674
f 674 1150 1151
f 674 1151 676
f 676 1151 1152
f 676 1152 678
f 664 1159 1160
f 678 1152 1146
f 668 1153 1154
f 668 1154 669
f 669 1154 1155
f 669 1155 670
f 670 1155 1147
f 640 1156 638
f 638 1156 1157
f 638 1157 636
f 636 1157 1158
f 636 1158 663
f 663 1158 1159
f 667 1153 668
f 677 1119 675
f 599 1228 1222
f 590 1229 1230
f 515 1299 1300
f 515 1300 516
f 516 1300 1301
f 516 1301 517
f 517 1301 1302
f 517 1302 518
f 518 1302 1303
f 518 1303 519
f 519 1303 1304
f 519 1304 523
f 523 1304 1298
f 510 1305 511
f 511 1305 1306
f 511 1306 512
f 512 1306 1307
f 512 1307 514
f 514 1307 1299
f 482 1308 483
f 483 1308 1309
f 483 1309 484
f 484 1309 1310
f 484 1310 485
f 485 1310 1311
f 514 1299 515
f 523 1297 525
f 1298 1297 523
f 525 1296 527
f 544 1284 545
f 543 1286 541
f 541 1286 1287
f 541 1287 540
f 540 1287 1288
f 540 1288 544
f 544 1288 1285
f 1289 1286 542
f 542 1286 543
f 1290 1289 539
f 539 1289 542
f 485 1311 508
f 1291 1290 537
f 1292 1291 535
f 535 1291 537
f 1293 1292 533
f 533 1292 535
f 1294 1293 531
f 531 1293 533
f 1295 1294 529
f 529 1294 531
f 1296 1295 527
f 527 1295 529
f 1297 1296 525
f 537 1290 539
f 1285 1284 544
f 508 1311 1312
f 509 1312 1313
f 1327 1324 504
f 504 1324 505
f 1328 1327 501
f 501 1327 504
f 1329 1328 499
f 499 1328 501
f 1330 1329 497
f 497 1329 499
f 1331 1330 495
f 495 1330 497
f 1332 1331 493
f 493 1331 495
f 1333 1332 491
f 491 1332 493
f 1334 1333 489
f 489 1333 491
f 1335 1334 487
f 487 1334 489
f 1336 1335 481
f 481 1335 487
f 474 1337 476
f 476 1337 1338
f 476 1338 477
f 506 1326 1323
f 502 1326 506
f 502 1325 1326
f 503 1325 502
f 509 1313 510
f 510 1313 1305
f 1314 1308 486
f 486 1308 482
f 1315 1314 488
f 488 1314 486
f 1316 1315 490
f 490 1315 488
f 1317 1316 492
f 492 1316 490
f 1318 1317 494
f 508 1312 509
f 494 1317 492
f 496 1318 494
f 1320 1319 498
f 498 1319 496
f 1321 1320 500
f 500 1320 498
f 1322 1321 507
f 507 1321 500
f 1323 1322 506
f 506 1322 507
f 505 1324 503
f 503 1324 1325
f 1319 1318 496
f 545 1283 538
f 1284 1283 545
f 538 1282 536
f 1244 1243 575
f 575 1243 573
f 1245 1244 577
f 577 1244 575
f 1246 1245 583
f 583 1245 577
f 1247 1246 582
f 582 1246 583
f 581 1248 578
f 578 1248 1249
f 578 1249 579
f 579 1249 1250
f 579 1250 582
f 582 1250 1247
f 1251 1248 580
f 580 1248 581
f 1252 1251 576
f 576 1251 580
f 1253 1252 574
f 574 1252 576
f 1254 1253 572
f 572 1253 574
f 1255 1254 570
f 573 1242 571
f 1243 1242 573
f 571 1241 569
f 1242 1241 571
f 590 1230 591
f 591 1230 1231
f 591 1231 592
f 592 1231 1223
f 561 1232 559
f 559 1232 1233
f 559 1233 584
f 584 1233 1234
f 584 1234 585
f 585 1234 1235
f 585 1235 586
f 570 1254 572
f 586 1235 1236
f 587 1236 1237
f 587 1237 588
f 588 1237 1229
f 1238 1232 563
f 563 1232 561
f 1239 1238 565
f 565 1238 563
f 1240 1239 567
f 567 1239 565
f 1241 1240 569
f 569 1240 567
f 586 1236 587
f 1256 1255 568
f 568 1255 570
f 1257 1256 566
f 521 1271 1272
f 521 1272 546
f 546 1272 1273
f 546 1273 547
f 547 1273 1274
f 547 1274 548
f 548 1274 1275
f 548 1275 549
f 549 1275 1267
f 1276 1270 524
f 524 1270 522
f 520 1271 521
f 1277 1276 526
f 1278 1277 528
f 528 1277 526
f 1279 1278 530
f 530 1278 528
f 1280 1279 532
f 532 1279 530
f 1281 1280 534
f 534 1280 532
f 1282 1281 536
f 536 1281 534
f 1283 1282 538
f 526 1276 524
f 588 1229 590
f 520 1270 1271
f 553 1269 1261
f 566 1256 568
f 1258 1257 564
f 564 1257 566
f 1259 1258 562
f 562 1258 564
f 1260 1259 560
f 560 1259 562
f 553 1261 554
f 554 1261 1262
f 554 1262 555
f 555 1262 1263
f 522 1270 520
f 555 1263 556
f 556 1264 557
f 557 1264 1265
f 557 1265 558
f 558 1265 1266
f 558 1266 560
f 560 1266 1260
f 549 1267 550
f 550 1267 1268
f 550 1268 552
f 552 1268 1269
f 552 1269 553
f 556 1263 1264
f 677 1118 1119
f 477 1338 1339
f 709 1117 1109
f 832 968 833
f 833 968 969
f 833 969 860
f 860 969 970
f 860 970 861
f 861 970 971
f 861 971 862
f 862 971 963
f 972 966 838
f 838 966 836
f 973 972 840
f 840 972 838
f 974 973 842
f 842 973 840
f 975 974 844
f 844 974 842
f 976 975 846
f 846 975 844
f 977 976 848
f 848 976 846
f 978 977 850
f 850 977 848
f 979 978 852
f 832 967 968
f 834 967 832
f 834 966 967
f 836 966 834
f 954 953 878
f 878 953 880
f 955 954 876
f 876 954 878
f 956 955 874
f 874 955 876
f 865 957 866
f 866 957 958
f 866 958 868
f 868 958 959
f 868 959 869
f 852 978 850
f 869 959 960
f 870 960 961
f 870 961 871
f 871 961 962
f 871 962 874
f 874 962 956
f 862 963 863
f 863 963 964
f 863 964 864
f 864 964 965
f 864 965 865
f 865 965 957
f 869 960 870
f 679 1118 677
f 980 979 859
f 981 980 858
f 827 995 996
f 827 996 829
f 829 996 997
f 829 997 830
f 830 997 998
f 830 998 831
f 831 998 999
f 831 999 835
f 835 999 1000
f 835 1000 837
f 837 1000 994
f 823 1001 824
f 824 1001 1002
f 824 1002 825
f 825 1002 1003
f 825 1003 826
f 826 1003 995
f 798 1004 794
f 794 1004 1005
f 794 1005 795
f 795 1005 1006
f 795 1006 796
f 796 1006 1007
f 826 995 827
f 837 993 839
f 994 993 837
f 839 992 841
f 858 980 859
f 857 982 855
f 855 982 983
f 855 983 854
f 854 983 984
f 854 984 858
f 858 984 981
f 985 982 856
f 856 982 857
f 986 985 853
f 853 985 856
f 859 979 852
f 987 986 851
f 988 987 849
f 849 987 851
f 989 988 847
f 847 988 849
f 990 989 845
f 845 989 847
f 991 990 843
f 843 990 845
f 992 991 841
f 841 991 843
f 993 992 839
f 851 986 853
f 953 952 880
f 882 951 884
f 952 951 882
f 59 911 57
f 913 912 61
f 61 912 59
f 914 913 63
f 63 913 61
f 915 914 65
f 65 914 63
f 916 915 67
f 67 915 65
f 917 916 69
f 69 916 67
f 918 917 71
f 71 917 69
f 904 919 905
f 905 919 920
f 905 920 906
f 906 920 921
f 906 921 907
f 907 921 922
f 907 922 908
f 908 922 923
f 908 923 73
f 73 923 924
f 912 911 59
f 57 909 52
f 911 909 57
f 52 910 51
f 887 886 888
f 887 888 889
f 889 888 890
f 889 890 891
f 891 890 892
f 892 890 893
f 892 893 894
f 895 896 891
f 891 896 889
f 872 897 867
f 867 897 898
f 73 924 71
f 867 898 899
f 867 900 901
f 867 901 902
f 902 903 867
f 867 903 904
f 867 904 75
f 75 904 905
f 75 905 906
f 906 907 75
f 75 907 908
f 75 908 73
f 909 910 52
f 899 900 867
f 71 924 918
f 901 925 902
f 902 925 926
f 940 939 887
f 887 939 885
f 941 940 889
f 889 940 887
f 942 941 896
f 896 941 889
f 943 942 895
f 895 942 896
f 894 944 892
f 892 944 945
f 892 945 891
f 885 938 883
f 891 945 946
f 895 946 943
f 947 944 893
f 893 944 894
f 948 947 890
f 890 947 893
f 949 948 888
f 888 948 890
f 950 949 886
f 886 949 888
f 951 950 884
f 884 950 886
f 891 946 895
f 796 1007 797
f 939 938 885
f 938 937 883
f 902 926 903
f 903 926 927
f 903 927 904
f 904 927 919
f 873 928 872
f 872 928 929
f 872 929 897
f 897 929 930
f 897 930 898
f 898 930 931
f 898 931 899
f 883 937 881
f 899 931 932
f 900 932 933
f 900 933 901
f 901 933 925
f 934 928 875
f 875 928 873
f 935 934 877
f 877 934 875
f 936 935 879
f 879 935 877
f 937 936 881
f 881 936 879
f 899 932 900
f 797 1007 1008
f 880 952 882
f 822 1008 1009
f 747 1078 1079
f 747 1079 748
f 748 1079 1071
f 719 1080 717
f 717 1080 1081
f 717 1081 715
f 715 1081 1082
f 715 1082 713
f 713 1082 1083
f 713 1083 743
f 743 1083 1084
f 743 1084 744
f 744 1084 1085
f 744 1085 745
f 745 1085 1077
f 1086 1080 721
f 721 1080 719
f 1087 1086 723
f 723 1086 721
f 1088 1087 725
f 725 1087 723
f 1089 1088 727
f 727 1088 725
f 746 1078 747
f 746 1077 1078
f 745 1077 746
f 760 1076 1070
f 772 1063 774
f 1065 1064 770
f 770 1064 772
f 1066 1065 768
f 768 1065 770
f 1067 1066 766
f 766 1066 768
f 1068 1067 764
f 764 1067 766
f 1069 1068 762
f 762 1068 764
f 729 1089 727
f 1070 1069 760
f 748 1071 749
f 749 1071 1072
f 749 1072 750
f 750 1072 1073
f 750 1073 751
f 751 1073 1074
f 751 1074 756
f 756 1074 1075
f 756 1075 758
f 758 1075 1076
f 758 1076 760
f 760 1069 762
f 1064 1063 772
f 1091 1090 731
f 1092 1091 733
f 722 1105 724
f 1107 1106 720
f 720 1106 722
f 1108 1107 718
f 718 1107 720
f 709 1109 710
f 710 1109 1110
f 710 1110 711
f 711 1110 1111
f 711 1111 712
f 712 1111 1112
f 712 1112 714
f 714 1112 1113
f 714 1113 716
f 716 1113 1114
f 716 1114 718
f 718 1114 1108
f 706 1115 707
f 707 1115 1116
f 707 1116 708
f 708 1116 1117
f 708 1117 709
f 797 1008 822
f 1106 1105 722
f 724 1104 726
f 1105 1104 724
f 726 1103 728
f 733 1091 731
f 1093 1092 735
f 735 1092 733
f 1094 1093 741
f 741 1093 735
f 1095 1094 740
f 740 1094 741
f 739 1096 736
f 736 1096 1097
f 736 1097 737
f 737 1097 1098
f 731 1090 729
f 737 1098 740
f 1099 1096 738
f 738 1096 739
f 1100 1099 734
f 734 1099 738
f 1101 1100 732
f 732 1100 734
f 1102 1101 730
f 730 1101 732
f 1103 1102 728
f 728 1102 730
f 1104 1103 726
f 740 1098 1095
f 774 1062 776
f 1090 1089 729
f 776 1061 779
f 1023 1020 818
f 818 1020 819
f 1024 1023 815
f 815 1023 818
f 1025 1024 813
f 813 1024 815
f 1026 1025 811
f 811 1025 813
f 1027 1026 809
f 809 1026 811
f 1028 1027 807
f 820 1022 1019
f 807 1027 809
f 805 1028 807
f 1030 1029 803
f 803 1029 805
f 1031 1030 801
f 801 1030 803
f 1032 1031 799
f 799 1031 801
f 787 1033 788
f 788 1033 1034
f 788 1034 789
f 789 1034 1035
f 1029 1028 805
f 789 1035 791
f 816 1022 820
f 817 1021 816
f 1063 1062 774
f 823 1009 1001
f 1010 1004 800
f 800 1004 798
f 1011 1010 802
f 802 1010 800
f 1012 1011 804
f 804 1011 802
f 1013 1012 806
f 806 1012 804
f 1014 1013 808
f 816 1021 1022
f 808 1013 806
f 810 1014 808
f 1016 1015 812
f 812 1015 810
f 1017 1016 814
f 814 1016 812
f 1018 1017 821
f 821 1017 814
f 1019 1018 820
f 820 1018 821
f 819 1020 817
f 817 1020 1021
f 1015 1014 810
f 791 1035 1036
f 822 1009 823
f 1062 1061 776
f 765 1049 763
f 1051 1050 767
f 767 1050 765
f 1052 1051 769
f 769 1051 767
f 1053 1052 771
f 771 1052 769
f 1054 1053 773
f 773 1053 771
f 775 1054 773
f 1056 1055 782
f 782 1055 775
f 1057 1056 781
f 781 1056 782
f 780 1058 778
f 778 1058 1059
f 778 1059 777
f 777 1059 1060
f 777 1060 781
f 781 1060 1057
f 1061 1058 779
f 779 1058 780
f 791 1036 792
f 1050 1049 765
f 763 1048 761
f 1055 1054 775
f 761 1042 759
f 1049 1048 763
f 792 1037 793
f 793 1037 1038
f 793 1038 799
f 799 1038 1032
f 784 1039 785
f 785 1039 1040
f 786 1040 1041
f 786 1041 787
f 787 1041 1033
f 759 1042 757
f 757 1042 1043
f 785 1040 786
f 792 1036 1037
f 757 1043 755
f 784 1047 1039
f 783 1047 784
f 783 1046 1047
f 754 1046 783
f 1048 1042 761
f 753 1045 754
f 753 1044 1045
f 755 1044 753
f 755 1043 1044
f 754 1045 1046

