time,motor,target_rad_s,speed_rad_s,wheel_speed_rad_s,commanded_torque_nm,closure_error_m
0.010000000000000002,p0_m0,8,7.98269821749336,8.00812485961238,4.929706394399691e-05,4.311125963373778e-09
0.010000000000000002,p0_m1,0,-1.3159752778099906e-05,-1.28829951261348e-05,0.0,4.311125963373778e-09
0.010000000000000002,p0_m2,0,1.315975218053006e-05,1.2882994537081386e-05,0.0,4.311125963373778e-09
0.010000000000000002,p0_m3,0,-2.438026812258446e-05,-2.384351679985275e-05,0.0,4.311125963373778e-09
0.010000000000000002,p1_m0,0,1.2542670481215595e-05,1.2236213365272456e-05,0.0,4.311125963373778e-09
0.010000000000000002,p1_m1,0,-6.167853783077957e-06,-6.001248600048538e-06,0.0,4.311125963373778e-09
0.010000000000000002,p1_m2,0,6.167856463305973e-06,6.001251219430056e-06,0.0,4.311125963373778e-09
0.010000000000000002,p1_m3,0,-1.254266749576408e-05,-1.2236210475068058e-05,0.0,4.311125963373778e-09
0.010000000000000002,p2_m0,0,1.6433236479984175e-05,1.6043199900644176e-05,0.0,4.311125963373778e-09
0.010000000000000002,p2_m1,0,-1.3352733576490738e-05,-1.3030889499439646e-05,0.0,4.311125963373778e-09
0.010000000000000002,p2_m2,0,1.3352733674462238e-05,1.303088959601239e-05,0.0,4.311125963373778e-09
0.010000000000000002,p2_m3,0,-1.6433235643053583e-05,-1.6043199113977783e-05,0.0,4.311125963373778e-09
0.010000000000000002,p3_m0,0,-6.0148511512784555e-06,-5.866774125716381e-06,0.0,4.311125963373778e-09
0.010000000000000002,p3_m1,0,2.056271852127183e-05,2.005906950734925e-05,0.0,4.311125963373778e-09
0.010000000000000002,p3_m2,0,-2.056272227474876e-05,-2.0059073164423534e-05,0.0,4.311125963373778e-09
0.010000000000000002,p3_m3,0,6.014857174960757e-06,5.866780003632611e-06,0.0,4.311125963373778e-09
0.02000000000000001,p0_m0,8,7.980206656184465,7.981734721238699,5.922725579111088e-05,1.4155016686456397e-09
0.02000000000000001,p0_m1,0,-1.0684694798708711e-05,-1.0681529821014472e-05,0.0,1.4155016686456397e-09
0.02000000000000001,p0_m2,0,1.0684694221584232e-05,1.0681529243749326e-05,0.0,1.4155016686456397e-09
0.02000000000000001,p0_m3,0,-1.961262016222191e-05,-1.960571586101858e-05,0.0,1.4155016686456397e-09
0.02000000000000001,p1_m0,0,7.968630761068604e-06,7.974770202489978e-06,0.0,1.4155016686456397e-09
0.02000000000000001,p1_m1,0,-3.745993011270193e-06,-3.7486090694201887e-06,0.0,1.4155016686456397e-09
0.02000000000000001,p1_m2,0,3.7459957262914625e-06,3.7486117806179113e-06,0.0,1.4155016686456397e-09
0.02000000000000001,p1_m3,0,-7.968628658963981e-06,-7.974768098944713e-06,0.0,1.4155016686456397e-09
0.02000000000000001,p2_m0,0,1.1768089237601676e-05,1.1769408759042766e-05,0.0,1.4155016686456397e-09
0.02000000000000001,p2_m1,0,-1.0763136573018521e-05,-1.0756805809098442e-05,0.0,1.4155016686456397e-09
0.02000000000000001,p2_m2,0,1.0763136522789628e-05,1.0756805759762333e-05,0.0,1.4155016686456397e-09
0.02000000000000001,p2_m3,0,-1.1768089080020583e-05,-1.1769408598575e-05,0.0,1.4155016686456397e-09
0.02000000000000001,p3_m0,0,-3.686671059760079e-06,-3.69117093049144e-06,0.0,1.4155016686456397e-09
0.02000000000000001,p3_m1,0,1.5839143662191303e-05,1.5834609284176918e-05,0.0,1.4155016686456397e-09
0.02000000000000001,p3_m2,0,-1.583914720591846e-05,-1.583461282328023e-05,0.0,1.4155016686456397e-09
0.02000000000000001,p3_m3,0,3.686676101643526e-06,3.691175967969576e-06,0.0,1.4155016686456397e-09
0.03000000000000002,p0_m0,8,7.985341740805886,7.985083586441314,4.3009214499679874e-05,9.391883113734875e-06
0.03000000000000002,p0_m1,0,-0.04127742615294493,-0.041075293618205,0.0,9.391883113734875e-06
0.03000000000000002,p0_m2,0,0.04127741893448052,0.04107528643017662,0.0,9.391883113734875e-06
0.03000000000000002,p0_m3,0,-0.05806567449722738,-0.05774381016882698,0.0,9.391883113734875e-06
0.03000000000000002,p1_m0,0,-0.017132882003072895,-0.017165187616473232,0.0,9.391883113734875e-06
0.03000000000000002,p1_m1,0,0.016761645371981156,0.016749752515436485,0.0,9.391883113734875e-06
0.03000000000000002,p1_m2,0,-0.016761631097240912,-0.016749738298166783,0.0,9.391883113734875e-06
0.03000000000000002,p1_m3,0,0.017132880999357503,0.01716518659281719,0.0,9.391883113734875e-06
0.03000000000000002,p2_m0,0,0.014445672948914618,0.014289766973162352,0.0,9.391883113734875e-06
0.03000000000000002,p2_m1,0,-0.038450143895855715,-0.03823326265733065,0.0,9.391883113734875e-06
0.03000000000000002,p2_m2,0,0.038450152077490675,0.0382332708032605,0.0,9.391883113734875e-06
0.03000000000000002,p2_m3,0,-0.01444567801428674,-0.014289772040703821,0.0,9.391883113734875e-06
0.03000000000000002,p3_m0,0,0.020049589292971157,0.02001674878500167,0.0,9.391883113734875e-06
0.03000000000000002,p3_m1,0,0.02651253337129783,0.026305453332894226,0.0,9.391883113734875e-06
0.03000000000000002,p3_m2,0,-0.026512562906355803,-0.026305482742794317,0.0,9.391883113734875e-06
0.03000000000000002,p3_m3,0,-5.36511950029769,-5.349315942922927,0.0,9.391883113734875e-06
0.04000000000000003,p0_m0,8,7.983217698161101,7.982729877635422,4.99194087031718e-05,1.0826615891773126e-05
0.04000000000000003,p0_m1,0,-0.06559564258648867,-0.06530996472647388,0.0,1.0826615891773126e-05
0.04000000000000003,p0_m2,0,0.06559563078301818,0.06530995297125171,0.0,1.0826615891773126e-05
0.04000000000000003,p0_m3,0,-0.09065665499417161,-0.09024852549123318,0.0,1.0826615891773126e-05
0.04000000000000003,p1_m0,0,-0.03319185608912966,-0.03313230107859287,0.0,1.0826615891773126e-05
0.04000000000000003,p1_m1,0,0.030229450515279702,0.030142279559890506,0.0,1.0826615891773126e-05
0.04000000000000003,p1_m2,0,-0.030229427104518668,-0.030142256242756776,0.0,1.0826615891773126e-05
0.04000000000000003,p1_m3,0,0.03319185349184606,0.03313229848247883,0.0,1.0826615891773126e-05
0.04000000000000003,p2_m0,0,0.018797363430771766,0.01866815911828898,0.0,1.0826615891773126e-05
0.04000000000000003,p2_m1,0,-0.060277932884936304,-0.06002753225476645,0.0,1.0826615891773126e-05
0.04000000000000003,p2_m2,0,0.060277946203311325,0.06002754552410296,0.0,1.0826615891773126e-05
0.04000000000000003,p2_m3,0,-0.018797372426155975,-0.018668168105643018,0.0,1.0826615891773126e-05
0.04000000000000003,p3_m0,0,0.035373538095275374,0.03528395745443891,0.0,1.0826615891773126e-05
0.04000000000000003,p3_m1,0,0.03855118477296173,0.038334004791496616,0.0,1.0826615891773126e-05
0.04000000000000003,p3_m2,0,-0.0385512330768481,-0.03833405291133052,0.0,1.0826615891773126e-05
0.04000000000000003,p3_m3,0,-9.18596147451313,-9.172699205245165,0.0,1.0826615891773126e-05
0.05000000000000004,p0_m0,8,7.980195396948255,7.979967479567246,5.960088640110328e-05,1.8057736950455796e-05
0.05000000000000004,p0_m1,0,-0.0804095404468799,-0.08032284212599787,0.0,1.8057736950455796e-05
0.05000000000000004,p0_m2,0,0.08040952240150313,0.08032282410837019,0.0,1.8057736950455796e-05
0.05000000000000004,p0_m3,0,-0.09291409982165938,-0.09274310379828239,0.0,1.8057736950455796e-05
0.05000000000000004,p1_m0,0,-0.08333508302789691,-0.08323776358789288,0.0,1.8057736950455796e-05
0.05000000000000004,p1_m1,0,0.0699017473457513,0.06988451799741201,0.0,1.8057736950455796e-05
0.05000000000000004,p1_m2,0,-0.06990171340087586,-0.06988448411432512,0.0,1.8057736950455796e-05
0.05000000000000004,p1_m3,0,0.08333507441795236,0.08323775502084374,0.0,1.8057736950455796e-05
0.05000000000000004,p2_m0,0,-0.0012791273458476655,-0.0012757705121652038,0.0,1.8057736950455796e-05
0.05000000000000004,p2_m1,0,-0.07537462286890925,-0.07524714083513051,0.0,1.8057736950455796e-05
0.05000000000000004,p2_m2,0,0.07537464955527813,0.07524716752456569,0.0,1.8057736950455796e-05
0.05000000000000004,p2_m3,0,0.0012791086969992185,0.001275751894088361,0.0,1.8057736950455796e-05
0.05000000000000004,p3_m0,0,0.07584534803571094,0.07573585309299168,0.0,1.8057736950455796e-05
0.05000000000000004,p3_m1,0,0.01065457807966641,0.010585561356786937,0.0,1.8057736950455796e-05
0.05000000000000004,p3_m2,0,-0.010654648512190537,-0.010585631687913185,0.0,1.8057736950455796e-05
0.05000000000000004,p3_m3,0,-9.65021871039014,-9.629313881920554,0.0,1.8057736950455796e-05
0.060000000000000046,p0_m0,8,7.980491678775842,7.980485246690669,5.857586495170164e-05,2.035885487104742e-05
0.060000000000000046,p0_m1,0,-0.09227006834469172,-0.09215578151125838,0.0,2.035885487104742e-05
0.060000000000000046,p0_m2,0,0.09227004598118574,0.09215575921891803,0.0,2.035885487104742e-05
0.060000000000000046,p0_m3,0,-0.09384758096319988,-0.09383320929456636,0.0,2.035885487104742e-05
0.060000000000000046,p1_m0,0,-0.12065765796174445,-0.12020989082183733,0.0,2.035885487104742e-05
0.060000000000000046,p1_m1,0,0.10094784116278038,0.10059570289026765,0.0,2.035885487104742e-05
0.060000000000000046,p1_m2,0,-0.1009477998106296,-0.10059566163535853,0.0,2.035885487104742e-05
0.060000000000000046,p1_m3,0,0.12065764548207397,0.12020987843711156,0.0,2.035885487104742e-05
0.060000000000000046,p2_m0,0,-0.01561099216797541,-0.015418813451036874,0.0,2.035885487104742e-05
0.060000000000000046,p2_m1,0,-0.08662663749196078,-0.08651086333737958,0.0,2.035885487104742e-05
0.060000000000000046,p2_m2,0,0.08662667508041218,0.08651090081122026,0.0,2.035885487104742e-05
0.060000000000000046,p2_m3,0,0.015610966566218226,0.015418787953348119,0.0,2.035885487104742e-05
0.060000000000000046,p3_m0,0,0.10624523972000378,0.10590867921592974,0.0,2.035885487104742e-05
0.060000000000000046,p3_m1,0,-0.011359177538369472,-0.011118247310449114,0.0,2.035885487104742e-05
0.060000000000000046,p3_m2,0,0.011359090622644515,0.011118160580421971,0.0,2.035885487104742e-05
0.060000000000000046,p3_m3,0,-9.473267135449058,-9.471653035347845,0.0,2.035885487104742e-05
0.07000000000000005,p0_m0,8,7.980616457883841,7.980621342081389,5.818157445522765e-05,1.5815465009969e-05
0.07000000000000005,p0_m1,0,-0.1016518210757887,-0.10159793667918574,0.0,1.5815465009969e-05
0.07000000000000005,p0_m2,0,0.10165179647452134,0.1015979121193124,0.0,1.5815465009969e-05
0.07000000000000005,p0_m3,0,-0.09625446910156668,-0.09625332576577413,0.0,1.5815465009969e-05
0.07000000000000005,p1_m0,0,-0.1429218431559205,-0.14267815110959972,0.0,1.5815465009969e-05
0.07000000000000005,p1_m1,0,0.12042433330140402,0.12023459425397774,0.0,1.5815465009969e-05
0.07000000000000005,p1_m2,0,-0.12042428739835573,-0.1202345484029733,0.0,1.5815465009969e-05
0.07000000000000005,p1_m3,0,0.14292182878479606,0.14267813679183783,0.0,1.5815465009969e-05
0.07000000000000005,p2_m0,0,-0.022429685036590638,-0.022321634627682267,0.0,1.5815465009969e-05
0.07000000000000005,p2_m1,0,-0.09563831625514142,-0.09558174328315026,0.0,1.5815465009969e-05
0.07000000000000005,p2_m2,0,0.09563836136628935,0.09558178833367817,0.0,1.5815465009969e-05
0.07000000000000005,p2_m3,0,0.022429655317410504,0.022321604964326936,0.0,1.5815465009969e-05
0.07000000000000005,p3_m0,0,0.1259693332296638,0.12578994292778864,0.0,1.5815465009969e-05
0.07000000000000005,p3_m1,0,-0.02441591990530355,-0.024281624408483287,0.0,1.5815465009969e-05
0.07000000000000005,p3_m2,0,0.02441582187430878,0.024281526474578454,0.0,1.5815465009969e-05
0.07000000000000005,p3_m3,0,-9.292154046551406,-9.291920051736302,0.0,1.5815465009969e-05
0.08000000000000006,p0_m0,8,7.980701373522308,7.980712161532491,5.791705930574231e-05,1.1805761714800496e-05
0.08000000000000006,p0_m1,0,-0.11015934525327625,-0.11014746628157965,0.0,1.1805761714800496e-05
0.08000000000000006,p0_m2,0,0.11015931948070139,0.1101474405310141,0.0,1.1805761714800496e-05
0.08000000000000006,p0_m3,0,-0.09948557740599627,-0.09949203505221478,0.0,1.1805761714800496e-05
0.08000000000000006,p1_m0,0,-0.1581842617515176,-0.15807911595495336,0.0,1.1805761714800496e-05
0.08000000000000006,p1_m1,0,0.13468719635363752,0.13461152301363316,0.0,1.1805761714800496e-05
0.08000000000000006,p1_m2,0,-0.1346871472549179,-0.13461147393730694,0.0,1.1805761714800496e-05
0.08000000000000006,p1_m3,0,0.1581842464952735,0.15807910072516926,0.0,1.1805761714800496e-05
0.08000000000000006,p2_m0,0,-0.025642917184858616,-0.025590458285651024,0.0,1.1805761714800496e-05
0.08000000000000006,p2_m1,0,-0.10375388535418072,-0.1037369954334616,0.0,1.1805761714800496e-05
0.08000000000000006,p2_m2,0,0.10375393649229758,0.10373704654924377,0.0,1.1805761714800496e-05
0.08000000000000006,p2_m3,0,0.025642884653646503,0.025590425778217178,0.0,1.1805761714800496e-05
0.08000000000000006,p3_m0,0,0.14080076545254724,0.1407279062257251,0.0,1.1805761714800496e-05
0.08000000000000006,p3_m1,0,-0.03327415062590719,-0.03321511676379798,0.0,1.1805761714800496e-05
0.08000000000000006,p3_m2,0,0.03327404389955091,0.03321501007499255,0.0,1.1805761714800496e-05
0.08000000000000006,p3_m3,0,-9.11058395708094,-9.110532684430435,0.0,1.1805761714800496e-05
0.09000000000000007,p0_m0,8,7.965944836123226,7.960000419397506,7.050538501679604e-05,1.3495028660227775e-05
0.09000000000000007,p0_m1,0,-0.08847838145050439,-0.0734909362709998,0.0,1.3495028660227775e-05
0.09000000000000007,p0_m2,0,-1.0340304796714768,-1.8706477530908543,0.0,1.3495028660227775e-05
0.09000000000000007,p0_m3,0,-0.052005056631101026,-0.04601590715704799,0.0,1.3495028660227775e-05
0.09000000000000007,p1_m0,0,-0.23685676360039606,-0.24025816245986115,0.0,1.3495028660227775e-05
0.09000000000000007,p1_m1,0,0.17801415834307002,0.1686060869207062,0.0,1.3495028660227775e-05
0.09000000000000007,p1_m2,0,-0.17801411321446955,-0.16860604622223657,0.0,1.3495028660227775e-05
0.09000000000000007,p1_m3,0,0.2368567316009912,0.24025812548654774,0.0,1.3495028660227775e-05
0.09000000000000007,p2_m0,0,-0.09240633651091618,-0.1082709520066667,0.0,1.3495028660227775e-05
0.09000000000000007,p2_m1,0,-0.08349146875325864,-0.07057074991908785,0.0,1.3495028660227775e-05
0.09000000000000007,p2_m2,0,0.08349153218140565,0.07057080904865656,0.0,1.3495028660227775e-05
0.09000000000000007,p2_m3,0,0.09240629095476094,0.10827090318297822,0.0,1.3495028660227775e-05
0.09000000000000007,p3_m0,0,0.18652772530306952,0.1776632133722004,0.0,1.3495028660227775e-05
0.09000000000000007,p3_m1,0,-1.395075778048932,-1.0540889223857508,0.0,1.3495028660227775e-05
0.09000000000000007,p3_m2,0,0.09280192774938055,0.08636573188253445,0.0,1.3495028660227775e-05
0.09000000000000007,p3_m3,0,-8.96412641250924,-8.955286036909547,0.0,1.3495028660227775e-05
0.10000000000000007,p0_m0,8,4.423947585047871,3.676967627033347,0.008487694347063552,5.452531524476769e-05
0.10000000000000007,p0_m1,0,0.0874735546650976,0.08511991269993843,0.0,5.452531524476769e-05
0.10000000000000007,p0_m2,0,-8.3149999024742,-8.140558657931123,0.0,5.452531524476769e-05
0.10000000000000007,p0_m3,0,0.10298961950844883,0.10129370086905296,0.0,5.452531524476769e-05
0.10000000000000007,p1_m0,0,-0.9453920032307636,-1.0050811346752602,0.0,5.452531524476769e-05
0.10000000000000007,p1_m1,0,0.13618938743106607,0.13689589915020972,0.0,5.452531524476769e-05
0.10000000000000007,p1_m2,0,-0.13618940671026392,-0.13689591795687078,0.0,5.452531524476769e-05
0.10000000000000007,p1_m3,0,0.3381701962928653,0.3370794327206061,0.0,5.452531524476769e-05
0.10000000000000007,p2_m0,0,-0.31227224830222533,-0.30957352531459453,0.0,5.452531524476769e-05
0.10000000000000007,p2_m1,0,0.08999431968802234,0.087865540290833,0.0,5.452531524476769e-05
0.10000000000000007,p2_m2,0,-0.0899942818926073,-0.08786550187348181,0.0,5.452531524476769e-05
0.10000000000000007,p2_m3,0,0.31227218635908605,0.3095734639517148,0.0,5.452531524476769e-05
0.10000000000000007,p3_m0,0,0.1400318545887085,0.14069690000241386,0.0,5.452531524476769e-05
0.10000000000000007,p3_m1,0,-5.8761591905473995,-5.853164598228788,0.0,5.452531524476769e-05
0.10000000000000007,p3_m2,0,0.12910159406339336,0.12904329246828283,0.0,5.452531524476769e-05
0.10000000000000007,p3_m3,0,-8.72956339147763,-8.730254116705721,0.0,5.452531524476769e-05
0.11000000000000008,p0_m0,8,-0.6854314361235506,-0.7645655424111519,0.015,3.476418339775606e-05
0.11000000000000008,p0_m1,0,0.15734671271904455,0.15584905824131937,0.0,3.476418339775606e-05
0.11000000000000008,p0_m2,0,-4.46385019185842,-4.469658704855976,0.0,3.476418339775606e-05
0.11000000000000008,p0_m3,0,0.1720586757481485,0.17095404421333776,0.0,3.476418339775606e-05
0.11000000000000008,p1_m0,0,-3.0506592167810704,-3.0124666590303875,0.0,3.476418339775606e-05
0.11000000000000008,p1_m1,0,0.11928708448699048,0.11973312122595162,0.0,3.476418339775606e-05
0.11000000000000008,p1_m2,0,-0.11928714133255269,-0.11973317756193029,0.0,3.476418339775606e-05
0.11000000000000008,p1_m3,0,0.37997904429330875,0.3791306520939313,0.0,3.476418339775606e-05
0.11000000000000008,p2_m0,0,-0.4010515618893051,-0.3991429997507977,0.0,3.476418339775606e-05
0.11000000000000008,p2_m1,0,0.16055574991961424,0.15908095908582262,0.0,3.476418339775606e-05
0.11000000000000008,p2_m2,0,-0.1605557129714474,-0.1590809217505044,0.0,3.476418339775606e-05
0.11000000000000008,p2_m3,0,0.40105149696237724,0.3991429351526416,0.0,3.476418339775606e-05
0.11000000000000008,p3_m0,0,0.12054929010720464,0.12100417503656921,0.0,3.476418339775606e-05
0.11000000000000008,p3_m1,0,-10.769062310372208,-10.755499525728498,0.0,3.476418339775606e-05
0.11000000000000008,p3_m2,0,0.1512604432923447,0.15120761019904505,0.0,3.476418339775606e-05
0.11000000000000008,p3_m3,0,-8.526043675157393,-8.526523042416757,0.0,3.476418339775606e-05
0.12000000000000009,p0_m0,8,-4.058147167853559,-4.051618261196137,0.015,7.692324004132902e-06
0.12000000000000009,p0_m1,0,0.1879865606983793,0.1873613698326706,0.0,7.692324004132902e-06
0.12000000000000009,p0_m2,0,-3.609091348178307,-3.6329031855477316,0.0,7.692324004132902e-06
0.12000000000000009,p0_m3,0,0.20239953844420824,0.2017442560499962,0.0,7.692324004132902e-06
0.12000000000000009,p1_m0,0,-3.1175956738479536,-3.1076290583097617,0.0,7.692324004132902e-06
0.12000000000000009,p1_m1,0,0.10653245444033171,0.10672990694268086,0.0,7.692324004132902e-06
0.12000000000000009,p1_m2,0,-0.10653253563095474,-0.1067299878615722,0.0,7.692324004132902e-06
0.12000000000000009,p1_m3,0,0.39119486379238466,0.39092661034165305,0.0,7.692324004132902e-06
0.12000000000000009,p2_m0,0,-0.43502245123042044,-0.43428600881023965,0.0,7.692324004132902e-06
0.12000000000000009,p2_m1,0,0.19088407005755476,0.19020703225332822,0.0,7.692324004132902e-06
0.12000000000000009,p2_m2,0,-0.1908840254687885,-0.19020698751286566,0.0,7.692324004132902e-06
0.12000000000000009,p2_m3,0,0.4350223876958132,0.4342859453434018,0.0,7.692324004132902e-06
0.12000000000000009,p3_m0,0,0.10570647273391132,0.10595826552885923,0.0,7.692324004132902e-06
0.12000000000000009,p3_m1,0,-14.720186757298249,-14.680205289448747,0.0,7.692324004132902e-06
0.12000000000000009,p3_m2,0,0.15881245371655356,0.15862478574983604,0.0,7.692324004132902e-06
0.12000000000000009,p3_m3,0,-8.331106746865295,-8.331382842908285,0.0,7.692324004132902e-06
0.1300000000000001,p0_m0,8,-2.3139188283692915,-1.7434932064028004,0.015,8.720911289285482e-06
0.1300000000000001,p0_m1,0,0.177620373614156,0.1730623566430523,0.0,8.720911289285482e-06
0.1300000000000001,p0_m2,0,-3.5279986912236927,-3.5249823359191503,0.0,8.720911289285482e-06
0.1300000000000001,p0_m3,0,1.8644281079759988,1.7351814196379456,0.0,8.720911289285482e-06
0.1300000000000001,p1_m0,0,-3.0651681325550006,-3.0679031501085623,0.0,8.720911289285482e-06
0.1300000000000001,p1_m1,0,0.09894397378539317,0.10409830401380828,0.0,8.720911289285482e-06
0.1300000000000001,p1_m2,0,-0.09894407251656978,-0.10409840267637874,0.0,8.720911289285482e-06
0.1300000000000001,p1_m3,0,0.39818176205094896,0.4015183830421282,0.0,8.720911289285482e-06
0.1300000000000001,p2_m0,0,-0.4533920994330329,-0.4548728280423156,0.0,8.720911289285482e-06
0.1300000000000001,p2_m1,0,0.20444778924604856,0.20598480032621602,0.0,8.720911289285482e-06
0.1300000000000001,p2_m2,0,-0.20444773407034034,-0.20598474392227348,0.0,8.720911289285482e-06
0.1300000000000001,p2_m3,0,0.8168313471852383,1.0838046839983644,0.0,8.720911289285482e-06
0.1300000000000001,p3_m0,0,0.6324369776965771,0.8290530978199584,0.0,8.720911289285482e-06
0.1300000000000001,p3_m1,0,-12.60055101002937,-12.722597530994243,0.0,8.720911289285482e-06
0.1300000000000001,p3_m2,0,0.10517383600754537,0.10480809815636338,0.0,8.720911289285482e-06
0.1300000000000001,p3_m3,0,-8.120280844429587,-8.119406462432073,0.0,8.720911289285482e-06
0.1400000000000001,p0_m0,0,-0.924203046936318,-0.7633555627580003,0.0,5.073044195859509e-05
0.1400000000000001,p0_m1,8,1.5811894684609946,1.4751857479926387,0.015,5.073044195859509e-05
0.1400000000000001,p0_m2,0,-1.8788584520716487,-1.9091273225398324,0.0,5.073044195859509e-05
0.1400000000000001,p0_m3,0,0.7108780042418111,0.7206506931303598,0.0,5.073044195859509e-05
0.1400000000000001,p1_m0,0,-1.5775926623537948,-1.576844950414053,0.0,5.073044195859509e-05
0.1400000000000001,p1_m1,0,0.28089500066604106,0.2191598029898934,0.0,5.073044195859509e-05
0.1400000000000001,p1_m2,0,-0.08065326577436925,-0.05114993298878051,0.0,5.073044195859509e-05
0.1400000000000001,p1_m3,0,-0.2501789250427568,-0.26845399859084196,0.0,5.073044195859509e-05
0.1400000000000001,p2_m0,0,0.06025179407495167,0.08369653225212458,0.0,5.073044195859509e-05
0.1400000000000001,p2_m1,0,0.10267373584584746,0.0899011403399083,0.0,5.073044195859509e-05
0.1400000000000001,p2_m2,0,-0.002475437631585612,0.005846172848071583,0.0,5.073044195859509e-05
0.1400000000000001,p2_m3,0,0.5518328457267813,0.5511071993893786,0.0,5.073044195859509e-05
0.1400000000000001,p3_m0,0,0.44867783829068464,0.41999578852088293,0.0,5.073044195859509e-05
0.1400000000000001,p3_m1,0,-6.087553617061533,-6.124276504092384,0.0,5.073044195859509e-05
0.1400000000000001,p3_m2,0,0.34396583067462116,0.2574000352386408,0.0,5.073044195859509e-05
0.1400000000000001,p3_m3,0,-4.618175876182124,-4.636860471459975,0.0,5.073044195859509e-05
0.1500000000000001,p0_m0,0,0.2610901334324855,0.23727714122257984,0.0,0.00011074063076092598
0.1500000000000001,p0_m1,8,2.4076522440760004,2.4174887333168185,0.015,0.00011074063076092598
0.1500000000000001,p0_m2,0,-1.4768156848894483,-1.4934527848126893,0.0,0.00011074063076092598
0.1500000000000001,p0_m3,0,0.42399927117095415,0.43574477240389475,0.0,0.00011074063076092598
0.1500000000000001,p1_m0,0,0.3433320523945039,0.32990625658072414,0.0,0.00011074063076092598
0.1500000000000001,p1_m1,0,-0.6553153004366673,-0.6384100943582325,0.0,0.00011074063076092598
0.1500000000000001,p1_m2,0,0.6100544375273633,0.6078790801831216,0.0,0.00011074063076092598
0.1500000000000001,p1_m3,0,-1.6282056828708016,-1.6342492786803886,0.0,0.00011074063076092598
0.1500000000000001,p2_m0,0,1.0758428618651554,1.0694094565661958,0.0,0.00011074063076092598
0.1500000000000001,p2_m1,0,-0.07206996295832646,-0.06276296010907503,0.0,0.00011074063076092598
0.1500000000000001,p2_m2,0,0.19717397487120727,0.18191349114379743,0.0,0.00011074063076092598
0.1500000000000001,p2_m3,0,0.12282056243408068,0.13731546178149812,0.0,0.00011074063076092598
0.1500000000000001,p3_m0,0,-0.02611409483933937,-0.023201680831456083,0.0,0.00011074063076092598
0.1500000000000001,p3_m1,0,-1.5154386456951734,-1.6717848494961953,0.0,0.00011074063076092598
0.1500000000000001,p3_m2,0,-0.14120190920998715,-0.12299700123325234,0.0,0.00011074063076092598
0.1500000000000001,p3_m3,0,-1.6608382811292492,-1.683450670682771,0.0,0.00011074063076092598
0.16000000000000011,p0_m0,0,0.3684085186371418,0.36146223255480686,0.0,0.00010116467852609253
0.16000000000000011,p0_m1,8,3.5658607297307423,3.6509125802100137,0.013508696457173718,0.00010116467852609253
0.16000000000000011,p0_m2,0,-1.421870984757273,-1.4235007658944883,0.0,0.00010116467852609253
0.16000000000000011,p0_m3,0,0.391939637350635,0.3930708766963049,0.0,0.00010116467852609253
0.16000000000000011,p1_m0,0,0.6262463561771958,0.6133417064582845,0.0,0.00010116467852609253
0.16000000000000011,p1_m1,0,-1.0927591276401685,-1.084665539098697,0.0,0.00010116467852609253
0.16000000000000011,p1_m2,0,1.155072903085928,1.1456641651506652,0.0,0.00010116467852609253
0.16000000000000011,p1_m3,0,-2.551867464690336,-2.520291047829332,0.0,0.00010116467852609253
0.16000000000000011,p2_m0,0,1.4418897244774682,1.4188973260095044,0.0,0.00010116467852609253
0.16000000000000011,p2_m1,0,0.1218186481531536,0.12386979224453655,0.0,0.00010116467852609253
0.16000000000000011,p2_m2,0,-0.16605519164694157,-0.17259233441499663,0.0,0.00010116467852609253
0.16000000000000011,p2_m3,0,0.24184336756065464,0.2565930955390175,0.0,0.00010116467852609253
0.16000000000000011,p3_m0,0,-0.4957207818409578,-0.494503778573709,0.0,0.00010116467852609253
0.16000000000000011,p3_m1,0,-1.483392816108495,-1.493096092643386,0.0,0.00010116467852609253
0.16000000000000011,p3_m2,0,-0.1895555681301569,-0.2017928114152738,0.0,0.00010116467852609253
0.16000000000000011,p3_m3,0,-0.3042683312827119,-0.3137649321792952,0.0,0.00010116467852609253
0.17000000000000012,p0_m0,0,0.3664554878171659,0.36586068095371055,0.0,6.975965642925811e-05
0.17000000000000012,p0_m1,8,3.74995777384034,3.7568653365114337,0.012706739266450242,6.975965642925811e-05
0.17000000000000012,p0_m2,0,-1.3839306262540176,-1.3842635360249615,0.0,6.975965642925811e-05
0.17000000000000012,p0_m3,0,0.49429090352940613,0.5038493852007064,0.0,6.975965642925811e-05
0.17000000000000012,p1_m0,0,0.6253970717334738,0.6240670621763612,0.0,6.975965642925811e-05
0.17000000000000012,p1_m1,0,-1.4433214040942477,-1.4437375552714808,0.0,6.975965642925811e-05
0.17000000000000012,p1_m2,0,1.3768583060520518,1.3707600271440226,0.0,6.975965642925811e-05
0.17000000000000012,p1_m3,0,-2.718625514778175,-2.705679698241258,0.0,6.975965642925811e-05
0.17000000000000012,p2_m0,0,0.9780585415046796,0.9626955865064932,0.0,6.975965642925811e-05
0.17000000000000012,p2_m1,0,0.329689145624526,0.32944677684153617,0.0,6.975965642925811e-05
0.17000000000000012,p2_m2,0,-0.5211267554313801,-0.5152071207306288,0.0,6.975965642925811e-05
0.17000000000000012,p2_m3,0,0.4377225537041472,0.4309424836945074,0.0,6.975965642925811e-05
0.17000000000000012,p3_m0,0,-0.8382807389048594,-0.8339016818030633,0.0,6.975965642925811e-05
0.17000000000000012,p3_m1,0,-1.4491781544115547,-1.4498794587496957,0.0,6.975965642925811e-05
0.17000000000000012,p3_m2,0,-0.7368248640471229,-0.7411123292595972,0.0,6.975965642925811e-05
0.17000000000000012,p3_m3,0,0.5002052981749149,0.4888742427848775,0.0,6.975965642925811e-05
0.18000000000000013,p0_m0,0,0.35841871267070424,0.3583187144401602,0.0,4.283752449525285e-05
0.18000000000000013,p0_m1,8,3.510586909879716,3.478613680760418,0.013395140479963763,4.283752449525285e-05
0.18000000000000013,p0_m2,0,-1.3535720142691592,-1.3536941432316094,0.0,4.283752449525285e-05
0.18000000000000013,p0_m3,0,0.5511494288501295,0.5447367253651139,0.0,4.283752449525285e-05
0.18000000000000013,p1_m0,0,0.6087939092256935,0.608530353437628,0.0,4.283752449525285e-05
0.18000000000000013,p1_m1,0,-1.646663191196546,-1.6388872994048194,0.0,4.283752449525285e-05
0.18000000000000013,p1_m2,0,1.399990312574632,1.3964100081071253,0.0,4.283752449525285e-05
0.18000000000000013,p1_m3,0,-2.3035307417176027,-2.290043197538908,0.0,4.283752449525285e-05
0.18000000000000013,p2_m0,0,0.3271641150941652,0.33251138740596875,0.0,4.283752449525285e-05
0.18000000000000013,p2_m1,0,0.48741693167603173,0.484431097325336,0.0,4.283752449525285e-05
0.18000000000000013,p2_m2,0,-0.7032536067608215,-0.6991700854056637,0.0,4.283752449525285e-05
0.18000000000000013,p2_m3,0,0.4537849889762719,0.45185862628714374,0.0,4.283752449525285e-05
0.18000000000000013,p3_m0,0,-0.9950580583003495,-0.989851208891746,0.0,4.283752449525285e-05
0.18000000000000013,p3_m1,0,-1.4194459930548422,-1.4195192651161588,0.0,4.283752449525285e-05
0.18000000000000013,p3_m2,0,-1.1393859997378752,-1.1316806200783593,0.0,4.283752449525285e-05
0.18000000000000013,p3_m3,0,0.8919988609551531,0.884039210111721,0.0,4.283752449525285e-05
0.19000000000000014,p0_m0,0,0.34768639373408455,0.3476362578611657,0.0,2.5390260235837178e-05
0.19000000000000014,p0_m1,8,3.3265474451360375,3.3023555897360906,0.013975164124041083,2.5390260235837178e-05
0.19000000000000014,p0_m2,0,-1.3268692924039467,-1.3269186013829102,0.0,2.5390260235837178e-05
0.19000000000000014,p0_m3,0,0.4941136554282727,0.49691659882398986,0.0,2.5390260235837178e-05
0.19000000000000014,p1_m0,0,0.5872143382498122,0.5871744457400742,0.0,2.5390260235837178e-05
0.19000000000000014,p1_m1,0,-1.5912562448084764,-1.592435303826778,0.0,2.5390260235837178e-05
0.19000000000000014,p1_m2,0,1.3673048595297106,1.3670100843489492,0.0,2.5390260235837178e-05
0.19000000000000014,p1_m3,0,-1.7067969630946382,-1.7165731591898228,0.0,2.5390260235837178e-05
0.19000000000000014,p2_m0,0,-0.07014533259827717,-0.07030364159396334,0.0,2.5390260235837178e-05
0.19000000000000014,p2_m1,0,0.5640837303425745,0.567023797710981,0.0,2.5390260235837178e-05
0.19000000000000014,p2_m2,0,-0.7617994238287598,-0.7588213122624935,0.0,2.5390260235837178e-05
0.19000000000000014,p2_m3,0,0.45027203830836954,0.4534035266069416,0.0,2.5390260235837178e-05
0.19000000000000014,p3_m0,0,-1.0552675826022428,-1.0620134511053674,0.0,2.5390260235837178e-05
0.19000000000000014,p3_m1,0,-1.3920870545221862,-1.3921247025687025,0.0,2.5390260235837178e-05
0.19000000000000014,p3_m2,0,-1.4383195044938033,-1.4451351096961034,0.0,2.5390260235837178e-05
0.19000000000000014,p3_m3,0,1.1217116906446212,1.1268932616314014,0.0,2.5390260235837178e-05
0.20000000000000015,p0_m0,0,0.33677877527569733,0.3367936428333787,0.0,1.4333460646447348e-05
0.20000000000000015,p0_m1,8,3.2888697919486436,3.285581008706063,0.014133092449338048,1.4333460646447348e-05
0.20000000000000015,p0_m2,0,-1.3014688710909421,-1.301472295574638,0.0,1.4333460646447348e-05
0.20000000000000015,p0_m3,0,0.4873409332857424,0.487503679321073,0.0,1.4333460646447348e-05
0.20000000000000015,p1_m0,0,0.5657936394236655,0.565815409683055,0.0,1.4333460646447348e-05
0.20000000000000015,p1_m1,0,-1.48321235280123,-1.4807835023659763,0.0,1.4333460646447348e-05
0.20000000000000015,p1_m2,0,1.3325836266617772,1.331007570103801,0.0,1.4333460646447348e-05
0.20000000000000015,p1_m3,0,-1.2966207985359781,-1.2982411534397071,0.0,1.4333460646447348e-05
0.20000000000000015,p2_m0,0,-0.2414165758638496,-0.23263091829000915,0.0,1.4333460646447348e-05
0.20000000000000015,p2_m1,0,0.6841577504227887,0.6835951520252775,0.0,1.4333460646447348e-05
0.20000000000000015,p2_m2,0,-0.7501938995721824,-0.7497597830207123,0.0,1.4333460646447348e-05
0.20000000000000015,p2_m3,0,0.5550520727707196,0.5567752442494419,0.0,1.4333460646447348e-05
0.20000000000000015,p3_m0,0,-1.2095124675092694,-1.2083336797239588,0.0,1.4333460646447348e-05
0.20000000000000015,p3_m1,0,-1.365493109989937,-1.3654796519931711,0.0,1.4333460646447348e-05
0.20000000000000015,p3_m2,0,-1.6317121668173344,-1.6241079629781359,0.0,1.4333460646447348e-05
0.20000000000000015,p3_m3,0,1.325758366344783,1.320974958088223,0.0,1.4333460646447348e-05
0.21000000000000016,p0_m0,0,0.32682772494143825,0.3268409103264701,0.0,7.691425372605152e-06
0.21000000000000016,p0_m1,8,3.2682673959257724,3.2643066802737573,0.014184517979972007,7.691425372605152e-06
0.21000000000000016,p0_m2,0,-1.2762879437824364,-1.2762789891846393,0.0,7.691425372605152e-06
0.21000000000000016,p0_m3,0,0.479687975229212,0.47968816946730913,0.0,7.691425372605152e-06
0.21000000000000016,p1_m0,0,0.5461082129014802,0.5461462531827245,0.0,7.691425372605152e-06
0.21000000000000016,p1_m1,0,-1.3322518089226405,-1.3324271482462433,0.0,7.691425372605152e-06
0.21000000000000016,p1_m2,0,1.2234280022565664,1.2228023430521848,0.0,7.691425372605152e-06
0.21000000000000016,p1_m3,0,-0.9804324292814535,-0.9841976493560354,0.0,7.691425372605152e-06
0.21000000000000016,p2_m0,0,-0.2432051489428523,-0.2425270418709065,0.0,7.691425372605152e-06
0.21000000000000016,p2_m1,0,0.7617061734652912,0.7598547199756917,0.0,7.691425372605152e-06
0.21000000000000016,p2_m2,0,-0.7356746514435487,-0.7355762115190377,0.0,7.691425372605152e-06
0.21000000000000016,p2_m3,0,0.6624308213540319,0.6610849856473641,0.0,7.691425372605152e-06
0.21000000000000016,p3_m0,0,-1.295330680066382,-1.2926650982797168,0.0,7.691425372605152e-06
0.21000000000000016,p3_m1,0,-1.3386569460934072,-1.3386459310319427,0.0,7.691425372605152e-06
0.21000000000000016,p3_m2,0,-1.5957058671571538,-1.5916739253385395,0.0,7.691425372605152e-06
0.21000000000000016,p3_m3,0,1.378356707408255,1.375960837072152,0.0,7.691425372605152e-06
0.22000000000000017,p0_m0,0,0.31764951249903833,0.31766210319522964,0.0,4.024924489483786e-06
0.22000000000000017,p0_m1,8,3.2220514846487998,3.2152396390867395,0.014319135788496458,4.024924489483786e-06
0.22000000000000017,p0_m2,0,-1.251011483490529,-1.2509975386225503,0.0,4.024924489483786e-06
0.22000000000000017,p0_m3,0,0.47161836085419356,0.4716087758823101,0.0,4.024924489483786e-06
0.22000000000000017,p1_m0,0,0.5283348853061339,0.5283730348169191,0.0,4.024924489483786e-06
0.22000000000000017,p1_m1,0,-1.2015867274001724,-1.202386489765659,0.0,4.024924489483786e-06
0.22000000000000017,p1_m2,0,1.1498717817751962,1.1512379215017678,0.0,4.024924489483786e-06
0.22000000000000017,p1_m3,0,-0.7636339600655122,-0.7654994770199537,0.0,4.024924489483786e-06
0.22000000000000017,p2_m0,0,-0.24444915170549023,-0.24437061250055583,0.0,4.024924489483786e-06
0.22000000000000017,p2_m1,0,0.7668614221311828,0.7655314573739753,0.0,4.024924489483786e-06
0.22000000000000017,p2_m2,0,-0.7128445877018823,-0.7124940792089616,0.0,4.024924489483786e-06
0.22000000000000017,p2_m3,0,0.7545802070290204,0.7549488477855574,0.0,4.024924489483786e-06
0.22000000000000017,p3_m0,0,-1.3015732434244922,-1.3004831060677695,0.0,4.024924489483786e-06
0.22000000000000017,p3_m1,0,-1.311804381511397,-1.3117967439527114,0.0,4.024924489483786e-06
0.22000000000000017,p3_m2,0,-1.4936542557490327,-1.4939705722653167,0.0,4.024924489483786e-06
0.22000000000000017,p3_m3,0,1.3703305938751154,1.3689573178369436,0.0,4.024924489483786e-06
0.23000000000000018,p0_m0,0,0.30876367299503216,0.3085601816236692,0.0,2.308951239805882e-06
0.23000000000000018,p0_m1,8,3.1387838606723792,3.1197573253548323,0.014523120997643668,2.308951239805882e-06
0.23000000000000018,p0_m2,0,-1.2260295603531206,-1.2261273191416204,0.0,2.308951239805882e-06
0.23000000000000018,p0_m3,0,0.46362470868255634,0.46383057418465967,0.0,2.308951239805882e-06
0.23000000000000018,p1_m0,0,0.5527725740188534,0.5767781461846976,0.0,2.308951239805882e-06
0.23000000000000018,p1_m1,0,-1.0603198179098712,-1.0570499475565969,0.0,2.308951239805882e-06
0.23000000000000018,p1_m2,0,1.0535793725692764,1.0600431072475873,0.0,2.308951239805882e-06
0.23000000000000018,p1_m3,0,-0.5996215704610642,-0.6047678324575447,0.0,2.308951239805882e-06
0.23000000000000018,p2_m0,0,-0.26209059938354345,-0.273658598459833,0.0,2.308951239805882e-06
0.23000000000000018,p2_m1,0,0.7298984571093898,0.7322141054550918,0.0,2.308951239805882e-06
0.23000000000000018,p2_m2,0,-0.685970936821144,-0.6968575557841029,0.0,2.308951239805882e-06
0.23000000000000018,p2_m3,0,0.8144434701007351,0.8143738299384043,0.0,2.308951239805882e-06
0.23000000000000018,p3_m0,0,-1.2528090186470349,-1.2510716149787293,0.0,2.308951239805882e-06
0.23000000000000018,p3_m1,0,-1.2854540806754207,-1.2856969199353818,0.0,2.308951239805882e-06
0.23000000000000018,p3_m2,0,-1.3921454289296442,-1.3978278396627102,0.0,2.308951239805882e-06
0.23000000000000018,p3_m3,0,1.3398712849850751,1.3397330006996535,0.0,2.308951239805882e-06
0.24000000000000019,p0_m0,0,-0.1631682574407264,-0.14441203885479925,0.0,6.694125561859342e-06
0.24000000000000019,p0_m1,8,2.7626892674974464,2.7522825959860673,0.015,6.694125561859342e-06
0.24000000000000019,p0_m2,0,-1.2019982846126958,-1.2019533686577628,0.0,6.694125561859342e-06
0.24000000000000019,p0_m3,0,0.4564776093571267,0.45638559506587256,0.0,6.694125561859342e-06
0.24000000000000019,p1_m0,0,0.6694476566636735,0.6519671478838083,0.0,6.694125561859342e-06
0.24000000000000019,p1_m1,0,-0.7119291414523048,-0.7067207221363855,0.0,6.694125561859342e-06
0.24000000000000019,p1_m2,0,0.8442009345092469,0.8263533474006288,0.0,6.694125561859342e-06
0.24000000000000019,p1_m3,0,-0.3763585679106778,-0.3743596059580418,0.0,6.694125561859342e-06
0.24000000000000019,p2_m0,0,-0.2566608361912028,-0.2491640817423434,0.0,6.694125561859342e-06
0.24000000000000019,p2_m1,0,0.6096096800737681,0.5984367871960274,0.0,6.694125561859342e-06
0.24000000000000019,p2_m2,0,-0.5605719765134997,-0.549571311293524,0.0,6.694125561859342e-06
0.24000000000000019,p2_m3,0,0.745388628600026,0.7307495128400715,0.0,6.694125561859342e-06
0.24000000000000019,p3_m0,0,-1.011648827067419,-0.9998020755122452,0.0,6.694125561859342e-06
0.24000000000000019,p3_m1,0,0.09592474147335622,0.06451353084729959,0.0,6.694125561859342e-06
0.24000000000000019,p3_m2,0,-1.143035994271745,-1.1224370672998414,0.0,6.694125561859342e-06
0.24000000000000019,p3_m3,0,1.3102622369533723,1.3102891394311749,0.0,6.694125561859342e-06
0.25000000000000017,p0_m0,0,-0.21780390021030135,-0.21268317534790568,0.0,4.625214004609589e-06
0.25000000000000017,p0_m1,8,2.5317655010136098,2.5327594423493363,0.015,4.625214004609589e-06
0.25000000000000017,p0_m2,0,-0.9798081856057739,-0.9616195692536379,0.0,4.625214004609589e-06
0.25000000000000017,p0_m3,0,0.4731172126622147,0.4727386310454524,0.0,4.625214004609589e-06
0.25000000000000017,p1_m0,0,0.49059211598367986,0.49072530345757914,0.0,4.625214004609589e-06
0.25000000000000017,p1_m1,0,-0.43000052343839457,-0.4351144951762576,0.0,4.625214004609589e-06
0.25000000000000017,p1_m2,0,0.45141821918649655,0.4580057538254045,0.0,4.625214004609589e-06
0.25000000000000017,p1_m3,0,-0.2301879677253731,-0.23260012637753127,0.0,4.625214004609589e-06
0.25000000000000017,p2_m0,0,-0.13602480663070585,-0.13858708737659248,0.0,4.625214004609589e-06
0.25000000000000017,p2_m1,0,0.3372226142054958,0.3412712764368728,0.0,4.625214004609589e-06
0.25000000000000017,p2_m2,0,-0.3368672457896121,-0.34056538254429697,0.0,4.625214004609589e-06
0.25000000000000017,p2_m3,0,0.470517427812973,0.47367366384482384,0.0,4.625214004609589e-06
0.25000000000000017,p3_m0,0,-0.6541383513298873,-0.6588000145134046,0.0,4.625214004609589e-06
0.25000000000000017,p3_m1,0,0.32184685882547437,0.31099755051801853,0.0,4.625214004609589e-06
0.25000000000000017,p3_m2,0,-0.7046362394006456,-0.7116323555556289,0.0,4.625214004609589e-06
0.25000000000000017,p3_m3,0,0.945868764398493,0.9465306871097849,0.0,4.625214004609589e-06
0.2600000000000002,p0_m0,0,0.05035433257051032,0.04831221795290099,0.0,3.1286688961872752e-06
0.2600000000000002,p0_m1,0,0.5297919579463648,0.6564129268355865,0.0,3.1286688961872752e-06
0.2600000000000002,p0_m2,8,1.214090772087789,1.1069887865586547,0.015,3.1286688961872752e-06
0.2600000000000002,p0_m3,0,-0.05194768999575978,-0.04816923417975725,0.0,3.1286688961872752e-06
0.2600000000000002,p1_m0,0,0.030520133635687435,0.03496025783343453,0.0,3.1286688961872752e-06
0.2600000000000002,p1_m1,0,-0.12334034016614887,-0.1286714829322228,0.0,3.1286688961872752e-06
0.2600000000000002,p1_m2,0,0.09216467415100411,0.0980585682932893,0.0,3.1286688961872752e-06
0.2600000000000002,p1_m3,0,-0.055367697369559724,-0.0578513811990568,0.0,3.1286688961872752e-06
0.2600000000000002,p2_m0,0,0.01493799540380765,0.012546784171951552,0.0,3.1286688961872752e-06
0.2600000000000002,p2_m1,0,0.014003470022707031,0.019133362246833763,0.0,3.1286688961872752e-06
0.2600000000000002,p2_m2,0,-0.0015414384204953488,-0.006330298859413369,0.0,3.1286688961872752e-06
0.2600000000000002,p2_m3,0,0.004269026638147186,0.010596806164491433,0.0,3.1286688961872752e-06
0.2600000000000002,p3_m0,0,-0.042793760738634404,-0.05119096700784913,0.0,3.1286688961872752e-06
0.2600000000000002,p3_m1,0,-0.023327921349882985,-0.02197552047125295,0.0,3.1286688961872752e-06
0.2600000000000002,p3_m2,0,-0.11257492320449322,-0.12046767742400603,0.0,3.1286688961872752e-06
0.2600000000000002,p3_m3,0,0.039449176537161026,0.05077969601830053,0.0,3.1286688961872752e-06
0.2700000000000002,p0_m0,0,0.20339451319571744,0.2013179526388496,0.0,1.3083170253075302e-06
0.2700000000000002,p0_m1,0,-0.11197457464886296,-0.09836121496415613,0.0,1.3083170253075302e-06
0.2700000000000002,p0_m2,8,2.0166286474109723,2.0049708780234696,0.015,1.3083170253075302e-06
0.2700000000000002,p0_m3,0,-0.36562021169989606,-0.36160714547184897,0.0,1.3083170253075302e-06
0.2700000000000002,p1_m0,0,-0.23101090315238204,-0.2271226042475498,0.0,1.3083170253075302e-06
0.2700000000000002,p1_m1,0,-0.0047290240784839165,-0.008096716786113397,0.0,1.3083170253075302e-06
0.2700000000000002,p1_m2,0,-0.07616377508654544,-0.07293707231133625,0.0,1.3083170253075302e-06
0.2700000000000002,p1_m3,0,0.03391700588947379,0.03239562791089253,0.0,1.3083170253075302e-06
0.2700000000000002,p2_m0,0,0.08272118860762763,0.08128584820017822,0.0,1.3083170253075302e-06
0.2700000000000002,p2_m1,0,-0.13505138318989293,-0.13210350506523338,0.0,1.3083170253075302e-06
0.2700000000000002,p2_m2,0,0.1599795134396305,0.15696201381683594,0.0,1.3083170253075302e-06
0.2700000000000002,p2_m3,0,-0.2274327081039574,-0.22349630977387472,0.0,1.3083170253075302e-06
0.2700000000000002,p3_m0,0,0.254226308953085,0.2490168750241961,0.0,1.3083170253075302e-06
0.2700000000000002,p3_m1,0,-0.23291601152016972,-0.23027504819307526,0.0,1.3083170253075302e-06
0.2700000000000002,p3_m2,0,0.18747686504443284,0.18257530418352622,0.0,1.3083170253075302e-06
0.2700000000000002,p3_m3,0,-0.41216887933650764,-0.40498104345978186,0.0,1.3083170253075302e-06
0.2800000000000002,p0_m0,0,0.2205229324108651,0.20556839791379994,0.0,5.041793213221335e-07
0.2800000000000002,p0_m1,0,-0.298599707688193,-0.2681398497004152,0.0,5.041793213221335e-07
0.2800000000000002,p0_m2,8,7.973744769293719,8.995934190746988,0.0007500597166638725,5.041793213221335e-07
0.2800000000000002,p0_m3,0,-0.41203902099416706,-0.38336835399312397,0.0,5.041793213221335e-07
0.2800000000000002,p1_m0,0,-0.2723434338964576,-0.2511766850801967,0.0,5.041793213221335e-07
0.2800000000000002,p1_m1,0,0.02411717063561073,0.021086488430724273,0.0,5.041793213221335e-07
0.2800000000000002,p1_m2,0,-0.11325050041663975,-0.10281822634202786,0.0,5.041793213221335e-07
0.2800000000000002,p1_m3,0,0.056198186293573545,0.05051896281302035,0.0,5.041793213221335e-07
0.2800000000000002,p2_m0,0,0.08683986245852034,0.08122791954356527,0.0,5.041793213221335e-07
0.2800000000000002,p2_m1,0,-0.15397863215780666,-0.14264597775936336,0.0,5.041793213221335e-07
0.2800000000000002,p2_m2,0,0.17947335030545908,0.16657603402985147,0.0,5.041793213221335e-07
0.2800000000000002,p2_m3,0,-0.2609045688269873,-0.24223400458201347,0.0,5.041793213221335e-07
0.2800000000000002,p3_m0,0,0.2982733381681574,0.2753488651099192,0.0,5.041793213221335e-07
0.2800000000000002,p3_m1,0,-0.2615492529763285,-0.24184754485544,0.0,5.041793213221335e-07
0.2800000000000002,p3_m2,0,0.2514087908745499,0.23062542645657216,0.0,5.041793213221335e-07
0.2800000000000002,p3_m3,0,-0.48004736506637025,-0.4444531180903881,0.0,5.041793213221335e-07
0.2900000000000002,p0_m0,0,0.08268458957189959,0.08512127000141227,0.0,1.2320696339348886e-07
0.2900000000000002,p0_m1,0,-0.10899608956662772,-0.11169354725489672,0.0,1.2320696339348886e-07
0.2900000000000002,p0_m2,8,7.983871861976152,8.039880256882817,4.4296365075100044e-05,1.2320696339348886e-07
0.2900000000000002,p0_m3,0,-0.1532363247289013,-0.15764727637772477,0.0,1.2320696339348886e-07
0.2900000000000002,p1_m0,0,-0.0902084119234944,-0.09348756263919271,0.0,1.2320696339348886e-07
0.2900000000000002,p1_m1,0,0.01087571494932045,0.010891997773995077,0.0,1.2320696339348886e-07
0.2900000000000002,p1_m2,0,-0.035677144001392526,-0.037052715426266605,0.0,1.2320696339348886e-07
0.2900000000000002,p1_m3,0,0.015310476284290473,0.01604248828676795,0.0,1.2320696339348886e-07
0.2900000000000002,p2_m0,0,0.033418031930365626,0.034338808030881005,0.0,1.2320696339348886e-07
0.2900000000000002,p2_m1,0,-0.05411448727013094,-0.05586746463482989,0.0,1.2320696339348886e-07
0.2900000000000002,p2_m2,0,0.06385617976484312,0.06586909685512603,0.0,1.2320696339348886e-07
0.2900000000000002,p2_m3,0,-0.09541314066118199,-0.09824121969836831,0.0,1.2320696339348886e-07
0.2900000000000002,p3_m0,0,0.09996773824472634,0.10347345241015672,0.0,1.2320696339348886e-07
0.2900000000000002,p3_m1,0,-0.08481228662999274,-0.08800413241208753,0.0,1.2320696339348886e-07
0.2900000000000002,p3_m2,0,0.08400561940075729,0.08679532384050176,0.0,1.2320696339348886e-07
0.2900000000000002,p3_m3,0,-0.16741096910592243,-0.17277397585341325,0.0,1.2320696339348886e-07
0.3000000000000002,p0_m0,0,0.050638050217959994,0.05393241766569143,0.0,3.621961896128168e-07
0.3000000000000002,p0_m1,0,-0.07621519699606275,-0.08260150774056509,0.0,3.621961896128168e-07
0.3000000000000002,p0_m2,8,5.368976051152615,4.8959516797885865,0.006637853499179282,3.621961896128168e-07
0.3000000000000002,p0_m3,0,-0.09389967693851374,-0.10050819258707541,0.0,3.621961896128168e-07
0.3000000000000002,p1_m0,0,-0.05253994763543721,-0.05713392277868251,0.0,3.621961896128168e-07
0.3000000000000002,p1_m1,0,0.017225808568036183,0.01936516941380734,0.0,3.621961896128168e-07
0.3000000000000002,p1_m2,0,-0.02302040379293582,-0.025420234622584775,0.0,3.621961896128168e-07
0.3000000000000002,p1_m3,0,0.008732630551839968,0.009942016670813163,0.0,3.621961896128168e-07
0.3000000000000002,p2_m0,0,0.021619427553088745,0.023132772128179407,0.0,3.621961896128168e-07
0.3000000000000002,p2_m1,0,-0.03334203821301279,-0.03611426654057818,0.0,3.621961896128168e-07
0.3000000000000002,p2_m2,0,0.03920244982138664,0.04241155172803406,0.0,3.621961896128168e-07
0.3000000000000002,p2_m3,0,-0.061397618927265786,-0.06628288341147702,0.0,3.621961896128168e-07
0.3000000000000002,p3_m0,0,0.0615370002258527,0.067279912867389,0.0,3.621961896128168e-07
0.3000000000000002,p3_m1,0,-0.052189846553687136,-0.057454045507037685,0.0,3.621961896128168e-07
0.3000000000000002,p3_m2,0,0.054542672335147625,0.05997844200105846,0.0,3.621961896128168e-07
0.3000000000000002,p3_m3,0,-0.1036531138495426,-0.11272773035740548,0.0,3.621961896128168e-07
0.3100000000000002,p0_m0,0,0.14540067088623634,0.14889588058556297,0.0,2.9891127122909997e-08
0.3100000000000002,p0_m1,0,-0.266713366166072,-0.2715195831995505,0.0,2.9891127122909997e-08
0.3100000000000002,p0_m2,8,3.18733865793701,2.9571605688490927,0.014152940511403023,2.9891127122909997e-08
0.3100000000000002,p0_m3,0,-0.2730365166322102,-0.27981198909508537,0.0,2.9891127122909997e-08
0.3100000000000002,p1_m0,0,-0.19476942542112663,-0.19972173451835223,0.0,2.9891127122909997e-08
0.3100000000000002,p1_m1,0,0.07534231733750354,0.07289246512804158,0.0,2.9891127122909997e-08
0.3100000000000002,p1_m2,0,-0.09396025607383875,-0.0957276951497901,0.0,2.9891127122909997e-08
0.3100000000000002,p1_m3,0,0.04902518581295732,0.050049162238062314,0.0,2.9891127122909997e-08
0.3100000000000002,p2_m0,0,0.056569386879494206,0.057566638532219626,0.0,2.9891127122909997e-08
0.3100000000000002,p2_m1,0,-0.10674208215420518,-0.10880880279967743,0.0,2.9891127122909997e-08
0.3100000000000002,p2_m2,0,0.12352846403153234,0.12592340705882704,0.0,2.9891127122909997e-08
0.3100000000000002,p2_m3,0,-0.17870161523725964,-0.18251194665235393,0.0,2.9891127122909997e-08
0.3100000000000002,p3_m0,0,0.21694082376636703,0.2211282031029951,0.0,2.9891127122909997e-08
0.3100000000000002,p3_m1,0,-0.18208602907968013,-0.1862418739530174,0.0,2.9891127122909997e-08
0.3100000000000002,p3_m2,0,0.1836153233069134,0.18802853394026656,0.0,2.9891127122909997e-08
0.3100000000000002,p3_m3,0,-0.3473877262129424,-0.3539944324473505,0.0,2.9891127122909997e-08
0.32000000000000023,p0_m0,0,0.20057291493691973,0.1850027465729099,0.0,1.16124753292011e-07
0.32000000000000023,p0_m1,0,-0.3555075799609871,-0.3281518854636201,0.0,1.16124753292011e-07
0.32000000000000023,p0_m2,8,7.989655477039573,9.001738123532618,0.0005793313804689974,1.16124753292011e-07
0.32000000000000023,p0_m3,0,-0.38166756462032175,-0.3520343878266036,0.0,1.16124753292011e-07
0.32000000000000023,p1_m0,0,-0.26906269512460484,-0.24779067350492553,0.0,1.16124753292011e-07
0.32000000000000023,p1_m1,0,0.06472095432534464,0.06181239833848715,0.0,1.16124753292011e-07
0.32000000000000023,p1_m2,0,-0.1268395771652048,-0.11680863532132242,0.0,1.16124753292011e-07
0.32000000000000023,p1_m3,0,0.06944957152762128,0.06387513676382223,0.0,1.16124753292011e-07
0.32000000000000023,p2_m0,0,0.0708768059990139,0.06536217031304933,0.0,1.16124753292011e-07
0.32000000000000023,p2_m1,0,-0.13971178513016075,-0.12846534121154812,0.0,1.16124753292011e-07
0.32000000000000023,p2_m2,0,0.16218478368605033,0.14929335607960417,0.0,1.16124753292011e-07
0.32000000000000023,p2_m3,0,-0.23930264530768297,-0.2205061914376987,0.0,1.16124753292011e-07
0.32000000000000023,p3_m0,0,0.28844191585201345,0.265245261928632,0.0,1.16124753292011e-07
0.32000000000000023,p3_m1,0,-0.2504132367446414,-0.2299520888544373,0.0,1.16124753292011e-07
0.32000000000000023,p3_m2,0,0.25649717547977796,0.23580913002454776,0.0,1.16124753292011e-07
0.32000000000000023,p3_m3,0,-0.4623548771303447,-0.42612726562112857,0.0,1.16124753292011e-07
0.33000000000000024,p0_m0,0,0.07545355022572538,0.07790237773750078,0.0,1.5555519121629783e-07
0.33000000000000024,p0_m1,0,-0.1313207708863967,-0.13602925616662614,0.0,1.5555519121629783e-07
0.33000000000000024,p0_m2,8,7.504165084447066,7.231557916860196,4.4749966041858434e-05,1.5555519121629783e-07
0.33000000000000024,p0_m3,0,-0.1424176441871922,-0.1472268156079857,0.0,1.5555519121629783e-07
0.33000000000000024,p1_m0,0,-0.1657269047741196,-0.16248664985265185,0.0,1.5555519121629783e-07
0.33000000000000024,p1_m1,0,0.030150469414441865,0.031042168804758574,0.0,1.5555519121629783e-07
0.33000000000000024,p1_m2,0,-0.046327670654055596,-0.04802773755340003,0.0,1.5555519121629783e-07
0.33000000000000024,p1_m3,0,0.025132113652967032,0.02604550190588304,0.0,1.5555519121629783e-07
0.33000000000000024,p2_m0,0,0.024307497729129903,0.025389678798089215,0.0,1.5555519121629783e-07
0.33000000000000024,p2_m1,0,-0.04648724296043756,-0.048644064600263257,0.0,1.5555519121629783e-07
0.33000000000000024,p2_m2,0,0.055159280458891354,0.05759467212798383,0.0,1.5555519121629783e-07
0.33000000000000024,p2_m3,0,-0.08454584079904096,-0.08800368360396897,0.0,1.5555519121629783e-07
0.33000000000000024,p3_m0,0,0.09681712798389479,0.10124587685591771,0.0,1.5555519121629783e-07
0.33000000000000024,p3_m1,0,-0.0834117374466408,-0.08734017017290753,0.0,1.5555519121629783e-07
0.33000000000000024,p3_m2,0,0.08803306774543045,0.09195385879669864,0.0,1.5555519121629783e-07
0.33000000000000024,p3_m3,0,-0.1615280943680659,-0.1682378919105927,0.0,1.5555519121629783e-07
0.34000000000000025,p0_m0,0,0.09899920356720138,0.10382245400335027,0.0,1.1233344835863691e-07
0.34000000000000025,p0_m1,0,-0.19241723664175492,-0.2004569516934994,0.0,1.1233344835863691e-07
0.34000000000000025,p0_m2,8,3.7111020037214524,3.3434198067770162,0.012289064089657934,1.1233344835863691e-07
0.34000000000000025,p0_m3,0,-0.1879439569352657,-0.19689601163900725,0.0,1.1233344835863691e-07
0.34000000000000025,p1_m0,0,-0.1548145607579565,-0.16264219621611362,0.0,1.1233344835863691e-07
0.34000000000000025,p1_m1,0,0.07084748262631281,0.07245218853675847,0.0,1.1233344835863691e-07
0.34000000000000025,p1_m2,0,-0.06934471235290594,-0.07231170569541331,0.0,1.1233344835863691e-07
0.34000000000000025,p1_m3,0,0.03745520205762934,0.03913398850330749,0.0,1.1233344835863691e-07
0.34000000000000025,p2_m0,0,0.03671510765416687,0.03827865476632508,0.0,1.1233344835863691e-07
0.34000000000000025,p2_m1,0,-0.07138426163516097,-0.07461805889518643,0.0,1.1233344835863691e-07
0.34000000000000025,p2_m2,0,0.0833950446586018,0.08712324695655105,0.0,1.1233344835863691e-07
0.34000000000000025,p2_m3,0,-0.12360379274941385,-0.12847464218910587,0.0,1.1233344835863691e-07
0.34000000000000025,p3_m0,0,0.15055021053656256,0.15721111967233195,0.0,1.1233344835863691e-07
0.34000000000000025,p3_m1,0,-0.12723015940369173,-0.13271046636763792,0.0,1.1233344835863691e-07
0.34000000000000025,p3_m2,0,0.130291387717018,0.13559121308971225,0.0,1.1233344835863691e-07
0.34000000000000025,p3_m3,0,-0.24387277457914597,-0.25440161180019927,0.0,1.1233344835863691e-07
0.35000000000000026,p0_m0,0,0.2371290578661196,0.23689285023228962,0.0,2.0084083442417358e-07
0.35000000000000026,p0_m1,0,-0.42817095205935424,-0.42731172478408697,0.0,2.0084083442417358e-07
0.35000000000000026,p0_m2,8,2.879447167299674,2.8093074882944054,0.015,2.0084083442417358e-07
0.35000000000000026,p0_m3,0,-0.4521912028581042,-0.4518792723010806,0.0,2.0084083442417358e-07
0.35000000000000026,p1_m0,0,-0.33583769263192,-0.33492637790208923,0.0,2.0084083442417358e-07
0.35000000000000026,p1_m1,0,0.0858641750041424,0.08527598337555753,0.0,2.0084083442417358e-07
0.35000000000000026,p1_m2,0,-0.15579552184450446,-0.15545030505678303,0.0,2.0084083442417358e-07
0.35000000000000026,p1_m3,0,0.0865495902002372,0.08639224457734866,0.0,2.0084083442417358e-07
0.35000000000000026,p2_m0,0,0.08276047960904062,0.08255504463687328,0.0,2.0084083442417358e-07
0.35000000000000026,p2_m1,0,-0.16674510731882516,-0.16636204539914173,0.0,2.0084083442417358e-07
0.35000000000000026,p2_m2,0,0.19320735013886214,0.19279241547964887,0.0,2.0084083442417358e-07
0.35000000000000026,p2_m3,0,-0.2838855699668551,-0.2835825241687208,0.0,2.0084083442417358e-07
0.35000000000000026,p3_m0,0,0.3487145859940857,0.3479387852358016,0.0,2.0084083442417358e-07
0.35000000000000026,p3_m1,0,-0.30321106879461723,-0.3028268748490547,0.0,2.0084083442417358e-07
0.35000000000000026,p3_m2,0,0.30924453208895863,0.3090317366263652,0.0,2.0084083442417358e-07
0.35000000000000026,p3_m3,0,-0.5564209597108224,-0.5552758910918052,0.0,2.0084083442417358e-07
0.36000000000000026,p0_m0,0,0.11064062401285867,0.11130098886376556,0.0,3.0343432459861277e-07
0.36000000000000026,p0_m1,0,-0.19659577855657753,-0.197897505947855,0.0,3.0343432459861277e-07
0.36000000000000026,p0_m2,8,7.992331876704496,8.172611921495623,1.141006128155997e-05,3.0343432459861277e-07
0.36000000000000026,p0_m3,0,-0.20990808733622598,-0.2110842574036693,0.0,3.0343432459861277e-07
0.36000000000000026,p1_m0,0,-0.32934654482743736,-0.32835200491222033,0.0,3.0343432459861277e-07
0.36000000000000026,p1_m1,0,0.045455143412562626,0.04569655683149299,0.0,3.0343432459861277e-07
0.36000000000000026,p1_m2,0,-0.07218469239397352,-0.07265339034876127,0.0,3.0343432459861277e-07
0.36000000000000026,p1_m3,0,0.04008327674119457,0.04032614346270768,0.0,3.0343432459861277e-07
0.36000000000000026,p2_m0,0,0.035441117396903345,0.0357216522724991,0.0,3.0343432459861277e-07
0.36000000000000026,p2_m1,0,-0.07044373432409884,-0.0710317038007299,0.0,3.0343432459861277e-07
0.36000000000000026,p2_m2,0,0.08302595833352372,0.08366302665473242,0.0,3.0343432459861277e-07
0.36000000000000026,p2_m3,0,-0.12555385450667159,-0.12643000807032276,0.0,3.0343432459861277e-07
0.36000000000000026,p3_m0,0,0.1487805530549288,0.15001414598518853,0.0,3.0343432459861277e-07
0.36000000000000026,p3_m1,0,-0.12970300356554643,-0.1306908648098754,0.0,3.0343432459861277e-07
0.36000000000000026,p3_m2,0,0.1355740082048564,0.1364327971731382,0.0,3.0343432459861277e-07
0.36000000000000026,p3_m3,0,-0.24427067558999488,-0.24610068527161813,0.0,3.0343432459861277e-07
0.3700000000000003,p0_m0,0,0.07870877074525658,0.0832509077723876,0.0,2.6365357170213784e-07
0.3700000000000003,p0_m1,0,-0.15260914214993193,-0.16139028013908255,0.0,2.6365357170213784e-07
0.3700000000000003,p0_m2,8,4.40302975503814,3.9469853542369653,0.00990193514078166,2.6365357170213784e-07
0.3700000000000003,p0_m3,0,-0.15149102074899595,-0.15956570470680032,0.0,2.6365357170213784e-07
0.3700000000000003,p1_m0,0,-0.17898181464990223,-0.18609255244431933,0.0,2.6365357170213784e-07
0.3700000000000003,p1_m1,0,0.052735832124692454,0.05580325349675889,0.0,2.6365357170213784e-07
0.3700000000000003,p1_m2,0,-0.05582808726551968,-0.05912814774934234,0.0,2.6365357170213784e-07
0.3700000000000003,p1_m3,0,0.03079185634998192,0.03267709448052903,0.0,2.6365357170213784e-07
0.3700000000000003,p2_m0,0,0.027035919220884747,0.028726657457125084,0.0,2.6365357170213784e-07
0.3700000000000003,p2_m1,0,-0.05348661611226157,-0.057052408623801704,0.0,2.6365357170213784e-07
0.3700000000000003,p2_m2,0,0.06315496021297516,0.06723962307675951,0.0,2.6365357170213784e-07
0.3700000000000003,p2_m3,0,-0.09805824378888277,-0.10345087250937762,0.0,2.6365357170213784e-07
0.3700000000000003,p3_m0,0,0.11574397827204774,0.12304190538358893,0.0,2.6365357170213784e-07
0.3700000000000003,p3_m1,0,-0.10146486599444457,-0.10708968233924474,0.0,2.6365357170213784e-07
0.3700000000000003,p3_m2,0,0.10654322877794752,0.11189268492346671,0.0,2.6365357170213784e-07
0.3700000000000003,p3_m3,0,-0.19005572796961512,-0.2014819233482903,0.0,2.6365357170213784e-07
0.3800000000000003,p0_m0,0,0.1968395723314617,0.19870029441798212,0.0,2.6215352434645694e-07
0.3800000000000003,p0_m1,0,-0.3628988359833974,-0.3653241276347612,0.0,2.6215352434645694e-07
0.3800000000000003,p0_m2,8,3.008417697324954,2.8591558667783876,0.014816347447714113,2.6215352434645694e-07
0.3800000000000003,p0_m3,0,-0.37495263382949534,-0.3786723243032952,0.0,2.6215352434645694e-07
0.3800000000000003,p1_m0,0,-0.3018163987260094,-0.30552099248212133,0.0,2.6215352434645694e-07
0.3800000000000003,p1_m1,0,0.08700189332721313,0.085730945426329,0.0,2.6215352434645694e-07
0.3800000000000003,p1_m2,0,-0.13305181620366222,-0.13392102810287176,0.0,2.6215352434645694e-07
0.3800000000000003,p1_m3,0,0.07420634826140411,0.07471902736490606,0.0,2.6215352434645694e-07
0.3800000000000003,p2_m0,0,0.06866449724928746,0.06914121317413656,0.0,2.6215352434645694e-07
0.3800000000000003,p2_m1,0,-0.1391501368361666,-0.14014429211867155,0.0,2.6215352434645694e-07
0.3800000000000003,p2_m2,0,0.1614771572984662,0.16263887055788417,0.0,2.6215352434645694e-07
0.3800000000000003,p2_m3,0,-0.23630197375662632,-0.2384103258802527,0.0,2.6215352434645694e-07
0.3800000000000003,p3_m0,0,0.2934919008266697,0.29549424694880344,0.0,2.6215352434645694e-07
0.3800000000000003,p3_m1,0,-0.25324514586218966,-0.2554690155703042,0.0,2.6215352434645694e-07
0.3800000000000003,p3_m2,0,0.2576290967030198,0.26016387163567134,0.0,2.6215352434645694e-07
0.3800000000000003,p3_m3,0,-0.4691655215544074,-0.47234755337027823,0.0,2.6215352434645694e-07
0.3900000000000003,p0_m0,0,-0.13544199437213025,-0.116584918301727,0.0,5.71600226981046e-06
0.3900000000000003,p0_m1,0,-0.04439343680085472,-0.05387080042759542,0.0,5.71600226981046e-06
0.3900000000000003,p0_m2,0,1.1985015228097518,1.3335968142893195,0.0,5.71600226981046e-06
0.3900000000000003,p0_m3,8,6.712498702038303,7.978768066942397,0.015,5.71600226981046e-06
0.3900000000000003,p1_m0,0,0.18787697504830828,0.15604266274637194,0.0,5.71600226981046e-06
0.3900000000000003,p1_m1,0,0.06294863842082793,0.061350302465786016,0.0,5.71600226981046e-06
0.3900000000000003,p1_m2,0,-0.08434636056921599,-0.08269108540425088,0.0,5.71600226981046e-06
0.3900000000000003,p1_m3,0,-0.042506255060349815,-0.035420870628099344,0.0,5.71600226981046e-06
0.3900000000000003,p2_m0,0,0.1276995603233277,0.11893509722698398,0.0,5.71600226981046e-06
0.3900000000000003,p2_m1,0,-0.09673685701062354,-0.09313895479258419,0.0,5.71600226981046e-06
0.3900000000000003,p2_m2,0,0.07542655008891146,0.07457025981190911,0.0,5.71600226981046e-06
0.3900000000000003,p2_m3,0,0.03474720153096428,0.023144988956458713,0.0,5.71600226981046e-06
0.3900000000000003,p3_m0,0,-0.04823786831680413,-0.033308015092523985,0.0,5.71600226981046e-06
0.3900000000000003,p3_m1,0,0.06486830808972556,0.050108352565274746,0.0,5.71600226981046e-06
0.3900000000000003,p3_m2,0,-0.15312992145311088,-0.1304339899014997,0.0,5.71600226981046e-06
0.3900000000000003,p3_m3,0,0.11194693167258479,0.08509488803139166,0.0,5.71600226981046e-06
0.4000000000000003,p0_m0,0,-0.04663159553227036,-0.04663239909869674,0.0,1.2126847052997831e-06
0.4000000000000003,p0_m1,0,-0.012005178565279438,-0.014250202989141763,0.0,1.2126847052997831e-06
0.4000000000000003,p0_m2,0,1.190797192576753,1.1989582235659084,0.0,1.2126847052997831e-06
0.4000000000000003,p0_m3,8,7.9865560206100366,8.078144136414291,3.343772544148571e-05,1.2126847052997831e-06
0.4000000000000003,p1_m0,0,0.07017313186919923,0.06946124980166797,0.0,1.2126847052997831e-06
0.4000000000000003,p1_m1,0,0.02621392258897179,0.026912368194305657,0.0,1.2126847052997831e-06
0.4000000000000003,p1_m2,0,-0.03346348383712908,-0.03448042386988338,0.0,1.2126847052997831e-06
0.4000000000000003,p1_m3,0,-0.007293259504202044,-0.007430147006420365,0.0,1.2126847052997831e-06
0.4000000000000003,p2_m0,0,0.03540195241118485,0.036730434608082604,0.0,1.2126847052997831e-06
0.4000000000000003,p2_m1,0,-0.025437774299610017,-0.02688907013638816,0.0,1.2126847052997831e-06
0.4000000000000003,p2_m2,0,0.01898398980936122,0.020355457068434175,0.0,1.2126847052997831e-06
0.4000000000000003,p2_m3,0,0.017192865497496043,0.01629952951727089,0.0,1.2126847052997831e-06
0.4000000000000003,p3_m0,0,-0.0185726038079712,-0.017520567736465646,0.0,1.2126847052997831e-06
0.4000000000000003,p3_m1,0,0.02215871666422188,0.021366205938492516,0.0,1.2126847052997831e-06
0.4000000000000003,p3_m2,0,-0.0500820446803091,-0.04991786173628614,0.0,1.2126847052997831e-06
0.4000000000000003,p3_m3,0,0.0417087612229707,0.04026445260172493,0.0,1.2126847052997831e-06
0.4100000000000003,p0_m0,0,-0.08270925108477345,-0.08673181776801248,0.0,3.787117677809571e-07
0.4100000000000003,p0_m1,0,0.0656099127754412,0.06639083728840589,0.0,3.787117677809571e-07
0.4100000000000003,p0_m2,0,0.4768568762084697,0.4791676001332888,0.0,3.787117677809571e-07
0.4100000000000003,p0_m3,8,4.459142642853563,4.086382289747973,0.010001232224604679,3.787117677809571e-07
0.4100000000000003,p1_m0,0,0.11796042123288834,0.1240243747749439,0.0,3.787117677809571e-07
0.4100000000000003,p1_m1,0,0.0006285742823885899,0.0006731444639020051,0.0,3.787117677809571e-07
0.4100000000000003,p1_m2,0,-0.011766209282478082,-0.012368602448857091,0.0,3.787117677809571e-07
0.4100000000000003,p1_m3,0,-0.03161610777254897,-0.03420520564207598,0.0,3.787117677809571e-07
0.4100000000000003,p2_m0,0,0.03468200310648266,0.036963030862606064,0.0,3.787117677809571e-07
0.4100000000000003,p2_m1,0,-0.0076378495639067,-0.008575159974523114,0.0,3.787117677809571e-07
0.4100000000000003,p2_m2,0,-0.0032705785023225235,-0.0028800543962244616,0.0,3.787117677809571e-07
0.4100000000000003,p2_m3,0,0.05228331081362774,0.05422688127718079,0.0,3.787117677809571e-07
0.4100000000000003,p3_m0,0,-0.0668565719485659,-0.06983151449311115,0.0,3.787117677809571e-07
0.4100000000000003,p3_m1,0,0.05927137879671816,0.06209554234604974,0.0,3.787117677809571e-07
0.4100000000000003,p3_m2,0,-0.07067646698892001,-0.07475307725459455,0.0,3.787117677809571e-07
0.4100000000000003,p3_m3,0,0.14323614115167788,0.1498022572907263,0.0,3.787117677809571e-07
0.4200000000000003,p0_m0,0,-0.202392815411463,-0.20192164580163208,0.0,5.042902680105745e-06
0.4200000000000003,p0_m1,0,0.16376203100434747,0.16348595935862142,0.0,5.042902680105745e-06
0.4200000000000003,p0_m2,0,0.004258199520692411,0.014958034264930132,0.0,5.042902680105745e-06
0.4200000000000003,p0_m3,8,3.63461979425578,3.5482872077187078,0.013030606664953948,5.042902680105745e-06
0.4200000000000003,p1_m0,0,0.29231666873729406,0.291399565073233,0.0,5.042902680105745e-06
0.4200000000000003,p1_m1,0,-0.01819129027761948,-0.018128193146319638,0.0,5.042902680105745e-06
0.4200000000000003,p1_m2,0,-0.00918672951810287,-0.009521578034772733,0.0,5.042902680105745e-06
0.4200000000000003,p1_m3,0,-0.08720391970109165,-0.08625099236553732,0.0,5.042902680105745e-06
0.4200000000000003,p2_m0,0,0.07301754676120485,0.07254104296707593,0.0,5.042902680105745e-06
0.4200000000000003,p2_m1,0,-0.015485382427645142,-0.015831545787020618,0.0,5.042902680105745e-06
0.4200000000000003,p2_m2,0,-0.011944335861289289,-0.011589128126136678,0.0,5.042902680105745e-06
0.4200000000000003,p2_m3,0,0.13280355977373975,0.1327936211216877,0.0,5.042902680105745e-06
0.4200000000000003,p3_m0,0,-0.17647493720555263,-0.17605052311436117,0.0,5.042902680105745e-06
0.4200000000000003,p3_m1,0,0.15803435040180383,0.15790193970804434,0.0,5.042902680105745e-06
0.4200000000000003,p3_m2,0,-0.22039889015392714,-0.22130323878371966,0.0,5.042902680105745e-06
0.4200000000000003,p3_m3,0,0.34286041915906096,0.3402525813060282,0.0,5.042902680105745e-06
0.4300000000000003,p0_m0,0,-0.08008903925171855,-0.08117553844269176,0.0,2.5149247457085788e-06
0.4300000000000003,p0_m1,0,0.06983121782949814,0.07042863645069575,0.0,2.5149247457085788e-06
0.4300000000000003,p0_m2,0,-0.013819050265284578,-0.010942219612913348,0.0,2.5149247457085788e-06
0.4300000000000003,p0_m3,8,7.98791001311673,8.099979090948525,2.8323640841704467e-05,2.5149247457085788e-06
0.4300000000000003,p1_m0,0,0.10133071690503799,0.1033583296906277,0.0,2.5149247457085788e-06
0.4300000000000003,p1_m1,0,-0.007451850437480782,-0.007419542329647499,0.0,2.5149247457085788e-06
0.4300000000000003,p1_m2,0,-0.002653384787153306,-0.002848706711970403,0.0,2.5149247457085788e-06
0.4300000000000003,p1_m3,0,-0.026555250139068516,-0.027256095049015088,0.0,2.5149247457085788e-06
0.4300000000000003,p2_m0,0,0.018545248412315463,0.019312622667233856,0.0,2.5149247457085788e-06
0.4300000000000003,p2_m1,0,0.0006707161967505753,0.0003535686816767934,0.0,2.5149247457085788e-06
0.4300000000000003,p2_m2,0,-0.010634577000784988,-0.010496192575884961,0.0,2.5149247457085788e-06
0.4300000000000003,p2_m3,0,0.05666052297217773,0.05724725445423164,0.0,2.5149247457085788e-06
0.4300000000000003,p3_m0,0,-0.06683855602454468,-0.06778713824896825,0.0,2.5149247457085788e-06
0.4300000000000003,p3_m1,0,0.059163897071514385,0.059942156555620345,0.0,2.5149247457085788e-06
0.4300000000000003,p3_m2,0,-0.08234316482195167,-0.08338881200856069,0.0,2.5149247457085788e-06
0.4300000000000003,p3_m3,0,0.12992013414348663,0.13197534235068542,0.0,2.5149247457085788e-06
0.44000000000000034,p0_m0,0,-0.11073352166780004,-0.11496620161938557,0.0,1.4955585814236883e-06
0.44000000000000034,p0_m1,0,0.11565288494687752,0.11710268644567816,0.0,1.4955585814236883e-06
0.44000000000000034,p0_m2,0,-0.11350050304771243,-0.1143063108992767,0.0,1.4955585814236883e-06
0.44000000000000034,p0_m3,8,4.286661735922414,3.9464808002345975,0.010613947683177532,1.4955585814236883e-06
0.44000000000000034,p1_m0,0,0.15065361284960202,0.15685133986673613,0.0,1.4955585814236883e-06
0.44000000000000034,p1_m1,0,-0.01572189247185915,-0.016031690061948586,0.0,1.4955585814236883e-06
0.44000000000000034,p1_m2,0,0.0016542012606397306,0.0014056691764755462,0.0,1.4955585814236883e-06
0.44000000000000034,p1_m3,0,-0.04625240828176979,-0.048988330201323683,0.0,1.4955585814236883e-06
0.44000000000000034,p2_m0,0,0.03235861453168192,0.03429114073328402,0.0,1.4955585814236883e-06
0.44000000000000034,p2_m1,0,0.0024382121258304697,0.0019404572262352437,0.0,1.4955585814236883e-06
0.44000000000000034,p2_m2,0,-0.016593117739234227,-0.016661912634356853,0.0,1.4955585814236883e-06
0.44000000000000034,p2_m3,0,0.07765407858202598,0.08006529965079846,0.0,1.4955585814236883e-06
0.44000000000000034,p3_m0,0,-0.09785648722841496,-0.10142978100887334,0.0,1.4955585814236883e-06
0.44000000000000034,p3_m1,0,0.085245951099603,0.08837387037043568,0.0,1.4955585814236883e-06
0.44000000000000034,p3_m2,0,-0.09719673036355063,-0.10228959777746409,0.0,1.4955585814236883e-06
0.44000000000000034,p3_m3,0,0.20323591227937327,0.21085096680603677,0.0,1.4955585814236883e-06
0.45000000000000034,p0_m0,0,-0.15741858883743687,-0.14519577205792067,0.0,5.194648380342499e-06
0.45000000000000034,p0_m1,0,0.1393813373904095,0.12994247884382662,0.0,5.194648380342499e-06
0.45000000000000034,p0_m2,0,-0.14864883536464218,-0.1379323844943299,0.0,5.194648380342499e-06
0.45000000000000034,p0_m3,8,7.989114151240923,8.816473797408088,0.00047110120533564007,5.194648380342499e-06
0.45000000000000034,p1_m0,0,0.2174801477863414,0.1986777923312283,0.0,5.194648380342499e-06
0.45000000000000034,p1_m1,0,-0.023116453465600977,-0.021286120677098515,0.0,5.194648380342499e-06
0.45000000000000034,p1_m2,0,-0.001550579095882598,-0.0010703460770191996,0.0,5.194648380342499e-06
0.45000000000000034,p1_m3,0,-0.06514432027709544,-0.059296214954600475,0.0,5.194648380342499e-06
0.45000000000000034,p2_m0,0,0.04797343881440589,0.04301513335808774,0.0,5.194648380342499e-06
0.45000000000000034,p2_m1,0,-0.004068664092010936,-0.0026154023747130624,0.0,5.194648380342499e-06
0.45000000000000034,p2_m2,0,-0.016519911029374442,-0.016226181664484026,0.0,5.194648380342499e-06
0.45000000000000034,p2_m3,0,0.10698121096342725,0.09913155908516416,0.0,5.194648380342499e-06
0.45000000000000034,p3_m0,0,-0.13744687442670914,-0.12643514500359443,0.0,5.194648380342499e-06
0.45000000000000034,p3_m1,0,0.12179197457962221,0.11192437080695415,0.0,5.194648380342499e-06
0.45000000000000034,p3_m2,0,-0.1640845264756634,-0.14968237226983763,0.0,5.194648380342499e-06
0.45000000000000034,p3_m3,0,0.27060295956093633,0.24977365979677305,0.0,5.194648380342499e-06
0.46000000000000035,p0_m0,0,-0.07164080053499654,-0.0764508157824699,0.0,1.2310734301777845e-06
0.46000000000000035,p0_m1,0,0.07500641662904829,0.08072759116765486,0.0,1.2310734301777845e-06
0.46000000000000035,p0_m2,0,-0.08031805719936691,-0.0865417601145786,0.0,1.2310734301777845e-06
0.46000000000000035,p0_m3,8,5.924806452098033,5.532188961894009,0.004949719463884386,1.2310734301777845e-06
0.46000000000000035,p1_m0,0,0.0897073459817952,0.09716648569185447,0.0,1.2310734301777845e-06
0.46000000000000035,p1_m1,0,-0.011209980095842356,-0.012079594763612048,0.0,1.2310734301777845e-06
0.46000000000000035,p1_m2,0,0.0012021902012980565,0.0013610173355900828,0.0,1.2310734301777845e-06
0.46000000000000035,p1_m3,0,-0.02336468365768171,-0.02566312865731815,0.0,1.2310734301777845e-06
0.46000000000000035,p2_m0,0,0.013719629933624954,0.015651798623574693,0.0,1.2310734301777845e-06
0.46000000000000035,p2_m1,0,0.004634602031992607,0.004427890007840007,0.0,1.2310734301777845e-06
0.46000000000000035,p2_m2,0,-0.013463918310858145,-0.013931773302820232,0.0,1.2310734301777845e-06
0.46000000000000035,p2_m3,0,0.05374737128780996,0.05702100386775744,0.0,1.2310734301777845e-06
0.46000000000000035,p3_m0,0,-0.061748008928435606,-0.06635210496538292,0.0,1.2310734301777845e-06
0.46000000000000035,p3_m1,0,0.05381285170160398,0.05792486337313498,0.0,1.2310734301777845e-06
0.46000000000000035,p3_m2,0,-0.06926842999670701,-0.07401630241391001,0.0,1.2310734301777845e-06
0.46000000000000035,p3_m3,0,0.12406767271121492,0.13349644911119807,0.0,1.2310734301777845e-06
0.47000000000000036,p0_m0,0,-0.15680506933256638,-0.15904464334422755,0.0,3.315997650259646e-06
0.47000000000000036,p0_m1,0,0.14755551237435266,0.14825306001535998,0.0,3.315997650259646e-06
0.47000000000000036,p0_m2,0,-0.17149277389811718,-0.17127146352545475,0.0,3.315997650259646e-06
0.47000000000000036,p0_m3,8,3.843466338115745,3.636439370224228,0.012229716600387268,3.315997650259646e-06
0.47000000000000036,p1_m0,0,0.21879127026548387,0.22215385584120734,0.0,3.315997650259646e-06
0.47000000000000036,p1_m1,0,-0.02382554951710711,-0.024361599821455523,0.0,3.315997650259646e-06
0.47000000000000036,p1_m2,0,0.001176749206696931,0.0007589652505243912,0.0,3.315997650259646e-06
0.47000000000000036,p1_m3,0,-0.0707045643105004,-0.07104625671010875,0.0,3.315997650259646e-06
0.47000000000000036,p2_m0,0,0.051063948031041785,0.051644074527162666,0.0,3.315997650259646e-06
0.47000000000000036,p2_m1,0,-0.0012318282095699555,-0.001865761740251445,0.0,3.315997650259646e-06
0.47000000000000036,p2_m2,0,-0.019146838285398596,-0.018860344383504837,0.0,3.315997650259646e-06
0.47000000000000036,p2_m3,0,0.10605847278045877,0.10758048835928925,0.0,3.315997650259646e-06
0.47000000000000036,p3_m0,0,-0.13831503291191394,-0.14017737313168724,0.0,3.315997650259646e-06
0.47000000000000036,p3_m1,0,0.12058000407857537,0.12243628661021493,0.0,3.315997650259646e-06
0.47000000000000036,p3_m2,0,-0.14902912909141217,-0.1535611480679622,0.0,3.315997650259646e-06
0.47000000000000036,p3_m3,0,0.28703467238663055,0.2889594102425135,0.0,3.315997650259646e-06
0.48000000000000037,p0_m0,0,-0.10369723294457807,-0.1016850037276715,0.0,3.7873925581394964e-06
0.48000000000000037,p0_m1,0,0.09545700775926548,0.09396420746036221,0.0,3.7873925581394964e-06
0.48000000000000037,p0_m2,0,-0.10594530977248773,-0.10449054013371753,0.0,3.7873925581394964e-06
0.48000000000000037,p0_m3,8,7.997667354465752,8.262241859784258,-9.475415092776274e-06,3.7873925581394964e-06
0.48000000000000037,p1_m0,0,0.13458342621647637,0.13186334672304237,0.0,3.7873925581394964e-06
0.48000000000000037,p1_m1,0,-0.0162672065878709,-0.015879619140706378,0.0,3.7873925581394964e-06
0.48000000000000037,p1_m2,0,4.604270975132388e-05,9.0541076712188e-05,0.0,3.7873925581394964e-06
0.48000000000000037,p1_m3,0,-0.03839492149125281,-0.03766938404483935,0.0,3.7873925581394964e-06
0.48000000000000037,p2_m0,0,0.02533369284291098,0.02477430005378417,0.0,3.7873925581394964e-06
0.48000000000000037,p2_m1,0,0.0016373799402229572,0.0018019864812736813,0.0,3.7873925581394964e-06
0.48000000000000037,p2_m2,0,-0.014643136047813652,-0.014544257115737393,0.0,3.7873925581394964e-06
0.48000000000000037,p2_m3,0,0.07285917935460129,0.07156092832579196,0.0,3.7873925581394964e-06
0.48000000000000037,p3_m0,0,-0.08866981495027436,-0.08691648917928384,0.0,3.7873925581394964e-06
0.48000000000000037,p3_m1,0,0.07811851237272009,0.07644401156886463,0.0,3.7873925581394964e-06
0.48000000000000037,p3_m2,0,-0.10444601386446734,-0.10179886271763866,0.0,3.7873925581394964e-06
0.48000000000000037,p3_m3,0,0.1753225180718,0.17241020441680138,0.0,3.7873925581394964e-06
0.4900000000000004,p0_m0,0,-0.09331135310250346,-0.09838009724475015,0.0,1.1626197563786618e-06
0.4900000000000004,p0_m1,0,0.10541138672061454,0.10875452880886347,0.0,1.1626197563786618e-06
0.4900000000000004,p0_m2,0,-0.11946107314402855,-0.12433382358576944,0.0,1.1626197563786618e-06
0.4900000000000004,p0_m3,8,4.6792388455270055,4.278055546160195,0.00922474955746848,1.1626197563786618e-06
0.4900000000000004,p1_m0,0,0.12324802432984726,0.13073334259044878,0.0,1.1626197563786618e-06
0.4900000000000004,p1_m1,0,-0.015505182072352719,-0.016114566220392465,0.0,1.1626197563786618e-06
0.4900000000000004,p1_m2,0,0.002858909410366173,0.0027522315995384752,0.0,1.1626197563786618e-06
0.4900000000000004,p1_m3,0,-0.03492549765501265,-0.03793555352235868,0.0,1.1626197563786618e-06
0.4900000000000004,p2_m0,0,0.023139527238822455,0.02535454282989672,0.0,1.1626197563786618e-06
0.4900000000000004,p2_m1,0,0.004664399053638313,0.004249628958791527,0.0,1.1626197563786618e-06
0.4900000000000004,p2_m2,0,-0.016401961237198778,-0.016661945536523004,0.0,1.1626197563786618e-06
0.4900000000000004,p2_m3,0,0.06772441294558376,0.07070888556550016,0.0,1.1626197563786618e-06
0.4900000000000004,p3_m0,0,-0.08234854537956976,-0.086759808445964,0.0,1.1626197563786618e-06
0.4900000000000004,p3_m1,0,0.07155200662639219,0.07544936244229641,0.0,1.1626197563786618e-06
0.4900000000000004,p3_m2,0,-0.08066939887633373,-0.08525640608168272,0.0,1.1626197563786618e-06
0.4900000000000004,p3_m3,0,0.16960853474263488,0.1789272005652624,0.0,1.1626197563786618e-06
0.5000000000000003,p0_m0,0,-0.1858074060496204,-0.17457109511589275,0.0,5.139408521480149e-06
0.5000000000000003,p0_m1,0,0.16470821125690138,0.15585735320553007,0.0,5.139408521480149e-06
0.5000000000000003,p0_m2,0,-0.18546081223589567,-0.17518521139454488,0.0,5.139408521480149e-06
0.5000000000000003,p0_m3,8,7.2640490831002635,8.398357872010111,0.01292743462262684,5.139408521480149e-06
0.5000000000000003,p1_m0,0,0.2618844838118191,0.24431070724521742,0.0,5.139408521480149e-06
0.5000000000000003,p1_m1,0,-0.030175232910609546,-0.028354204187422974,0.0,5.139408521480149e-06
0.5000000000000003,p1_m2,0,-0.0015768998689662604,-0.0012618521179180388,0.0,5.139408521480149e-06
0.5000000000000003,p1_m3,0,-0.08029373450888726,-0.07441290773256969,0.0,5.139408521480149e-06
0.5000000000000003,p2_m0,0,0.060136598000288616,0.05525574443643931,0.0,5.139408521480149e-06
0.5000000000000003,p2_m1,0,-0.006494402891746226,-0.005308264653959874,0.0,5.139408521480149e-06
0.5000000000000003,p2_m2,0,-0.018127099746911682,-0.017709102607121444,0.0,5.139408521480149e-06
0.5000000000000003,p2_m3,0,0.1253304245823639,0.11814551899486586,0.0,5.139408521480149e-06
0.5000000000000003,p3_m0,0,-0.16343145757868932,-0.1532187204725781,0.0,5.139408521480149e-06
0.5000000000000003,p3_m1,0,0.14453764108609843,0.1355372315714105,0.0,5.139408521480149e-06
0.5000000000000003,p3_m2,0,-0.19347164372623007,-0.1809470317524198,0.0,5.139408521480149e-06
0.5000000000000003,p3_m3,0,0.32401604926821936,0.30344460653741107,0.0,5.139408521480149e-06
0.5100000000000003,p0_m0,0,-0.2545457981234267,-0.2540112910979405,0.0,5.806242840607722e-07
0.5100000000000003,p0_m1,0,0.292059639807744,0.28943110315161286,0.0,5.806242840607722e-07
0.5100000000000003,p0_m2,0,-0.23848526477316095,-0.23817689852353963,0.0,5.806242840607722e-07
0.5100000000000003,p0_m3,0,7.213202871335687,7.293497034935214,0.0,5.806242840607722e-07
0.5100000000000003,p1_m0,8,1.4638921263456126,1.3633695132981198,0.015,5.806242840607722e-07
0.5100000000000003,p1_m1,0,-0.042856126700039375,-0.04327513999938944,0.0,5.806242840607722e-07
0.5100000000000003,p1_m2,0,0.062340659841895185,0.06163721800668344,0.0,5.806242840607722e-07
0.5100000000000003,p1_m3,0,-0.12254014794235428,-0.12134654551850332,0.0,5.806242840607722e-07
0.5100000000000003,p2_m0,0,0.04502834831461229,0.04470132829193699,0.0,5.806242840607722e-07
0.5100000000000003,p2_m1,0,0.06259089675913072,0.06180779232406784,0.0,5.806242840607722e-07
0.5100000000000003,p2_m2,0,-0.08628713797720836,-0.08544028099447026,0.0,5.806242840607722e-07
0.5100000000000003,p2_m3,0,0.14459711622401006,0.1442532861595805,0.0,5.806242840607722e-07
0.5100000000000003,p3_m0,0,-0.21751386331668457,-0.2163697306188047,0.0,5.806242840607722e-07
0.5100000000000003,p3_m1,0,0.1450099384196084,0.14485325070521465,0.0,5.806242840607722e-07
0.5100000000000003,p3_m2,0,-0.14346968847165315,-0.14424227392189604,0.0,5.806242840607722e-07
0.5100000000000003,p3_m3,0,0.3946104218887552,0.3926992198278961,0.0,5.806242840607722e-07
0.5200000000000004,p0_m0,0,-0.21756426276200566,-0.20585673057740123,0.0,3.027165537764911e-06
0.5200000000000004,p0_m1,0,0.2877401059035506,0.27004797948372206,0.0,3.027165537764911e-06
0.5200000000000004,p0_m2,0,-0.23313581866519606,-0.2326617508046738,0.0,3.027165537764911e-06
0.5200000000000004,p0_m3,0,3.0500106730272103,3.0765193294978723,0.0,3.027165537764911e-06
0.5200000000000004,p1_m0,8,7.951678339517335,8.970668133751504,0.0009604371197883319,3.027165537764911e-06
0.5200000000000004,p1_m1,0,-0.047528476804305504,-0.04446829807250815,0.0,3.027165537764911e-06
0.5200000000000004,p1_m2,0,0.05408572575740644,0.05065354043465219,0.0,3.027165537764911e-06
0.5200000000000004,p1_m3,0,-0.1323801320896949,-0.12296568755983486,0.0,3.027165537764911e-06
0.5200000000000004,p2_m0,0,0.06073949070384562,0.055573756951657435,0.0,3.027165537764911e-06
0.5200000000000004,p2_m1,0,0.0554703237190473,0.05271688663025632,0.0,3.027165537764911e-06
0.5200000000000004,p2_m2,0,-0.07861163232516331,-0.07456787063149731,0.0,3.027165537764911e-06
0.5200000000000004,p2_m3,0,0.12312255785014053,0.11773043213955921,0.0,3.027165537764911e-06
0.5200000000000004,p3_m0,0,-0.2043004207514891,-0.1932164645874288,0.0,3.027165537764911e-06
0.5200000000000004,p3_m1,0,0.12400480720660566,0.11881874370018736,0.0,3.027165537764911e-06
0.5200000000000004,p3_m2,0,-0.10889918341372472,-0.10611093010982536,0.0,3.027165537764911e-06
0.5200000000000004,p3_m3,0,0.381450849735623,0.360215841211754,0.0,3.027165537764911e-06
0.5300000000000004,p0_m0,0,-0.07460071256586928,-0.07727115781124813,0.0,1.5069521560389904e-06
0.5300000000000004,p0_m1,0,0.10251999681105559,0.10571863447473229,0.0,1.5069521560389904e-06
0.5300000000000004,p0_m2,0,-0.22749915377807664,-0.22748642413469056,0.0,1.5069521560389904e-06
0.5300000000000004,p0_m3,0,1.0513758222284035,1.0758518652621445,0.0,1.5069521560389904e-06
0.5300000000000004,p1_m0,8,7.983900412911939,8.04004231205787,4.4160989409904874e-05,1.5069521560389904e-06
0.5300000000000004,p1_m1,0,-0.015999586789551247,-0.016496244031402048,0.0,1.5069521560389904e-06
0.5300000000000004,p1_m2,0,0.016098051308623122,0.016825175142972625,0.0,1.5069521560389904e-06
0.5300000000000004,p1_m3,0,-0.04373674192934011,-0.04536260370508129,0.0,1.5069521560389904e-06
0.5300000000000004,p2_m0,0,0.017869906843892603,0.018658215592003195,0.0,1.5069521560389904e-06
0.5300000000000004,p2_m1,0,0.02403885479867675,0.024591598825023823,0.0,1.5069521560389904e-06
0.5300000000000004,p2_m2,0,-0.03299183482063163,-0.03377976888048011,0.0,1.5069521560389904e-06
0.5300000000000004,p2_m3,0,0.05105973100840719,0.05225295641262105,0.0,1.5069521560389904e-06
0.5300000000000004,p3_m0,0,-0.08142382019779608,-0.0835698581112248,0.0,1.5069521560389904e-06
0.5300000000000004,p3_m1,0,0.054764028498292,0.05592065151836892,0.0,1.5069521560389904e-06
0.5300000000000004,p3_m2,0,-0.05278753369443264,-0.053650563403169295,0.0,1.5069521560389904e-06
0.5300000000000004,p3_m3,0,0.1500509568797246,0.1539568560673552,0.0,1.5069521560389904e-06
0.5400000000000004,p0_m0,0,-0.08452595515552572,-0.0886988261807976,0.0,7.300688341208344e-07
0.5400000000000004,p0_m1,0,0.10281744503790625,0.10753781892394403,0.0,7.300688341208344e-07
0.5400000000000004,p0_m2,0,-0.16604921621252816,-0.17078834129450912,0.0,7.300688341208344e-07
0.5400000000000004,p0_m3,0,0.45459625894410505,0.47450416478943436,0.0,7.300688341208344e-07
0.5400000000000004,p1_m0,8,3.987583961963176,3.5344704231684854,0.011200619024441269,7.300688341208344e-07
0.5400000000000004,p1_m1,0,-0.02337066729658007,-0.024507307806535483,0.0,7.300688341208344e-07
0.5400000000000004,p1_m2,0,0.018201869892396312,0.01917090837126728,0.0,7.300688341208344e-07
0.5400000000000004,p1_m3,0,-0.04428312615205676,-0.046570317921476534,0.0,7.300688341208344e-07
0.5400000000000004,p2_m0,0,0.020326291223849078,0.021520295251118,0.0,7.300688341208344e-07
0.5400000000000004,p2_m1,0,0.022534338463681292,0.02341611068087862,0.0,7.300688341208344e-07
0.5400000000000004,p2_m2,0,-0.030853242583382023,-0.03209481539646197,0.0,7.300688341208344e-07
0.5400000000000004,p2_m3,0,0.04278465803612304,0.0439506240577241,0.0,7.300688341208344e-07
0.5400000000000004,p3_m0,0,-0.07648355377805834,-0.07971228688121046,0.0,7.300688341208344e-07
0.5400000000000004,p3_m1,0,0.044339127461326955,0.045397139827881405,0.0,7.300688341208344e-07
0.5400000000000004,p3_m2,0,-0.05074276794812069,-0.052226945839613376,0.0,7.300688341208344e-07
0.5400000000000004,p3_m3,0,0.1409916164770883,0.14699940945658999,0.0,7.300688341208344e-07
0.5500000000000004,p0_m0,0,-0.15000086384651448,-0.14882595921847427,0.0,2.2323002708037713e-06
0.5500000000000004,p0_m1,0,0.2313062504091859,0.23059954823378936,0.0,2.2323002708037713e-06
0.5500000000000004,p0_m2,0,-0.17536670225408815,-0.17560548977555585,0.0,2.2323002708037713e-06
0.5500000000000004,p0_m3,0,0.4398204784721123,0.445083753344604,0.0,2.2323002708037713e-06
0.5500000000000004,p1_m0,8,2.543432069814718,2.462855411478158,0.015,2.2323002708037713e-06
0.5500000000000004,p1_m1,0,-0.036151492319881934,-0.036116247243260215,0.0,2.2323002708037713e-06
0.5500000000000004,p1_m2,0,0.04656460034993994,0.04643457022377899,0.0,2.2323002708037713e-06
0.5500000000000004,p1_m3,0,-0.11767704339102576,-0.1173909813450334,0.0,2.2323002708037713e-06
0.5500000000000004,p2_m0,0,0.05782590055077795,0.05755627381366765,0.0,2.2323002708037713e-06
0.5500000000000004,p2_m1,0,0.043901581655605565,0.04384757239850885,0.0,2.2323002708037713e-06
0.5500000000000004,p2_m2,0,-0.061480985066819975,-0.0613860079314966,0.0,2.2323002708037713e-06
0.5500000000000004,p2_m3,0,0.07883975682711582,0.07898841561384104,0.0,2.2323002708037713e-06
0.5500000000000004,p3_m0,0,-0.15787439029130226,-0.15752199832312355,0.0,2.2323002708037713e-06
0.5500000000000004,p3_m1,0,0.07941438108271782,0.07960140590316399,0.0,2.2323002708037713e-06
0.5500000000000004,p3_m2,0,-0.07359237769204524,-0.07349586278597459,0.0,2.2323002708037713e-06
0.5500000000000004,p3_m3,0,0.29463628139346715,0.2939426649750256,0.0,2.2323002708037713e-06
0.5600000000000004,p0_m0,0,-0.06797104823677845,-0.06826092510136152,0.0,2.2620211899132466e-06
0.5600000000000004,p0_m1,0,0.11313549411272972,0.11296700559781829,0.0,2.2620211899132466e-06
0.5600000000000004,p0_m2,0,-0.0827782968385258,-0.08333452695977557,0.0,2.2620211899132466e-06
0.5600000000000004,p0_m3,0,0.19924705519369523,0.20115473750882062,0.0,2.2620211899132466e-06
0.5600000000000004,p1_m0,8,7.996505948117605,8.24229246605367,-5.682288104452482e-06,2.2620211899132466e-06
0.5600000000000004,p1_m1,0,-0.019443651629894174,-0.019371323943702768,0.0,2.2620211899132466e-06
0.5600000000000004,p1_m2,0,0.02373903052783345,0.02363416669645114,0.0,2.2620211899132466e-06
0.5600000000000004,p1_m3,0,-0.057347574093332306,-0.05724603395297557,0.0,2.2620211899132466e-06
0.5600000000000004,p2_m0,0,0.02580290137414576,0.025847860126855346,0.0,2.2620211899132466e-06
0.5600000000000004,p2_m1,0,0.024378329313586727,0.02429549696107396,0.0,2.2620211899132466e-06
0.5600000000000004,p2_m2,0,-0.03327261173472536,-0.03317371917437933,0.0,2.2620211899132466e-06
0.5600000000000004,p2_m3,0,0.04235738906875466,0.04218640361212962,0.0,2.2620211899132466e-06
0.5600000000000004,p3_m0,0,-0.08169244973894994,-0.08158146584612037,0.0,2.2620211899132466e-06
0.5600000000000004,p3_m1,0,0.04527758781025956,0.04513578381747757,0.0,2.2620211899132466e-06
0.5600000000000004,p3_m2,0,-0.04254848520008686,-0.042497850429089976,0.0,2.2620211899132466e-06
0.5600000000000004,p3_m3,0,0.15077284632004498,0.15055364985566047,0.0,2.2620211899132466e-06
0.5700000000000004,p0_m0,0,-0.021193985756719654,-0.022399053974794726,0.0,6.084674868158158e-07
0.5700000000000004,p0_m1,0,0.03849286765591332,0.04034734130386911,0.0,6.084674868158158e-07
0.5700000000000004,p0_m2,0,-0.029348374368868606,-0.030633140630605942,0.0,6.084674868158158e-07
0.5700000000000004,p0_m3,0,0.06782868939609137,0.07124184237485834,0.0,6.084674868158158e-07
0.5700000000000004,p1_m0,8,7.980933095181184,7.994491094888144,5.632856327066449e-05,6.084674868158158e-07
0.5700000000000004,p1_m1,0,-0.007116539437456772,-0.007375424560568269,0.0,6.084674868158158e-07
0.5700000000000004,p1_m2,0,0.008017777037161496,0.00838768863951719,0.0,6.084674868158158e-07
0.5700000000000004,p1_m3,0,-0.02004215464789689,-0.021008541084181664,0.0,6.084674868158158e-07
0.5700000000000004,p2_m0,0,0.008170450894971188,0.008675640881976615,0.0,6.084674868158158e-07
0.5700000000000004,p2_m1,0,0.010568658400538927,0.010872035939570765,0.0,6.084674868158158e-07
0.5700000000000004,p2_m2,0,-0.013880059201935187,-0.014319102924181796,0.0,6.084674868158158e-07
0.5700000000000004,p2_m3,0,0.0164663873388552,0.01704707008396972,0.0,6.084674868158158e-07
0.5700000000000004,p3_m0,0,-0.03302176269395627,-0.034201286195887054,0.0,6.084674868158158e-07
0.5700000000000004,p3_m1,0,0.02119860638098523,0.02172902789043513,0.0,6.084674868158158e-07
0.5700000000000004,p3_m2,0,-0.0209325483262183,-0.02137680074117543,0.0,6.084674868158158e-07
0.5700000000000004,p3_m3,0,0.058653649336878846,0.06088451647203287,0.0,6.084674868158158e-07
0.5800000000000004,p0_m0,0,-0.07364367949347161,-0.0772554556265069,0.0,4.963907399647295e-07
0.5800000000000004,p0_m1,0,0.08754692719165792,0.0914016632148861,0.0,4.963907399647295e-07
0.5800000000000004,p0_m2,0,-0.08756556972138364,-0.09000191992186116,0.0,4.963907399647295e-07
0.5800000000000004,p0_m3,0,0.13343034215254335,0.13904003193775066,0.0,4.963907399647295e-07
0.5800000000000004,p1_m0,8,3.7305314058630965,3.3056441635204514,0.01207483417626895,4.963907399647295e-07
0.5800000000000004,p1_m1,0,-0.022351062662070376,-0.023143170600269575,0.0,4.963907399647295e-07
0.5800000000000004,p1_m2,0,0.01747672472542334,0.018403468566618644,0.0,4.963907399647295e-07
0.5800000000000004,p1_m3,0,-0.04157706165169989,-0.04348486691381397,0.0,4.963907399647295e-07
0.5800000000000004,p2_m0,0,0.020860806920885894,0.021769326586436016,0.0,4.963907399647295e-07
0.5800000000000004,p2_m1,0,0.018700787951525723,0.019542616938815035,0.0,4.963907399647295e-07
0.5800000000000004,p2_m2,0,-0.02554051043186441,-0.02665901242792076,0.0,4.963907399647295e-07
0.5800000000000004,p2_m3,0,0.03033732194153959,0.031050581786062268,0.0,4.963907399647295e-07
0.5800000000000004,p3_m0,0,-0.06494483328906477,-0.06756276988979708,0.0,4.963907399647295e-07
0.5800000000000004,p3_m1,0,0.03394120850162717,0.03464178071527021,0.0,4.963907399647295e-07
0.5800000000000004,p3_m2,0,-0.04154116858837292,-0.04248178167704761,0.0,4.963907399647295e-07
0.5800000000000004,p3_m3,0,0.11831970771267998,0.12309331833558612,0.0,4.963907399647295e-07
0.5900000000000004,p0_m0,0,-0.1304352355085819,-0.12185022592593282,0.0,2.344198328464646e-06
0.5900000000000004,p0_m1,0,0.21059812498730165,0.1956126193107076,0.0,2.344198328464646e-06
0.5900000000000004,p0_m2,0,-0.11125650729210278,-0.10539243067242311,0.0,2.344198328464646e-06
0.5900000000000004,p0_m3,0,0.3063643290361155,0.28470350200245376,0.0,2.344198328464646e-06
0.5900000000000004,p1_m0,8,6.681481816744991,8.077116678156786,0.015,2.344198328464646e-06
0.5900000000000004,p1_m1,0,-0.03174554372603502,-0.03002484077876969,0.0,2.344198328464646e-06
0.5900000000000004,p1_m2,0,0.04301568040982713,0.040051319341499934,0.0,2.344198328464646e-06
0.5900000000000004,p1_m3,0,-0.11055528180902179,-0.10244741434852765,0.0,2.344198328464646e-06
0.5900000000000004,p2_m0,0,0.05553845895751301,0.051255849435778364,0.0,2.344198328464646e-06
0.5900000000000004,p2_m1,0,0.039435233677672106,0.03701591104644751,0.0,2.344198328464646e-06
0.5900000000000004,p2_m2,0,-0.055447913770728996,-0.05191584197711762,0.0,2.344198328464646e-06
0.5900000000000004,p2_m3,0,0.06914655463264835,0.06462990037941967,0.0,2.344198328464646e-06
0.5900000000000004,p3_m0,0,-0.1446803517048073,-0.13503322254773314,0.0,2.344198328464646e-06
0.5900000000000004,p3_m1,0,0.07205793082568844,0.06765837447426928,0.0,2.344198328464646e-06
0.5900000000000004,p3_m2,0,-0.06694542438339808,-0.06337253551612325,0.0,2.344198328464646e-06
0.5900000000000004,p3_m3,0,0.26934777811311583,0.251060136945293,0.0,2.344198328464646e-06
0.6000000000000004,p0_m0,0,-0.04063360534711108,-0.041929814782863735,0.0,1.5354363153219037e-06
0.6000000000000004,p0_m1,0,0.07006251788749297,0.07179753201362613,0.0,1.5354363153219037e-06
0.6000000000000004,p0_m2,0,-0.04076963225153785,-0.041691246059835034,0.0,1.5354363153219037e-06
0.6000000000000004,p0_m3,0,0.10121745641155952,0.10380024621879537,0.0,1.5354363153219037e-06
0.6000000000000004,p1_m0,8,7.9869483491575295,8.085793335357213,3.195915666586302e-05,1.5354363153219037e-06
0.6000000000000004,p1_m1,0,-0.01231713764760449,-0.01251088035907112,0.0,1.5354363153219037e-06
0.6000000000000004,p1_m2,0,0.014859271746230729,0.015171956234661698,0.0,1.5354363153219037e-06
0.6000000000000004,p1_m3,0,-0.036845501092427325,-0.03778460082026999,0.0,1.5354363153219037e-06
0.6000000000000004,p2_m0,0,0.01685375855175482,0.01741543030009239,0.0,1.5354363153219037e-06
0.6000000000000004,p2_m1,0,0.01607424004182623,0.016318015820088246,0.0,1.5354363153219037e-06
0.6000000000000004,p2_m2,0,-0.021771002257157022,-0.022136700316891335,0.0,1.5354363153219037e-06
0.6000000000000004,p2_m3,0,0.026151161997210022,0.02658276220679921,0.0,1.5354363153219037e-06
0.6000000000000004,p3_m0,0,-0.05412413820730858,-0.05522229921785146,0.0,1.5354363153219037e-06
0.6000000000000004,p3_m1,0,0.03128133659142523,0.031694823496761865,0.0,1.5354363153219037e-06
0.6000000000000004,p3_m2,0,-0.03078766219862803,-0.03115924455363015,0.0,1.5354363153219037e-06
0.6000000000000004,p3_m3,0,0.09839532050751319,0.10044750383576258,0.0,1.5354363153219037e-06
0.6100000000000004,p0_m0,0,-0.039465519979184474,-0.043360716950661855,0.0,4.4143040863454123e-07
0.6100000000000004,p0_m1,0,0.05426068722539909,0.058835266973166336,0.0,4.4143040863454123e-07
0.6100000000000004,p0_m2,0,-0.04708364907882991,-0.051322062574683906,0.0,4.4143040863454123e-07
0.6100000000000004,p0_m3,0,0.07890254672832661,0.08584415930203812,0.0,4.4143040863454123e-07
0.6100000000000004,p1_m0,8,4.931543635322939,4.436553684280234,0.008031836648028815,4.4143040863454123e-07
0.6100000000000004,p1_m1,0,-0.013207811671651042,-0.014138025067230291,0.0,4.4143040863454123e-07
0.6100000000000004,p1_m2,0,0.011568799171595211,0.012311938412900316,0.0,4.4143040863454123e-07
0.6100000000000004,p1_m3,0,-0.02716633531347641,-0.029312388181831572,0.0,4.4143040863454123e-07
0.6100000000000004,p2_m0,0,0.012421311435620048,0.01372911922257122,0.0,4.4143040863454123e-07
0.6100000000000004,p2_m1,0,0.013378877727814572,0.013993459552972898,0.0,4.4143040863454123e-07
0.6100000000000004,p2_m2,0,-0.01775723742791287,-0.018729058053363702,0.0,4.4143040863454123e-07
0.6100000000000004,p2_m3,0,0.021197878966874622,0.02271163416645116,0.0,4.4143040863454123e-07
0.6100000000000004,p3_m0,0,-0.043764303469249456,-0.046707885029941026,0.0,4.4143040863454123e-07
0.6100000000000004,p3_m1,0,0.026594955585139916,0.028057294322997434,0.0,4.4143040863454123e-07
0.6100000000000004,p3_m2,0,-0.028996376953504696,-0.03070715031186883,0.0,4.4143040863454123e-07
0.6100000000000004,p3_m3,0,0.07790569733558415,0.08363271731114635,0.0,4.4143040863454123e-07
0.6200000000000004,p0_m0,0,-0.1245829639447648,-0.122445496765191,0.0,1.5311840193259023e-06
0.6200000000000004,p0_m1,0,0.17701513572636798,0.17935118309276693,0.0,1.5311840193259023e-06
0.6200000000000004,p0_m2,0,-0.11397991305179966,-0.11106540127375775,0.0,1.5311840193259023e-06
0.6200000000000004,p0_m3,0,0.25385033169058674,0.257950236147044,0.0,1.5311840193259023e-06
0.6200000000000004,p1_m0,8,2.8277999372277476,2.6186745114405188,0.015,1.5311840193259023e-06
0.6200000000000004,p1_m1,0,-0.03025664540237407,-0.03010047530223022,0.0,1.5311840193259023e-06
0.6200000000000004,p1_m2,0,0.03632337070919736,0.036663932466147235,0.0,1.5311840193259023e-06
0.6200000000000004,p1_m3,0,-0.09044930346955188,-0.09234458156815158,0.0,1.5311840193259023e-06
0.6200000000000004,p2_m0,0,0.04597242299684564,0.046918600837797454,0.0,1.5311840193259023e-06
0.6200000000000004,p2_m1,0,0.034116786602883455,0.03429537468448656,0.0,1.5311840193259023e-06
0.6200000000000004,p2_m2,0,-0.047584886960011175,-0.04796122550909949,0.0,1.5311840193259023e-06
0.6200000000000004,p2_m3,0,0.05671501219259618,0.05777593990363185,0.0,1.5311840193259023e-06
0.6200000000000004,p3_m0,0,-0.12359911041576971,-0.12499118233357595,0.0,1.5311840193259023e-06
0.6200000000000004,p3_m1,0,0.060585732617914265,0.06164731882860141,0.0,1.5311840193259023e-06
0.6200000000000004,p3_m2,0,-0.06214825680214747,-0.06201287150755577,0.0,1.5311840193259023e-06
0.6200000000000004,p3_m3,0,0.2286107686233937,0.23149262989885164,0.0,1.5311840193259023e-06
0.6300000000000004,p0_m0,0,-0.06717861138084091,-0.06617546003094223,0.0,2.1518874069324485e-06
0.6300000000000004,p0_m1,0,0.1095840831229497,0.10734030432860432,0.0,2.1518874069324485e-06
0.6300000000000004,p0_m2,0,-0.06243272755859385,-0.061817012055322446,0.0,2.1518874069324485e-06
0.6300000000000004,p0_m3,0,0.15654068074838992,0.15343076637590325,0.0,2.1518874069324485e-06
0.6300000000000004,p1_m0,8,8.001405801306742,8.322877868426547,-2.4051313047275257e-05,2.1518874069324485e-06
0.6300000000000004,p1_m1,0,-0.01880044977207926,-0.018509677490891663,0.0,2.1518874069324485e-06
0.6300000000000004,p1_m2,0,0.02372732349135921,0.023175893423741194,0.0,2.1518874069324485e-06
0.6300000000000004,p1_m3,0,-0.057046351018846746,-0.05586214237183845,0.0,2.1518874069324485e-06
0.6300000000000004,p2_m0,0,0.02665195559053928,0.02616376120811377,0.0,2.1518874069324485e-06
0.6300000000000004,p2_m1,0,0.023675928787100925,0.02320013470685126,0.0,2.1518874069324485e-06
0.6300000000000004,p2_m2,0,-0.032252358396365685,-0.031612003403613184,0.0,2.1518874069324485e-06
0.6300000000000004,p2_m3,0,0.038878996477859876,0.038030869274190436,0.0,2.1518874069324485e-06
0.6300000000000004,p3_m0,0,-0.08046028280158572,-0.07896898631934884,0.0,2.1518874069324485e-06
0.6300000000000004,p3_m1,0,0.04383336588971518,0.0430373837790849,0.0,2.1518874069324485e-06
0.6300000000000004,p3_m2,0,-0.04238046141832228,-0.041823259952447574,0.0,2.1518874069324485e-06
0.6300000000000004,p3_m3,0,0.147189207926325,0.144427567261323,0.0,2.1518874069324485e-06
0.6400000000000005,p0_m0,0,0.0016470506834863293,0.0003865334303785532,0.0,2.3144025452213213e-06
0.6400000000000005,p0_m1,0,-0.052756922024115034,-0.050001203012690384,0.0,2.3144025452213213e-06
0.6400000000000005,p0_m2,0,0.04092070889418495,0.04009072448640322,0.0,2.3144025452213213e-06
0.6400000000000005,p0_m3,0,0.07618836937596163,0.07786436571040664,0.0,2.3144025452213213e-06
0.6400000000000005,p1_m0,0,7.879385656540704,7.8976409935828435,0.0,2.3144025452213213e-06
0.6400000000000005,p1_m1,8,1.5897157703960232,1.4867139684932171,0.015,2.3144025452213213e-06
0.6400000000000005,p1_m2,0,-0.14622488780304235,-0.1434453283205059,0.0,2.3144025452213213e-06
0.6400000000000005,p1_m3,0,0.0479538868370549,0.04599196382259258,0.0,2.3144025452213213e-06
0.6400000000000005,p2_m0,0,0.10075974423330997,0.09966028145450342,0.0,2.3144025452213213e-06
0.6400000000000005,p2_m1,0,-0.1545087901267937,-0.1515307806511764,0.0,2.3144025452213213e-06
0.6400000000000005,p2_m2,0,0.14408209029523997,0.1411651470407776,0.0,2.3144025452213213e-06
0.6400000000000005,p2_m3,0,-0.01894337896545629,-0.017943632542419888,0.0,2.3144025452213213e-06
0.6400000000000005,p3_m0,0,0.0875560780682463,0.08472312249751067,0.0,2.3144025452213213e-06
0.6400000000000005,p3_m1,0,-0.00952050922315587,-0.008681886850143893,0.0,2.3144025452213213e-06
0.6400000000000005,p3_m2,0,0.012376398784034707,0.011670802521835026,0.0,2.3144025452213213e-06
0.6400000000000005,p3_m3,0,-0.012362839966264116,-0.009643395503461856,0.0,2.3144025452213213e-06
0.6500000000000005,p0_m0,0,0.03015295808619793,0.029306994093539134,0.0,3.0958733133995276e-06
0.6500000000000005,p0_m1,0,-0.11918989448153043,-0.11723082112672158,0.0,3.0958733133995276e-06
0.6500000000000005,p0_m2,0,0.09628597889039534,0.09561866758403365,0.0,3.0958733133995276e-06
0.6500000000000005,p0_m3,0,0.044586484555308385,0.045110010525828005,0.0,3.0958733133995276e-06
0.6500000000000005,p1_m0,0,7.71370026064126,7.7148647957426775,0.0,3.0958733133995276e-06
0.6500000000000005,p1_m1,8,2.1605142044882735,2.1984867114220696,0.015,3.0958733133995276e-06
0.6500000000000005,p1_m2,0,-0.21303870193646568,-0.21079271056087762,0.0,3.0958733133995276e-06
0.6500000000000005,p1_m3,0,0.08822994991968876,0.08689875961645187,0.0,3.0958733133995276e-06
0.6500000000000005,p2_m0,0,0.12998711916126912,0.1288026961589459,0.0,3.0958733133995276e-06
0.6500000000000005,p2_m1,0,-0.222532644118093,-0.22011674604751066,0.0,3.0958733133995276e-06
0.6500000000000005,p2_m2,0,0.2123928854084117,0.21001705683651334,0.0,3.0958733133995276e-06
0.6500000000000005,p2_m3,0,-0.040982668981277844,-0.04026693186711637,0.0,3.0958733133995276e-06
0.6500000000000005,p3_m0,0,0.1542301993483907,0.15206415387852235,0.0,3.0958733133995276e-06
0.6500000000000005,p3_m1,0,-0.03185002954801465,-0.03119361435596499,0.0,3.0958733133995276e-06
0.6500000000000005,p3_m2,0,0.0385767920350806,0.03780577809594963,0.0,3.0958733133995276e-06
0.6500000000000005,p3_m3,0,-0.07859377340310601,-0.07667772772421687,0.0,3.0958733133995276e-06
0.6600000000000005,p0_m0,0,0.021250272146176478,0.021202877556402468,0.0,9.9144484013719e-07
0.6600000000000005,p0_m1,0,-0.05964919646398281,-0.06113673962076683,0.0,9.9144484013719e-07
0.6600000000000005,p0_m2,0,0.052083237829271746,0.053251638245420445,0.0,9.9144484013719e-07
0.6600000000000005,p0_m3,0,0.006224078087380002,0.007915356332514178,0.0,9.9144484013719e-07
0.6600000000000005,p1_m0,0,7.114376824517361,6.797357741305116,0.0,9.9144484013719e-07
0.6600000000000005,p1_m1,8,5.962706791150234,5.63243678529046,0.004726776713548453,9.9144484013719e-07
0.6600000000000005,p1_m2,0,-0.09206720137159424,-0.09580498672709249,0.0,9.9144484013719e-07
0.6600000000000005,p1_m3,0,0.039350670692635564,0.04062698671801081,0.0,9.9144484013719e-07
0.6600000000000005,p2_m0,0,0.05120393195415458,0.05395382213012105,0.0,9.9144484013719e-07
0.6600000000000005,p2_m1,0,-0.08771125107040093,-0.09222164367111133,0.0,9.9144484013719e-07
0.6600000000000005,p2_m2,0,0.08485809981569671,0.08908408750643906,0.0,9.9144484013719e-07
0.6600000000000005,p2_m3,0,-0.019119795724529855,-0.02011534081558471,0.0,9.9144484013719e-07
0.6600000000000005,p3_m0,0,0.06238625528445025,0.06540609313287238,0.0,9.9144484013719e-07
0.6600000000000005,p3_m1,0,-0.014554519998024625,-0.015326110524956109,0.0,9.9144484013719e-07
0.6600000000000005,p3_m2,0,0.016541138312427484,0.017252243761298722,0.0,9.9144484013719e-07
0.6600000000000005,p3_m3,0,-0.03539529745788762,-0.03670999297402649,0.0,9.9144484013719e-07
0.6700000000000005,p0_m0,0,0.015164766821721845,0.015898664338948404,0.0,1.123482305359015e-06
0.6700000000000005,p0_m1,0,-0.0721503641107866,-0.07370081152705492,0.0,1.123482305359015e-06
0.6700000000000005,p0_m2,0,0.06262012370865531,0.06277022203848945,0.0,1.123482305359015e-06
0.6700000000000005,p0_m3,0,0.02063412860672168,0.02124402525141497,0.0,1.123482305359015e-06
0.6700000000000005,p1_m0,0,2.3001342163969567,2.3365810749480533,0.0,1.123482305359015e-06
0.6700000000000005,p1_m1,8,3.312320720326152,3.031698313189459,0.013652879467309425,1.123482305359015e-06
0.6700000000000005,p1_m2,0,-0.12694414993124645,-0.1298799543889265,0.0,1.123482305359015e-06
0.6700000000000005,p1_m3,0,0.046396277398385435,0.04837646020703825,0.0,1.123482305359015e-06
0.6700000000000005,p2_m0,0,0.06786802907620247,0.06988410689800059,0.0,1.123482305359015e-06
0.6700000000000005,p2_m1,0,-0.12876192238389775,-0.1318792610405365,0.0,1.123482305359015e-06
0.6700000000000005,p2_m2,0,0.12318141718622833,0.12614812437337541,0.0,1.123482305359015e-06
0.6700000000000005,p2_m3,0,-0.028971626225637218,-0.029086543998905572,0.0,1.123482305359015e-06
0.6700000000000005,p3_m0,0,0.08951998289558531,0.09166049060343817,0.0,1.123482305359015e-06
0.6700000000000005,p3_m1,0,-0.023578419781043157,-0.023707454388891703,0.0,1.123482305359015e-06
0.6700000000000005,p3_m2,0,0.02133925511429286,0.021786915060074036,0.0,1.123482305359015e-06
0.6700000000000005,p3_m3,0,-0.046222836215141894,-0.04725018242072475,0.0,1.123482305359015e-06
0.6800000000000005,p0_m0,0,0.028074403742728543,0.02811219590393579,0.0,2.881965286023389e-06
0.6800000000000005,p0_m1,0,-0.11253832718001323,-0.11208493534813037,0.0,2.881965286023389e-06
0.6800000000000005,p0_m2,0,0.058959314353313017,0.05898183133396678,0.0,2.881965286023389e-06
0.6800000000000005,p0_m3,0,0.046449603450675274,0.04589669103710274,0.0,2.881965286023389e-06
0.6800000000000005,p1_m0,0,0.7602120746965304,0.7832022269200041,0.0,2.881965286023389e-06
0.6800000000000005,p1_m1,8,2.600476096306081,2.5760036728157516,0.015,2.881965286023389e-06
0.6800000000000005,p1_m2,0,-0.20648671885789605,-0.2050856046840883,0.0,2.881965286023389e-06
0.6800000000000005,p1_m3,0,0.08999928488865665,0.0893310588626902,0.0,2.881965286023389e-06
0.6800000000000005,p2_m0,0,0.12113663667747103,0.12016805246139627,0.0,2.881965286023389e-06
0.6800000000000005,p2_m1,0,-0.21533910918686625,-0.21374421469673713,0.0,2.881965286023389e-06
0.6800000000000005,p2_m2,0,0.20550116081757652,0.20402454426196903,0.0,2.881965286023389e-06
0.6800000000000005,p2_m3,0,-0.038660177347416426,-0.03831210591780493,0.0,2.881965286023389e-06
0.6800000000000005,p3_m0,0,0.15000645450913097,0.1490612249349414,0.0,2.881965286023389e-06
0.6800000000000005,p3_m1,0,-0.033206051617948366,-0.03308692324831195,0.0,2.881965286023389e-06
0.6800000000000005,p3_m2,0,0.036488185367552294,0.03639106337330951,0.0,2.881965286023389e-06
0.6800000000000005,p3_m3,0,-0.07644951088735058,-0.07623616686795123,0.0,2.881965286023389e-06
0.6900000000000005,p0_m0,0,0.015272604830259155,0.015294502126642767,0.0,1.989776033873497e-06
0.6900000000000005,p0_m1,0,-0.05065833026494379,-0.05120169629254349,0.0,1.989776033873497e-06
0.6900000000000005,p0_m2,0,0.029540636579487193,0.029856706606206984,0.0,1.989776033873497e-06
0.6900000000000005,p0_m3,0,0.013950852418351388,0.014342203027197221,0.0,1.989776033873497e-06
0.6900000000000005,p1_m0,0,0.24473665638951256,0.2577581710199686,0.0,1.989776033873497e-06
0.6900000000000005,p1_m1,8,7.99256956326988,8.17637308029685,1.0410726569732632e-05,1.989776033873497e-06
0.6900000000000005,p1_m2,0,-0.08661085404770569,-0.08782533515391151,0.0,1.989776033873497e-06
0.6900000000000005,p1_m3,0,0.04022163725286759,0.04066352745805237,0.0,1.989776033873497e-06
0.6900000000000005,p2_m0,0,0.044674357933631184,0.04543280175927022,0.0,1.989776033873497e-06
0.6900000000000005,p2_m1,0,-0.08086410634816037,-0.08228581940074776,0.0,1.989776033873497e-06
0.6900000000000005,p2_m2,0,0.07802993582636415,0.0793403642640654,0.0,1.989776033873497e-06
0.6900000000000005,p2_m3,0,-0.012538875406435569,-0.012821208743096814,0.0,1.989776033873497e-06
0.6900000000000005,p3_m0,0,0.057622495091023795,0.058542160126524766,0.0,1.989776033873497e-06
0.6900000000000005,p3_m1,0,-0.013773306678627808,-0.013902048739085755,0.0,1.989776033873497e-06
0.6900000000000005,p3_m2,0,0.015325138656718093,0.015443569152954235,0.0,1.989776033873497e-06
0.6900000000000005,p3_m3,0,-0.030129164170049468,-0.03052401999940242,0.0,1.989776033873497e-06
0.7000000000000005,p0_m0,0,0.021126963618142515,0.021276769505725428,0.0,8.064580075325916e-07
0.7000000000000005,p0_m1,0,-0.05545352399061617,-0.05763183588768817,0.0,8.064580075325916e-07
0.7000000000000005,p0_m2,0,0.047345724219717986,0.04902837822033389,0.0,8.064580075325916e-07
0.7000000000000005,p0_m3,0,-0.004382363633111335,-0.0038103835496694567,0.0,8.064580075325916e-07
0.7000000000000005,p1_m0,0,0.06960089006245478,0.07452306565990241,0.0,8.064580075325916e-07
0.7000000000000005,p1_m1,8,4.14736588477506,3.715048375520336,0.010766614188398829,8.064580075325916e-07
0.7000000000000005,p1_m2,0,-0.07983631903264947,-0.0836118751187458,0.0,8.064580075325916e-07
0.7000000000000005,p1_m3,0,0.03483981959106337,0.035933806117905365,0.0,8.064580075325916e-07
0.7000000000000005,p2_m0,0,0.03768412537966846,0.03934830263515128,0.0,8.064580075325916e-07
0.7000000000000005,p2_m1,0,-0.07630884859818922,-0.08037019870872363,0.0,8.064580075325916e-07
0.7000000000000005,p2_m2,0,0.07413664761216876,0.07801514391379007,0.0,8.064580075325916e-07
0.7000000000000005,p2_m3,0,-0.0194558148687749,-0.020352145820665607,0.0,8.064580075325916e-07
0.7000000000000005,p3_m0,0,0.06026901113088303,0.06321107918177023,0.0,8.064580075325916e-07
0.7000000000000005,p3_m1,0,-0.018757162880128943,-0.019618753868867814,0.0,8.064580075325916e-07
0.7000000000000005,p3_m2,0,0.017996170023061833,0.018796474088989882,0.0,8.064580075325916e-07
0.7000000000000005,p3_m3,0,-0.04160932674206693,-0.043285731928681084,0.0,8.064580075325916e-07
0.7100000000000005,p0_m0,0,0.03148549164745154,0.031602159658111535,0.0,2.062644220484942e-06
0.7100000000000005,p0_m1,0,-0.10394945125956707,-0.10392091689225624,0.0,2.062644220484942e-06
0.7100000000000005,p0_m2,0,0.06956470273112167,0.06827858554078506,0.0,2.062644220484942e-06
0.7100000000000005,p0_m3,0,0.017741793436051097,0.01877230900853326,0.0,2.062644220484942e-06
0.7100000000000005,p1_m0,0,0.000871045466907888,0.0025210508703518725,0.0,2.062644220484942e-06
0.7100000000000005,p1_m1,8,2.827870086433568,2.7074838313607343,0.015,2.062644220484942e-06
0.7100000000000005,p1_m2,0,-0.17101980061409852,-0.1714351687820554,0.0,2.062644220484942e-06
0.7100000000000005,p1_m3,0,0.07594094013212588,0.07643811266381512,0.0,2.062644220484942e-06
0.7100000000000005,p2_m0,0,0.09093290625275406,0.09177139002281949,0.0,2.062644220484942e-06
0.7100000000000005,p2_m1,0,-0.1763909873155574,-0.17682089548757116,0.0,2.062644220484942e-06
0.7100000000000005,p2_m2,0,0.16926614152058012,0.16966698833119742,0.0,2.062644220484942e-06
0.7100000000000005,p2_m3,0,-0.035842950109395574,-0.035670006333979314,0.0,2.062644220484942e-06
0.7100000000000005,p3_m0,0,0.13057414822151714,0.13072110676202284,0.0,2.062644220484942e-06
0.7100000000000005,p3_m1,0,-0.0328510153251472,-0.03270367496098508,0.0,2.062644220484942e-06
0.7100000000000005,p3_m2,0,0.035731231393773925,0.035769858854643705,0.0,2.062644220484942e-06
0.7100000000000005,p3_m3,0,-0.07846680044580147,-0.07827305954437738,0.0,2.062644220484942e-06
0.7200000000000005,p0_m0,0,0.03219114974524035,0.030573100118915307,0.0,3.298973779426591e-06
0.7200000000000005,p0_m1,0,-0.10170329182354985,-0.09564304012333194,0.0,3.298973779426591e-06
0.7200000000000005,p0_m2,0,0.054528513391791024,0.0526501547835922,0.0,3.298973779426591e-06
0.7200000000000005,p0_m3,0,0.024931704977972247,0.02191598269786697,0.0,3.298973779426591e-06
0.7200000000000005,p1_m0,0,-0.020262794486780353,-0.018244856333814917,0.0,3.298973779426591e-06
0.7200000000000005,p1_m1,8,7.979785511142136,9.010167971616557,0.0006810915795941836,3.298973779426591e-06
0.7200000000000005,p1_m2,0,-0.1698912719559756,-0.15865036463271903,0.0,3.298973779426591e-06
0.7200000000000005,p1_m3,0,0.07906604433323189,0.07395704420426831,0.0,3.298973779426591e-06
0.7200000000000005,p2_m0,0,0.09399215102820739,0.08683808744702587,0.0,3.298973779426591e-06
0.7200000000000005,p2_m1,0,-0.17328453332190555,-0.16082578878873324,0.0,3.298973779426591e-06
0.7200000000000005,p2_m2,0,0.16651802360764217,0.15467693489334663,0.0,3.298973779426591e-06
0.7200000000000005,p2_m3,0,-0.031678609974355974,-0.029511275364414967,0.0,3.298973779426591e-06
0.7200000000000005,p3_m0,0,0.12744074544744538,0.11864182789040453,0.0,3.298973779426591e-06
0.7200000000000005,p3_m1,0,-0.030585156894583822,-0.028842629787315666,0.0,3.298973779426591e-06
0.7200000000000005,p3_m2,0,0.03585774419127447,0.03362991233994086,0.0,3.298973779426591e-06
0.7200000000000005,p3_m3,0,-0.0746000137785974,-0.06988469990237163,0.0,3.298973779426591e-06
0.7300000000000005,p0_m0,0,0.016883300220778857,0.017862310600296624,0.0,1.1769559083244645e-06
0.7300000000000005,p0_m1,0,-0.04398743586371346,-0.04659026341895241,0.0,1.1769559083244645e-06
0.7300000000000005,p0_m2,0,0.029878722914810196,0.03177761153849069,0.0,1.1769559083244645e-06
0.7300000000000005,p0_m3,0,0.0010606061634546421,0.0013015060661940381,0.0,1.1769559083244645e-06
0.7300000000000005,p1_m0,0,-0.014192331091800021,-0.014689886000141482,0.0,1.1769559083244645e-06
0.7300000000000005,p1_m1,8,6.296961507289887,5.954677568394819,0.0032776181624995003,1.1769559083244645e-06
0.7300000000000005,p1_m2,0,-0.06574948111678823,-0.06986425569011574,0.0,1.1769559083244645e-06
0.7300000000000005,p1_m3,0,0.03308841050234886,0.03490045586435292,0.0,1.1769559083244645e-06
0.7300000000000005,p2_m0,0,0.030001280976515842,0.03258092742168586,0.0,1.1769559083244645e-06
0.7300000000000005,p2_m1,0,-0.05866675287124186,-0.063474136077522,0.0,1.1769559083244645e-06
0.7300000000000005,p2_m2,0,0.05723652968556106,0.06183281236105092,0.0,1.1769559083244645e-06
0.7300000000000005,p2_m3,0,-0.010468126191356427,-0.01176414676324088,0.0,1.1769559083244645e-06
0.7300000000000005,p3_m0,0,0.04555109225453717,0.049196318080512245,0.0,1.1769559083244645e-06
0.7300000000000005,p3_m1,0,-0.012501606931682471,-0.013468521025147907,0.0,1.1769559083244645e-06
0.7300000000000005,p3_m2,0,0.014118883659722156,0.015088152366069547,0.0,1.1769559083244645e-06
0.7300000000000005,p3_m3,0,-0.029471028470823418,-0.03188756805489534,0.0,1.1769559083244645e-06
0.7400000000000005,p0_m0,0,0.025877834228564385,0.025982503709302582,0.0,1.124242455831218e-06
0.7400000000000005,p0_m1,0,-0.07636026987232815,-0.0774913652085515,0.0,1.124242455831218e-06
0.7400000000000005,p0_m2,0,0.06811958707749695,0.06828627596879505,0.0,1.124242455831218e-06
0.7400000000000005,p0_m3,0,-0.00500534206216372,-0.0035937096765678786,0.0,1.124242455831218e-06
0.7400000000000005,p1_m0,0,-0.02220767917021681,-0.022404477696377757,0.0,1.124242455831218e-06
0.7400000000000005,p1_m1,8,3.387820691498933,3.0797861997496394,0.013383466470945536,1.124242455831218e-06
0.7400000000000005,p1_m2,0,-0.11162177550081395,-0.11459757163946312,0.0,1.124242455831218e-06
0.7400000000000005,p1_m3,0,0.047473610565398394,0.04913446937076504,0.0,1.124242455831218e-06
0.7400000000000005,p2_m0,0,0.0509026036899541,0.05284591572390085,0.0,1.124242455831218e-06
0.7400000000000005,p2_m1,0,-0.11108670415165414,-0.1142461398253256,0.0,1.124242455831218e-06
0.7400000000000005,p2_m2,0,0.10751515255075456,0.11048628665779038,0.0,1.124242455831218e-06
0.7400000000000005,p2_m3,0,-0.027672745750937,-0.027699868634012526,0.0,1.124242455831218e-06
0.7400000000000005,p3_m0,0,0.08745660062832274,0.08937333079596994,0.0,1.124242455831218e-06
0.7400000000000005,p3_m1,0,-0.026463889080344166,-0.026495548961649282,0.0,1.124242455831218e-06
0.7400000000000005,p3_m2,0,0.026134921111735328,0.026457259209113414,0.0,1.124242455831218e-06
0.7400000000000005,p3_m3,0,-0.06030020211646398,-0.06079093406773775,0.0,1.124242455831218e-06
0.7500000000000006,p0_m0,0,0.03647286923377555,0.03637856091578304,0.0,2.7738533587711623e-06
0.7500000000000006,p0_m1,0,-0.11942838094747012,-0.11872519607982177,0.0,2.7738533587711623e-06
0.7500000000000006,p0_m2,0,0.06865118471288865,0.0682435189723113,0.0,2.7738533587711623e-06
0.7500000000000006,p0_m3,0,0.02881762861087952,0.0283514921923498,0.0,2.7738533587711623e-06
0.7500000000000006,p1_m0,0,-0.033850715913204155,-0.03368887593846085,0.0,2.7738533587711623e-06
0.7500000000000006,p1_m1,8,2.6180837476481913,2.587330645325772,0.015,2.7738533587711623e-06
0.7500000000000006,p1_m2,0,-0.20065176194772452,-0.1991119186038273,0.0,2.7738533587711623e-06
0.7500000000000006,p1_m3,0,0.09157402527684379,0.09088206550465154,0.0,2.7738533587711623e-06
0.7500000000000006,p2_m0,0,0.11159074443380601,0.11063409428343746,0.0,2.7738533587711623e-06
0.7500000000000006,p2_m1,0,-0.2084641729517741,-0.2067251463643057,0.0,2.7738533587711623e-06
0.7500000000000006,p2_m2,0,0.19987809308839088,0.1982493353354445,0.0,2.7738533587711623e-06
0.7500000000000006,p2_m3,0,-0.03984074084221092,-0.03955767883348584,0.0,2.7738533587711623e-06
0.7500000000000006,p3_m0,0,0.15305110364037508,0.15190121936298523,0.0,2.7738533587711623e-06
0.7500000000000006,p3_m1,0,-0.03662099452886521,-0.03641752077271118,0.0,2.7738533587711623e-06
0.7500000000000006,p3_m2,0,0.042071229876188644,0.04184046346726419,0.0,2.7738533587711623e-06
0.7500000000000006,p3_m3,0,-0.08996177260417791,-0.08946536366875729,0.0,2.7738533587711623e-06
0.7600000000000006,p0_m0,0,-0.013772158868620083,-0.013578838432697858,0.0,2.005270160369005e-06
0.7600000000000006,p0_m1,0,0.025792815089720148,0.024385553071501292,0.0,2.005270160369005e-06
0.7600000000000006,p0_m2,0,-0.03818243583723404,-0.03721525299897005,0.0,2.005270160369005e-06
0.7600000000000006,p0_m3,0,0.00738840218556052,0.008204271067459034,0.0,2.005270160369005e-06
0.7600000000000006,p1_m0,0,-0.0019589393818565132,-0.0021269939681014425,0.0,2.005270160369005e-06
0.7600000000000006,p1_m1,0,0.7979000303442195,0.9112058205707297,0.0,2.005270160369005e-06
0.7600000000000006,p1_m2,8,0.8822436251447591,0.7845034005540217,0.015,2.005270160369005e-06
0.7600000000000006,p1_m3,0,-0.009016233191464685,-0.007826752667361506,0.0,2.005270160369005e-06
0.7600000000000006,p2_m0,0,-0.008422690036160464,-0.006898285008199162,0.0,2.005270160369005e-06
0.7600000000000006,p2_m1,0,0.050573211700771004,0.04707849881422802,0.0,2.005270160369005e-06
0.7600000000000006,p2_m2,0,-0.047943395254891684,-0.04465275194562165,0.0,2.005270160369005e-06
0.7600000000000006,p2_m3,0,0.003578397030577077,0.0028872580965619617,0.0,2.005270160369005e-06
0.7600000000000006,p3_m0,0,-0.03762197393885318,-0.03529271719253968,0.0,2.005270160369005e-06
0.7600000000000006,p3_m1,0,-0.0033556941969443946,-0.00367102745809753,0.0,2.005270160369005e-06
0.7600000000000006,p3_m2,0,-0.0009835768660112142,-0.0007371761801131829,0.0,2.005270160369005e-06
0.7600000000000006,p3_m3,0,0.022955353224004584,0.021925024538520375,0.0,2.005270160369005e-06
0.7700000000000006,p0_m0,0,-0.04059693052522913,-0.040086696351693374,0.0,7.567467658663974e-07
0.7700000000000006,p0_m1,0,0.09066112405707923,0.08922499004430093,0.0,7.567467658663974e-07
0.7700000000000006,p0_m2,0,-0.09023745778566644,-0.08916959174116727,0.0,7.567467658663974e-07
0.7700000000000006,p0_m3,0,0.009448800206343698,0.00960320223475853,0.0,7.567467658663974e-07
0.7700000000000006,p1_m0,0,0.01576823975242914,0.015495310297751887,0.0,7.567467658663974e-07
0.7700000000000006,p1_m1,0,0.17388078989122108,0.18939344403187486,0.0,7.567467658663974e-07
0.7700000000000006,p1_m2,8,1.1416094917359416,1.1341295243720204,0.015,7.567467658663974e-07
0.7700000000000006,p1_m3,0,-0.050384721141408566,-0.049458512770812174,0.0,7.567467658663974e-07
0.7700000000000006,p2_m0,0,-0.05502221240575172,-0.053902628116720995,0.0,7.567467658663974e-07
0.7700000000000006,p2_m1,0,0.14958545487701083,0.1470855296760487,0.0,7.567467658663974e-07
0.7700000000000006,p2_m2,0,-0.14384473444440207,-0.14145889407330506,0.0,7.567467658663974e-07
0.7700000000000006,p2_m3,0,0.02155561046794719,0.02120429731736968,0.0,7.567467658663974e-07
0.7700000000000006,p3_m0,0,-0.11462898816501997,-0.11276543124656759,0.0,7.567467658663974e-07
0.7700000000000006,p3_m1,0,0.01279296667992907,0.012517416993232324,0.0,7.567467658663974e-07
0.7700000000000006,p3_m2,0,-0.02291827925603782,-0.022473745961678573,0.0,7.567467658663974e-07
0.7700000000000006,p3_m3,0,0.07512659856946034,0.07399179440838773,0.0,7.567467658663974e-07
0.7800000000000006,p0_m0,0,-0.05313785033189889,-0.052875921797580216,0.0,3.513732184733141e-07
0.7800000000000006,p0_m1,0,0.11870483035772171,0.1180633228301447,0.0,3.513732184733141e-07
0.7800000000000006,p0_m2,0,-0.11408207586771527,-0.11357025695665296,0.0,3.513732184733141e-07
0.7800000000000006,p0_m3,0,0.012778490891509574,0.012769681069347557,0.0,3.513732184733141e-07
0.7800000000000006,p1_m0,0,0.025556441140191732,0.02539156145214584,0.0,3.513732184733141e-07
0.7800000000000006,p1_m1,0,-0.0695407463079294,-0.06275099085218815,0.0,3.513732184733141e-07
0.7800000000000006,p1_m2,8,1.2628014088649446,1.2611418927667797,0.015,3.513732184733141e-07
0.7800000000000006,p1_m3,0,-0.06865699356042415,-0.06824984984308216,0.0,3.513732184733141e-07
0.7800000000000006,p2_m0,0,-0.07403483932788195,-0.07355359203736889,0.0,3.513732184733141e-07
0.7800000000000006,p2_m1,0,0.18815059670991677,0.1871376554796205,0.0,3.513732184733141e-07
0.7800000000000006,p2_m2,0,-0.18170541181472943,-0.1807246108073531,0.0,3.513732184733141e-07
0.7800000000000006,p2_m3,0,0.030543763829606895,0.030352199760590587,0.0,3.513732184733141e-07
0.7800000000000006,p3_m0,0,-0.145636983092432,-0.14485364414197044,0.0,3.513732184733141e-07
0.7800000000000006,p3_m1,0,0.0213458231665534,0.021182401255384828,0.0,3.513732184733141e-07
0.7800000000000006,p3_m2,0,-0.032736580305784524,-0.032516751261300936,0.0,3.513732184733141e-07
0.7800000000000006,p3_m3,0,0.09769523757297241,0.09716794110378346,0.0,3.513732184733141e-07
0.7900000000000006,p0_m0,0,-0.059042016851299936,-0.05891515325477908,0.0,2.5015459371869976e-07
0.7900000000000006,p0_m1,0,0.13124222870993404,0.13095653847728717,0.0,2.5015459371869976e-07
0.7900000000000006,p0_m2,0,-0.12519893125832512,-0.12495811686896366,0.0,2.5015459371869976e-07
0.7900000000000006,p0_m3,0,0.015175976851062393,0.015146865362657804,0.0,2.5015459371869976e-07
0.7900000000000006,p1_m0,0,0.03087775840189842,0.030786637160167742,0.0,2.5015459371869976e-07
0.7900000000000006,p1_m1,0,-0.15439473814578686,-0.15190412809528558,0.0,2.5015459371869976e-07
0.7900000000000006,p1_m2,8,1.3088223360880422,1.308256402206128,0.015,2.5015459371869976e-07
0.7900000000000006,p1_m3,0,-0.07708656654913579,-0.07690490459674262,0.0,2.5015459371869976e-07
0.7900000000000006,p2_m0,0,-0.08158965557115966,-0.08138267283974196,0.0,2.5015459371869976e-07
0.7900000000000006,p2_m1,0,0.20326642247986693,0.20285279205170406,0.0,2.5015459371869976e-07
0.7900000000000006,p2_m2,0,-0.19672101634787206,-0.1963156796504004,0.0,2.5015459371869976e-07
0.7900000000000006,p2_m3,0,0.0344816440909053,0.03438105871415103,0.0,2.5015459371869976e-07
0.7900000000000006,p3_m0,0,-0.15823145966046226,-0.1579016499762034,0.0,2.5015459371869976e-07
0.7900000000000006,p3_m1,0,0.025476374510905005,0.02538657717502598,0.0,2.5015459371869976e-07
0.7900000000000006,p3_m2,0,-0.03706474967163777,-0.03696178693830867,0.0,2.5015459371869976e-07
0.7900000000000006,p3_m3,0,0.10738391081432938,0.10714496082533148,0.0,2.5015459371869976e-07
0.8000000000000006,p0_m0,0,-0.06179288673746378,-0.06173358722569908,0.0,2.3212598924605077e-07
0.8000000000000006,p0_m1,0,0.13688991914568102,0.1367633300589755,0.0,2.3212598924605077e-07
0.8000000000000006,p0_m2,0,-0.130382348873357,-0.13027119404712129,0.0,2.3212598924605077e-07
0.8000000000000006,p0_m3,0,0.01661535116624368,0.01659322924880473,0.0,2.3212598924605077e-07
0.8000000000000006,p1_m0,0,0.033793612617410304,0.03374550206197459,0.0,2.3212598924605077e-07
0.8000000000000006,p1_m1,0,-0.18478174786630922,-0.1838943494003775,0.0,2.3212598924605077e-07
0.8000000000000006,p1_m2,8,1.3262481049929817,1.3260398093490013,0.015,2.3212598924605077e-07
0.8000000000000006,p1_m3,0,-0.08111109633691779,-0.0810297181428397,0.0,2.3212598924605077e-07
0.8000000000000006,p2_m0,0,-0.08428976988366065,-0.08420435088529463,0.0,2.3212598924605077e-07
0.8000000000000006,p2_m1,0,0.2088751959080137,0.20870988260484,0.0,2.3212598924605077e-07
0.8000000000000006,p2_m2,0,-0.20236891847254565,-0.20220511117443785,0.0,2.3212598924605077e-07
0.8000000000000006,p2_m3,0,0.035896252577848335,0.03584932519813384,0.0,2.3212598924605077e-07
0.8000000000000006,p3_m0,0,-0.16313202219224163,-0.1629960818250285,0.0,2.3212598924605077e-07
0.8000000000000006,p3_m1,0,0.027296747036381942,0.027252510116386516,0.0,2.3212598924605077e-07
0.8000000000000006,p3_m2,0,-0.0388752106132028,-0.03882893032086393,0.0,2.3212598924605077e-07
0.8000000000000006,p3_m3,0,0.11132683247337803,0.11122232740087205,0.0,2.3212598924605077e-07
0.8100000000000006,p0_m0,0,-0.06307956872011976,-0.06305207654205892,0.0,2.3179876582425966e-07
0.8100000000000006,p0_m1,0,0.1394861770444347,0.13943002104658708,0.0,2.3179876582425966e-07
0.8100000000000006,p0_m2,0,-0.13284004899132915,-0.1327890754084711,0.0,2.3179876582425966e-07
0.8100000000000006,p0_m3,0,0.01742095285971293,0.017407459279049204,0.0,2.3179876582425966e-07
0.8100000000000006,p1_m0,0,0.03544372815907558,0.03541831187203916,0.0,2.3179876582425966e-07
0.8100000000000006,p1_m1,0,-0.19594817434167275,-0.19563163190300878,0.0,2.3179876582425966e-07
0.8100000000000006,p1_m2,8,1.3329801825711634,1.3329020913661676,0.015,2.3179876582425966e-07
0.8100000000000006,p1_m3,0,-0.08314055450080433,-0.08310309968199743,0.0,2.3179876582425966e-07
0.8100000000000006,p2_m0,0,-0.0850397512982473,-0.08500661098474477,0.0,2.3179876582425966e-07
0.8100000000000006,p2_m1,0,0.21073550386825315,0.21067142186263824,0.0,2.3179876582425966e-07
0.8100000000000006,p2_m2,0,-0.20428207078627858,-0.20421784169996576,0.0,2.3179876582425966e-07
0.8100000000000006,p2_m3,0,0.03619924677079381,0.03617988956193117,0.0,2.3179876582425966e-07
0.8100000000000006,p3_m0,0,-0.16489913444224455,-0.16484456070726175,0.0,2.3179876582425966e-07
0.8100000000000006,p3_m1,0,0.028026335281263852,0.02800629499442369,0.0,2.3179876582425966e-07
0.8100000000000006,p3_m2,0,-0.039580012731753995,-0.03956021970589795,0.0,2.3179876582425966e-07
0.8100000000000006,p3_m3,0,0.11280082528969768,0.11275680203954981,0.0,2.3179876582425966e-07
0.8200000000000006,p0_m0,0,-0.06368993391832774,-0.06367727250698213,0.0,2.3381261144169478e-07
0.8200000000000006,p0_m1,0,0.14072279725469147,0.14069759282468133,0.0,2.3381261144169478e-07
0.8200000000000006,p0_m2,0,-0.13404530842304316,-0.13402175803230848,0.0,2.3381261144169478e-07
0.8200000000000006,p0_m3,0,0.017860560983778848,0.017853074704998882,0.0,2.3381261144169478e-07
0.8200000000000006,p1_m0,0,0.0364189731083437,0.03640527053598623,0.0,2.3381261144169478e-07
0.8200000000000006,p1_m1,0,-0.2002238466980761,-0.20010909728119253,0.0,2.3381261144169478e-07
0.8200000000000006,p1_m2,8,1.3356688715647755,1.3356390692670908,0.015,2.3381261144169478e-07
0.8200000000000006,p1_m3,0,-0.0842346427612486,-0.08421672664941383,0.0,2.3381261144169478e-07
0.8200000000000006,p2_m0,0,-0.0850677769715761,-0.0850562902352985,0.0,2.3381261144169478e-07
0.8200000000000006,p2_m1,0,0.21117872274686125,0.21115534236775876,0.0,2.3381261144169478e-07
0.8200000000000006,p2_m2,0,-0.204765745159543,-0.20474197453264176,0.0,2.3381261144169478e-07
0.8200000000000006,p2_m3,0,0.0360781996384402,0.03607155470772502,0.0,2.3381261144169478e-07
0.8200000000000006,p3_m0,0,-0.16543220158399227,-0.16541126093541544,0.0,2.3381261144169478e-07
0.8200000000000006,p3_m1,0,0.028277906416282347,0.028269409032515774,0.0,2.3381261144169478e-07
0.8200000000000006,p3_m2,0,-0.03982206033417183,-0.039813962216430084,0.0,2.3381261144169478e-07
0.8200000000000006,p3_m3,0,0.11325877453793722,0.11324118186384588,0.0,2.3381261144169478e-07
0.8300000000000006,p0_m0,0,-0.06398863645439483,-0.06398276911000723,0.0,2.3552335507341904e-07
0.8300000000000006,p0_m1,0,0.14134268152220178,0.1413310857804399,0.0,2.3552335507341904e-07
0.8300000000000006,p0_m2,0,-0.13466645152396184,-0.13465531965015723,0.0,2.3552335507341904e-07
0.8300000000000006,p0_m3,0,0.01810198543618308,0.018097986018970297,0.0,2.3552335507341904e-07
0.8300000000000006,p1_m0,0,0.03702325322037828,0.037015559056299725,0.0,2.3552335507341904e-07
0.8300000000000006,p1_m1,0,-0.2019703998685408,-0.20192758497024815,0.0,2.3552335507341904e-07
0.8300000000000006,p1_m2,8,1.3367972283953342,1.336785563011476,0.015,2.3552335507341904e-07
0.8300000000000006,p1_m3,0,-0.08486873467681472,-0.08485964778122039,0.0,2.3552335507341904e-07
0.8300000000000006,p2_m0,0,-0.08487121204799612,-0.08486826196128804,0.0,2.3552335507341904e-07
0.8300000000000006,p2_m1,0,0.21113156833122992,0.21112411169479137,0.0,2.3552335507341904e-07
0.8300000000000006,p2_m2,0,-0.20474585175543888,-0.20473807883272704,0.0,2.3552335507341904e-07
0.8300000000000006,p2_m3,0,0.0358359098467965,0.035834612951030666,0.0,2.3552335507341904e-07
0.8300000000000006,p3_m0,0,-0.16550825378061798,-0.1655008896169563,0.0,2.3552335507341904e-07
0.8300000000000006,p3_m1,0,0.028334078317674607,0.028330769762145675,0.0,2.3552335507341904e-07
0.8300000000000006,p3_m2,0,-0.039880045353684467,-0.039876955059791726,0.0,2.3552335507341904e-07
0.8300000000000006,p3_m3,0,0.11332592187782271,0.11331950846367086,0.0,2.3552335507341904e-07
0.8400000000000006,p0_m0,0,-0.06414187443464868,-0.0641390982737041,0.0,2.3676780418635926e-07
0.8400000000000006,p0_m1,0,0.1416736653797993,0.14166811253295794,0.0,2.3676780418635926e-07
0.8400000000000006,p0_m2,0,-0.135006594704455,-0.1350011217971839,0.0,2.3676780418635926e-07
0.8400000000000006,p0_m3,0,0.018238257269738604,0.01823613088878812,0.0,2.3676780418635926e-07
0.8400000000000006,p1_m0,0,0.03741374620074221,0.037409199045696596,0.0,2.3676780418635926e-07
0.8400000000000006,p1_m1,0,-0.20275297689774405,-0.2027362160718762,0.0,2.3676780418635926e-07
0.8400000000000006,p1_m2,8,1.3373044471600264,1.337299704009114,0.015,2.3676780418635926e-07
0.8400000000000006,p1_m3,0,-0.08526093966775314,-0.08525598386945457,0.0,2.3676780418635926e-07
0.8400000000000006,p2_m0,0,-0.08463911028680476,-0.08463924649789947,0.0,2.3676780418635926e-07
0.8400000000000006,p2_m1,0,0.2109491380443877,0.21094761284503707,0.0,2.3676780418635926e-07
0.8400000000000006,p2_m2,0,-0.20458121770659732,-0.20457948015994018,0.0,2.3676780418635926e-07
0.8400000000000006,p2_m3,0,0.035592647727448024,0.035593321484494164,0.0,2.3676780418635926e-07
0.8400000000000006,p3_m0,0,-0.16543592217818193,-0.1654338378566345,0.0,2.3676780418635926e-07
0.8400000000000006,p3_m1,0,0.02831865278073191,0.028317554393599707,0.0,2.3676780418635926e-07
0.8400000000000006,p3_m2,0,-0.03987142162282885,-0.039870400609660385,0.0,2.3676780418635926e-07
0.8400000000000006,p3_m3,0,0.1132615964664967,0.11325970973836635,0.0,2.3676780418635926e-07
0.8500000000000006,p0_m0,0,-0.06422528983363851,-0.0642239273506746,0.0,2.376735860294338e-07
0.8500000000000006,p0_m1,0,0.14186267481417345,0.1418598643313489,0.0,2.376735860294338e-07
0.8500000000000006,p0_m2,0,-0.13520501407120897,-0.13520217271898596,0.0,2.376735860294338e-07
0.8500000000000006,p0_m3,0,0.018318338879617917,0.018317187236992213,0.0,2.376735860294338e-07
0.8500000000000006,p1_m0,0,0.03767443711194861,0.037671609710192525,0.0,2.376735860294338e-07
0.8500000000000006,p1_m1,0,-0.20314514973343106,-0.20313808227580446,0.0,2.376735860294338e-07
0.8500000000000006,p1_m2,8,1.3375526319141327,1.3375505929588491,0.015,2.376735860294338e-07
0.8500000000000006,p1_m3,0,-0.08551602509969079,-0.08551311440805721,0.0,2.376735860294338e-07
0.8500000000000006,p2_m0,0,-0.08443471826643584,-0.084435764764321,0.0,2.376735860294338e-07
0.8500000000000006,p2_m1,0,0.21075833275868938,0.21075880056212704,0.0,2.376735860294338e-07
0.8500000000000006,p2_m2,0,-0.2044020655119679,-0.2044023977408097,0.0,2.376735860294338e-07
0.8500000000000006,p2_m3,0,0.03538788570843353,0.03538909016220563,0.0,2.376735860294338e-07
0.8500000000000006,p3_m0,0,-0.16533186328602156,-0.1653316954729307,0.0,2.376735860294338e-07
0.8500000000000006,p3_m1,0,0.028282824156704543,0.028282604998860573,0.0,2.376735860294338e-07
0.8500000000000006,p3_m2,0,-0.039843626699367474,-0.039843414319871706,0.0,2.376735860294338e-07
0.8500000000000006,p3_m3,0,0.11316764172568572,0.11316746022502706,0.0,2.376735860294338e-07
0.8600000000000007,p0_m0,0,-0.06427369054198398,-0.06427298642637987,0.0,2.3833912023899451e-07
0.8600000000000007,p0_m1,0,0.14197747784897796,0.14197595790939624,0.0,2.3833912023899451e-07
0.8600000000000007,p0_m2,0,-0.1353275215198306,-0.1353259488617602,0.0,2.3833912023899451e-07
0.8600000000000007,p0_m3,0,0.018367562772278762,0.018366916544744673,0.0,2.3833912023899451e-07
0.8600000000000007,p1_m0,0,0.037852501282935415,0.03785066656376554,0.0,2.3833912023899451e-07
0.8600000000000007,p1_m1,0,-0.20336457880226608,-0.20336128222673883,0.0,2.3833912023899451e-07
0.8600000000000007,p1_m2,8,1.337685438738006,1.3376844936293348,0.015,2.3833912023899451e-07
0.8600000000000007,p1_m3,0,-0.08568775034092546,-0.08568592876492231,0.0,2.3833912023899451e-07
0.8600000000000007,p2_m0,0,-0.08427248659651056,-0.0842736315209152,0.0,2.3833912023899451e-07
0.8600000000000007,p2_m1,0,0.21059762839596058,0.2105985974922647,0.0,2.3833912023899451e-07
0.8600000000000007,p2_m2,0,-0.2042491102491737,-0.20424999296032467,0.0,2.3833912023899451e-07
0.8600000000000007,p2_m3,0,0.03522814536071566,0.03522932515244048,0.0,2.3833912023899451e-07
0.8600000000000007,p3_m0,0,-0.16523595204881336,-0.16523637868525576,0.0,2.3833912023899451e-07
0.8600000000000007,p3_m1,0,0.028246037524791545,0.028246129146249604,0.0,2.3833912023899451e-07
0.8600000000000007,p3_m2,0,-0.03981445824049871,-0.039814529729919855,0.0,2.3833912023899451e-07
0.8600000000000007,p3_m3,0,0.11308020240460695,0.11308057231061104,0.0,2.3833912023899451e-07
0.8700000000000007,p0_m0,0,-0.06430349542015731,-0.06430310815798608,0.0,2.388284530196428e-07
0.8700000000000007,p0_m1,0,0.14205074296876788,0.14204986268868242,0.0,2.388284530196428e-07
0.8700000000000007,p0_m2,0,-0.13540661817475866,-0.13540568965332145,0.0,2.388284530196428e-07
0.8700000000000007,p0_m3,0,0.01839912828076651,0.018398748814985096,0.0,2.388284530196428e-07
0.8700000000000007,p1_m0,0,0.03797598388064228,0.03797475521157636,0.0,2.388284530196428e-07
0.8700000000000007,p1_m1,0,-0.2034986704209692,-0.20349694672195054,0.0,2.388284530196428e-07
0.8700000000000007,p1_m2,8,1.3377623465623116,1.3377618671490747,0.015,2.388284530196428e-07
0.8700000000000007,p1_m3,0,-0.08580591541610637,-0.08580472071297937,0.0,2.388284530196428e-07
0.8700000000000007,p2_m0,0,-0.08414968169820376,-0.08415066327682416,0.0,2.388284530196428e-07
0.8700000000000007,p2_m1,0,0.210473091058046,0.21047404007401102,0.0,2.388284530196428e-07
0.8700000000000007,p2_m2,0,-0.20412981676208772,-0.20413070979235037,0.0,2.388284530196428e-07
0.8700000000000007,p2_m3,0,0.035108219323822014,0.035109199612425215,0.0,2.388284530196428e-07
0.8700000000000007,p3_m0,0,-0.16515857082152507,-0.16515910015289942,0.0,2.388284530196428e-07
0.8700000000000007,p3_m1,0,0.028214505668954854,0.028214678438437,0.0,2.388284530196428e-07
0.8700000000000007,p3_m2,0,-0.03978960770025235,-0.03978975437808011,0.0,2.388284530196428e-07
0.8700000000000007,p3_m3,0,0.11300921562456762,0.1130096916046212,0.0,2.388284530196428e-07
0.8800000000000007,p0_m0,0,-0.06432276456907063,-0.06432253730057924,0.0,2.391873620834641e-07
0.8800000000000007,p0_m1,0,0.1420991734438533,0.14209863133736364,0.0,2.391873620834641e-07
0.8800000000000007,p0_m2,0,-0.1354593184901681,-0.13545873836396582,0.0,2.391873620834641e-07
0.8800000000000007,p0_m3,0,0.01842009638387921,0.018419862703182934,0.0,2.391873620834641e-07
0.8800000000000007,p1_m0,0,0.03806246344291533,0.038061623097697214,0.0,2.391873620834641e-07
0.8800000000000007,p1_m1,0,-0.2035855963756764,-0.2035845953744566,0.0,2.391873620834641e-07
0.8800000000000007,p1_m2,8,1.337809533605194,1.3378092669111163,0.015,2.391873620834641e-07
0.8800000000000007,p1_m3,0,-0.08588832099235767,-0.08588751286779746,0.0,2.391873620834641e-07
0.8800000000000007,p2_m0,0,-0.08405884191162616,-0.08405960862183866,0.0,2.391873620834641e-07
0.8800000000000007,p2_m1,0,0.21038028504267034,0.2103810651687046,0.0,2.391873620834641e-07
0.8800000000000007,p2_m2,0,-0.2040406133114441,-0.20404135634445514,0.0,2.391873620834641e-07
0.8800000000000007,p2_m3,0,0.03501998474864856,0.035020742104196735,0.0,2.391873620834641e-07
0.8800000000000007,p3_m0,0,-0.165099629046191,-0.16510009851604387,0.0,2.391873620834641e-07
0.8800000000000007,p3_m1,0,0.028189287217795213,0.02818945641145462,0.0,2.391873620834641e-07
0.8800000000000007,p3_m2,0,-0.039770104903844895,-0.039770250369129574,0.0,2.391873620834641e-07
0.8800000000000007,p3_m3,0,0.11295495504137298,0.11295538367206427,0.0,2.391873620834641e-07
0.8900000000000007,p0_m0,0,0.06720345461546678,0.06523920830219199,0.0,8.233951588162383e-07
0.8900000000000007,p0_m1,0,0.023862139780644352,0.02551828348176683,0.0,8.233951588162383e-07
0.8900000000000007,p0_m2,0,-0.025408732605213393,-0.02692945536814907,0.0,8.233951588162383e-07
0.8900000000000007,p0_m3,0,-0.05116220954443605,-0.05026676737619693,0.0,8.233951588162383e-07
0.8900000000000007,p1_m0,0,-0.04879851951376642,-0.047850968885565774,0.0,8.233951588162383e-07
0.8900000000000007,p1_m1,0,-0.10077739298976594,-0.09967356939087292,0.0,8.233951588162383e-07
0.8900000000000007,p1_m2,0,0.24643099045809033,0.3793419529034659,0.0,8.233951588162383e-07
0.8900000000000007,p1_m3,8,1.6080709736861993,1.5034932821981328,0.015,8.233951588162383e-07
0.8900000000000007,p2_m0,0,-0.07873029335349455,-0.07879275079890907,0.0,8.233951588162383e-07
0.8900000000000007,p2_m1,0,0.11202526198002896,0.11639620739194172,0.0,8.233951588162383e-07
0.8900000000000007,p2_m2,0,-0.052488426020039385,-0.05251073411097799,0.0,8.233951588162383e-07
0.8900000000000007,p2_m3,0,0.07623431723983969,0.07577731292007998,0.0,8.233951588162383e-07
0.8900000000000007,p3_m0,0,-0.022188544440669464,-0.024200930718989152,0.0,8.233951588162383e-07
0.8900000000000007,p3_m1,0,0.09114108909358977,0.08996170118874641,0.0,8.233951588162383e-07
0.8900000000000007,p3_m2,0,-0.09835869786980646,-0.09727392857534438,0.0,8.233951588162383e-07
0.8900000000000007,p3_m3,0,0.03596004722990285,0.03684508123386036,0.0,8.233951588162383e-07
0.9000000000000007,p0_m0,0,0.05452961828635548,0.050334698389088564,0.0,1.205221201413875e-06
0.9000000000000007,p0_m1,0,0.0018884485852891275,0.004326427848877884,0.0,1.205221201413875e-06
0.9000000000000007,p0_m2,0,0.0023081507759993283,0.0007263086502121491,0.0,1.205221201413875e-06
0.9000000000000007,p0_m3,0,-0.03583292635285913,-0.0330781396778286,0.0,1.205221201413875e-06
0.9000000000000007,p1_m0,0,-0.04768977316752299,-0.04517487538045324,0.0,1.205221201413875e-06
0.9000000000000007,p1_m1,0,-0.03021778949586801,-0.032312255857588734,0.0,1.205221201413875e-06
0.9000000000000007,p1_m2,0,0.25925251772096797,0.2673103263073463,0.0,1.205221201413875e-06
0.9000000000000007,p1_m3,8,8.015149504387942,8.592660695473791,-4.08363037569508e-05,1.205221201413875e-06
0.9000000000000007,p2_m0,0,-0.0659524862841918,-0.0667904846763178,0.0,1.205221201413875e-06
0.9000000000000007,p2_m1,0,0.11014771667352398,0.11042343980482115,0.0,1.205221201413875e-06
0.9000000000000007,p2_m2,0,0.006858453429251873,0.003237166619504552,0.0,1.205221201413875e-06
0.9000000000000007,p2_m3,0,0.057341516174467796,0.05541029352155069,0.0,1.205221201413875e-06
0.9000000000000007,p3_m0,0,0.014981295899742132,0.012813314660919024,0.0,1.205221201413875e-06
0.9000000000000007,p3_m1,0,0.057753948889101334,0.05472230608155332,0.0,1.205221201413875e-06
0.9000000000000007,p3_m2,0,-0.06237741660656296,-0.05930617196598054,0.0,1.205221201413875e-06
0.9000000000000007,p3_m3,0,0.005784298775171006,0.006900737282137774,0.0,1.205221201413875e-06
0.9100000000000007,p0_m0,0,0.039145800235288554,0.04153045944070176,0.0,7.965151369552459e-07
0.9100000000000007,p0_m1,0,-0.010621349024344614,-0.011328132160600187,0.0,7.965151369552459e-07
0.9100000000000007,p0_m2,0,0.011400097351277722,0.01200895848406599,0.0,7.965151369552459e-07
0.9100000000000007,p0_m3,0,-0.026082950831494842,-0.02765090903532581,0.0,7.965151369552459e-07
0.9100000000000007,p1_m0,0,-0.03462739634714552,-0.036329849975488195,0.0,7.965151369552459e-07
0.9100000000000007,p1_m1,0,0.010423923559009722,0.010963632072138012,0.0,7.965151369552459e-07
0.9100000000000007,p1_m2,0,0.08574729812642054,0.0866479999889857,0.0,7.965151369552459e-07
0.9100000000000007,p1_m3,8,4.446381510255264,3.9972292749964367,0.009735176309759131,7.965151369552459e-07
0.9100000000000007,p2_m0,0,-0.028885022862470574,-0.02980216609041802,0.0,7.965151369552459e-07
0.9100000000000007,p2_m1,0,0.022451308210948,0.021878688298346362,0.0,7.965151369552459e-07
0.9100000000000007,p2_m2,0,0.02310062682157933,0.02427237694223621,0.0,7.965151369552459e-07
0.9100000000000007,p2_m3,0,0.03102855987657631,0.03267140566765716,0.0,7.965151369552459e-07
0.9100000000000007,p3_m0,0,0.020518788284270135,0.021318333690820656,0.0,7.965151369552459e-07
0.9100000000000007,p3_m1,0,0.03162424075409218,0.03374397787610296,0.0,7.965151369552459e-07
0.9100000000000007,p3_m2,0,-0.03427940279478916,-0.03650905625123411,0.0,7.965151369552459e-07
0.9100000000000007,p3_m3,0,-0.006417427615968978,-0.006444404221563586,0.0,7.965151369552459e-07
0.9200000000000007,p0_m0,0,0.092207196458417,0.09300290034017246,0.0,1.0082178449839165e-06
0.9200000000000007,p0_m1,0,-0.03429841714309187,-0.033888525570515346,0.0,1.0082178449839165e-06
0.9200000000000007,p0_m2,0,0.031053884013641366,0.030668256113384234,0.0,1.0082178449839165e-06
0.9200000000000007,p0_m3,0,-0.059807497498209204,-0.06040899328449112,0.0,1.0082178449839165e-06
0.9200000000000007,p1_m0,0,-0.07094889628311304,-0.07138599421511234,0.0,1.0082178449839165e-06
0.9200000000000007,p1_m1,0,0.034539961685112364,0.03334913879383938,0.0,1.0082178449839165e-06
0.9200000000000007,p1_m2,0,-0.005278272806402284,-0.00021983781840070874,0.0,1.0082178449839165e-06
0.9200000000000007,p1_m3,8,2.9127908138754806,2.755762687176227,0.015,1.0082178449839165e-06
0.9200000000000007,p2_m0,0,-0.015906314229112678,-0.01657211020815828,0.0,1.0082178449839165e-06
0.9200000000000007,p2_m1,0,-0.03425975922012655,-0.031230635000002314,0.0,1.0082178449839165e-06
0.9200000000000007,p2_m2,0,0.0580408451329932,0.05633880462789141,0.0,1.0082178449839165e-06
0.9200000000000007,p2_m3,0,0.06309550665531906,0.06432403512970615,0.0,1.0082178449839165e-06
0.9200000000000007,p3_m0,0,0.044744558190445274,0.044468256098079535,0.0,1.0082178449839165e-06
0.9200000000000007,p3_m1,0,0.07462545994142088,0.07586580449316715,0.0,1.0082178449839165e-06
0.9200000000000007,p3_m2,0,-0.07866489129755468,-0.07994447325540614,0.0,1.0082178449839165e-06
0.9200000000000007,p3_m3,0,-0.01247430221461122,-0.011993042864668539,0.0,1.0082178449839165e-06
0.9300000000000007,p0_m0,0,0.06869588293177568,0.06514323073557363,0.0,1.2116949922469025e-06
0.9300000000000007,p0_m1,0,-0.024194719972015534,-0.023031226040266955,0.0,1.2116949922469025e-06
0.9300000000000007,p0_m2,0,0.021285323534443564,0.020284358507813457,0.0,1.2116949922469025e-06
0.9300000000000007,p0_m3,0,-0.043785019319957416,-0.04144456764603606,0.0,1.2116949922469025e-06
0.9300000000000007,p1_m0,0,-0.05690987639625492,-0.0549193129166286,0.0,1.2116949922469025e-06
0.9300000000000007,p1_m1,0,0.02408211997445434,0.023710931496375577,0.0,1.2116949922469025e-06
0.9300000000000007,p1_m2,0,-0.009263363866819425,-0.008679804348960804,0.0,1.2116949922469025e-06
0.9300000000000007,p1_m3,8,8.015671021303296,8.59297562911678,-5.380845880350371e-05,1.2116949922469025e-06
0.9300000000000007,p2_m0,0,-0.01438660346327033,-0.014591562266541925,0.0,1.2116949922469025e-06
0.9300000000000007,p2_m1,0,-0.02240270867354261,-0.02123313799338673,0.0,1.2116949922469025e-06
0.9300000000000007,p2_m2,0,0.036329679025051874,0.03492532143222169,0.0,1.2116949922469025e-06
0.9300000000000007,p2_m3,0,0.0543727943942822,0.05222986514072374,0.0,1.2116949922469025e-06
0.9300000000000007,p3_m0,0,0.03405226005825676,0.03285749041361615,0.0,1.2116949922469025e-06
0.9300000000000007,p3_m1,0,0.056717070648717484,0.053541721981021015,0.0,1.2116949922469025e-06
0.9300000000000007,p3_m2,0,-0.06023707258843307,-0.056953374055354486,0.0,1.2116949922469025e-06
0.9300000000000007,p3_m3,0,-0.008875492403269103,-0.00884824755804743,0.0,1.2116949922469025e-06
0.9400000000000007,p0_m0,0,0.020259227316434612,0.0224739563584652,0.0,5.880202820377787e-07
0.9400000000000007,p0_m1,0,-0.008012664895027749,-0.008993415610417867,0.0,5.880202820377787e-07
0.9400000000000007,p0_m2,0,0.0069952369573524215,0.007892968291354434,0.0,5.880202820377787e-07
0.9400000000000007,p0_m3,0,-0.012094832102001917,-0.013566706624370988,0.0,5.880202820377787e-07
0.9400000000000007,p1_m0,0,-0.02496575528691253,-0.02620774967237219,0.0,5.880202820377787e-07
0.9400000000000007,p1_m1,0,0.013510919810836273,0.014497163308983037,0.0,5.880202820377787e-07
0.9400000000000007,p1_m2,0,-0.008812444074849698,-0.009557466077003968,0.0,5.880202820377787e-07
0.9400000000000007,p1_m3,8,6.9406932307474625,6.490654400338297,0.0014865431209085261,5.880202820377787e-07
0.9400000000000007,p2_m0,0,-0.01047236843061729,-0.010399960527638528,0.0,5.880202820377787e-07
0.9400000000000007,p2_m1,0,-0.0075758276196412596,-0.00896653979005812,0.0,5.880202820377787e-07
0.9400000000000007,p2_m2,0,0.011939134528465215,0.013528591266264068,0.0,5.880202820377787e-07
0.9400000000000007,p2_m3,0,0.02276213459425429,0.023721742085362377,0.0,5.880202820377787e-07
0.9400000000000007,p3_m0,0,0.014645408519358586,0.015632437047218672,0.0,5.880202820377787e-07
0.9400000000000007,p3_m1,0,0.014769178049441035,0.016511203257092225,0.0,5.880202820377787e-07
0.9400000000000007,p3_m2,0,-0.016346667189388164,-0.018151196672863332,0.0,5.880202820377787e-07
0.9400000000000007,p3_m3,0,-0.006013092174491478,-0.006287077847391325,0.0,5.880202820377787e-07
0.9500000000000007,p0_m0,0,0.05347774406509035,0.05502899387256274,0.0,5.482643527370979e-07
0.9500000000000007,p0_m1,0,-0.026170405858081586,-0.026463431093664294,0.0,5.482643527370979e-07
0.9500000000000007,p0_m2,0,0.023758723254578184,0.02397017950109834,0.0,5.482643527370979e-07
0.9500000000000007,p0_m3,0,-0.03410458387979655,-0.03499612064287669,0.0,5.482643527370979e-07
0.9500000000000007,p1_m0,0,-0.046298795958069884,-0.04741544640226407,0.0,5.482643527370979e-07
0.9500000000000007,p1_m1,0,0.04316904603419079,0.04275415677403166,0.0,5.482643527370979e-07
0.9500000000000007,p1_m2,0,-0.0447598232771325,-0.044732519461493876,0.0,5.482643527370979e-07
0.9500000000000007,p1_m3,8,3.4847228323256005,3.144424804679769,0.013026806431613143,5.482643527370979e-07
0.9500000000000007,p2_m0,0,-0.008693764328297344,-0.007917788960140833,0.0,5.482643527370979e-07
0.9500000000000007,p2_m1,0,-0.04585538293162492,-0.04618448462986776,0.0,5.482643527370979e-07
0.9500000000000007,p2_m2,0,0.04604019118065279,0.047003344408086796,0.0,5.482643527370979e-07
0.9500000000000007,p2_m3,0,0.035032323790510154,0.03640532959821329,0.0,5.482643527370979e-07
0.9500000000000007,p3_m0,0,0.033472735267892996,0.033962199883569716,0.0,5.482643527370979e-07
0.9500000000000007,p3_m1,0,0.03715658198567061,0.03876834863025354,0.0,5.482643527370979e-07
0.9500000000000007,p3_m2,0,-0.039547452195146715,-0.04123776233294437,0.0,5.482643527370979e-07
0.9500000000000007,p3_m3,0,-0.014193371609470186,-0.014027917183652237,0.0,5.482643527370979e-07
0.9600000000000007,p0_m0,0,0.11173671141865718,0.11020629871875609,0.0,1.13939093232149e-06
0.9600000000000007,p0_m1,0,-0.04075706326005993,-0.04040948238332471,0.0,1.13939093232149e-06
0.9600000000000007,p0_m2,0,0.03585610072919293,0.0355245100515243,0.0,1.13939093232149e-06
0.9600000000000007,p0_m3,0,-0.07204361832061185,-0.0706845701887954,0.0,1.13939093232149e-06
0.9600000000000007,p1_m0,0,-0.08493520737976064,-0.08382246727648165,0.0,1.13939093232149e-06
0.9600000000000007,p1_m1,0,0.04332557554655792,0.04311518709517968,0.0,1.13939093232149e-06
0.9600000000000007,p1_m2,0,-0.051313002266032755,-0.05109664343100356,0.0,1.13939093232149e-06
0.9600000000000007,p1_m3,8,2.813806263370881,2.8197217251011457,0.015,1.13939093232149e-06
0.9600000000000007,p2_m0,0,-0.0063986578140903146,-0.006476243883264208,0.0,1.13939093232149e-06
0.9600000000000007,p2_m1,0,-0.05578514199195552,-0.05552109649449676,0.0,1.13939093232149e-06
0.9600000000000007,p2_m2,0,0.061998318433701384,0.061658011358109,0.0,1.13939093232149e-06
0.9600000000000007,p2_m3,0,0.07965924705971549,0.07869842895206806,0.0,1.13939093232149e-06
0.9600000000000007,p3_m0,0,0.05207768917397733,0.05183135138676556,0.0,1.13939093232149e-06
0.9600000000000007,p3_m1,0,0.09257768533532364,0.0912431672680797,0.0,1.13939093232149e-06
0.9600000000000007,p3_m2,0,-0.09709498679921408,-0.09576930823339029,0.0,1.13939093232149e-06
0.9600000000000007,p3_m3,0,-0.012998928083572614,-0.012889661865374378,0.0,1.13939093232149e-06
0.9700000000000008,p0_m0,0,0.032738662665187074,0.033923196215123956,0.0,8.88158661562112e-07
0.9700000000000008,p0_m1,0,-0.012581930961830563,-0.013029458838588727,0.0,8.88158661562112e-07
0.9700000000000008,p0_m2,0,0.010849941484198787,0.011263368519545507,0.0,8.88158661562112e-07
0.9700000000000008,p0_m3,0,-0.019644908857163978,-0.020502460486522944,0.0,8.88158661562112e-07
0.9700000000000008,p1_m0,0,-0.03600301900542798,-0.0363686928839699,0.0,8.88158661562112e-07
0.9700000000000008,p1_m1,0,0.02044723718589225,0.02059884243046362,0.0,8.88158661562112e-07
0.9700000000000008,p1_m2,0,-0.023032497275455324,-0.02324722411735921,0.0,8.88158661562112e-07
0.9700000000000008,p1_m3,8,7.989336252277866,8.12242884835339,2.2833051669606697e-05,8.88158661562112e-07
0.9700000000000008,p2_m0,0,-0.006715189165012539,-0.00665575151089029,0.0,8.88158661562112e-07
0.9700000000000008,p2_m1,0,-0.01727388430385251,-0.017886553190653035,0.0,8.88158661562112e-07
0.9700000000000008,p2_m2,0,0.01943330582088123,0.020099998620203504,0.0,8.88158661562112e-07
0.9700000000000008,p2_m3,0,0.03333968108631033,0.03363288232220169,0.0,8.88158661562112e-07
0.9700000000000008,p3_m0,0,0.021667177997206185,0.021931226888542696,0.0,8.88158661562112e-07
0.9700000000000008,p3_m1,0,0.02495075822983744,0.025971911555507664,0.0,8.88158661562112e-07
0.9700000000000008,p3_m2,0,-0.027156162945725384,-0.028175656024448485,0.0,8.88158661562112e-07
0.9700000000000008,p3_m3,0,-0.008100290617027913,-0.008080388208531967,0.0,8.88158661562112e-07
0.9800000000000008,p0_m0,0,0.029320937534739782,0.03159943202668892,0.0,4.2858031219176594e-07
0.9800000000000008,p0_m1,0,-0.015241991158504659,-0.016288027916851897,0.0,4.2858031219176594e-07
0.9800000000000008,p0_m2,0,0.013886569536405173,0.014835628178759601,0.0,4.2858031219176594e-07
0.9800000000000008,p0_m3,0,-0.018811037185343313,-0.020300493090251257,0.0,4.2858031219176594e-07
0.9800000000000008,p1_m0,0,-0.030246208024454307,-0.031911530407523474,0.0,4.2858031219176594e-07
0.9800000000000008,p1_m1,0,0.026096842949247665,0.02763080555188423,0.0,4.2858031219176594e-07
0.9800000000000008,p1_m2,0,-0.027780436704857348,-0.029440497410363316,0.0,4.2858031219176594e-07
0.9800000000000008,p1_m3,8,4.650655053872266,4.174576899583975,0.009038093230489243,4.2858031219176594e-07
0.9800000000000008,p2_m0,0,-0.008992515613506318,-0.009412215450611808,0.0,4.2858031219176594e-07
0.9800000000000008,p2_m1,0,-0.024489449365536285,-0.026312803968454705,0.0,4.2858031219176594e-07
0.9800000000000008,p2_m2,0,0.02435193640223599,0.026141717435858067,0.0,4.2858031219176594e-07
0.9800000000000008,p2_m3,0,0.022508691645139887,0.023797656409314406,0.0,4.2858031219176594e-07
0.9800000000000008,p3_m0,0,0.021465734645460404,0.022687628050413224,0.0,4.2858031219176594e-07
0.9800000000000008,p3_m1,0,0.018441013871818946,0.020125462765751664,0.0,4.2858031219176594e-07
0.9800000000000008,p3_m2,0,-0.019983700528863932,-0.021750219876548887,0.0,4.2858031219176594e-07
0.9800000000000008,p3_m3,0,-0.01080136925538066,-0.011248906164652536,0.0,4.2858031219176594e-07
0.9900000000000008,p0_m0,0,0.08501982641967487,0.08590009928903533,0.0,8.171481603033113e-07
0.9900000000000008,p0_m1,0,-0.03548133936766186,-0.03523004496395116,0.0,8.171481603033113e-07
0.9900000000000008,p0_m2,0,0.03169940983614685,0.031425308007785265,0.0,8.171481603033113e-07
0.9900000000000008,p0_m3,0,-0.054560758956515215,-0.055240133603244805,0.0,8.171481603033113e-07
0.9900000000000008,p1_m0,0,-0.06776418767861093,-0.06827576578616179,0.0,8.171481603033113e-07
0.9900000000000008,p1_m1,0,0.04441654371411003,0.04358426056714354,0.0,8.171481603033113e-07
0.9900000000000008,p1_m2,0,-0.052396891799860484,-0.05132092526879527,0.0,8.171481603033113e-07
0.9900000000000008,p1_m3,8,2.9549066088759286,2.7737060047849327,0.01493211338386089,8.171481603033113e-07
0.9900000000000008,p2_m0,0,-0.005314223160592433,-0.00549084263547516,0.0,8.171481603033113e-07
0.9900000000000008,p2_m1,0,-0.05491795844698486,-0.053596677725342746,0.0,8.171481603033113e-07
0.9900000000000008,p2_m2,0,0.05991184968907181,0.0580945398684952,0.0,8.171481603033113e-07
0.9900000000000008,p2_m3,0,0.05725736136078494,0.05846471279042783,0.0,8.171481603033113e-07
0.9900000000000008,p3_m0,0,0.0451071290870199,0.04491192674549142,0.0,8.171481603033113e-07
0.9900000000000008,p3_m1,0,0.06574184505526377,0.06697323213735516,0.0,8.171481603033113e-07
0.9900000000000008,p3_m2,0,-0.06920901732168047,-0.07046698096633255,0.0,8.171481603033113e-07
0.9900000000000008,p3_m3,0,-0.01509934503425159,-0.014707831501189646,0.0,8.171481603033113e-07
1.0000000000000007,p0_m0,0,0.0660164259072248,0.062377655680784114,0.0,1.143732869036535e-06
1.0000000000000007,p0_m1,0,-0.024485284170966057,-0.02335210109654194,0.0,1.143732869036535e-06
1.0000000000000007,p0_m2,0,0.02139960357733212,0.020414833174813296,0.0,1.143732869036535e-06
1.0000000000000007,p0_m3,0,-0.04173332493746946,-0.03932888941732694,0.0,1.143732869036535e-06
1.0000000000000007,p1_m0,0,-0.05597716293327055,-0.05393357656884067,0.0,1.143732869036535e-06
1.0000000000000007,p1_m1,0,0.030005588697192196,0.029501438659112925,0.0,1.143732869036535e-06
1.0000000000000007,p1_m2,0,-0.03588394320589679,-0.03507890691596817,0.0,1.143732869036535e-06
1.0000000000000007,p1_m3,8,8.015564992349562,8.591139560133687,-5.3641613303394564e-05,1.143732869036535e-06
1.0000000000000007,p2_m0,0,-0.005444458093670924,-0.005477482490623295,0.0,1.143732869036535e-06
1.0000000000000007,p2_m1,0,-0.034260237077734276,-0.032974226069952546,0.0,1.143732869036535e-06
1.0000000000000007,p2_m2,0,0.03763182195922385,0.03619000056229246,0.0,1.143732869036535e-06
1.0000000000000007,p2_m3,0,0.05235032727241644,0.05012834919200595,0.0,1.143732869036535e-06
1.0000000000000007,p3_m0,0,0.034609768854406815,0.033414373316632655,0.0,1.143732869036535e-06
1.0000000000000007,p3_m1,0,0.05329047517373934,0.0500089899689613,0.0,1.143732869036535e-06
1.0000000000000007,p3_m2,0,-0.056560831058429364,-0.05316575562503077,0.0,1.143732869036535e-06
1.0000000000000007,p3_m3,0,-0.010225591758556064,-0.010222432628224446,0.0,1.143732869036535e-06
1.0099999999999996,p0_m0,0,0.013761055483994616,0.0152882642438362,0.0,5.404578371654352e-07
1.0099999999999996,p0_m1,0,-0.016861392017521046,-0.018586939853028225,0.0,5.404578371654352e-07
1.0099999999999996,p0_m2,0,0.014948898609791636,0.016574767981121636,0.0,5.404578371654352e-07
1.0099999999999996,p0_m3,0,0.000650480801666197,-5.276663108000917e-05,0.0,5.404578371654352e-07
1.0099999999999996,p1_m0,0,-0.014599892010261364,-0.014866008120402976,0.0,5.404578371654352e-07
1.0099999999999996,p1_m1,0,0.030722817374324907,0.03252927361938521,0.0,5.404578371654352e-07
1.0099999999999996,p1_m2,0,-0.03349468202364599,-0.03546661856161271,0.0,5.404578371654352e-07
1.0099999999999996,p1_m3,0,6.750445790917618,6.478837178047195,0.0,5.404578371654352e-07
1.0099999999999996,p2_m0,8,4.999436376460354,4.525912406782445,0.007879728838359355,5.404578371654352e-07
1.0099999999999996,p2_m1,0,-0.02931476468718698,-0.03181558828182966,0.0,5.404578371654352e-07
1.0099999999999996,p2_m2,0,0.029396425177684062,0.03188040198983111,0.0,5.404578371654352e-07
1.0099999999999996,p2_m3,0,0.008345855529894707,0.007711635226898571,0.0,5.404578371654352e-07
1.0099999999999996,p3_m0,0,0.026123957126359766,0.027790747404005247,0.0,5.404578371654352e-07
1.0099999999999996,p3_m1,0,0.0024879188244280584,0.002880056883426721,0.0,5.404578371654352e-07
1.0099999999999996,p3_m2,0,-0.004907664337299572,-0.005384198154480669,0.0,5.404578371654352e-07
1.0099999999999996,p3_m3,0,-0.011107913310655243,-0.01196645928679416,0.0,5.404578371654352e-07
1.0199999999999985,p0_m0,0,-0.030666086802063654,-0.03143728160357162,0.0,2.6811227638831525e-07
1.0199999999999985,p0_m1,0,-0.037397772627422485,-0.0372253252518945,0.0,2.6811227638831525e-07
1.0199999999999985,p0_m2,0,0.034893670565342476,0.03475817208662784,0.0,2.6811227638831525e-07
1.0199999999999985,p0_m3,0,0.04937210315232339,0.049824731176002314,0.0,2.6811227638831525e-07
1.0199999999999985,p1_m0,0,0.05355349476174357,0.055005462244739865,0.0,2.6811227638831525e-07
1.0199999999999985,p1_m1,0,0.04083789058544337,0.040434734518798615,0.0,2.6811227638831525e-07
1.0199999999999985,p1_m2,0,-0.04259685119614949,-0.0422918384567574,0.0,2.6811227638831525e-07
1.0199999999999985,p1_m3,0,2.4371737867555,2.4804066807861442,0.0,2.6811227638831525e-07
1.0199999999999985,p2_m0,8,3.211509160878448,3.03458150438772,0.01420199378873044,2.6811227638831525e-07
1.0199999999999985,p2_m1,0,-0.043571801490496685,-0.0431005208597704,0.0,2.6811227638831525e-07
1.0199999999999985,p2_m2,0,0.03915924660307133,0.038856141563947746,0.0,2.6811227638831525e-07
1.0199999999999985,p2_m3,0,-0.07449105944929915,-0.07587096875284582,0.0,2.6811227638831525e-07
1.0199999999999985,p3_m0,0,0.04308573171069966,0.04276361307158083,0.0,2.6811227638831525e-07
1.0199999999999985,p3_m1,0,-0.057677973744885105,-0.05840497962186892,0.0,2.6811227638831525e-07
1.0199999999999985,p3_m2,0,0.05450471173735902,0.055268158179679776,0.0,2.6811227638831525e-07
1.0199999999999985,p3_m3,0,-0.02348032178943777,-0.02347625956445484,0.0,2.6811227638831525e-07
1.0299999999999974,p0_m0,0,-0.02051866226102023,-0.02029243709356682,0.0,4.558145669228328e-07
1.0299999999999974,p0_m1,0,-0.013015685781002168,-0.013238858760261296,0.0,4.558145669228328e-07
1.0299999999999974,p0_m2,0,0.011965651166174634,0.012173934319029352,0.0,4.558145669228328e-07
1.0299999999999974,p0_m3,0,0.028571765406013173,0.028449296902078126,0.0,4.558145669228328e-07
1.0299999999999974,p1_m0,0,0.016463457554852044,0.016452806375374444,0.0,4.558145669228328e-07
1.0299999999999974,p1_m1,0,0.02083394732679439,0.021068196108475944,0.0,4.558145669228328e-07
1.0299999999999974,p1_m2,0,-0.02106718365513841,-0.021341932332316838,0.0,4.558145669228328e-07
1.0299999999999974,p1_m3,0,2.3891084008101773,2.3993059156646326,0.0,4.558145669228328e-07
1.0299999999999974,p2_m0,8,7.991192695547455,8.154300995350647,1.5946199099380997e-05,4.558145669228328e-07
1.0299999999999974,p2_m1,0,-0.013321890030588196,-0.013688417221145268,0.0,4.558145669228328e-07
1.0299999999999974,p2_m2,0,0.012145875246314154,0.012460411900229985,0.0,4.558145669228328e-07
1.0299999999999974,p2_m3,0,-0.02529290829412311,-0.02537087154618182,0.0,4.558145669228328e-07
1.0299999999999974,p3_m0,0,0.020578734749129125,0.02078058071799792,0.0,4.558145669228328e-07
1.0299999999999974,p3_m1,0,-0.03140966329452248,-0.03133732099589334,0.0,4.558145669228328e-07
1.0299999999999974,p3_m2,0,0.03041530110807694,0.03030871681506383,0.0,4.558145669228328e-07
1.0299999999999974,p3_m3,0,-0.012615729698178311,-0.012687538170361626,0.0,4.558145669228328e-07
1.0399999999999963,p0_m0,0,-0.012355347835441143,-0.012837387630707872,0.0,1.0988114173511766e-07
1.0399999999999963,p0_m1,0,-0.010852454754724156,-0.012180534361742743,0.0,1.0988114173511766e-07
1.0399999999999963,p0_m2,0,0.010087361624681454,0.011338469283898495,0.0,1.0988114173511766e-07
1.0399999999999963,p0_m3,0,0.018425767172657752,0.01949391285598807,0.0,1.0988114173511766e-07
1.0399999999999963,p1_m0,0,0.005342069537529595,0.006864894627421654,0.0,1.0988114173511766e-07
1.0399999999999963,p1_m1,0,0.02074665923462613,0.022270758939957343,0.0,1.0988114173511766e-07
1.0399999999999963,p1_m2,0,-0.021268620086367197,-0.022870163407435227,0.0,1.0988114173511766e-07
1.0399999999999963,p1_m3,0,1.4042289883461765,1.3821860990573616,0.0,1.0988114173511766e-07
1.0399999999999963,p2_m0,8,5.355632938273674,4.884741282246509,0.006673857858717427,1.0988114173511766e-07
1.0399999999999963,p2_m1,0,-0.014219291947010737,-0.01624202595498618,0.0,1.0988114173511766e-07
1.0399999999999963,p2_m2,0,0.013378159693270966,0.015301333991635227,0.0,1.0988114173511766e-07
1.0399999999999963,p2_m3,0,-0.013524740859769025,-0.015766551161966298,0.0,1.0988114173511766e-07
1.0399999999999963,p3_m0,0,0.017061725123960828,0.01836382169134254,0.0,1.0988114173511766e-07
1.0399999999999963,p3_m1,0,-0.0221060154202057,-0.02349721086126966,0.0,1.0988114173511766e-07
1.0399999999999963,p3_m2,0,0.02142870131899138,0.02272386477920402,0.0,1.0988114173511766e-07
1.0399999999999963,p3_m3,0,-0.011150636209314006,-0.011834632488796475,0.0,1.0988114173511766e-07
1.0499999999999952,p0_m0,0,-0.03704802598513338,-0.03881500811817337,0.0,3.900667264114482e-07
1.0499999999999952,p0_m1,0,-0.0327266783618847,-0.03246405346712421,0.0,3.900667264114482e-07
1.0499999999999952,p0_m2,0,0.030122281639669297,0.02985988511670521,0.0,3.900667264114482e-07
1.0499999999999952,p0_m3,0,0.05686141559295471,0.05852617330284963,0.0,3.900667264114482e-07
1.0499999999999952,p1_m0,0,0.05253197695556444,0.05498504763332424,0.0,3.900667264114482e-07
1.0499999999999952,p1_m1,0,0.04069871993037779,0.03972603016964808,0.0,3.900667264114482e-07
1.0499999999999952,p1_m2,0,-0.04183572137032108,-0.04053616054759699,0.0,3.900667264114482e-07
1.0499999999999952,p1_m3,0,0.5287124246727214,0.5585046979704208,0.0,3.900667264114482e-07
1.0499999999999952,p2_m0,8,3.1892140144363754,2.9678008691009095,0.01419049411990064,3.900667264114482e-07
1.0499999999999952,p2_m1,0,-0.04147592952985421,-0.039930498317565184,0.0,3.900667264114482e-07
1.0499999999999952,p2_m2,0,0.03491726298900604,0.033995269483627306,0.0,3.900667264114482e-07
1.0499999999999952,p2_m3,0,-0.06872011285554895,-0.07084078350233358,0.0,3.900667264114482e-07
1.0499999999999952,p3_m0,0,0.03912557179257024,0.03880247833370567,0.0,3.900667264114482e-07
1.0499999999999952,p3_m1,0,-0.059018796466434695,-0.06045798307181253,0.0,3.900667264114482e-07
1.0499999999999952,p3_m2,0,0.05614504724497914,0.05758204479518647,0.0,3.900667264114482e-07
1.0499999999999952,p3_m3,0,-0.01869781039197312,-0.018418306452526224,0.0,3.900667264114482e-07
1.059999999999994,p0_m0,0,-0.036968157363385906,-0.035550593066561526,0.0,7.223870644395891e-07
1.059999999999994,p0_m1,0,-0.020440221868123564,-0.019752364994944645,0.0,7.223870644395891e-07
1.059999999999994,p0_m2,0,0.018885167361499113,0.018236992385192895,0.0,7.223870644395891e-07
1.059999999999994,p0_m3,0,0.04867393085116158,0.047007532509112444,0.0,7.223870644395891e-07
1.059999999999994,p1_m0,0,0.044102257983127204,0.04145404598404527,0.0,7.223870644395891e-07
1.059999999999994,p1_m1,0,0.02555422616660229,0.025333332762843587,0.0,7.223870644395891e-07
1.059999999999994,p1_m2,0,-0.025809742453437975,-0.025601237560715858,0.0,7.223870644395891e-07
1.059999999999994,p1_m3,0,0.46644942803147194,0.472222622241374,0.0,7.223870644395891e-07
1.059999999999994,p2_m0,8,8.007019435655565,8.422231163608314,-4.23635188927296e-05,7.223870644395891e-07
1.059999999999994,p2_m1,0,-0.02009601847638076,-0.01965994235180883,0.0,7.223870644395891e-07
1.059999999999994,p2_m2,0,0.01697649361335347,0.016591630120026173,0.0,7.223870644395891e-07
1.059999999999994,p2_m3,0,-0.05501650844466741,-0.05212056292372143,0.0,7.223870644395891e-07
1.059999999999994,p3_m0,0,0.02620804942518028,0.025648825343265045,0.0,7.223870644395891e-07
1.059999999999994,p3_m1,0,-0.0514649628940116,-0.04967294475037242,0.0,7.223870644395891e-07
1.059999999999994,p3_m2,0,0.050040317514847416,0.04830225736466956,0.0,7.223870644395891e-07
1.059999999999994,p3_m3,0,-0.014362386879536606,-0.01410120950749689,0.0,7.223870644395891e-07
1.069999999999993,p0_m0,0,-0.01753564468611186,-0.01775223637643941,0.0,2.2960572406322545e-07
1.069999999999993,p0_m1,0,-0.005557756436360038,-0.006337413283826544,0.0,2.2960572406322545e-07
1.069999999999993,p0_m2,0,0.005061446893444588,0.005803158289989063,0.0,2.2960572406322545e-07
1.069999999999993,p0_m3,0,0.021559107837429262,0.022052076212785966,0.0,2.2960572406322545e-07
1.069999999999993,p1_m0,0,0.006822369451784182,0.008285296957609139,0.0,2.2960572406322545e-07
1.069999999999993,p1_m1,0,0.01372604984996356,0.014153313715712384,0.0,2.2960572406322545e-07
1.069999999999993,p1_m2,0,-0.013741927674548689,-0.014190941605413029,0.0,2.2960572406322545e-07
1.069999999999993,p1_m3,0,0.3931004166277095,0.37097461401288007,0.0,2.2960572406322545e-07
1.069999999999993,p2_m0,8,7.505463984585967,7.185190246864227,5.39769515111086e-05,2.2960572406322545e-07
1.069999999999993,p2_m1,0,-0.0035199357816238846,-0.0045262005181674475,0.0,2.2960572406322545e-07
1.069999999999993,p2_m2,0,0.0026271032604869298,0.0035550490954753327,0.0,2.2960572406322545e-07
1.069999999999993,p2_m3,0,-0.011575347957284682,-0.013364894521259187,0.0,2.2960572406322545e-07
1.069999999999993,p3_m0,0,0.011612658513318323,0.012097588017687158,0.0,2.2960572406322545e-07
1.069999999999993,p3_m1,0,-0.02320910376159727,-0.023852778390710226,0.0,2.2960572406322545e-07
1.069999999999993,p3_m2,0,0.023001194451601457,0.023593438124640702,0.0,2.2960572406322545e-07
1.069999999999993,p3_m3,0,-0.007957694310025873,-0.008139642676884901,0.0,2.2960572406322545e-07
1.0799999999999919,p0_m0,0,-0.022414295344584303,-0.023482776449688245,0.0,1.550844551458739e-07
1.0799999999999919,p0_m1,0,-0.024192911949965673,-0.024586740809055086,0.0,1.550844551458739e-07
1.0799999999999919,p0_m2,0,0.02245116476505982,0.022779640983794997,0.0,1.550844551458739e-07
1.0799999999999919,p0_m3,0,0.03603498390676533,0.03759596761951675,0.0,1.550844551458739e-07
1.0799999999999919,p1_m0,0,0.026788171400293707,0.02830413697962627,0.0,1.550844551458739e-07
1.0799999999999919,p1_m1,0,0.03968316249802004,0.04049790052808552,0.0,1.550844551458739e-07
1.0799999999999919,p1_m2,0,-0.04127842365082483,-0.04202129951019769,0.0,1.550844551458739e-07
1.0799999999999919,p1_m3,0,0.1176978896465062,0.12415917239444679,0.0,1.550844551458739e-07
1.0799999999999919,p2_m0,8,3.6620684167226316,3.291058298597396,0.012424002603104101,1.550844551458739e-07
1.0799999999999919,p2_m1,0,-0.03885820261535751,-0.03960418492637976,0.0,1.550844551458739e-07
1.0799999999999919,p2_m2,0,0.03318283384555845,0.03233050464804784,0.0,1.550844551458739e-07
1.0799999999999919,p2_m3,0,-0.04035569133834864,-0.0418557970235984,0.0,1.550844551458739e-07
1.0799999999999919,p3_m0,0,0.02951669570394457,0.030082949313056176,0.0,1.550844551458739e-07
1.0799999999999919,p3_m1,0,-0.03992355997951596,-0.041114083157173346,0.0,1.550844551458739e-07
1.0799999999999919,p3_m2,0,0.03812128970590521,0.0392420986962141,0.0,1.550844551458739e-07
1.0799999999999919,p3_m3,0,-0.015746280303654582,-0.01580472267147605,0.0,1.550844551458739e-07
1.0899999999999908,p0_m0,0,-0.05476290333745602,-0.04988383405490318,0.0,7.72870228453755e-07
1.0899999999999908,p0_m1,0,-0.03368672354978093,-0.030843762200423792,0.0,7.72870228453755e-07
1.0899999999999908,p0_m2,0,0.031164277456965688,0.028532967218123522,0.0,7.72870228453755e-07
1.0899999999999908,p0_m3,0,0.07311779397639666,0.066812093330778,0.0,7.72870228453755e-07
1.0899999999999908,p1_m0,0,0.07936677856219634,0.0704508488988897,0.0,7.72870228453755e-07
1.0899999999999908,p1_m1,0,0.03488380607622271,0.03322307695851616,0.0,7.72870228453755e-07
1.0899999999999908,p1_m2,0,-0.03513420521688603,-0.03351146429746124,0.0,7.72870228453755e-07
1.0899999999999908,p1_m3,0,0.10168538917313408,0.1038722513082945,0.0,7.72870228453755e-07
1.0899999999999908,p2_m0,8,7.821817198156794,9.072789556137739,0.0025361149776774064,7.72870228453755e-07
1.0899999999999908,p2_m1,0,-0.034165223915605364,-0.03176165408868431,0.0,7.72870228453755e-07
1.0899999999999908,p2_m2,0,0.02786040218743113,0.02591060588676454,0.0,7.72870228453755e-07
1.0899999999999908,p2_m3,0,-0.09479442803348456,-0.08492574847041974,0.0,7.72870228453755e-07
1.0899999999999908,p3_m0,0,0.03810582469441206,0.0354142061702644,0.0,7.72870228453755e-07
1.0899999999999908,p3_m1,0,-0.07655158936503735,-0.07005726710130991,0.0,7.72870228453755e-07
1.0899999999999908,p3_m2,0,0.07378647898273516,0.06757493050813346,0.0,7.72870228453755e-07
1.0899999999999908,p3_m3,0,-0.018619794977165562,-0.01757152482087612,0.0,7.72870228453755e-07
1.0999999999999897,p0_m0,0,-0.023313439887854386,-0.023775979932262062,0.0,4.244078605208998e-07
1.0999999999999897,p0_m1,0,-0.008959974992557563,-0.009371226522850584,0.0,4.244078605208998e-07
1.0999999999999897,p0_m2,0,0.008200107821229395,0.008579687510431125,0.0,4.244078605208998e-07
1.0999999999999897,p0_m3,0,0.029300868459963623,0.029973072651460035,0.0,4.244078605208998e-07
1.0999999999999897,p1_m0,0,0.015537099548259718,0.016546408491263615,0.0,4.244078605208998e-07
1.0999999999999897,p1_m1,0,0.0169816212928606,0.01729544940506816,0.0,4.244078605208998e-07
1.0999999999999897,p1_m2,0,-0.01696351529361749,-0.01728844581248558,0.0,4.244078605208998e-07
1.0999999999999897,p1_m3,0,0.10058042775849879,0.10073121971549713,0.0,4.244078605208998e-07
1.0999999999999897,p2_m0,8,7.9848195951524845,8.05565098834294,4.026184053371473e-05,4.244078605208998e-07
1.0999999999999897,p2_m1,0,-0.0068998796982830835,-0.007393000117128892,0.0,4.244078605208998e-07
1.0999999999999897,p2_m2,0,0.005156352292153887,0.005554332522654642,0.0,4.244078605208998e-07
1.0999999999999897,p2_m3,0,-0.021654321674100294,-0.022798138910197663,0.0,4.244078605208998e-07
1.0999999999999897,p3_m0,0,0.015205203975207566,0.01558534385454447,0.0,4.244078605208998e-07
1.0999999999999897,p3_m1,0,-0.030970511593370286,-0.03166600877095718,0.0,4.244078605208998e-07
1.0999999999999897,p3_m2,0,0.0305321808644239,0.03117245727229515,0.0,4.244078605208998e-07
1.0999999999999897,p3_m3,0,-0.009539793937140923,-0.009662927114738996,0.0,4.244078605208998e-07
1.1099999999999886,p0_m0,0,-0.01604494144160493,-0.016907194009315007,0.0,5.819242100832495e-08
1.1099999999999886,p0_m1,0,-0.014536468300601506,-0.015528122442574947,0.0,5.819242100832495e-08
1.1099999999999886,p0_m2,0,0.013623660993676635,0.014537964172282633,0.0,5.819242100832495e-08
1.1099999999999886,p0_m3,0,0.023315482580823357,0.024762369823231264,0.0,5.819242100832495e-08
1.1099999999999886,p1_m0,0,0.01303704518201926,0.014551903389684682,0.0,5.819242100832495e-08
1.1099999999999886,p1_m1,0,0.024436387427699754,0.025841129332082352,0.0,5.819242100832495e-08
1.1099999999999886,p1_m2,0,-0.025164899212370414,-0.026644833841265893,0.0,5.819242100832495e-08
1.1099999999999886,p1_m3,0,0.033269227775348686,0.03377372904747783,0.0,5.819242100832495e-08
1.1099999999999886,p2_m0,8,4.641846353134875,4.164808436218648,0.009070033485234162,5.819242100832495e-08
1.1099999999999886,p2_m1,0,-0.019381178050017506,-0.021062719043653363,0.0,5.819242100832495e-08
1.1099999999999886,p2_m2,0,0.018022451872832045,0.019591037809668123,0.0,5.819242100832495e-08
1.1099999999999886,p2_m3,0,-0.022691817052293454,-0.024660944419165862,0.0,5.819242100832495e-08
1.1099999999999886,p3_m0,0,0.018797451286474753,0.019910353502846048,0.0,5.819242100832495e-08
1.1099999999999886,p3_m1,0,-0.02775288867691789,-0.029249494426941663,0.0,5.819242100832495e-08
1.1099999999999886,p3_m2,0,0.026951460311899995,0.028356912834330665,0.0,5.819242100832495e-08
1.1099999999999886,p3_m3,0,-0.011657043233681027,-0.012155121665903903,0.0,5.819242100832495e-08
1.1199999999999875,p0_m0,0,-0.04952921610551868,-0.05075954603596557,0.0,5.081046953188966e-07
1.1199999999999875,p0_m1,0,-0.03543041430734933,-0.035220710664019314,0.0,5.081046953188966e-07
1.1199999999999875,p0_m2,0,0.032577328913238036,0.0324188344391659,0.0,5.081046953188966e-07
1.1199999999999875,p0_m3,0,0.07069823074924993,0.0714454319600795,0.0,5.081046953188966e-07
1.1199999999999875,p1_m0,0,0.07160539034887024,0.07348052406755708,0.0,5.081046953188966e-07
1.1199999999999875,p1_m1,0,0.039794076276961146,0.03915595327446608,0.0,5.081046953188966e-07
1.1199999999999875,p1_m2,0,-0.040123759700923085,-0.039512036453945396,0.0,5.081046953188966e-07
1.1199999999999875,p1_m3,0,0.01828657975954543,0.01905026185057345,0.0,5.081046953188966e-07
1.1199999999999875,p2_m0,8,3.0763335051308545,2.9200915220474775,0.014641255122559671,5.081046953188966e-07
1.1199999999999875,p2_m1,0,-0.04030051556269876,-0.03946069335894536,0.0,5.081046953188966e-07
1.1199999999999875,p2_m2,0,0.03262070421366622,0.0320629951359222,0.0,5.081046953188966e-07
1.1199999999999875,p2_m3,0,-0.0874887091331282,-0.08926799699492534,0.0,5.081046953188966e-07
1.1199999999999875,p3_m0,0,0.04070377181610715,0.04031040075645403,0.0,5.081046953188966e-07
1.1199999999999875,p3_m1,0,-0.07201481283262427,-0.07316688055787741,0.0,5.081046953188966e-07
1.1199999999999875,p3_m2,0,0.06886690870418843,0.07007195795713282,0.0,5.081046953188966e-07
1.1199999999999875,p3_m3,0,-0.018441365229135347,-0.018482262384513785,0.0,5.081046953188966e-07
1.1299999999999863,p0_m0,0,-0.03146415181905665,-0.03121307365260348,0.0,6.260911916481236e-07
1.1299999999999863,p0_m1,0,-0.015568817072169,-0.01556167858476663,0.0,6.260911916481236e-07
1.1299999999999863,p0_m2,0,0.014355516184796606,0.014342027365148264,0.0,6.260911916481236e-07
1.1299999999999863,p0_m3,0,0.04073567969904723,0.04053060762570235,0.0,6.260911916481236e-07
1.1299999999999863,p1_m0,0,0.03205199878873401,0.031645041989516065,0.0,6.260911916481236e-07
1.1299999999999863,p1_m1,0,0.021863398647491258,0.022003463035944554,0.0,6.260911916481236e-07
1.1299999999999863,p1_m2,0,-0.02189300175370273,-0.022048230802483207,0.0,6.260911916481236e-07
1.1299999999999863,p1_m3,0,0.01761133602814015,0.01769661180334656,0.0,6.260911916481236e-07
1.1299999999999863,p2_m0,8,7.9955014337398485,8.22846181985861,-1.7816101874696955e-06,6.260911916481236e-07
1.1299999999999863,p2_m1,0,-0.014179892941776186,-0.014338402076281391,0.0,6.260911916481236e-07
1.1299999999999863,p2_m2,0,0.01122449408148182,0.011338623641438832,0.0,6.260911916481236e-07
1.1299999999999863,p2_m3,0,-0.040778770832935886,-0.04035442024430898,0.0,6.260911916481236e-07
1.1299999999999863,p3_m0,0,0.021203469528237946,0.021237576564477015,0.0,6.260911916481236e-07
1.1299999999999863,p3_m1,0,-0.042857463543573386,-0.04261177731890672,0.0,6.260911916481236e-07
1.1299999999999863,p3_m2,0,0.041905537078732284,0.04164016948355897,0.0,6.260911916481236e-07
1.1299999999999863,p3_m3,0,-0.012022508256560892,-0.011993882667486376,0.0,6.260911916481236e-07
1.1399999999999852,p0_m0,0,-0.0906637922525377,-0.08658537749205011,0.0,3.5040267887314797e-07
1.1399999999999852,p0_m1,0,0.11681668287453605,0.11033870587956617,0.0,3.5040267887314797e-07
1.1399999999999852,p0_m2,0,-0.10671573886167866,-0.10099059613166017,0.0,3.5040267887314797e-07
1.1399999999999852,p0_m3,0,0.011970012049564301,0.014403789548505366,0.0,3.5040267887314797e-07
1.1399999999999852,p1_m0,0,0.04276960861524537,0.04187426877752729,0.0,3.5040267887314797e-07
1.1399999999999852,p1_m1,0,-0.19329283249981577,-0.1816192812726119,0.0,3.5040267887314797e-07
1.1399999999999852,p1_m2,0,0.20404159861689952,0.1920198615771293,0.0,3.5040267887314797e-07
1.1399999999999852,p1_m3,0,-0.026078196362910828,-0.02763503523905083,0.0,3.5040267887314797e-07
1.1399999999999852,p2_m0,0,5.865206675696207,5.737475333687675,0.0,3.5040267887314797e-07
1.1399999999999852,p2_m1,8,1.0465039900334685,0.9453657209940957,0.015,3.5040267887314797e-07
1.1399999999999852,p2_m2,0,-0.20885053021560093,-0.1966551412308001,0.0,3.5040267887314797e-07
1.1399999999999852,p2_m3,0,0.02488369366758817,0.02074338533941397,0.0,3.5040267887314797e-07
1.1399999999999852,p3_m0,0,-0.13894668692459408,-0.13142921504792096,0.0,3.5040267887314797e-07
1.1399999999999852,p3_m1,0,0.00224753805585602,-0.00022515332827234156,0.0,3.5040267887314797e-07
1.1399999999999852,p3_m2,0,0.011322106131919049,0.0115379708212492,0.0,3.5040267887314797e-07
1.1399999999999852,p3_m3,0,0.0720727134267012,0.06929461732286625,0.0,3.5040267887314797e-07
1.1499999999999841,p0_m0,0,-0.07537537478984566,-0.07548296207088083,0.0,2.8810090997831036e-07
1.1499999999999841,p0_m1,0,0.12501349820766539,0.12469315177180378,0.0,2.8810090997831036e-07
1.1499999999999841,p0_m2,0,-0.11746343758319527,-0.11711921102708667,0.0,2.8810090997831036e-07
1.1499999999999841,p0_m3,0,0.02013656017628146,0.01998081819962693,0.0,2.8810090997831036e-07
1.1499999999999841,p1_m0,0,0.03667357757837566,0.03677874928879756,0.0,2.8810090997831036e-07
1.1499999999999841,p1_m1,0,-0.18779178429485643,-0.18753831043119065,0.0,2.8810090997831036e-07
1.1499999999999841,p1_m2,0,0.19577212044012338,0.19533485469873654,0.0,2.8810090997831036e-07
1.1499999999999841,p1_m3,0,-0.0640892637604983,-0.06301556911741034,0.0,2.8810090997831036e-07
1.1499999999999841,p2_m0,0,1.8846229025596597,1.9166957322439329,0.0,2.8810090997831036e-07
1.1499999999999841,p2_m1,8,1.2137687786829765,1.2070265477362911,0.015,2.8810090997831036e-07
1.1499999999999841,p2_m2,0,-0.19938616167458503,-0.19914660977938314,0.0,2.8810090997831036e-07
1.1499999999999841,p2_m3,0,0.026771541984501455,0.026832275299605853,0.0,2.8810090997831036e-07
1.1499999999999841,p3_m0,0,-0.15011532622641216,-0.14962363592428837,0.0,2.8810090997831036e-07
1.1499999999999841,p3_m1,0,0.011406116058560678,0.01142278601313067,0.0,2.8810090997831036e-07
1.1499999999999841,p3_m2,0,-0.014122074735920474,-0.013810949494863499,0.0,2.8810090997831036e-07
1.1499999999999841,p3_m3,0,0.09430855179356061,0.09382395084934908,0.0,2.8810090997831036e-07
1.159999999999983,p0_m0,0,-0.07035299127565982,-0.07048499762620743,0.0,2.6110421330888963e-07
1.159999999999983,p0_m1,0,0.13391417659952534,0.13378525483508588,0.0,2.6110421330888963e-07
1.159999999999983,p0_m2,0,-0.12707071083125937,-0.12692187446464884,0.0,2.6110421330888963e-07
1.159999999999983,p0_m3,0,0.021074508710584777,0.021018233966008566,0.0,2.6110421330888963e-07
1.159999999999983,p1_m0,0,0.03523858527753306,0.03531263980053549,0.0,2.6110421330888963e-07
1.159999999999983,p1_m1,0,-0.19348342730442897,-0.1934667533469609,0.0,2.6110421330888963e-07
1.159999999999983,p1_m2,0,0.19757733887318432,0.19761232341104337,0.0,2.6110421330888963e-07
1.159999999999983,p1_m3,0,-0.07438478074954538,-0.07408439106640165,0.0,2.6110421330888963e-07
1.159999999999983,p2_m0,0,0.5872757422164661,0.6089468814866781,0.0,2.6110421330888963e-07
1.159999999999983,p2_m1,8,1.2991921633261843,1.2979383800269566,0.015,2.6110421330888963e-07
1.159999999999983,p2_m2,0,-0.2024247939115315,-0.2024234505884734,0.0,2.6110421330888963e-07
1.159999999999983,p2_m3,0,0.03406240475215139,0.03398064041245755,0.0,2.6110421330888963e-07
1.159999999999983,p3_m0,0,-0.15951435622351356,-0.1593458874180698,0.0,2.6110421330888963e-07
1.159999999999983,p3_m1,0,0.02189113623215382,0.021761413719161005,0.0,2.6110421330888963e-07
1.159999999999983,p3_m2,0,-0.028997020252484088,-0.028725421935028122,0.0,2.6110421330888963e-07
1.159999999999983,p3_m3,0,0.10682184104369478,0.10657319524404114,0.0,2.6110421330888963e-07
1.169999999999982,p0_m0,0,-0.06882012182896348,-0.06887725813946499,0.0,2.480231083612712e-07
1.169999999999982,p0_m1,0,0.13924085450027582,0.1391559804386134,0.0,2.480231083612712e-07
1.169999999999982,p0_m2,0,-0.13260605930698272,-0.13251364664765128,0.0,2.480231083612712e-07
1.169999999999982,p0_m3,0,0.020968919939576412,0.020960536813465346,0.0,2.480231083612712e-07
1.169999999999982,p1_m0,0,0.03558560220079152,0.03561275866201455,0.0,2.480231083612712e-07
1.169999999999982,p1_m1,0,-0.19854073035196254,-0.1984971173831289,0.0,2.480231083612712e-07
1.169999999999982,p1_m2,0,0.20037613181341138,0.20036407556188926,0.0,2.480231083612712e-07
1.169999999999982,p1_m3,0,-0.07914290862831258,-0.07905302832414852,0.0,2.480231083612712e-07
1.169999999999982,p2_m0,0,0.1444711169994723,0.15573973932593374,0.0,2.480231083612712e-07
1.169999999999982,p2_m1,8,1.3318941580448382,1.3314871480106794,0.015,2.480231083612712e-07
1.169999999999982,p2_m2,0,-0.2053323460909382,-0.2053007216067794,0.0,2.480231083612712e-07
1.169999999999982,p2_m3,0,0.03802662988093119,0.03794250487276304,0.0,2.480231083612712e-07
1.169999999999982,p3_m0,0,-0.16468186834328405,-0.16458513917325632,0.0,2.480231083612712e-07
1.169999999999982,p3_m1,0,0.027713275923275545,0.027603890813252378,0.0,2.480231083612712e-07
1.169999999999982,p3_m2,0,-0.03610436593799881,-0.03594836215839302,0.0,2.480231083612712e-07
1.169999999999982,p3_m3,0,0.112810954903833,0.11267970332694098,0.0,2.480231083612712e-07
1.1799999999999808,p0_m0,0,-0.06852398658025582,-0.06854206438434397,0.0,2.450054619802462e-07
1.1799999999999808,p0_m1,0,0.14216387190447316,0.14211240219163684,0.0,2.450054619802462e-07
1.1799999999999808,p0_m2,0,-0.13558766360280602,-0.13553420461127266,0.0,2.450054619802462e-07
1.1799999999999808,p0_m3,0,0.020863995474572655,0.020867338028799115,0.0,2.450054619802462e-07
1.1799999999999808,p1_m0,0,0.03641752831603931,0.03642175679456787,0.0,2.450054619802462e-07
1.1799999999999808,p1_m1,0,-0.201893532078326,-0.201847339601389,0.0,2.450054619802462e-07
1.1799999999999808,p1_m2,0,0.20244997817458088,0.20242718137589147,0.0,2.450054619802462e-07
1.1799999999999808,p1_m3,0,-0.08178343896515011,-0.08174007788599544,0.0,2.450054619802462e-07
1.1799999999999808,p2_m0,0,-0.006574014389687434,-0.0021416474026334517,0.0,2.450054619802462e-07
1.1799999999999808,p2_m1,8,1.3440675359868355,1.3439143825617328,0.015,2.450054619802462e-07
1.1799999999999808,p2_m2,0,-0.20695512835003077,-0.20691987795840522,0.0,2.450054619802462e-07
1.1799999999999808,p2_m3,0,0.03962409425466292,0.0395771341708467,0.0,2.450054619802462e-07
1.1799999999999808,p3_m0,0,-0.16717569788381584,-0.16711924878649587,0.0,2.450054619802462e-07
1.1799999999999808,p3_m1,0,0.03048759884760393,0.030426748945429523,0.0,2.450054619802462e-07
1.1799999999999808,p3_m2,0,-0.039229713753331494,-0.039155286157411075,0.0,2.450054619802462e-07
1.1799999999999808,p3_m3,0,0.11545553354802436,0.11539136597763797,0.0,2.450054619802462e-07
1.1899999999999797,p0_m0,0,-0.06857638212083944,-0.06858089461561934,0.0,2.44546265283632e-07
1.1899999999999797,p0_m1,0,0.14370576799522125,0.14367792615545044,0.0,2.44546265283632e-07
1.1899999999999797,p0_m2,0,-0.1371519672025731,-0.13712362265884862,0.0,2.44546265283632e-07
1.1899999999999797,p0_m3,0,0.020884959113770026,0.020887401844702762,0.0,2.44546265283632e-07
1.1899999999999797,p1_m0,0,0.037224543726282165,0.037221223052044894,0.0,2.44546265283632e-07
1.1899999999999797,p1_m1,0,-0.20385528644947315,-0.2038250219356404,0.0,2.44546265283632e-07
1.1899999999999797,p1_m2,0,0.20377861917437942,0.20376136130584688,0.0,2.44546265283632e-07
1.1899999999999797,p1_m3,0,-0.08329961107972708,-0.08327712070331222,0.0,2.44546265283632e-07
1.1899999999999797,p2_m0,0,-0.0584614512831958,-0.056880573295644915,0.0,2.44546265283632e-07
1.1899999999999797,p2_m1,8,1.3483389775718895,1.3482810730861685,0.015,2.44546265283632e-07
1.1899999999999797,p2_m2,0,-0.20756630901960726,-0.20754574439917356,0.0,2.44546265283632e-07
1.1899999999999797,p2_m3,0,0.04005063504680276,0.04002937105117146,0.0,2.44546265283632e-07
1.1899999999999797,p3_m0,0,-0.16820576080451832,-0.16817766588403296,0.0,2.44546265283632e-07
1.1899999999999797,p3_m1,0,0.031697860123316705,0.031668137849915505,0.0,2.44546265283632e-07
1.1899999999999797,p3_m2,0,-0.040530781704028414,-0.04049735778314107,0.0,2.44546265283632e-07
1.1899999999999797,p3_m3,0,0.11651639676112643,0.11648698628216483,0.0,2.44546265283632e-07
1.1999999999999786,p0_m0,0,-0.05819321519404211,-0.05536201101367875,0.0,2.2910956129224565e-07
1.1999999999999786,p0_m1,0,0.12344410839656328,0.11724974657958168,0.0,2.2910956129224565e-07
1.1999999999999786,p0_m2,0,-0.1178716502195835,-0.112015920416865,0.0,2.2910956129224565e-07
1.1999999999999786,p0_m3,0,0.01816003107678453,0.01777670844422814,0.0,2.2910956129224565e-07
1.1999999999999786,p1_m0,0,0.03279980067281702,0.03170267582675699,0.0,2.2910956129224565e-07
1.1999999999999786,p1_m1,0,-0.17527565192759992,-0.16602820949543196,0.0,2.2910956129224565e-07
1.1999999999999786,p1_m2,0,0.1763523315267545,0.1669693776010385,0.0,2.2910956129224565e-07
1.1999999999999786,p1_m3,0,-0.07247152865631774,-0.0689178833942197,0.0,2.2910956129224565e-07
1.1999999999999786,p2_m0,0,-0.062385821263334744,-0.05771922825931987,0.0,2.2910956129224565e-07
1.1999999999999786,p2_m1,8,7.67880491638516,8.914542800283659,0.006339326643267817,2.2910956129224565e-07
1.1999999999999786,p2_m2,0,-0.17605547380257255,-0.16624509280158348,0.0,2.2910956129224565e-07
1.1999999999999786,p2_m3,0,0.03263204552236716,0.03090700150469981,0.0,2.2910956129224565e-07
1.1999999999999786,p3_m0,0,-0.1429679026901732,-0.13521192519701775,0.0,2.2910956129224565e-07
1.1999999999999786,p3_m1,0,0.026786163766906148,0.025642028678891426,0.0,2.2910956129224565e-07
1.1999999999999786,p3_m2,0,-0.03479867728319926,-0.03318479655254948,0.0,2.2910956129224565e-07
1.1999999999999786,p3_m3,0,0.0992184376866581,0.09422419256640721,0.0,2.2910956129224565e-07
1.2099999999999775,p0_m0,0,-0.036030518875906796,-0.03734238845723051,0.0,5.0073406802524514e-08
1.2099999999999775,p0_m1,0,0.08242614049097982,0.08550972269866396,0.0,5.0073406802524514e-08
1.2099999999999775,p0_m2,0,-0.0788231577543362,-0.08174769253422415,0.0,5.0073406802524514e-08
1.2099999999999775,p0_m3,0,0.012979132666521216,0.01325843204630156,0.0,5.0073406802524514e-08
1.2099999999999775,p1_m0,0,0.025614621265526816,0.025838224992972197,0.0,5.0073406802524514e-08
1.2099999999999775,p1_m1,0,-0.1166143395900873,-0.12112810439322913,0.0,5.0073406802524514e-08
1.2099999999999775,p1_m2,0,0.1185355714157951,0.12317659225165484,0.0,5.0073406802524514e-08
1.2099999999999775,p1_m3,0,-0.05218379847183762,-0.05342760131694815,0.0,5.0073406802524514e-08
1.2099999999999775,p2_m0,0,-0.0452984702368822,-0.046512491809127775,0.0,5.0073406802524514e-08
1.2099999999999775,p2_m1,8,3.852434125680387,3.4825380640335184,0.011611686571302104,5.0073406802524514e-08
1.2099999999999775,p2_m2,0,-0.1153637640273076,-0.12007433330734123,0.0,5.0073406802524514e-08
1.2099999999999775,p2_m3,0,0.02192049881795136,0.022302089754049924,0.0,5.0073406802524514e-08
1.2099999999999775,p3_m0,0,-0.09439010558758984,-0.09814631256544354,0.0,5.0073406802524514e-08
1.2099999999999775,p3_m1,0,0.02080045275647663,0.021017866766501657,0.0,5.0073406802524514e-08
1.2099999999999775,p3_m2,0,-0.02374428391418863,-0.024537395833300786,0.0,5.0073406802524514e-08
1.2099999999999775,p3_m3,0,0.06639040847547942,0.06883451078363863,0.0,5.0073406802524514e-08
1.2199999999999764,p0_m0,0,-0.056591311671198435,-0.05644150630254986,0.0,9.579642344072984e-08
1.2199999999999764,p0_m1,0,0.12192652826358356,0.12154627927650173,0.0,9.579642344072984e-08
1.2199999999999764,p0_m2,0,-0.11624587781595423,-0.11589350925262079,0.0,9.579642344072984e-08
1.2199999999999764,p0_m3,0,0.01615768084427776,0.01619507930908202,0.0,9.579642344072984e-08
1.2199999999999764,p1_m0,0,0.03200334986822439,0.03202824664213083,0.0,9.579642344072984e-08
1.2199999999999764,p1_m1,0,-0.17482154060806807,-0.17418808586473947,0.0,9.579642344072984e-08
1.2199999999999764,p1_m2,0,0.17330024741937955,0.1726808056871184,0.0,9.579642344072984e-08
1.2199999999999764,p1_m3,0,-0.07288715965042968,-0.0727275949282863,0.0,9.579642344072984e-08
1.2199999999999764,p2_m0,0,-0.07133098228065386,-0.07106855685937188,0.0,9.579642344072984e-08
1.2199999999999764,p2_m1,8,2.114559656570822,2.0609565710397075,0.015,9.579642344072984e-08
1.2199999999999764,p2_m2,0,-0.17609057331358424,-0.17541569250115333,0.0,9.579642344072984e-08
1.2199999999999764,p2_m3,0,0.03217533118624315,0.032151798611064264,0.0,9.579642344072984e-08
1.2199999999999764,p3_m0,0,-0.14262163547691667,-0.1421024316597764,0.0,9.579642344072984e-08
1.2199999999999764,p3_m1,0,0.02666143096991364,0.026682947650800263,0.0,9.579642344072984e-08
1.2199999999999764,p3_m2,0,-0.03370146695087608,-0.03364135781185452,0.0,9.579642344072984e-08
1.2199999999999764,p3_m3,0,0.09740864071523804,0.09713698803241153,0.0,9.579642344072984e-08
1.2299999999999753,p0_m0,0,-0.06518135959291779,-0.06492546278953505,0.0,1.9343493152330018e-07
1.2299999999999753,p0_m1,0,0.13770259579446933,0.1372463188538796,0.0,1.9343493152330018e-07
1.2299999999999753,p0_m2,0,-0.13135462458524969,-0.13092243299418835,0.0,1.9343493152330018e-07
1.2299999999999753,p0_m3,0,0.01878487557544431,0.018748106878300735,0.0,1.9343493152330018e-07
1.2299999999999753,p1_m0,0,0.03608854817479478,0.035989428979593,0.0,1.9343493152330018e-07
1.2299999999999753,p1_m1,0,-0.19662437245871878,-0.1959541209697615,0.0,1.9343493152330018e-07
1.2299999999999753,p1_m2,0,0.19438104193062825,0.19379522506413077,0.0,1.9343493152330018e-07
1.2299999999999753,p1_m3,0,-0.08163103610053463,-0.08135660606576531,0.0,1.9343493152330018e-07
1.2299999999999753,p2_m0,0,-0.08184552352624361,-0.08150165577338779,0.0,1.9343493152330018e-07
1.2299999999999753,p2_m1,8,1.5921452938568008,1.5955227731224855,0.015,1.9343493152330018e-07
1.2299999999999753,p2_m2,0,-0.19848640537175097,-0.1977816045034041,0.0,1.9343493152330018e-07
1.2299999999999753,p2_m3,0,0.0374447311039353,0.03729206252460046,0.0,1.9343493152330018e-07
1.2299999999999753,p3_m0,0,-0.16078175518747997,-0.1602235582308548,0.0,1.9343493152330018e-07
1.2299999999999753,p3_m1,0,0.030371211278442944,0.030274617804994203,0.0,1.9343493152330018e-07
1.2299999999999753,p3_m2,0,-0.03840709178333697,-0.03829026542159635,0.0,1.9343493152330018e-07
1.2299999999999753,p3_m3,0,0.11033529882893303,0.10997432167003658,0.0,1.9343493152330018e-07
1.2399999999999742,p0_m0,0,-0.06777862523049785,-0.06769557316288315,0.0,2.3234025809922187e-07
1.2399999999999742,p0_m1,0,0.14277816280098143,0.14262311868661254,0.0,2.3234025809922187e-07
1.2399999999999742,p0_m2,0,-0.13628149920548102,-0.13613298945875785,0.0,2.3234025809922187e-07
1.2399999999999742,p0_m3,0,0.02014745169729413,0.020120871258110153,0.0,2.3234025809922187e-07
1.2399999999999742,p1_m0,0,0.03766007806363535,0.037623238035426346,0.0,2.3234025809922187e-07
1.2399999999999742,p1_m1,0,-0.20314763525115342,-0.20293535229632917,0.0,2.3234025809922187e-07
1.2399999999999742,p1_m2,0,0.20158804426260035,0.2013776654725052,0.0,2.3234025809922187e-07
1.2399999999999742,p1_m3,0,-0.08413028903083287,-0.08404892211141735,0.0,2.3234025809922187e-07
1.2399999999999742,p2_m0,0,-0.08453368144959775,-0.08442921753054487,0.0,2.3234025809922187e-07
1.2399999999999742,p2_m1,8,1.4326776328481567,1.4346546181704452,0.015,2.3234025809922187e-07
1.2399999999999742,p2_m2,0,-0.20483741899680302,-0.20461520983655324,0.0,2.3234025809922187e-07
1.2399999999999742,p2_m3,0,0.03897405842652328,0.038920627692182054,0.0,2.3234025809922187e-07
1.2399999999999742,p3_m0,0,-0.1661348860467252,-0.1659550064773206,0.0,2.3234025809922187e-07
1.2399999999999742,p3_m1,0,0.03162400757792709,0.031587756344660024,0.0,2.3234025809922187e-07
1.2399999999999742,p3_m2,0,-0.04014400806194829,-0.04009642071904088,0.0,2.3234025809922187e-07
1.2399999999999742,p3_m3,0,0.11460590297363998,0.1144765141382333,0.0,2.3234025809922187e-07
1.2499999999999731,p0_m0,0,-0.06659056946044073,-0.0664988537026946,0.0,2.3765390724074312e-07
1.2499999999999731,p0_m1,0,0.14165925598236223,0.14151244917902428,0.0,2.3765390724074312e-07
1.2499999999999731,p0_m2,0,-0.13512677658976585,-0.1349790708884033,0.0,2.3765390724074312e-07
1.2499999999999731,p0_m3,0,0.019293202021380778,0.019213130667583116,0.0,2.3765390724074312e-07
1.2499999999999731,p1_m0,0,0.03669984644690643,0.0366249899089315,0.0,2.3765390724074312e-07
1.2499999999999731,p1_m1,0,-0.20256432316339193,-0.2024286958231443,0.0,2.3765390724074312e-07
1.2499999999999731,p1_m2,0,0.2030895358263493,0.2029864918565697,0.0,2.3765390724074312e-07
1.2499999999999731,p1_m3,0,-0.08367227524011749,-0.08362379413229115,0.0,2.3765390724074312e-07
1.2499999999999731,p2_m0,0,-0.0834194138151126,-0.0833520552300787,0.0,2.3765390724074312e-07
1.2499999999999731,p2_m1,8,1.8284450851239613,1.834263965906174,0.015,2.3765390724074312e-07
1.2499999999999731,p2_m2,0,-0.2036973510021542,-0.20355439394742297,0.0,2.3765390724074312e-07
1.2499999999999731,p2_m3,0,0.03724556156037706,0.037154037186963966,0.0,2.3765390724074312e-07
1.2499999999999731,p3_m0,0,-0.1648704640401141,-0.16472780931419997,0.0,2.3765390724074312e-07
1.2499999999999731,p3_m1,0,0.030186271940427233,0.03010453829629316,0.0,2.3765390724074312e-07
1.2499999999999731,p3_m2,0,-0.0393572214207843,-0.039282050406168056,0.0,2.3765390724074312e-07
1.2499999999999731,p3_m3,0,0.11314889873519335,0.11299983347395394,0.0,2.3765390724074312e-07
1.259999999999972,p0_m0,0,0.03486860083057062,0.03303663809456784,0.0,1.9053543326626717e-06
1.259999999999972,p0_m1,0,-0.036143161094850614,-0.033731500778353955,0.0,1.9053543326626717e-06
1.259999999999972,p0_m2,0,0.03067230151404888,0.028464157693876627,0.0,1.9053543326626717e-06
1.259999999999972,p0_m3,0,0.0020400066799831588,0.002205024718356503,0.0,1.9053543326626717e-06
1.259999999999972,p1_m0,0,-0.012421127195471825,-0.011564063496153899,0.0,1.9053543326626717e-06
1.259999999999972,p1_m1,0,0.08369623158436461,0.07947862187783353,0.0,1.9053543326626717e-06
1.259999999999972,p1_m2,0,-0.09211487558630735,-0.0877459136518004,0.0,1.9053543326626717e-06
1.259999999999972,p1_m3,0,0.06552613319988694,0.06334809461068874,0.0,1.9053543326626717e-06
1.259999999999972,p2_m0,0,0.0580278429332337,0.05608898269228243,0.0,1.9053543326626717e-06
1.259999999999972,p2_m1,0,0.32929362693483505,0.45286563244340966,0.0,1.9053543326626717e-06
1.259999999999972,p2_m2,8,1.6436188497684312,1.539098172997374,0.015,1.9053543326626717e-06
1.259999999999972,p2_m3,0,-0.02157969942361685,-0.02087935476800711,0.0,1.9053543326626717e-06
1.259999999999972,p3_m0,0,0.07164115330571125,0.06807809691789338,0.0,1.9053543326626717e-06
1.259999999999972,p3_m1,0,-0.01095434044649778,-0.010546169662314479,0.0,1.9053543326626717e-06
1.259999999999972,p3_m2,0,-0.022795705701419096,-0.022788775938025724,0.0,1.9053543326626717e-06
1.259999999999972,p3_m3,0,0.03579641787779349,0.03628427557407156,0.0,1.9053543326626717e-06
1.269999999999971,p0_m0,0,0.07271243072509276,0.07184659836560928,0.0,3.7006698407921053e-06
1.269999999999971,p0_m1,0,-0.11300278089721966,-0.11133749542084191,0.0,3.7006698407921053e-06
1.269999999999971,p0_m2,0,0.10286694299091435,0.10130237669711009,0.0,3.7006698407921053e-06
1.269999999999971,p0_m3,0,-0.008109306337854118,-0.007966197782283403,0.0,3.7006698407921053e-06
1.269999999999971,p1_m0,0,-0.03356547114376077,-0.03328961827572435,0.0,3.7006698407921053e-06
1.269999999999971,p1_m1,0,0.2033698180907489,0.20079907110358217,0.0,3.7006698407921053e-06
1.269999999999971,p1_m2,0,-0.21496372496927219,-0.21231220724713895,0.0,3.7006698407921053e-06
1.269999999999971,p1_m3,0,0.13278053382089788,0.1315836337685477,0.0,3.7006698407921053e-06
1.269999999999971,p2_m0,0,0.11887574390834756,0.11757046013209925,0.0,3.7006698407921053e-06
1.269999999999971,p2_m1,0,-0.06181571343208598,-0.04965648039062182,0.0,3.7006698407921053e-06
1.269999999999971,p2_m2,8,2.185450942473482,2.1749453191544483,0.015,3.7006698407921053e-06
1.269999999999971,p2_m3,0,-0.04819504192289796,-0.047615533917412495,0.0,3.7006698407921053e-06
1.269999999999971,p3_m0,0,0.16759939633858145,0.16540249367930124,0.0,3.7006698407921053e-06
1.269999999999971,p3_m1,0,-0.031151692929820732,-0.030749635976280353,0.0,3.7006698407921053e-06
1.269999999999971,p3_m2,0,-0.01859781756510531,-0.01896657934072884,0.0,3.7006698407921053e-06
1.269999999999971,p3_m3,0,0.006318024240626338,0.007574682855967449,0.0,3.7006698407921053e-06
1.2799999999999698,p0_m0,0,0.03998521688561984,0.03974963375347327,0.0,1.3297622157080088e-06
1.2799999999999698,p0_m1,0,-0.062345906187213015,-0.06188523700739001,0.0,1.3297622157080088e-06
1.2799999999999698,p0_m2,0,0.057903661871819945,0.05741368750434677,0.0,1.3297622157080088e-06
1.2799999999999698,p0_m3,0,-0.012371383006823838,-0.011907932782837739,0.0,1.3297622157080088e-06
1.2799999999999698,p1_m0,0,-0.02122131087801116,-0.02110455909019643,0.0,1.3297622157080088e-06
1.2799999999999698,p1_m1,0,0.10090539759537591,0.10083316734834405,0.0,1.3297622157080088e-06
1.2799999999999698,p1_m2,0,-0.10496572447531487,-0.1049806592901373,0.0,1.3297622157080088e-06
1.2799999999999698,p1_m3,0,0.06506616643992577,0.06520432939750415,0.0,1.3297622157080088e-06
1.2799999999999698,p2_m0,0,0.05170568611973883,0.05187587385046283,0.0,1.3297622157080088e-06
1.2799999999999698,p2_m1,0,-0.04630132737501952,-0.04318847259785874,0.0,1.3297622157080088e-06
1.2799999999999698,p2_m2,8,7.996529937584595,8.243069556050292,-5.825213955622743e-06,1.3297622157080088e-06
1.2799999999999698,p2_m3,0,-0.046541971430179976,-0.04639802990137358,0.0,1.3297622157080088e-06
1.2799999999999698,p3_m0,0,0.07131401891360618,0.07190752818921453,0.0,1.3297622157080088e-06
1.2799999999999698,p3_m1,0,-0.015204190287425515,-0.014526028638511154,0.0,1.3297622157080088e-06
1.2799999999999698,p3_m2,0,-0.014336110326785398,-0.013916746536478643,0.0,1.3297622157080088e-06
1.2799999999999698,p3_m3,0,0.0012699247906096205,0.0013951716236646774,0.0,1.3297622157080088e-06
1.2899999999999687,p0_m0,0,0.03210374349160571,0.03376281910789023,0.0,6.540509392255372e-07
1.2899999999999687,p0_m1,0,-0.053807400131520695,-0.05643916901183413,0.0,6.540509392255372e-07
1.2899999999999687,p0_m2,0,0.051339404394519325,0.05379191924558682,0.0,6.540509392255372e-07
1.2899999999999687,p0_m3,0,-0.015117711689849222,-0.015527180888493792,0.0,6.540509392255372e-07
1.2899999999999687,p1_m0,0,-0.022272132126405726,-0.023272240411249416,0.0,6.540509392255372e-07
1.2899999999999687,p1_m1,0,0.07533802187392007,0.07956640171456807,0.0,6.540509392255372e-07
1.2899999999999687,p1_m2,0,-0.07755496344821594,-0.08200177644471837,0.0,6.540509392255372e-07
1.2899999999999687,p1_m3,0,0.0434930857634687,0.04558829770129506,0.0,6.540509392255372e-07
1.2899999999999687,p2_m0,0,0.03335323436382154,0.03500992564682775,0.0,6.540509392255372e-07
1.2899999999999687,p2_m1,0,-0.05730244431220831,-0.060984064654994015,0.0,6.540509392255372e-07
1.2899999999999687,p2_m2,8,4.428345219868268,3.9749893230049,0.009823950237388945,6.540509392255372e-07
1.2899999999999687,p2_m3,0,-0.02620976480413349,-0.027024170873086204,0.0,6.540509392255372e-07
1.2899999999999687,p3_m0,0,0.05947854969076801,0.06309144467079571,0.0,6.540509392255372e-07
1.2899999999999687,p3_m1,0,-0.013509585959684954,-0.01384718165257933,0.0,6.540509392255372e-07
1.2899999999999687,p3_m2,0,0.005583438428876463,0.0056133968783804965,0.0,6.540509392255372e-07
1.2899999999999687,p3_m3,0,-0.02775869950854157,-0.02919626681327377,0.0,6.540509392255372e-07
1.2999999999999676,p0_m0,0,0.06419615614175717,0.06460600555088862,0.0,1.254577462245279e-06
1.2999999999999676,p0_m1,0,-0.1101368879694092,-0.11048723267921022,0.0,1.254577462245279e-06
1.2999999999999676,p0_m2,0,0.10294049972363574,0.10314821897021458,0.0,1.254577462245279e-06
1.2999999999999676,p0_m3,0,-0.01858153964998933,-0.018180178845280198,0.0,1.254577462245279e-06
1.2999999999999676,p1_m0,0,-0.03796278329503433,-0.038007419567892546,0.0,1.254577462245279e-06
1.2999999999999676,p1_m1,0,0.17468979096873757,0.176328936834598,0.0,1.254577462245279e-06
1.2999999999999676,p1_m2,0,-0.1824125667348665,-0.18418348000056414,0.0,1.254577462245279e-06
1.2999999999999676,p1_m3,0,0.10155567689584315,0.10357069339740159,0.0,1.254577462245279e-06
1.2999999999999676,p2_m0,0,0.08816603657346515,0.0895965367838203,0.0,1.254577462245279e-06
1.2999999999999676,p2_m1,0,-0.18644093858539304,-0.18798023666773603,0.0,1.254577462245279e-06
1.2999999999999676,p2_m2,8,2.9859169191344384,2.8300517042874547,0.014869395916448836,1.254577462245279e-06
1.2999999999999676,p2_m3,0,-0.04226606332114285,-0.04283581174112071,0.0,1.254577462245279e-06
1.2999999999999676,p3_m0,0,0.14344979977631028,0.14439944912803876,0.0,1.254577462245279e-06
1.2999999999999676,p3_m1,0,-0.029867357543160587,-0.030077401590829566,0.0,1.254577462245279e-06
1.2999999999999676,p3_m2,0,0.005305543554108056,0.003972614246643558,0.0,1.254577462245279e-06
1.2999999999999676,p3_m3,0,-0.060395340131316,-0.05888810786703412,0.0,1.254577462245279e-06
1.3099999999999665,p0_m0,0,0.044275514630267736,0.04306292769047855,0.0,2.3613158635397317e-06
1.3099999999999665,p0_m1,0,-0.07672782153794673,-0.07467707494666394,0.0,2.3613158635397317e-06
1.3099999999999665,p0_m2,0,0.07150536806118514,0.06965256714422607,0.0,2.3613158635397317e-06
1.3099999999999665,p0_m3,0,-0.012305448316558963,-0.012272312561762986,0.0,2.3613158635397317e-06
1.3099999999999665,p1_m0,0,-0.029834388787999835,-0.029202921616489907,0.0,2.3613158635397317e-06
1.3099999999999665,p1_m1,0,0.1252261945494209,0.12137742211353952,0.0,2.3613158635397317e-06
1.3099999999999665,p1_m2,0,-0.13003160421266408,-0.12596815114464324,0.0,2.3613158635397317e-06
1.3099999999999665,p1_m3,0,0.07888318878164387,0.0762176411497011,0.0,2.3613158635397317e-06
1.3099999999999665,p2_m0,0,0.06109761637042476,0.05875669872318392,0.0,2.3613158635397317e-06
1.3099999999999665,p2_m1,0,-0.12941471053634246,-0.12474817869097406,0.0,2.3613158635397317e-06
1.3099999999999665,p2_m2,8,8.008106458554977,8.441460144767042,-4.604737431971806e-05,2.3613158635397317e-06
1.3099999999999665,p2_m3,0,-0.026052511215174174,-0.025173620757899546,0.0,2.3613158635397317e-06
1.3099999999999665,p3_m0,0,0.09634363949630442,0.09320564895431374,0.0,2.3613158635397317e-06
1.3099999999999665,p3_m1,0,-0.01916082953162691,-0.018534302501134896,0.0,2.3613158635397317e-06
1.3099999999999665,p3_m2,0,-0.0035219117773084506,-0.003015478116159335,0.0,2.3613158635397317e-06
1.3099999999999665,p3_m3,0,-0.03423992204127895,-0.033644730674220455,0.0,2.3613158635397317e-06
1.3199999999999654,p0_m0,0,0.019613205698775612,0.02108376751483159,0.0,3.0490624175731666e-07
1.3199999999999654,p0_m1,0,-0.034975397966910855,-0.03758878015125257,0.0,3.0490624175731666e-07
1.3199999999999654,p0_m2,0,0.033185785808457616,0.035659443623790914,0.0,3.0490624175731666e-07
1.3199999999999654,p0_m3,0,-0.008604582743798982,-0.00910360460903422,0.0,3.0490624175731666e-07
1.3199999999999654,p1_m0,0,-0.017102149587083428,-0.017883210557090808,0.0,3.0490624175731666e-07
1.3199999999999654,p1_m1,0,0.052712049872133855,0.05647317601373568,0.0,3.0490624175731666e-07
1.3199999999999654,p1_m2,0,-0.053901703601340285,-0.05784404759790541,0.0,3.0490624175731666e-07
1.3199999999999654,p1_m3,0,0.033556380629957167,0.03556663071483578,0.0,3.0490624175731666e-07
1.3199999999999654,p2_m0,0,0.01984905754924867,0.022223609639241367,0.0,3.0490624175731666e-07
1.3199999999999654,p2_m1,0,-0.04597545030898326,-0.05060420982448997,0.0,3.0490624175731666e-07
1.3199999999999654,p2_m2,8,6.252296468450409,5.891226116988552,0.003159913008699156,3.0490624175731666e-07
1.3199999999999654,p2_m3,0,-0.00769966374624237,-0.009088064359638482,0.0,3.0490624175731666e-07
1.3199999999999654,p3_m0,0,0.03574252833956898,0.03939396494579416,0.0,3.0490624175731666e-07
1.3199999999999654,p3_m1,0,-0.0073304754699736975,-0.008428829648648536,0.0,3.0490624175731666e-07
1.3199999999999654,p3_m2,0,0.00024325370782001194,0.0009015934993837619,0.0,3.0490624175731666e-07
1.3199999999999654,p3_m3,0,-0.015682141283663246,-0.01781913424054007,0.0,3.0490624175731666e-07
1.3299999999999643,p0_m0,0,0.04375768027814921,0.044576559712929655,0.0,5.969240894895432e-07
1.3299999999999643,p0_m1,0,-0.07775397290800456,-0.07917510088459767,0.0,5.969240894895432e-07
1.3299999999999643,p0_m2,0,0.07396065079964896,0.0751842427961577,0.0,5.969240894895432e-07
1.3299999999999643,p0_m3,0,-0.018445170390480332,-0.018244443927113444,0.0,5.969240894895432e-07
1.3299999999999643,p1_m0,0,-0.03148917453274876,-0.03162417708275208,0.0,5.969240894895432e-07
1.3299999999999643,p1_m1,0,0.11221383656146582,0.11544150178033781,0.0,5.969240894895432e-07
1.3299999999999643,p1_m2,0,-0.11622413219373216,-0.1196568084145512,0.0,5.969240894895432e-07
1.3299999999999643,p1_m3,0,0.05879032955309245,0.06128727290744679,0.0,5.969240894895432e-07
1.3299999999999643,p2_m0,0,0.048055471214002346,0.050281996295633145,0.0,5.969240894895432e-07
1.3299999999999643,p2_m1,0,-0.11751007951138348,-0.12120000293214463,0.0,5.969240894895432e-07
1.3299999999999643,p2_m2,8,3.403535282823673,3.1035496994147924,0.013361958073838316,5.969240894895432e-07
1.3299999999999643,p2_m3,0,-0.022612124021304705,-0.023410815104119635,0.0,5.969240894895432e-07
1.3299999999999643,p3_m0,0,0.09234095482724786,0.09469954458639417,0.0,5.969240894895432e-07
1.3299999999999643,p3_m1,0,-0.018669704608458553,-0.01921449878582365,0.0,5.969240894895432e-07
1.3299999999999643,p3_m2,0,0.012839620227601241,0.012101852554238953,0.0,5.969240894895432e-07
1.3299999999999643,p3_m3,0,-0.05916234553324141,-0.05923914269884865,0.0,5.969240894895432e-07
1.3399999999999632,p0_m0,0,0.07333128319008793,0.06871561670117528,0.0,2.7899360292423796e-06
1.3399999999999632,p0_m1,0,-0.12505511591284085,-0.11751330632748028,0.0,2.7899360292423796e-06
1.3399999999999632,p0_m2,0,0.1158067877778022,0.10895527924436521,0.0,2.7899360292423796e-06
1.3399999999999632,p0_m3,0,-0.016224090486471613,-0.01583431364351425,0.0,2.7899360292423796e-06
1.3399999999999632,p1_m0,0,-0.04314052281952234,-0.04117053924961595,0.0,2.7899360292423796e-06
1.3399999999999632,p1_m1,0,0.2086188252204558,0.19502259389892573,0.0,2.7899360292423796e-06
1.3399999999999632,p1_m2,0,-0.21846047051524753,-0.2040753597326395,0.0,2.7899360292423796e-06
1.3399999999999632,p1_m3,0,0.12979636352099547,0.12105862898000777,0.0,2.7899360292423796e-06
1.3399999999999632,p2_m0,0,0.10930194583145786,0.10115903314259042,0.0,2.7899360292423796e-06
1.3399999999999632,p2_m1,0,-0.23069553621694533,-0.2145049449720914,0.0,2.7899360292423796e-06
1.3399999999999632,p2_m2,8,6.94506538984945,8.354529896223276,0.015,2.7899360292423796e-06
1.3399999999999632,p2_m3,0,-0.04536730091755849,-0.042010637305328336,0.0,2.7899360292423796e-06
1.3399999999999632,p3_m0,0,0.16743885602881087,0.1560265869333948,0.0,2.7899360292423796e-06
1.3399999999999632,p3_m1,0,-0.033829628754998245,-0.03138922277036078,0.0,2.7899360292423796e-06
1.3399999999999632,p3_m2,0,-0.005472865168377471,-0.004612432658635088,0.0,2.7899360292423796e-06
1.3399999999999632,p3_m3,0,-0.059286107394335034,-0.05636260333634081,0.0,2.7899360292423796e-06
1.3499999999999621,p0_m0,0,0.0266884442024625,0.027355763923823412,0.0,1.3380744441199121e-06
1.3499999999999621,p0_m1,0,-0.04697214974040196,-0.048029421547756225,0.0,1.3380744441199121e-06
1.3499999999999621,p0_m2,0,0.04414276385758439,0.04510602490515667,0.0,1.3380744441199121e-06
1.3499999999999621,p0_m3,0,-0.009667189142926127,-0.009722112213170833,0.0,1.3380744441199121e-06
1.3499999999999621,p1_m0,0,-0.021296360280901514,-0.02152434603290831,0.0,1.3380744441199121e-06
1.3499999999999621,p1_m1,0,0.0742767428845491,0.076129732855995,0.0,1.3380744441199121e-06
1.3499999999999621,p1_m2,0,-0.07640636457429387,-0.07840618638486135,0.0,1.3380744441199121e-06
1.3499999999999621,p1_m3,0,0.04765916670777228,0.04873506983011203,0.0,1.3380744441199121e-06
1.3499999999999621,p2_m0,0,0.030552002266813802,0.03165527640111065,0.0,1.3380744441199121e-06
1.3499999999999621,p2_m1,0,-0.06974173107316897,-0.07205616304090579,0.0,1.3380744441199121e-06
1.3499999999999621,p2_m2,8,7.986887532594093,8.086070475757353,3.2184281156816045e-05,1.3380744441199121e-06
1.3499999999999621,p2_m3,0,-0.011009681318034346,-0.011467474416513412,0.0,1.3380744441199121e-06
1.3499999999999621,p3_m0,0,0.0515225357840339,0.053184052833102166,0.0,1.3380744441199121e-06
1.3499999999999621,p3_m1,0,-0.009122004443236255,-0.009473944172474429,0.0,1.3380744441199121e-06
1.3499999999999621,p3_m2,0,-0.0027231378339528565,-0.002716030637213672,0.0,1.3380744441199121e-06
1.3499999999999621,p3_m3,0,-0.019491683451977725,-0.02004747191216205,0.0,1.3380744441199121e-06
1.359999999999961,p0_m0,0,0.027747813522907706,0.029253090637615154,0.0,9.121751298180217e-08
1.359999999999961,p0_m1,0,-0.049363864676738034,-0.05183096283535373,0.0,9.121751298180217e-08
1.359999999999961,p0_m2,0,0.047390488184743416,0.04970483776699103,0.0,9.121751298180217e-08
1.359999999999961,p0_m3,0,-0.014041597359537814,-0.014490368387791525,0.0,9.121751298180217e-08
1.359999999999961,p1_m0,0,-0.02291896701865861,-0.023878746201529164,0.0,9.121751298180217e-08
1.359999999999961,p1_m1,0,0.06778254657884229,0.0716064077237807,0.0,9.121751298180217e-08
1.359999999999961,p1_m2,0,-0.06953101457770386,-0.07353192586276329,0.0,9.121751298180217e-08
1.359999999999961,p1_m3,0,0.0386042732652732,0.04036238606872433,0.0,9.121751298180217e-08
1.359999999999961,p2_m0,0,0.025960540207139365,0.02731851628938744,0.0,9.121751298180217e-08
1.359999999999961,p2_m1,0,-0.0649977821003548,-0.06939139633307181,0.0,9.121751298180217e-08
1.359999999999961,p2_m2,8,4.397913379247658,3.942438815763823,0.009924041546932395,9.121751298180217e-08
1.359999999999961,p2_m3,0,-0.011862522613906381,-0.012503873582397641,0.0,9.121751298180217e-08
1.359999999999961,p3_m0,0,0.052334295852647345,0.05565266720691499,0.0,9.121751298180217e-08
1.359999999999961,p3_m1,0,-0.011230239373527963,-0.011489740896979054,0.0,9.121751298180217e-08
1.359999999999961,p3_m2,0,0.008560384046967979,0.008788849957712024,0.0,9.121751298180217e-08
1.359999999999961,p3_m3,0,-0.03351543555669062,-0.03539942447383597,0.0,9.121751298180217e-08
1.36999999999996,p0_m0,0,0.0631276983452145,0.06344929978886678,0.0,1.6153091051607452e-06
1.36999999999996,p0_m1,0,-0.10932625472056266,-0.10956863415410886,0.0,1.6153091051607452e-06
1.36999999999996,p0_m2,0,0.10223056402687188,0.10234182834732256,0.0,1.6153091051607452e-06
1.36999999999996,p0_m3,0,-0.01843486558945817,-0.018017504988617056,0.0,1.6153091051607452e-06
1.36999999999996,p1_m0,0,-0.03828487140924297,-0.03834828747645171,0.0,1.6153091051607452e-06
1.36999999999996,p1_m1,0,0.17311570009990146,0.17456544620130532,0.0,1.6153091051607452e-06
1.36999999999996,p1_m2,0,-0.1807948097089668,-0.1823614866466178,0.0,1.6153091051607452e-06
1.36999999999996,p1_m3,0,0.1005933785262256,0.10248372082993631,0.0,1.6153091051607452e-06
1.36999999999996,p2_m0,0,0.08560726908387126,0.08690586100641719,0.0,1.6153091051607452e-06
1.36999999999996,p2_m1,0,-0.188987419438961,-0.19071308556154967,0.0,1.6153091051607452e-06
1.36999999999996,p2_m2,8,2.9772714843158052,2.823639612548112,0.014899437999210681,1.6153091051607452e-06
1.36999999999996,p2_m3,0,-0.037130335786994074,-0.037452853572508375,0.0,1.6153091051607452e-06
1.36999999999996,p3_m0,0,0.14056798608080837,0.14139620304489314,0.0,1.6153091051607452e-06
1.36999999999996,p3_m1,0,-0.02840773622202841,-0.028597250466392873,0.0,1.6153091051607452e-06
1.36999999999996,p3_m2,0,0.0054786507094693165,0.004232314567231544,0.0,1.6153091051607452e-06
1.36999999999996,p3_m3,0,-0.06217240628518121,-0.06093500074383157,0.0,1.6153091051607452e-06
1.3799999999999588,p0_m0,0,0.04429906450175406,0.043058001003781265,0.0,2.4748898582652938e-06
1.3799999999999588,p0_m1,0,-0.076841410278023,-0.07476063030365802,0.0,2.4748898582652938e-06
1.3799999999999588,p0_m2,0,0.07164991930090026,0.06977023955147554,0.0,2.4748898582652938e-06
1.3799999999999588,p0_m3,0,-0.012687111140867171,-0.012642473555470957,0.0,2.4748898582652938e-06
1.3799999999999588,p1_m0,0,-0.030051355441805545,-0.029423638639519203,0.0,2.4748898582652938e-06
1.3799999999999588,p1_m1,0,0.12486507299255727,0.12097325084194178,0.0,2.4748898582652938e-06
1.3799999999999588,p1_m2,0,-0.12966840855836556,-0.12555869399510505,0.0,2.4748898582652938e-06
1.3799999999999588,p1_m3,0,0.07859542920031222,0.07590528209998627,0.0,2.4748898582652938e-06
1.3799999999999588,p2_m0,0,0.05990725503955398,0.057530411991909385,0.0,2.4748898582652938e-06
1.3799999999999588,p2_m1,0,-0.12965790513679218,-0.1250739988859157,0.0,2.4748898582652938e-06
1.3799999999999588,p2_m2,8,8.008133189026424,8.441864229755733,-4.6127232751537404e-05,2.4748898582652938e-06
1.3799999999999588,p2_m3,0,-0.024026959117406856,-0.02306151811482253,0.0,2.4748898582652938e-06
1.3799999999999588,p3_m0,0,0.09463805794443261,0.09147353932098455,0.0,2.4748898582652938e-06
1.3799999999999588,p3_m1,0,-0.018064718696058954,-0.01743419192476793,0.0,2.4748898582652938e-06
1.3799999999999588,p3_m2,0,-0.003933156899152799,-0.0034066753848003965,0.0,2.4748898582652938e-06
1.3799999999999588,p3_m3,0,-0.0348117067834562,-0.03421656318233594,0.0,2.4748898582652938e-06
1.3899999999999577,p0_m0,0,0.00798486837742093,0.009679908442141364,0.0,1.7400245609153e-06
1.3899999999999577,p0_m1,0,0.05902884833011158,0.04791786147873462,0.0,1.7400245609153e-06
1.3899999999999577,p0_m2,0,-0.06777170639323682,-0.05596081302840209,0.0,1.7400245609153e-06
1.3899999999999577,p0_m3,0,0.045625459944321926,0.0397649120623969,0.0,1.7400245609153e-06
1.3899999999999577,p1_m0,0,0.006449637973725296,0.0039667822314133384,0.0,1.7400245609153e-06
1.3899999999999577,p1_m1,0,0.02514762649982532,0.029421083835835412,0.0,1.7400245609153e-06
1.3899999999999577,p1_m2,0,-0.033511314762873556,-0.03711597134173792,0.0,1.7400245609153e-06
1.3899999999999577,p1_m3,0,0.06605237366627814,0.06302570256152654,0.0,1.7400245609153e-06
1.3899999999999577,p2_m0,0,-0.03926433621462246,-0.0320024712626599,0.0,1.7400245609153e-06
1.3899999999999577,p2_m1,0,-0.026531167549385597,-0.029931864978469228,0.0,1.7400245609153e-06
1.3899999999999577,p2_m2,0,7.901940514516461,7.926274582659436,0.0,1.7400245609153e-06
1.3899999999999577,p2_m3,8,8.0043506625328,8.68485609864345,0.00021555700152499035,1.7400245609153e-06
1.3899999999999577,p3_m0,0,-0.03229805874356034,-0.024378272661586015,0.0,1.7400245609153e-06
1.3899999999999577,p3_m1,0,0.03964506776458192,0.03498919156056339,0.0,1.7400245609153e-06
1.3899999999999577,p3_m2,0,-0.11694540888353602,-0.10472768457999605,0.0,1.7400245609153e-06
1.3899999999999577,p3_m3,0,0.09337506745998032,0.08150755855350579,0.0,1.7400245609153e-06
1.3999999999999566,p0_m0,0,0.0033256960523844288,0.0031321787551356057,0.0,6.455147867518122e-08
1.3999999999999566,p0_m1,0,0.04528202067702006,0.04911118184040226,0.0,6.455147867518122e-08
1.3999999999999566,p0_m2,0,-0.05131799660577443,-0.055491840427307426,0.0,6.455147867518122e-08
1.3999999999999566,p0_m3,0,0.03999754224320632,0.04287633908996021,0.0,6.455147867518122e-08
1.3999999999999566,p1_m0,0,0.009876511434868129,0.010950366572374795,0.0,6.455147867518122e-08
1.3999999999999566,p1_m1,0,0.011870590478783524,0.01134291348278826,0.0,6.455147867518122e-08
1.3999999999999566,p1_m2,0,-0.01770090803371613,-0.01751042574764038,0.0,6.455147867518122e-08
1.3999999999999566,p1_m3,0,0.03873621425634202,0.040418709774386184,0.0,6.455147867518122e-08
1.3999999999999566,p2_m0,0,-0.026695691692702965,-0.028557046327519552,0.0,6.455147867518122e-08
1.3999999999999566,p2_m1,0,-0.009986500346806218,-0.010011476445250548,0.0,6.455147867518122e-08
1.3999999999999566,p2_m2,0,3.6794995501902727,3.727106011193303,0.0,6.455147867518122e-08
1.3999999999999566,p2_m3,8,4.6807787967447085,4.205760856480058,0.008878550303864184,6.455147867518122e-08
1.3999999999999566,p3_m0,0,-0.029976835329462184,-0.0321695691774191,0.0,6.455147867518122e-08
1.3999999999999566,p3_m1,0,0.05466701709440915,0.05781602728854642,0.0,6.455147867518122e-08
1.3999999999999566,p3_m2,0,-0.08140387191021202,-0.08618726698783706,0.0,6.455147867518122e-08
1.3999999999999566,p3_m3,0,0.07535594000417382,0.08010420756692259,0.0,6.455147867518122e-08
1.4099999999999555,p0_m0,0,-0.012911902640523942,-0.013244991834814616,0.0,1.5857843505704632e-06
1.4099999999999555,p0_m1,0,0.16315810297989547,0.16442986021259653,0.0,1.5857843505704632e-06
1.4099999999999555,p0_m2,0,-0.17737419599018828,-0.1787688450152049,0.0,1.5857843505704632e-06
1.4099999999999555,p0_m3,0,0.11073168161893258,0.11087395184825423,0.0,1.5857843505704632e-06
1.4099999999999555,p1_m0,0,0.03752288142831693,0.038119145000341186,0.0,1.5857843505704632e-06
1.4099999999999555,p1_m1,0,-0.02696676053894139,-0.027016783512633976,0.0,1.5857843505704632e-06
1.4099999999999555,p1_m2,0,0.01313843252057439,0.013063101286555431,0.0,1.5857843505704632e-06
1.4099999999999555,p1_m3,0,0.07452828231159413,0.07550485727033182,0.0,1.5857843505704632e-06
1.4099999999999555,p2_m0,0,-0.10084881463087439,-0.10206367799161617,0.0,1.5857843505704632e-06
1.4099999999999555,p2_m1,0,0.013837228648526202,0.01319719416669325,0.0,1.5857843505704632e-06
1.4099999999999555,p2_m2,0,1.312746488861688,1.340593909703554,0.0,1.5857843505704632e-06
1.4099999999999555,p2_m3,8,2.783114706519921,2.6086980099546047,0.015,1.5857843505704632e-06
1.4099999999999555,p3_m0,0,-0.10588536175539807,-0.1065252731407086,0.0,1.5857843505704632e-06
1.4099999999999555,p3_m1,0,0.0713482789716862,0.07054932793762653,0.0,1.5857843505704632e-06
1.4099999999999555,p3_m2,0,-0.21308140780658993,-0.21465548506019425,0.0,1.5857843505704632e-06
1.4099999999999555,p3_m3,0,0.17451770364831157,0.17207121848823478,0.0,1.5857843505704632e-06
1.4199999999999544,p0_m0,0,-0.003843309232153553,-0.0037147109993546784,0.0,1.177668584143942e-06
1.4199999999999544,p0_m1,0,0.06897066932306596,0.06932664736919811,0.0,1.177668584143942e-06
1.4199999999999544,p0_m2,0,-0.07508545667441749,-0.0754906219785618,0.0,1.177668584143942e-06
1.4199999999999544,p0_m3,0,0.046442968942155716,0.04667855215018188,0.0,1.177668584143942e-06
1.4199999999999544,p1_m0,0,0.021885476124002764,0.021799093117342346,0.0,1.177668584143942e-06
1.4199999999999544,p1_m1,0,-0.013693865787079944,-0.013579689642459683,0.0,1.177668584143942e-06
1.4199999999999544,p1_m2,0,0.007612747143962229,0.007457847413645349,0.0,1.177668584143942e-06
1.4199999999999544,p1_m3,0,0.026964009046383314,0.027382165712406294,0.0,1.177668584143942e-06
1.4199999999999544,p2_m0,0,-0.041468279764471414,-0.04174178662545612,0.0,1.177668584143942e-06
1.4199999999999544,p2_m1,0,0.010365716123096615,0.010227021136774771,0.0,1.177668584143942e-06
1.4199999999999544,p2_m2,0,0.43584339072753225,0.4539254014225478,0.0,1.177668584143942e-06
1.4199999999999544,p2_m3,8,7.992039972787099,8.167521818632421,1.2590631469986847e-05,1.177668584143942e-06
1.4199999999999544,p3_m0,0,-0.05494302678027046,-0.05500484060333748,0.0,1.177668584143942e-06
1.4199999999999544,p3_m1,0,0.06712332580739508,0.06715019388926013,0.0,1.177668584143942e-06
1.4199999999999544,p3_m2,0,-0.10057437436604542,-0.10104276551631519,0.0,1.177668584143942e-06
1.4199999999999544,p3_m3,0,0.08469568094460382,0.08520495900537448,0.0,1.177668584143942e-06
1.4299999999999533,p0_m0,0,-0.005898970384174774,-0.0061871413362164715,0.0,4.454314981277296e-08
1.4299999999999533,p0_m1,0,0.07229586087479778,0.0768027596308033,0.0,4.454314981277296e-08
1.4299999999999533,p0_m2,0,-0.07826995445172684,-0.08311539691351737,0.0,4.454314981277296e-08
1.4299999999999533,p0_m3,0,0.05309497340399482,0.05625290418617465,0.0,4.454314981277296e-08
1.4299999999999533,p1_m0,0,0.02427809413337569,0.025057225633870077,0.0,4.454314981277296e-08
1.4299999999999533,p1_m1,0,-0.01782739532282556,-0.01905213470867644,0.0,4.454314981277296e-08
1.4299999999999533,p1_m2,0,0.011893475518994617,0.012790135493044794,0.0,4.454314981277296e-08
1.4299999999999533,p1_m3,0,0.021946821157681345,0.023399114352714422,0.0,4.454314981277296e-08
1.4299999999999533,p2_m0,0,-0.03836441748127848,-0.040850614448252186,0.0,4.454314981277296e-08
1.4299999999999533,p2_m1,0,0.014977164991696828,0.01582316874451891,0.0,4.454314981277296e-08
1.4299999999999533,p2_m2,0,0.1302037349153403,0.1374911447578558,0.0,4.454314981277296e-08
1.4299999999999533,p2_m3,8,4.290713629609422,3.8159151848767197,0.01018162039184169,4.454314981277296e-08
1.4299999999999533,p3_m0,0,-0.0561190723303639,-0.05910218561318983,0.0,4.454314981277296e-08
1.4299999999999533,p3_m1,0,0.0796044797782714,0.08332914616618692,0.0,4.454314981277296e-08
1.4299999999999533,p3_m2,0,-0.09482447013967889,-0.10004606440841565,0.0,4.454314981277296e-08
1.4299999999999533,p3_m3,0,0.09699658822047505,0.10223158237431937,0.0,4.454314981277296e-08
1.4399999999999522,p0_m0,0,-0.023935936481865903,-0.024042131609543597,0.0,1.6856052761856943e-06
1.4399999999999522,p0_m1,0,0.18838942244361184,0.18838334771937398,0.0,1.6856052761856943e-06
1.4399999999999522,p0_m2,0,-0.2028049632943655,-0.20281402616480712,0.0,1.6856052761856943e-06
1.4399999999999522,p0_m3,0,0.11999297578730919,0.11971568627797817,0.0,1.6856052761856943e-06
1.4399999999999522,p1_m0,0,0.05033838422323597,0.050630404938638775,0.0,1.6856052761856943e-06
1.4399999999999522,p1_m1,0,-0.05122163962172114,-0.05107332003237378,0.0,1.6856052761856943e-06
1.4399999999999522,p1_m2,0,0.03709559871829845,0.0369253435891224,0.0,1.6856052761856943e-06
1.4399999999999522,p1_m3,0,0.06374964677354122,0.06395572087214917,0.0,1.6856052761856943e-06
1.4399999999999522,p2_m0,0,-0.11135735438115654,-0.11174400798569636,0.0,1.6856052761856943e-06
1.4399999999999522,p2_m1,0,0.03569954915616266,0.03524206164671049,0.0,1.6856052761856943e-06
1.4399999999999522,p2_m2,0,0.059250527176356274,0.06426957802206389,0.0,1.6856052761856943e-06
1.4399999999999522,p2_m3,8,2.6272563206508006,2.510553151668428,0.015,1.6856052761856943e-06
1.4399999999999522,p3_m0,0,-0.1298495367177741,-0.12976418902859016,0.0,1.6856052761856943e-06
1.4399999999999522,p3_m1,0,0.09359132598318616,0.09292443547329925,0.0,1.6856052761856943e-06
1.4399999999999522,p3_m2,0,-0.22788219603290183,-0.22778188099159025,0.0,1.6856052761856943e-06
1.4399999999999522,p3_m3,0,0.20435096616196874,0.20196907474946163,0.0,1.6856052761856943e-06
1.449999999999951,p0_m0,0,-0.009105005074885117,-0.00901360263268963,0.0,1.2657137614427749e-06
1.449999999999951,p0_m1,0,0.08050741363249374,0.08104368550408746,0.0,1.2657137614427749e-06
1.449999999999951,p0_m2,0,-0.08670778865667954,-0.08729605339900667,0.0,1.2657137614427749e-06
1.449999999999951,p0_m3,0,0.0512768382787681,0.05155943972071591,0.0,1.2657137614427749e-06
1.449999999999951,p1_m0,0,0.028389598481897677,0.028381758155209044,0.0,1.2657137614427749e-06
1.449999999999951,p1_m1,0,-0.02498082310966533,-0.02504342332019988,0.0,1.2657137614427749e-06
1.449999999999951,p1_m2,0,0.018693460843260193,0.018715090147921866,0.0,1.2657137614427749e-06
1.449999999999951,p1_m3,0,0.021321371368787777,0.02167280547633056,0.0,1.2657137614427749e-06
1.449999999999951,p2_m0,0,-0.045588837027518585,-0.04596172862268016,0.0,1.2657137614427749e-06
1.449999999999951,p2_m1,0,0.019311389561370712,0.019366564193160025,0.0,1.2657137614427749e-06
1.449999999999951,p2_m2,0,0.0170788787397244,0.017996584079802178,0.0,1.2657137614427749e-06
1.449999999999951,p2_m3,8,7.992338929143416,8.172319870031624,1.136447741840918e-05,1.2657137614427749e-06
1.449999999999951,p3_m0,0,-0.06516993115983945,-0.06544510850253443,0.0,1.2657137614427749e-06
1.449999999999951,p3_m1,0,0.08185617123770711,0.08212515653405457,0.0,1.2657137614427749e-06
1.449999999999951,p3_m2,0,-0.10667311537820533,-0.1073155115742396,0.0,1.2657137614427749e-06
1.449999999999951,p3_m3,0,0.0972505818223164,0.09795487590195076,0.0,1.2657137614427749e-06
1.45999999999995,p0_m0,0,-0.00796330598519285,-0.00833841345465869,0.0,4.58656412262819e-08
1.45999999999995,p0_m1,0,0.07742413906074813,0.08209825524633162,0.0,4.58656412262819e-08
1.45999999999995,p0_m2,0,-0.08344891772802017,-0.08846271754181886,0.0,4.58656412262819e-08
1.45999999999995,p0_m3,0,0.055351783684143424,0.058569754218931,0.0,4.58656412262819e-08
1.45999999999995,p1_m0,0,0.02744901706734343,0.02828040714952612,0.0,4.58656412262819e-08
1.45999999999995,p1_m1,0,-0.02296080479600876,-0.024343542802053263,0.0,4.58656412262819e-08
1.45999999999995,p1_m2,0,0.016897520504610714,0.017952029667441482,0.0,4.58656412262819e-08
1.45999999999995,p1_m3,0,0.01916133818378786,0.02054911977107242,0.0,4.58656412262819e-08
1.45999999999995,p2_m0,0,-0.039718718523419606,-0.04228946525800938,0.0,4.58656412262819e-08
1.45999999999995,p2_m1,0,0.018338851016859642,0.019342042443862395,0.0,4.58656412262819e-08
1.45999999999995,p2_m2,0,-0.010421078543915031,-0.010926405567069091,0.0,4.58656412262819e-08
1.45999999999995,p2_m3,8,4.285975613326196,3.811555460560456,0.010197666792869103,4.58656412262819e-08
1.45999999999995,p3_m0,0,-0.06037076801118808,-0.06352095924162907,0.0,4.58656412262819e-08
1.45999999999995,p3_m1,0,0.08537072962470452,0.08932932248196007,0.0,4.58656412262819e-08
1.45999999999995,p3_m2,0,-0.09771109402669793,-0.10302797687417238,0.0,4.58656412262819e-08
1.45999999999995,p3_m3,0,0.10225012289078166,0.10768742215394624,0.0,4.58656412262819e-08
1.469999999999949,p0_m0,0,-0.02483884486927114,-0.024962985912079207,0.0,1.7213528258767763e-06
1.469999999999949,p0_m1,0,0.19082135492720753,0.19086093519644298,0.0,1.7213528258767763e-06
1.469999999999949,p0_m2,0,-0.20526739359692137,-0.20532276518303866,0.0,1.7213528258767763e-06
1.469999999999949,p0_m3,0,0.12085364233276144,0.12060409003075584,0.0,1.7213528258767763e-06
1.469999999999949,p1_m0,0,0.052228877526247726,0.05253772679778953,0.0,1.7213528258767763e-06
1.469999999999949,p1_m1,0,-0.05380975324238353,-0.053699459941198,0.0,1.7213528258767763e-06
1.469999999999949,p1_m2,0,0.039608074860640045,0.03947459338470093,0.0,1.7213528258767763e-06
1.469999999999949,p1_m3,0,0.06218650449049891,0.06237814542195803,0.0,1.7213528258767763e-06
1.469999999999949,p2_m0,0,-0.11167338421679417,-0.11208607601419555,0.0,1.7213528258767763e-06
1.469999999999949,p2_m1,0,0.03697298724471209,0.03654702711576318,0.0,1.7213528258767763e-06
1.469999999999949,p2_m2,0,-0.014732458657044239,-0.013802358157824731,0.0,1.7213528258767763e-06
1.469999999999949,p2_m3,8,2.625521249292516,2.5095123245835054,0.015,1.7213528258767763e-06
1.469999999999949,p3_m0,0,-0.1318449611716321,-0.13179382494918307,0.0,1.7213528258767763e-06
1.469999999999949,p3_m1,0,0.09816414072852188,0.09757247355772024,0.0,1.7213528258767763e-06
1.469999999999949,p3_m2,0,-0.22944008628617008,-0.22935955577248562,0.0,1.7213528258767763e-06
1.469999999999949,p3_m3,0,0.20685254534567715,0.20450351501190178,0.0,1.7213528258767763e-06
1.4799999999999478,p0_m0,0,-0.009267263439882477,-0.009202704023468943,0.0,1.1827244849528934e-06
1.4799999999999478,p0_m1,0,0.08153762895577353,0.0821071026700121,0.0,1.1827244849528934e-06
1.4799999999999478,p0_m2,0,-0.08775261964614098,-0.08837435753410919,0.0,1.1827244849528934e-06
1.4799999999999478,p0_m3,0,0.05146392636007397,0.05177197347075145,0.0,1.1827244849528934e-06
1.4799999999999478,p1_m0,0,0.029709620089925,0.029690067141595996,0.0,1.1827244849528934e-06
1.4799999999999478,p1_m1,0,-0.026427810572128563,-0.026501677068767923,0.0,1.1827244849528934e-06
1.4799999999999478,p1_m2,0,0.020101769148616888,0.02013394061260606,0.0,1.1827244849528934e-06
1.4799999999999478,p1_m3,0,0.020146928832276312,0.020512368420646885,0.0,1.1827244849528934e-06
1.4799999999999478,p2_m0,0,-0.045390568609410244,-0.0457843822233081,0.0,1.1827244849528934e-06
1.4799999999999478,p2_m1,0,0.019995686701492436,0.020035897265557726,0.0,1.1827244849528934e-06
1.4799999999999478,p2_m2,0,-0.0111527215785906,-0.011125519465153895,0.0,1.1827244849528934e-06
1.4799999999999478,p2_m3,8,7.992342413453871,8.17235284644875,1.1351463036887389e-05,1.1827244849528934e-06
1.4799999999999478,p3_m0,0,-0.06637410066425199,-0.06663490892381876,0.0,1.1827244849528934e-06
1.4799999999999478,p3_m1,0,0.09190400976246485,0.09198245675455165,0.0,1.1827244849528934e-06
1.4799999999999478,p3_m2,0,-0.10774589986616163,-0.10836949799542751,0.0,1.1827244849528934e-06
1.4799999999999478,p3_m3,0,0.09865957546085066,0.09935767921831666,0.0,1.1827244849528934e-06
1.4899999999999467,p0_m0,0,-0.009234791651276457,-0.00973253018045073,0.0,1.203710408378893e-07
1.4899999999999467,p0_m1,0,0.08896654798085304,0.09352647271845449,0.0,1.203710408378893e-07
1.4899999999999467,p0_m2,0,-0.09580414504737168,-0.10069050573682797,0.0,1.203710408378893e-07
1.4899999999999467,p0_m3,0,0.06344322411521852,0.06641890197884977,0.0,1.203710408378893e-07
1.4899999999999467,p1_m0,0,0.0304276865759364,0.030981829054546394,0.0,1.203710408378893e-07
1.4899999999999467,p1_m1,0,-0.02697691267615235,-0.028358048679443693,0.0,1.203710408378893e-07
1.4899999999999467,p1_m2,0,0.020104945314363187,0.02117139167245852,0.0,1.203710408378893e-07
1.4899999999999467,p1_m3,0,0.021619728491679414,0.023098962926101932,0.0,1.203710408378893e-07
1.4899999999999467,p2_m0,0,-0.04529174898090379,-0.04796282858893719,0.0,1.203710408378893e-07
1.4899999999999467,p2_m1,0,0.020923575578608952,0.021945557365629777,0.0,1.203710408378893e-07
1.4899999999999467,p2_m2,0,-0.022929018900682163,-0.02398668207935824,0.0,1.203710408378893e-07
1.4899999999999467,p2_m3,8,4.023295813126754,3.5712397936902684,0.011087915619125848,1.203710408378893e-07
1.4899999999999467,p3_m0,0,-0.0682913237534065,-0.07136441217716843,0.0,1.203710408378893e-07
1.4899999999999467,p3_m1,0,0.0980649588595757,0.10053662887725338,0.0,1.203710408378893e-07
1.4899999999999467,p3_m2,0,-0.11066232635446001,-0.11595024901120222,0.0,1.203710408378893e-07
1.4899999999999467,p3_m3,0,0.11647959128284552,0.12174367007851654,0.0,1.203710408378893e-07
1.4999999999999456,p0_m0,0,-0.026705118363689433,-0.026721885922885442,0.0,1.9480217398426428e-06
1.4999999999999456,p0_m1,0,0.20176940094331558,0.20109755667036489,0.0,1.9480217398426428e-06
1.4999999999999456,p0_m2,0,-0.21703017694652416,-0.21631131235992176,0.0,1.9480217398426428e-06
1.4999999999999456,p0_m3,0,0.12656915388714052,0.1260710423199945,0.0,1.9480217398426428e-06
1.4999999999999456,p1_m0,0,0.055791503234900626,0.055909241663220074,0.0,1.9480217398426428e-06
1.4999999999999456,p1_m1,0,-0.05704171553941192,-0.05684005196046502,0.0,1.9480217398426428e-06
1.4999999999999456,p1_m2,0,0.0420259833997233,0.041862782986999206,0.0,1.9480217398426428e-06
1.4999999999999456,p1_m3,0,0.06591933822075832,0.06566058558020672,0.0,1.9480217398426428e-06
1.4999999999999456,p2_m0,0,-0.11875353728357468,-0.11848824541644479,0.0,1.9480217398426428e-06
1.4999999999999456,p2_m1,0,0.03816106202404221,0.037877955692111685,0.0,1.9480217398426428e-06
1.4999999999999456,p2_m2,0,-0.01862846235301876,-0.018065878684139794,0.0,1.9480217398426428e-06
1.4999999999999456,p2_m3,8,2.547407866956374,2.463182734097159,0.015,1.9480217398426428e-06
1.4999999999999456,p3_m0,0,-0.1388229361492234,-0.13841674542276375,0.0,1.9480217398426428e-06
1.4999999999999456,p3_m1,0,0.10272771094735142,0.10235833606177333,0.0,1.9480217398426428e-06
1.4999999999999456,p3_m2,0,-0.24194798016413685,-0.24096024616832437,0.0,1.9480217398426428e-06
1.4999999999999456,p3_m3,0,0.21338474897059115,0.21134412386039067,0.0,1.9480217398426428e-06
1.5099999999999445,p0_m0,0,0.0970056652464083,0.09563791708663175,0.0,3.075643871475084e-07
1.5099999999999445,p0_m1,0,-0.1357430145800166,-0.13178753656546294,0.0,3.075643871475084e-07
1.5099999999999445,p0_m2,0,0.1366777505349856,0.13253469415848126,0.0,3.075643871475084e-07
1.5099999999999445,p0_m3,0,-0.0965100689106417,-0.09428354160269933,0.0,3.075643871475084e-07
1.5099999999999445,p1_m0,0,-0.09141499837559434,-0.0897220960867735,0.0,3.075643871475084e-07
1.5099999999999445,p1_m1,0,0.1256312868476816,0.12339185236225285,0.0,3.075643871475084e-07
1.5099999999999445,p1_m2,0,-0.12557617900578902,-0.1234638103034233,0.0,3.075643871475084e-07
1.5099999999999445,p1_m3,0,0.0930106220130938,0.0926037234756151,0.0,3.075643871475084e-07
1.5099999999999445,p2_m0,0,0.01414134596555749,0.012627754999012662,0.0,3.075643871475084e-07
1.5099999999999445,p2_m1,0,-0.12144528861241097,-0.1194641022072963,0.0,3.075643871475084e-07
1.5099999999999445,p2_m2,0,0.13296970376675898,0.1310670251685734,0.0,3.075643871475084e-07
1.5099999999999445,p2_m3,0,2.458383811852187,2.582655041927616,0.0,3.075643871475084e-07
1.5099999999999445,p3_m0,8,0.9327576302475342,0.8349885896081997,0.015,3.075643871475084e-07
1.5099999999999445,p3_m1,0,0.09192391815244236,0.09207405817602751,0.0,3.075643871475084e-07
1.5099999999999445,p3_m2,0,0.010697204012843787,0.00778713276563522,0.0,3.075643871475084e-07
1.5099999999999445,p3_m3,0,-0.1433113097824191,-0.13913983367755464,0.0,3.075643871475084e-07
1.5199999999999434,p0_m0,0,0.11910112829605429,0.1181647679006501,0.0,2.706246517495994e-06
1.5199999999999434,p0_m1,0,-0.21665619624764865,-0.21400178183498436,0.0,2.706246517495994e-06
1.5199999999999434,p0_m2,0,0.22288026668355995,0.22009354360723507,0.0,2.706246517495994e-06
1.5199999999999434,p0_m3,0,-0.15279359205342102,-0.1509663913196925,0.0,2.706246517495994e-06
1.5199999999999434,p1_m0,0,-0.1243582212573169,-0.12326713349211836,0.0,2.706246517495994e-06
1.5199999999999434,p1_m1,0,0.15822848602935274,0.15686327634168687,0.0,2.706246517495994e-06
1.5199999999999434,p1_m2,0,-0.15226470105915457,-0.15103878859555986,0.0,2.706246517495994e-06
1.5199999999999434,p1_m3,0,0.08965098491411902,0.08947726283572409,0.0,2.706246517495994e-06
1.5199999999999434,p2_m0,0,0.0551428335697104,0.05399476554043049,0.0,2.706246517495994e-06
1.5199999999999434,p2_m1,0,-0.14605291310383767,-0.1449256440326972,0.0,2.706246517495994e-06
1.5199999999999434,p2_m2,0,0.1556386757472807,0.15459799277427788,0.0,2.706246517495994e-06
1.5199999999999434,p2_m3,0,0.9697703908356267,0.9935458846014101,0.0,2.706246517495994e-06
1.5199999999999434,p3_m0,8,1.1455715952773862,1.1384465258342662,0.015,2.706246517495994e-06
1.5199999999999434,p3_m1,0,-0.049147512364682906,-0.04742966585054889,0.0,2.706246517495994e-06
1.5199999999999434,p3_m2,0,0.08889396671641421,0.08672235668306488,0.0,2.706246517495994e-06
1.5199999999999434,p3_m3,0,-0.23851874094913456,-0.23571405270602402,0.0,2.706246517495994e-06
1.5299999999999423,p0_m0,0,0.1258961842242331,0.12576292770909883,0.0,3.0249135219102376e-06
1.5299999999999423,p0_m1,0,-0.2462242133725384,-0.2455628720854074,0.0,3.0249135219102376e-06
1.5299999999999423,p0_m2,0,0.2546625404570871,0.2539522338718985,0.0,3.0249135219102376e-06
1.5299999999999423,p0_m3,0,-0.17258374583307304,-0.17211471903753722,0.0,3.0249135219102376e-06
1.5299999999999423,p1_m0,0,-0.13749077408853258,-0.13724870835451705,0.0,3.0249135219102376e-06
1.5299999999999423,p1_m1,0,0.16851965198377597,0.1683062078001605,0.0,3.0249135219102376e-06
1.5299999999999423,p1_m2,0,-0.16008554749800913,-0.15992818685135102,0.0,3.0249135219102376e-06
1.5299999999999423,p1_m3,0,0.08669527630422656,0.08678674925006448,0.0,3.0249135219102376e-06
1.5299999999999423,p2_m0,0,0.0710868579672265,0.07071741523543669,0.0,3.0249135219102376e-06
1.5299999999999423,p2_m1,0,-0.1541487942139271,-0.15402787640906215,0.0,3.0249135219102376e-06
1.5299999999999423,p2_m2,0,0.1637123431258199,0.16361396056631106,0.0,3.0249135219102376e-06
1.5299999999999423,p2_m3,0,0.23263249210767248,0.24880111670258984,0.0,3.0249135219102376e-06
1.5299999999999423,p3_m0,8,1.2487041336227382,1.2472987554884865,0.015,3.0249135219102376e-06
1.5299999999999423,p3_m1,0,-0.11412368849592666,-0.1125543190783313,0.0,3.0249135219102376e-06
1.5299999999999423,p3_m2,0,0.1203475130809197,0.11970297876433741,0.0,3.0249135219102376e-06
1.5299999999999423,p3_m3,0,-0.27716875878659586,-0.2763849546565194,0.0,3.0249135219102376e-06
1.5399999999999412,p0_m0,0,0.12991812921637075,0.12984003356287738,0.0,3.0171202467594894e-06
1.5399999999999412,p0_m1,0,-0.2606727826990549,-0.26035037307304915,0.0,3.0171202467594894e-06
1.5399999999999412,p0_m2,0,0.27014286528918835,0.2697975949205412,0.0,3.0171202467594894e-06
1.5399999999999412,p0_m3,0,-0.18184092568268528,-0.18162557800362497,0.0,3.0171202467594894e-06
1.5399999999999412,p1_m0,0,-0.1447440247751802,-0.14460052133198562,0.0,3.0171202467594894e-06
1.5399999999999412,p1_m1,0,0.17428889023365088,0.1741700430127092,0.0,3.0171202467594894e-06
1.5399999999999412,p1_m2,0,-0.16472801848389182,-0.1646344686789391,0.0,3.0171202467594894e-06
1.5399999999999412,p1_m3,0,0.08616856808781204,0.0861940298317892,0.0,3.0171202467594894e-06
1.5399999999999412,p2_m0,0,0.07848299681188994,0.0783186942087713,0.0,3.0171202467594894e-06
1.5399999999999412,p2_m1,0,-0.15979092270912262,-0.1597065033243961,0.0,3.0171202467594894e-06
1.5399999999999412,p2_m2,0,0.16965556808789736,0.16957255309677255,0.0,3.0171202467594894e-06
1.5399999999999412,p2_m3,0,-0.017763894991336373,-0.010755592276157092,0.0,3.0171202467594894e-06
1.5399999999999412,p3_m0,8,1.2899177245405147,1.2894298409409264,0.015,3.0171202467594894e-06
1.5399999999999412,p3_m1,0,-0.14004805196395548,-0.13939900392689622,0.0,3.0171202467594894e-06
1.5399999999999412,p3_m2,0,0.13647974404755056,0.13615194673542072,0.0,3.0171202467594894e-06
1.5399999999999412,p3_m3,0,-0.2970676824001279,-0.2966654022108738,0.0,3.0171202467594894e-06
1.54999999999994,p0_m0,0,0.13182505546326756,0.13178180822236352,0.0,2.9989667007586174e-06
1.54999999999994,p0_m1,0,-0.2670519077966334,-0.2668987810005628,0.0,2.9989667007586174e-06
1.54999999999994,p0_m2,0,0.2769925312903086,0.2768289570940347,0.0,2.9989667007586174e-06
1.54999999999994,p0_m3,0,-0.1858285809479659,-0.1857310523286383,0.0,2.9989667007586174e-06
1.54999999999994,p1_m0,0,-0.1481519672144832,-0.1480750644879925,0.0,2.9989667007586174e-06
1.54999999999994,p1_m1,0,0.17691392439540615,0.176851095087276,0.0,2.9989667007586174e-06
1.54999999999994,p1_m2,0,-0.16684240499708194,-0.16679105275899592,0.0,2.9989667007586174e-06
1.54999999999994,p1_m3,0,0.08605543045255987,0.08605898100470218,0.0,2.9989667007586174e-06
1.54999999999994,p2_m0,0,0.0818958042879782,0.0818222668209046,0.0,2.9989667007586174e-06
1.54999999999994,p2_m1,0,-0.16299789461901565,-0.1629450552639935,0.0,2.9989667007586174e-06
1.54999999999994,p2_m2,0,0.17310994687322923,0.17305461779281656,0.0,2.9989667007586174e-06
1.54999999999994,p2_m3,0,-0.10413888566852345,-0.10156889291947356,0.0,2.9989667007586174e-06
1.54999999999994,p3_m0,8,1.3061340835691426,1.3059474222692637,0.015,2.9989667007586174e-06
1.54999999999994,p3_m1,0,-0.1508599476278675,-0.1505932782848405,0.0,2.9989667007586174e-06
1.54999999999994,p3_m2,0,0.14417904125709238,0.14401511860087907,0.0,2.9989667007586174e-06
1.54999999999994,p3_m3,0,-0.30666429168260706,-0.30646419195858754,0.0,2.9989667007586174e-06
1.559999999999939,p0_m0,0,0.1326219621563111,0.13260071800147125,0.0,2.9940394554385874e-06
1.559999999999939,p0_m1,0,-0.2696891547940499,-0.2696202391337335,0.0,2.9940394554385874e-06
1.559999999999939,p0_m2,0,0.27984608841656017,0.27977246864530253,0.0,2.9940394554385874e-06
1.559999999999939,p0_m3,0,-0.18747102203625474,-0.1874285820688095,0.0,2.9940394554385874e-06
1.559999999999939,p1_m0,0,-0.14960127357419042,-0.1495641174454995,0.0,2.9940394554385874e-06
1.559999999999939,p1_m1,0,0.17795434242217995,0.17792448403757777,0.0,2.9940394554385874e-06
1.559999999999939,p1_m2,0,-0.16765105045727777,-0.16762635797013678,0.0,2.9940394554385874e-06
1.559999999999939,p1_m3,0,0.08596041385815248,0.08595974864473241,0.0,2.9940394554385874e-06
1.559999999999939,p2_m0,0,0.08352318327909825,0.083490168787465,0.0,2.9940394554385874e-06
1.559999999999939,p2_m1,0,-0.16476453214917555,-0.16473496985281064,0.0,2.9940394554385874e-06
1.559999999999939,p2_m2,0,0.17503279328743718,0.17500102343921772,0.0,2.9940394554385874e-06
1.559999999999939,p2_m3,0,-0.13444815327216833,-0.1335428905489312,0.0,2.9940394554385874e-06
1.559999999999939,p3_m0,8,1.3125990238699266,1.3125262476587685,0.015,2.9940394554385874e-06
1.559999999999939,p3_m1,0,-0.15544923814397268,-0.155338745029364,0.0,2.9940394554385874e-06
1.559999999999939,p3_m2,0,0.14776423114343828,0.14768666029716518,0.0,2.9940394554385874e-06
1.559999999999939,p3_m3,0,-0.3112334457721895,-0.3111377348632666,0.0,2.9940394554385874e-06
1.569999999999938,p0_m0,0,0.13289853867475315,0.13288903759879359,0.0,2.99425428693605e-06
1.569999999999938,p0_m1,0,-0.27068260254878196,-0.2706530636294438,0.0,2.99425428693605e-06
1.569999999999938,p0_m2,0,0.28094157132730563,0.2809099117436838,0.0,2.99425428693605e-06
1.569999999999938,p0_m3,0,-0.18811006249134346,-0.1880921822263903,0.0,2.99425428693605e-06
1.569999999999938,p1_m0,0,-0.15014096196876958,-0.1501243310259512,0.0,2.99425428693605e-06
1.569999999999938,p1_m1,0,0.17827555449942695,0.17826263450071267,0.0,2.99425428693605e-06
1.569999999999938,p1_m2,0,-0.16786580468954176,-0.16785520640252427,0.0,2.99425428693605e-06
1.569999999999938,p1_m3,0,0.08583746086713917,0.08583689854597705,0.0,2.99425428693605e-06
1.569999999999938,p2_m0,0,0.08434226362583172,0.08432712154842756,0.0,2.99425428693605e-06
1.569999999999938,p2_m1,0,-0.16574563053646907,-0.1657297503638582,0.0,2.99425428693605e-06
1.569999999999938,p2_m2,0,0.17610526483479735,0.17608798376452273,0.0,2.99425428693605e-06
1.569999999999938,p2_m3,0,-0.14524499372637342,-0.1449267547823764,0.0,2.99425428693605e-06
1.569999999999938,p3_m0,8,1.3152344070433395,1.3152056052114656,0.015,2.99425428693605e-06
1.569999999999938,p3_m1,0,-0.157446008635867,-0.15739964671750317,0.0,2.99425428693605e-06
1.569999999999938,p3_m2,0,0.14943320561348716,0.14939739884762,0.0,2.99425428693605e-06
1.569999999999938,p3_m3,0,-0.31342400136059917,-0.3133790029385276,0.0,2.99425428693605e-06
1.5799999999999368,p0_m0,0,0.13295339194212022,0.13294957303007549,0.0,2.9952625455564125e-06
1.5799999999999368,p0_m1,0,-0.27099032513842264,-0.27097839225028153,0.0,2.9952625455564125e-06
1.5799999999999368,p0_m2,0,0.2812995112457552,0.281286606815951,0.0,2.9952625455564125e-06
1.5799999999999368,p0_m3,0,-0.18833348024989477,-0.18832621178501494,0.0,2.9952625455564125e-06
1.5799999999999368,p1_m0,0,-0.15028897177484402,-0.15028211475916978,0.0,2.9952625455564125e-06
1.5799999999999368,p1_m1,0,0.17830217081476674,0.17829723182545495,0.0,2.9952625455564125e-06
1.5799999999999368,p1_m2,0,-0.16784239578544807,-0.16783850670419265,0.0,2.9952625455564125e-06
1.5799999999999368,p1_m3,0,0.08570675322521898,0.08570682649836345,0.0,2.9952625455564125e-06
1.5799999999999368,p2_m0,0,0.08478375065789565,0.08477651563700843,0.0,2.9952625455564125e-06
1.5799999999999368,p2_m1,0,-0.16630656936949512,-0.16629806041017048,0.0,2.9952625455564125e-06
1.5799999999999368,p2_m2,0,0.17671894537136512,0.17670963164522335,0.0,2.9952625455564125e-06
1.5799999999999368,p2_m3,0,-0.14917164183131995,-0.1490589110524277,0.0,2.9952625455564125e-06
1.5799999999999368,p3_m0,8,1.3163416873603255,1.3163300675221303,0.015,2.9952625455564125e-06
1.5799999999999368,p3_m1,0,-0.15834611665689985,-0.15832630629411898,0.0,2.9952625455564125e-06
1.5799999999999368,p3_m2,0,0.15022224216420277,0.15020580330570724,0.0,2.9952625455564125e-06
1.5799999999999368,p3_m3,0,-0.31449879778026885,-0.3144776583518317,0.0,2.9952625455564125e-06
1.5899999999999357,p0_m0,0,0.13292555211903043,0.13292427929737535,0.0,2.9959893111723586e-06
1.5899999999999357,p0_m1,0,-0.2710322002906383,-0.27102782835014266,0.0,2.9959893111723586e-06
1.5899999999999357,p0_m2,0,0.2813675440464282,0.28136271281727704,0.0,2.9959893111723586e-06
1.5899999999999357,p0_m3,0,-0.18839194721773886,-0.18838915143026433,0.0,2.9959893111723586e-06
1.5899999999999357,p1_m0,0,-0.1502843055722798,-0.150281828373646,0.0,2.9959893111723586e-06
1.5899999999999357,p1_m1,0,0.17822695518027348,0.1782255039351391,0.0,2.9959893111723586e-06
1.5899999999999357,p1_m2,0,-0.167742830981941,-0.16774186159901927,0.0,2.9959893111723586e-06
1.5899999999999357,p1_m3,0,0.08558743761548117,0.08558789378336208,0.0,2.9959893111723586e-06
1.5899999999999357,p2_m0,0,0.08503965703727076,0.08503598957644941,0.0,2.9959893111723586e-06
1.5899999999999357,p2_m1,0,-0.16664029340305248,-0.16663563212477298,0.0,2.9959893111723586e-06
1.5899999999999357,p2_m2,0,0.17708364035705884,0.17707852883534467,0.0,2.9959893111723586e-06
1.5899999999999357,p2_m3,0,-0.15065007435258798,-0.15060956719895033,0.0,2.9959893111723586e-06
1.5899999999999357,p3_m0,8,1.316825779320928,1.316820973820393,0.015,2.9959893111723586e-06
1.5899999999999357,p3_m1,0,-0.1587720681066031,-0.15876337705994994,0.0,2.9959893111723586e-06
1.5899999999999357,p3_m2,0,0.15060635730026883,0.15059874341471247,0.0,2.9959893111723586e-06
1.5899999999999357,p3_m3,0,-0.315046721662796,-0.3150366518988838,0.0,2.9959893111723586e-06
1.5999999999999346,p0_m0,0,0.1328749277389949,0.13287470249336272,0.0,2.9963929090855036e-06
1.5999999999999346,p0_m1,0,-0.2709845637119227,-0.2709832850765901,0.0,2.9963929090855036e-06
1.5999999999999346,p0_m2,0,0.281334447246587,0.2813329410652999,0.0,2.9963929090855036e-06
1.5999999999999346,p0_m3,0,-0.18838971211369526,-0.1883887482558672,0.0,2.9963929090855036e-06
1.5999999999999346,p1_m0,0,-0.15023080732955593,-0.15023016889422328,0.0,2.9963929090855036e-06
1.5999999999999346,p1_m1,0,0.17813060693333133,0.17813054142879042,0.0,2.9963929090855036e-06
1.5999999999999346,p1_m2,0,-0.1676340492907863,-0.1676342106237501,0.0,2.9963929090855036e-06
1.5999999999999346,p1_m3,0,0.08548805023103134,0.08548862570908265,0.0,2.9963929090855036e-06
1.5999999999999346,p2_m0,0,0.08519808412199428,0.08519608853639984,0.0,2.9963929090855036e-06
1.5999999999999346,p2_m1,0,-0.166847259173777,-0.16684460673553894,0.0,2.9963929090855036e-06
1.5999999999999346,p2_m2,0,0.1773093803334341,0.1773064735366676,0.0,2.9963929090855036e-06
1.5999999999999346,p2_m3,0,-0.1512393498608696,-0.1512244324595234,0.0,2.9963929090855036e-06
1.5999999999999346,p3_m0,8,1.3170484852502815,1.3170464338245191,0.015,2.9963929090855036e-06
1.5999999999999346,p3_m1,0,-0.1589864556793097,-0.15898249719808227,0.0,2.9963929090855036e-06
1.5999999999999346,p3_m2,0,0.15080126123836735,0.15079765643896517,0.0,2.9963929090855036e-06
1.5999999999999346,p3_m3,0,-0.31534050885663056,-0.3153355728892296,0.0,2.9963929090855036e-06
1.6099999999999335,p0_m0,0,0.13282481553060366,0.13282496631562724,0.0,2.9965979662664828e-06
1.6099999999999335,p0_m1,0,-0.2709172307434305,-0.270917124428398,0.0,2.9965979662664828e-06
1.6099999999999335,p0_m2,0,0.2812757335994679,0.28127550760917835,0.0,2.9965979662664828e-06
1.6099999999999335,p0_m3,0,-0.18836866332208468,-0.18836841703131663,0.0,2.9965979662664828e-06
1.6099999999999335,p1_m0,0,-0.15017023891281192,-0.1501702996522097,0.0,2.9965979662664828e-06
1.6099999999999335,p1_m1,0,0.17804297431833563,0.1780433700385563,0.0,2.9965979662664828e-06
1.6099999999999335,p1_m2,0,-0.167539689156107,-0.1675401957665739,0.0,2.9965979662664828e-06
1.6099999999999335,p1_m3,0,0.08540966344560577,0.08541020966082154,0.0,2.9965979662664828e-06
1.6099999999999335,p2_m0,0,0.08530143299139657,0.08530026663085395,0.0,2.9965979662664828e-06
1.6099999999999335,p2_m1,0,-0.16698042398354612,-0.16697884472411711,0.0,2.9965979662664828e-06
1.6099999999999335,p2_m2,0,0.17745433957560788,0.1774526122677798,0.0,2.9965979662664828e-06
1.6099999999999335,p2_m3,0,-0.15149512976385243,-0.15148940359972576,0.0,2.9965979662664828e-06
1.6099999999999335,p3_m0,8,1.3171575327376632,1.3171566206232146,0.015,2.9965979662664828e-06
1.6099999999999335,p3_m1,0,-0.1591022212106803,-0.15910032494091553,0.0,2.9965979662664828e-06
1.6099999999999335,p3_m2,0,0.15090520109421185,0.15090343294593928,0.0,2.9965979662664828e-06
1.6099999999999335,p3_m3,0,-0.3155072346421772,-0.315504709487112,0.0,2.9965979662664828e-06
1.6199999999999324,p0_m0,0,0.1327826269055845,0.13278287303553535,0.0,2.996698107326316e-06
1.6199999999999324,p0_m1,0,-0.27085505975249624,-0.2708553323158896,0.0,2.996698107326316e-06
1.6199999999999324,p0_m2,0,0.2812189656543648,0.28121917097957744,0.0,2.996698107326316e-06
1.6199999999999324,p0_m3,0,-0.18834465534342434,-0.18834466717970036,0.0,2.996698107326316e-06
1.6199999999999324,p1_m0,0,-0.15011720857547278,-0.15011748366678423,0.0,2.996698107326316e-06
1.6199999999999324,p1_m1,0,0.17797229639642226,0.17797277619704663,0.0,2.996698107326316e-06
1.6199999999999324,p1_m2,0,-0.16746513903697363,-0.16746567582969607,0.0,2.996698107326316e-06
1.6199999999999324,p1_m3,0,0.0853497935369423,0.0853502511502566,0.0,2.996698107326316e-06
1.6199999999999324,p2_m0,0,0.08537148038154069,0.08537075548574048,0.0,2.996698107326316e-06
1.6199999999999324,p2_m1,0,-0.16706861253975905,-0.1670676295259453,0.0,2.996698107326316e-06
1.6199999999999324,p2_m2,0,0.17755018386293386,0.17754911127194192,0.0,2.996698107326316e-06
1.6199999999999324,p2_m3,0,-0.15161901185482782,-0.15161666405463195,0.0,2.996698107326316e-06
1.6199999999999324,p3_m0,8,1.3172148287080272,1.3172144017627558,0.015,2.996698107326316e-06
1.6199999999999324,p3_m1,0,-0.15916933008126222,-0.15916836330898482,0.0,2.996698107326316e-06
1.6199999999999324,p3_m2,0,0.15096355217943402,0.15096264215460942,0.0,2.996698107326316e-06
1.6199999999999324,p3_m3,0,-0.3156072547282066,-0.3156058916429103,0.0,2.996698107326316e-06
1.6299999999999313,p0_m0,0,0.1327494210690934,0.1327496568260649,0.0,2.9967443352097716e-06
1.6299999999999313,p0_m1,0,-0.27080482639020903,-0.2708051695300634,0.0,2.9967443352097716e-06
1.6299999999999313,p0_m2,0,0.28117226909216403,0.2811725719806007,0.0,2.9967443352097716e-06
1.6299999999999313,p0_m3,0,-0.1883229764172792,-0.18832306374835409,0.0,2.9967443352097716e-06
1.6299999999999313,p1_m0,0,-0.15007515641773814,-0.15007545481941142,0.0,2.9967443352097716e-06
1.6299999999999313,p1_m1,0,0.1779184561397168,0.17791888461813823,0.0,2.9967443352097716e-06
1.6299999999999313,p1_m2,0,-0.16740893649788136,-0.16740939604856198,0.0,2.9967443352097716e-06
1.6299999999999313,p1_m3,0,0.08530485641400638,0.0853052147431158,0.0,2.9967443352097716e-06
1.6299999999999313,p2_m0,0,0.08542027318062868,0.08541980147622241,0.0,2.9967443352097716e-06
1.6299999999999313,p2_m1,0,-0.16712822913713568,-0.16712759362371443,0.0,2.9967443352097716e-06
1.6299999999999313,p2_m2,0,0.17761490247044512,0.1776142106059868,0.0,2.9967443352097716e-06
1.6299999999999313,p2_m3,0,-0.15168637451185368,-0.1516853176619376,0.0,2.9967443352097716e-06
1.6299999999999313,p3_m0,8,1.3172471776325316,1.3172469650310321,0.015,2.9967443352097716e-06
1.6299999999999313,p3_m1,0,-0.1592107830017144,-0.15921025504166025,0.0,2.9967443352097716e-06
1.6299999999999313,p3_m2,0,0.15099781451515992,0.1509973184483306,0.0,2.9967443352097716e-06
1.6299999999999313,p3_m3,0,-0.3156702022974894,-0.3156694222539376,0.0,2.9967443352097716e-06
1.6399999999999302,p0_m0,0,0.03583287574741844,0.03694006847331067,0.0,6.139755214181538e-07
1.6399999999999302,p0_m1,0,0.05748115838250841,0.05273543389176982,0.0,6.139755214181538e-07
1.6399999999999302,p0_m2,0,-0.06697168108459418,-0.06190688954264176,0.0,6.139755214181538e-07
1.6399999999999302,p0_m3,0,0.026466823316739402,0.023638167921546945,0.0,6.139755214181538e-07
1.6399999999999302,p1_m0,0,-0.017765916225532207,-0.01933602326585174,0.0,6.139755214181538e-07
1.6399999999999302,p1_m1,0,0.031841375625314125,0.033668496434603644,0.0,6.139755214181538e-07
1.6399999999999302,p1_m2,0,-0.040204790007451044,-0.04175764077837464,0.0,6.139755214181538e-07
1.6399999999999302,p1_m3,0,0.09323143758740374,0.09260521357012406,0.0,6.139755214181538e-07
1.6399999999999302,p2_m0,0,-0.06064965175685153,-0.05826388205540092,0.0,6.139755214181538e-07
1.6399999999999302,p2_m1,0,-0.04865176033413997,-0.04992951732284698,0.0,6.139755214181538e-07
1.6399999999999302,p2_m2,0,0.10753727044072138,0.10660470869928851,0.0,6.139755214181538e-07
1.6399999999999302,p2_m3,0,0.006338235914068991,0.00504134097815163,0.0,6.139755214181538e-07
1.6399999999999302,p3_m0,0,0.23141245767223528,0.35530456470531047,0.0,6.139755214181538e-07
1.6399999999999302,p3_m1,8,1.2622085430882382,1.161029767767466,0.015,6.139755214181538e-07
1.6399999999999302,p3_m2,0,-0.13698738981340033,-0.13232470000194899,0.0,6.139755214181538e-07
1.6399999999999302,p3_m3,0,0.02897334460049617,0.025105477378108223,0.0,6.139755214181538e-07
1.649999999999929,p0_m0,0,0.00561127471189691,0.007363710414633149,0.0,8.397900605391217e-07
1.649999999999929,p0_m1,0,0.08979741553983002,0.0819379738410742,0.0,8.397900605391217e-07
1.649999999999929,p0_m2,0,-0.09880021301015889,-0.09039343652433139,0.0,8.397900605391217e-07
1.649999999999929,p0_m3,0,0.05296954644464219,0.047835227995885105,0.0,8.397900605391217e-07
1.649999999999929,p1_m0,0,0.017584987907189105,0.015066044547024047,0.0,8.397900605391217e-07
1.649999999999929,p1_m1,0,-0.00825572850004722,-0.005641520115416392,0.0,8.397900605391217e-07
1.649999999999929,p1_m2,0,-0.00013286466681911136,-0.0022151770003425355,0.0,8.397900605391217e-07
1.649999999999929,p1_m3,0,0.05211956699409243,0.050538124748562646,0.0,8.397900605391217e-07
1.649999999999929,p2_m0,0,-0.05762604043219463,-0.05357137263264273,0.0,8.397900605391217e-07
1.649999999999929,p2_m1,0,-0.007212836878816045,-0.009134596512403597,0.0,8.397900605391217e-07
1.649999999999929,p2_m2,0,0.04223232797273538,0.042969148578340756,0.0,8.397900605391217e-07
1.649999999999929,p2_m3,0,0.05207069597932142,0.049606595202736935,0.0,8.397900605391217e-07
1.649999999999929,p3_m0,0,0.06009731162044004,0.07260000875065623,0.0,8.397900605391217e-07
1.649999999999929,p3_m1,8,8.015102955461506,8.601909019379413,-3.323935232140052e-05,8.397900605391217e-07
1.649999999999929,p3_m2,0,-0.1348226224645999,-0.12714563286628894,0.0,8.397900605391217e-07
1.649999999999929,p3_m3,0,0.08732820390907409,0.07929314496976951,0.0,8.397900605391217e-07
1.659999999999928,p0_m0,0,0.0019193205738200765,0.001233454126579404,0.0,7.2291752301622e-07
1.659999999999928,p0_m1,0,0.043639919786697526,0.04811812736607474,0.0,7.2291752301622e-07
1.659999999999928,p0_m2,0,-0.047876376796532026,-0.052737191554367034,0.0,7.2291752301622e-07
1.659999999999928,p0_m3,0,0.027859028546915847,0.031275256081499656,0.0,7.2291752301622e-07
1.659999999999928,p1_m0,0,0.016145695707694554,0.01720439907077311,0.0,7.2291752301622e-07
1.659999999999928,p1_m1,0,-0.008519489887042991,-0.009212011655706056,0.0,7.2291752301622e-07
1.659999999999928,p1_m2,0,0.004482922596375705,0.004810563198076118,0.0,7.2291752301622e-07
1.659999999999928,p1_m3,0,0.016845846063193504,0.018746542172103194,0.0,7.2291752301622e-07
1.659999999999928,p2_m0,0,-0.022336462909104633,-0.024756394724282708,0.0,7.2291752301622e-07
1.659999999999928,p2_m1,0,-1.207317585436405e-05,0.00025640435949252815,0.0,7.2291752301622e-07
1.659999999999928,p2_m2,0,0.009452045158010342,0.009553567362345585,0.0,7.2291752301622e-07
1.659999999999928,p2_m3,0,0.05098717565410279,0.052774598949831324,0.0,7.2291752301622e-07
1.659999999999928,p3_m0,0,0.0061650562089885135,0.006075297977290623,0.0,7.2291752301622e-07
1.659999999999928,p3_m1,8,5.780077496094248,5.345629955048872,0.005249014937761837,7.2291752301622e-07
1.659999999999928,p3_m2,0,-0.06757803226032594,-0.07265159934024569,0.0,7.2291752301622e-07
1.659999999999928,p3_m3,0,0.054072434154299465,0.05883297180367013,0.0,7.2291752301622e-07
1.6699999999999269,p0_m0,0,-0.014096695452438763,-0.0144448702368694,0.0,1.206559187171125e-07
1.6699999999999269,p0_m1,0,0.14145037584638026,0.14402307902566588,0.0,1.206559187171125e-07
1.6699999999999269,p0_m2,0,-0.15293632342039598,-0.1557351650416138,0.0,1.206559187171125e-07
1.6699999999999269,p0_m3,0,0.09628663012427517,0.09691770223171726,0.0,1.206559187171125e-07
1.6699999999999269,p1_m0,0,0.04249526053182637,0.04308378837689451,0.0,1.206559187171125e-07
1.6699999999999269,p1_m1,0,-0.036306250036073344,-0.03670177994051041,0.0,1.206559187171125e-07
1.6699999999999269,p1_m2,0,0.02511636279021463,0.025291417522024275,0.0,1.206559187171125e-07
1.6699999999999269,p1_m3,0,0.04224286467242945,0.04378643713329426,0.0,1.206559187171125e-07
1.6699999999999269,p2_m0,0,-0.07064374062907135,-0.07296970170107635,0.0,1.206559187171125e-07
1.6699999999999269,p2_m1,0,0.021160176081872505,0.021176931293598114,0.0,1.206559187171125e-07
1.6699999999999269,p2_m2,0,-0.018547303265139554,-0.015236200882251883,0.0,1.206559187171125e-07
1.6699999999999269,p2_m3,0,0.1054224876057627,0.10335877911634811,0.0,1.206559187171125e-07
1.6699999999999269,p3_m0,0,-0.08465943201655057,-0.08532252984719171,0.0,1.206559187171125e-07
1.6699999999999269,p3_m1,8,3.038729102116321,2.7448537985415156,0.014468508279958043,1.206559187171125e-07
1.6699999999999269,p3_m2,0,-0.172102742235704,-0.1751380298922449,0.0,1.206559187171125e-07
1.6699999999999269,p3_m3,0,0.17652796142734464,0.17670422102003192,0.0,1.206559187171125e-07
1.6799999999999258,p0_m0,0,-0.025079228901840465,-0.022948318627639106,0.0,1.4351778864945744e-06
1.6799999999999258,p0_m1,0,0.20211293470679703,0.18626891248237634,0.0,1.4351778864945744e-06
1.6799999999999258,p0_m2,0,-0.2183477924427772,-0.20123102819059455,0.0,1.4351778864945744e-06
1.6799999999999258,p0_m3,0,0.12627350923706854,0.1169636299060907,0.0,1.4351778864945744e-06
1.6799999999999258,p1_m0,0,0.061078703434691295,0.05720860110857436,0.0,1.4351778864945744e-06
1.6799999999999258,p1_m1,0,-0.05135487394885889,-0.04782977063635861,0.0,1.4351778864945744e-06
1.6799999999999258,p1_m2,0,0.03536928398873662,0.03308367817297614,0.0,1.4351778864945744e-06
1.6799999999999258,p1_m3,0,0.06435841286925173,0.0582508285689018,0.0,1.4351778864945744e-06
1.6799999999999258,p2_m0,0,-0.1128155108288781,-0.10308639562431693,0.0,1.4351778864945744e-06
1.6799999999999258,p2_m1,0,0.03025960733525553,0.028332926244109616,0.0,1.4351778864945744e-06
1.6799999999999258,p2_m2,0,-0.004005557740759167,-0.005145633678383032,0.0,1.4351778864945744e-06
1.6799999999999258,p2_m3,0,0.10592219996076022,0.10540273206513028,0.0,1.4351778864945744e-06
1.6799999999999258,p3_m0,0,-0.1330911504223417,-0.1231332350704016,0.0,1.4351778864945744e-06
1.6799999999999258,p3_m1,8,7.7448475599220545,9.022208098678083,0.004609568097955201,1.4351778864945744e-06
1.6799999999999258,p3_m2,0,-0.2364644732660823,-0.21923319676098724,0.0,1.4351778864945744e-06
1.6799999999999258,p3_m3,0,0.205535534883541,0.1923339984077839,0.0,1.4351778864945744e-06
1.6899999999999247,p0_m0,0,-0.007447256298798123,-0.00821568142910901,0.0,2.7302412229926835e-07
1.6899999999999247,p0_m1,0,0.07162181133784812,0.07577923610330305,0.0,2.7302412229926835e-07
1.6899999999999247,p0_m2,0,-0.0773993790506118,-0.0818876116576247,0.0,2.7302412229926835e-07
1.6899999999999247,p0_m3,0,0.04603813017311453,0.04902219474732772,0.0,2.7302412229926835e-07
1.6899999999999247,p1_m0,0,0.0293275018724927,0.030271640548303697,0.0,2.7302412229926835e-07
1.6899999999999247,p1_m1,0,-0.022031919025922834,-0.022843076852780492,0.0,2.7302412229926835e-07
1.6899999999999247,p1_m2,0,0.016149618774677504,0.01664430765351729,0.0,2.7302412229926835e-07
1.6899999999999247,p1_m3,0,0.015539553807954456,0.01713785094164762,0.0,2.7302412229926835e-07
1.6899999999999247,p2_m0,0,-0.03596069085802288,-0.03822296767483868,0.0,2.7302412229926835e-07
1.6899999999999247,p2_m1,0,0.014648611210000658,0.01505316397464614,0.0,2.7302412229926835e-07
1.6899999999999247,p2_m2,0,-0.008044532705354091,-0.00828788572689318,0.0,2.7302412229926835e-07
1.6899999999999247,p2_m3,0,0.10038750965141849,0.09803780122975606,0.0,2.7302412229926835e-07
1.6899999999999247,p3_m0,0,-0.05620958056125625,-0.058318296861645615,0.0,2.7302412229926835e-07
1.6899999999999247,p3_m1,8,6.8946743603756095,6.555386677843135,0.0015528629503938492,2.7302412229926835e-07
1.6899999999999247,p3_m2,0,-0.09263660929945118,-0.09677560687281038,0.0,2.7302412229926835e-07
1.6899999999999247,p3_m3,0,0.08681670569417005,0.09085196139490427,0.0,2.7302412229926835e-07
1.6999999999999236,p0_m0,0,-0.014593057906132769,-0.015198668965896505,0.0,3.1889079852897e-07
1.6999999999999236,p0_m1,0,0.12725021334405598,0.13087970406839328,0.0,3.1889079852897e-07
1.6999999999999236,p0_m2,0,-0.13737393725230249,-0.14126869529237523,0.0,3.1889079852897e-07
1.6999999999999236,p0_m3,0,0.09048128387975893,0.09188337222346943,0.0,3.1889079852897e-07
1.6999999999999236,p1_m0,0,0.04197968326731723,0.04261862043180695,0.0,3.1889079852897e-07
1.6999999999999236,p1_m1,0,-0.03478087839460952,-0.03586295057828835,0.0,3.1889079852897e-07
1.6999999999999236,p1_m2,0,0.024725183856098332,0.02555118670808164,0.0,3.1889079852897e-07
1.6999999999999236,p1_m3,0,0.03276641768934136,0.03412256092164008,0.0,3.1889079852897e-07
1.6999999999999236,p2_m0,0,-0.0611872942074462,-0.06348414936058719,0.0,3.1889079852897e-07
1.6999999999999236,p2_m1,0,0.0238500781653335,0.024635926786408385,0.0,3.1889079852897e-07
1.6999999999999236,p2_m2,0,-0.029034713551868183,-0.029248741483782325,0.0,3.1889079852897e-07
1.6999999999999236,p2_m3,0,0.11970605045810365,0.11955906935601648,0.0,3.1889079852897e-07
1.6999999999999236,p3_m0,0,-0.09157521959052252,-0.09402191509778457,0.0,3.1889079852897e-07
1.6999999999999236,p3_m1,8,3.3504268803040094,2.988010711101066,0.013375378046717415,3.1889079852897e-07
1.6999999999999236,p3_m2,0,-0.15366314100269152,-0.15782538330707824,0.0,3.1889079852897e-07
1.6999999999999236,p3_m3,0,0.16519444272123376,0.1693881537438541,0.0,3.1889079852897e-07
1.7099999999999225,p0_m0,0,-0.03029581871692788,-0.030399664146613346,0.0,1.2511042228872137e-06
1.7099999999999225,p0_m1,0,0.23327940308132727,0.2308865722092293,0.0,1.2511042228872137e-06
1.7099999999999225,p0_m2,0,-0.2518350489498664,-0.24918562612441303,0.0,1.2511042228872137e-06
1.7099999999999225,p0_m3,0,0.14615614712268588,0.1450056524806458,0.0,1.2511042228872137e-06
1.7099999999999225,p1_m0,0,0.06897028743145352,0.06871477488000535,0.0,1.2511042228872137e-06
1.7099999999999225,p1_m1,0,-0.059298308429362415,-0.05938561597468585,0.0,1.2511042228872137e-06
1.7099999999999225,p1_m2,0,0.04098406103467975,0.041322673640478716,0.0,1.2511042228872137e-06
1.7099999999999225,p1_m3,0,0.074391249356702,0.07256118548242123,0.0,1.2511042228872137e-06
1.7099999999999225,p2_m0,0,-0.13068894521856236,-0.12847717506833953,0.0,1.2511042228872137e-06
1.7099999999999225,p2_m1,0,0.03751055938844032,0.038033569177758984,0.0,1.2511042228872137e-06
1.7099999999999225,p2_m2,0,-0.013716399778646247,-0.014404978326394159,0.0,1.2511042228872137e-06
1.7099999999999225,p2_m3,0,0.11937508908191238,0.11914576290740227,0.0,1.2511042228872137e-06
1.7099999999999225,p3_m0,0,-0.1585467140100284,-0.15747559767610944,0.0,1.2511042228872137e-06
1.7099999999999225,p3_m1,8,2.411906585213127,2.418282170872691,0.015,1.2511042228872137e-06
1.7099999999999225,p3_m2,0,-0.2694873344916175,-0.26612531083659346,0.0,1.2511042228872137e-06
1.7099999999999225,p3_m3,0,0.24015104300253667,0.24007097263559368,0.0,1.2511042228872137e-06
1.7199999999999214,p0_m0,0,-0.009778781018250257,-0.009868973582075976,0.0,9.72268710718576e-08
1.7199999999999214,p0_m1,0,0.08468681187982222,0.08633868023524663,0.0,9.72268710718576e-08
1.7199999999999214,p0_m2,0,-0.09139791323763734,-0.0931933691652809,0.0,9.72268710718576e-08
1.7199999999999214,p0_m3,0,0.05395389601215538,0.05488387183828849,0.0,9.72268710718576e-08
1.7199999999999214,p1_m0,0,0.03323623955736377,0.03348580307494448,0.0,9.72268710718576e-08
1.7199999999999214,p1_m1,0,-0.025979749730382584,-0.026244853018344942,0.0,9.72268710718576e-08
1.7199999999999214,p1_m2,0,0.0191354737800434,0.01926925734559289,0.0,9.72268710718576e-08
1.7199999999999214,p1_m3,0,0.01890622082441598,0.019724520976758593,0.0,9.72268710718576e-08
1.7199999999999214,p2_m0,0,-0.04373617218102802,-0.044796100662743484,0.0,9.72268710718576e-08
1.7199999999999214,p2_m1,0,0.019066964349987885,0.019157082899689107,0.0,9.72268710718576e-08
1.7199999999999214,p2_m2,0,-0.011987693598727362,-0.011917754454363431,0.0,9.72268710718576e-08
1.7199999999999214,p2_m3,0,0.11671956200769429,0.11670536713886032,0.0,9.72268710718576e-08
1.7199999999999214,p3_m0,0,-0.06830712931909662,-0.06920749140865995,0.0,9.72268710718576e-08
1.7199999999999214,p3_m1,8,7.9895397467587195,8.124922241149223,2.2184372801676844e-05,9.72268710718576e-08
1.7199999999999214,p3_m2,0,-0.10749537746675766,-0.10932318190924997,0.0,9.72268710718576e-08
1.7199999999999214,p3_m3,0,0.10211214221973391,0.10358325465272253,0.0,9.72268710718576e-08
1.7299999999999203,p0_m0,0,-0.012273519181277377,-0.012678918449643178,0.0,5.389904477714814e-07
1.7299999999999203,p0_m1,0,0.10632746443225255,0.11075870476046586,0.0,5.389904477714814e-07
1.7299999999999203,p0_m2,0,-0.11483307877335136,-0.11959939531341679,0.0,5.389904477714814e-07
1.7299999999999203,p0_m3,0,0.07792943954095442,0.08025811875325872,0.0,5.389904477714814e-07
1.7299999999999203,p1_m0,0,0.03831397213850972,0.03879794238905153,0.0,5.389904477714814e-07
1.7299999999999203,p1_m1,0,-0.029289945674207604,-0.030507961950637996,0.0,5.389904477714814e-07
1.7299999999999203,p1_m2,0,0.020768252670153246,0.021661493509377124,0.0,5.389904477714814e-07
1.7299999999999203,p1_m3,0,0.025573237368216005,0.027137622000002814,0.0,5.389904477714814e-07
1.7299999999999203,p2_m0,0,-0.05035736861035012,-0.052957839932060546,0.0,5.389904477714814e-07
1.7299999999999203,p2_m1,0,0.021166863931975033,0.022021212739682442,0.0,5.389904477714814e-07
1.7299999999999203,p2_m2,0,-0.02519481397503576,-0.026112692414901884,0.0,5.389904477714814e-07
1.7299999999999203,p2_m3,0,0.11905152918722971,0.12030243718421257,0.0,5.389904477714814e-07
1.7299999999999203,p3_m0,0,-0.07944266775639426,-0.08243361067130607,0.0,5.389904477714814e-07
1.7299999999999203,p3_m1,8,3.763728601851294,3.3372838332044554,0.011959941756624336,5.389904477714814e-07
1.7299999999999203,p3_m2,0,-0.12985843731297148,-0.13516114516782052,0.0,5.389904477714814e-07
1.7299999999999203,p3_m3,0,0.13951039634128848,0.14469904801627728,0.0,5.389904477714814e-07
1.7399999999999192,p0_m0,0,-0.027574658308067167,-0.027500681149733103,0.0,9.103624666967565e-07
1.7399999999999192,p0_m1,0,0.21919669999338817,0.21784070102981168,0.0,9.103624666967565e-07
1.7399999999999192,p0_m2,0,-0.23669968680765793,-0.23523079397969354,0.0,9.103624666967565e-07
1.7399999999999192,p0_m3,0,0.13856417674679586,0.137797440877702,0.0,9.103624666967565e-07
1.7399999999999192,p1_m0,0,0.06440275953302785,0.06429020133710751,0.0,9.103624666967565e-07
1.7399999999999192,p1_m1,0,-0.05507623419808762,-0.054819710729232224,0.0,9.103624666967565e-07
1.7399999999999192,p1_m2,0,0.03779234940042577,0.03764037442281447,0.0,9.103624666967565e-07
1.7399999999999192,p1_m3,0,0.07031055320378798,0.06967508960618592,0.0,9.103624666967565e-07
1.7399999999999192,p2_m0,0,-0.12262751655666906,-0.12180794499538648,0.0,9.103624666967565e-07
1.7399999999999192,p2_m1,0,0.03545892045857351,0.03532605858941763,0.0,9.103624666967565e-07
1.7399999999999192,p2_m2,0,-0.017289617491792194,-0.01673524707014952,0.0,9.103624666967565e-07
1.7399999999999192,p2_m3,0,0.12344813835700699,0.1231213978109409,0.0,9.103624666967565e-07
1.7399999999999192,p3_m0,0,-0.14990706829070663,-0.14912510349382374,0.0,9.103624666967565e-07
1.7399999999999192,p3_m1,8,2.4310779640149693,2.3742073559606967,0.015,9.103624666967565e-07
1.7399999999999192,p3_m2,0,-0.25566235475515664,-0.2539151600923909,0.0,9.103624666967565e-07
1.7399999999999192,p3_m3,0,0.23028970343074176,0.22856206645397623,0.0,9.103624666967565e-07
1.749999999999918,p0_m0,0,-0.012891678600812369,-0.012736743395815217,0.0,5.563673409320313e-07
1.749999999999918,p0_m1,0,0.10590373047996261,0.10587889743332363,0.0,5.563673409320313e-07
1.749999999999918,p0_m2,0,-0.11431627274894332,-0.1143016475229822,0.0,5.563673409320313e-07
1.749999999999918,p0_m3,0,0.06751859893922887,0.06745041633762895,0.0,5.563673409320313e-07
1.749999999999918,p1_m0,0,0.038482722687497965,0.03831815521986731,0.0,5.563673409320313e-07
1.749999999999918,p1_m1,0,-0.03041738721739017,-0.030315779400589903,0.0,5.563673409320313e-07
1.749999999999918,p1_m2,0,0.02189862083285166,0.0217959518746148,0.0,5.563673409320313e-07
1.749999999999918,p1_m3,0,0.026989108155741202,0.027159513097949124,0.0,5.563673409320313e-07
1.749999999999918,p2_m0,0,-0.05661398959299337,-0.05664705082737486,0.0,5.563673409320313e-07
1.749999999999918,p2_m1,0,0.021932423461014323,0.021834082259745768,0.0,5.563673409320313e-07
1.749999999999918,p2_m2,0,-0.012257644899352242,-0.012324285936658057,0.0,5.563673409320313e-07
1.749999999999918,p2_m3,0,0.12070373701477716,0.1206835880377321,0.0,5.563673409320313e-07
1.749999999999918,p3_m0,0,-0.08174223575159416,-0.0816237182663512,0.0,5.563673409320313e-07
1.749999999999918,p3_m1,8,7.996672028525799,8.243905750109379,-6.308469004666861e-06,5.563673409320313e-07
1.749999999999918,p3_m2,0,-0.13125600441735472,-0.13126966263753906,0.0,5.563673409320313e-07
1.749999999999918,p3_m3,0,0.12132448829894074,0.12144099455354908,0.0,5.563673409320313e-07
1.759999999999917,p0_m0,0,0.010810373770634901,0.010617248510712994,0.0,6.50065572135937e-06
1.759999999999917,p0_m1,0,-0.010102998816920944,-0.0075652416406045446,0.0,6.50065572135937e-06
1.759999999999917,p0_m2,0,0.16378546019181986,0.1604714679161698,0.0,6.50065572135937e-06
1.759999999999917,p0_m3,0,-0.16772472710717024,-0.1657629578951114,0.0,6.50065572135937e-06
1.759999999999917,p1_m0,0,-0.037852530542911454,-0.037325307837903166,0.0,6.50065572135937e-06
1.759999999999917,p1_m1,0,0.01292812090338942,0.012581309038621927,0.0,6.50065572135937e-06
1.759999999999917,p1_m2,0,0.0004405986755455002,0.0005195756604535941,0.0,6.50065572135937e-06
1.759999999999917,p1_m3,0,-0.0695586331813038,-0.06794154097836617,0.0,6.50065572135937e-06
1.759999999999917,p2_m0,0,0.0779177629953071,0.07594654254197472,0.0,6.50065572135937e-06
1.759999999999917,p2_m1,0,0.0022497999897022804,0.002270847370350292,0.0,6.50065572135937e-06
1.759999999999917,p2_m2,0,0.017199771686842828,0.017245347400512104,0.0,6.50065572135937e-06
1.759999999999917,p2_m3,0,-0.12154373487354175,-0.12266287351655548,0.0,6.50065572135937e-06
1.759999999999917,p3_m0,0,-0.0010663619445432987,-0.0008090538556402886,0.0,6.50065572135937e-06
1.759999999999917,p3_m1,0,3.1877827887005665,3.2344058587735636,0.0,6.50065572135937e-06
1.759999999999917,p3_m2,8,2.283149917433483,2.1740712208990294,0.015,6.50065572135937e-06
1.759999999999917,p3_m3,0,-0.026249093568501653,-0.026642410256963966,0.0,6.50065572135937e-06
1.7699999999999159,p0_m0,0,0.017364677164032612,0.016014212125645397,0.0,9.468457302172207e-06
1.7699999999999159,p0_m1,0,-0.03811147589429948,-0.03463890396952999,0.0,9.468457302172207e-06
1.7699999999999159,p0_m2,0,0.21913622728060306,0.20065860267035063,0.0,9.468457302172207e-06
1.7699999999999159,p0_m3,0,-0.22116305692181717,-0.20276503068144888,0.0,9.468457302172207e-06
1.7699999999999159,p1_m0,0,-0.06109299185563111,-0.05671618066152229,0.0,9.468457302172207e-06
1.7699999999999159,p1_m1,0,0.027811478604822734,0.025601868812060606,0.0,9.468457302172207e-06
1.7699999999999159,p1_m2,0,-0.01020356058702126,-0.009469548225750333,0.0,9.468457302172207e-06
1.7699999999999159,p1_m3,0,-0.07852854365074799,-0.07125531185631293,0.0,9.468457302172207e-06
1.7699999999999159,p2_m0,0,0.09868374897951812,0.08947765176761477,0.0,9.468457302172207e-06
1.7699999999999159,p2_m1,0,-0.006702839683347381,-0.005522624518386194,0.0,9.468457302172207e-06
1.7699999999999159,p2_m2,0,0.026619480691596677,0.02405652095236298,0.0,9.468457302172207e-06
1.7699999999999159,p2_m3,0,-0.2147800577946343,-0.19353929209052856,0.0,9.468457302172207e-06
1.7699999999999159,p3_m0,0,0.04227530623073672,0.03854687477561725,0.0,9.468457302172207e-06
1.7699999999999159,p3_m1,0,0.8958339093436828,0.931760738988345,0.0,9.468457302172207e-06
1.7699999999999159,p3_m2,8,7.9920722489199205,8.993549552683293,0.000572205908484336,9.468457302172207e-06
1.7699999999999159,p3_m3,0,-0.10539687503868983,-0.10080840309524304,0.0,9.468457302172207e-06
1.7799999999999148,p0_m0,0,0.0033124781714111823,0.003464913161216839,0.0,2.1768461706680096e-07
1.7799999999999148,p0_m1,0,-0.015914608510612615,-0.015999620041060387,0.0,2.1768461706680096e-07
1.7799999999999148,p0_m2,0,0.07037008355768577,0.07296573757357068,0.0,2.1768461706680096e-07
1.7799999999999148,p0_m3,0,-0.06992152594470856,-0.07256056906500014,0.0,2.1768461706680096e-07
1.7799999999999148,p1_m0,0,-0.02658025987558675,-0.026987787314132882,0.0,2.1768461706680096e-07
1.7799999999999148,p1_m1,0,0.011456420356482649,0.011612223402653011,0.0,2.1768461706680096e-07
1.7799999999999148,p1_m2,0,-0.005552000013595944,-0.005499619366635264,0.0,2.1768461706680096e-07
1.7799999999999148,p1_m3,0,-0.019745782597277852,-0.021009680475286858,0.0,2.1768461706680096e-07
1.7799999999999148,p2_m0,0,0.027626674021796888,0.0290603994289303,0.0,2.1768461706680096e-07
1.7799999999999148,p2_m1,0,-0.0028099193202650225,-0.002898124132962798,0.0,2.1768461706680096e-07
1.7799999999999148,p2_m2,0,0.009470473346995576,0.009811457238082327,0.0,2.1768461706680096e-07
1.7799999999999148,p2_m3,0,-0.06590723612980244,-0.06859354571990353,0.0,2.1768461706680096e-07
1.7799999999999148,p3_m0,0,0.022695699927445762,0.022736475646109804,0.0,2.1768461706680096e-07
1.7799999999999148,p3_m1,0,0.28546812447848813,0.3005776252380604,0.0,2.1768461706680096e-07
1.7799999999999148,p3_m2,8,7.983762984775655,8.038405555513338,4.474280388296048e-05,2.1768461706680096e-07
1.7799999999999148,p3_m3,0,-0.06345637564510043,-0.06251112386105208,0.0,2.1768461706680096e-07
1.7899999999999137,p0_m0,0,0.01234078336567134,0.01270676065041478,0.0,1.912206688846731e-07
1.7899999999999137,p0_m1,0,-0.07488600313247458,-0.07825382707471046,0.0,1.912206688846731e-07
1.7899999999999137,p0_m2,0,0.09940488202579902,0.10414805707146538,0.0,1.912206688846731e-07
1.7899999999999137,p0_m3,0,-0.07785149099104066,-0.0813458827534794,0.0,1.912206688846731e-07
1.7899999999999137,p1_m0,0,-0.03921227628927905,-0.04049272612712715,0.0,1.912206688846731e-07
1.7899999999999137,p1_m1,0,0.017133241323802072,0.017747782795840335,0.0,1.912206688846731e-07
1.7899999999999137,p1_m2,0,-0.00895519848254726,-0.009188226976873971,0.0,1.912206688846731e-07
1.7899999999999137,p1_m3,0,-0.025024580298224262,-0.026742932826690387,0.0,1.912206688846731e-07
1.7899999999999137,p2_m0,0,0.03733769369208423,0.03958896618748705,0.0,1.912206688846731e-07
1.7899999999999137,p2_m1,0,-0.008956772604377931,-0.009177423895120568,0.0,1.912206688846731e-07
1.7899999999999137,p2_m2,0,0.01739997147867661,0.018025371345841812,0.0,1.912206688846731e-07
1.7899999999999137,p2_m3,0,-0.09872108236901403,-0.1036684100934692,0.0,1.912206688846731e-07
1.7899999999999137,p3_m0,0,0.05519001080521463,0.0568460629245638,0.0,1.912206688846731e-07
1.7899999999999137,p3_m1,0,0.017328100942537547,0.01964023299290346,0.0,1.912206688846731e-07
1.7899999999999137,p3_m2,8,4.3371442128737465,3.943947620803899,0.01031225652249368,1.912206688846731e-07
1.7899999999999137,p3_m3,0,-0.10983939158199493,-0.11225280025834779,0.0,1.912206688846731e-07
1.7999999999999126,p0_m0,0,0.016009427109723792,0.015345460925041833,0.0,6.2301998888239484e-06
1.7999999999999126,p0_m1,0,-0.11962816161516764,-0.11218073365463617,0.0,6.2301998888239484e-06
1.7999999999999126,p0_m2,0,0.21356511051214253,0.19941440330596444,0.0,6.2301998888239484e-06
1.7999999999999126,p0_m3,0,-0.188845743035257,-0.1763215643874454,0.0,6.2301998888239484e-06
1.7999999999999126,p1_m0,0,-0.06745091998726976,-0.06375971464111789,0.0,6.2301998888239484e-06
1.7999999999999126,p1_m1,0,0.032267616853834634,0.03040907613815987,0.0,6.2301998888239484e-06
1.7999999999999126,p1_m2,0,-0.014972201518500091,-0.014256045787798353,0.0,6.2301998888239484e-06
1.7999999999999126,p1_m3,0,-0.0687326592198449,-0.06340076582867823,0.0,6.2301998888239484e-06
1.7999999999999126,p2_m0,0,0.09985042523578833,0.09246307075255189,0.0,6.2301998888239484e-06
1.7999999999999126,p2_m1,0,-0.015573026919228093,-0.014819211554001144,0.0,6.2301998888239484e-06
1.7999999999999126,p2_m2,0,0.03319924799567854,0.03128754461156473,0.0,6.2301998888239484e-06
1.7999999999999126,p2_m3,0,-0.2250724426543514,-0.20955886561288015,0.0,6.2301998888239484e-06
1.7999999999999126,p3_m0,0,0.0882252917463707,0.0836905147961366,0.0,6.2301998888239484e-06
1.7999999999999126,p3_m1,0,-0.18552233475822152,-0.16894248139904833,0.0,6.2301998888239484e-06
1.7999999999999126,p3_m2,8,7.216671178646246,8.43627039032978,0.013787693915612303,6.2301998888239484e-06
1.7999999999999126,p3_m3,0,-0.16524506534034997,-0.15650909783281747,0.0,6.2301998888239484e-06
1.8099999999999115,p0_m0,0,0.007702813737193877,0.008497404966261106,0.0,2.651505455231475e-06
1.8099999999999115,p0_m1,0,-0.05360472242226722,-0.057647119937798856,0.0,2.651505455231475e-06
1.8099999999999115,p0_m2,0,0.08405639763317707,0.08907266268063098,0.0,2.651505455231475e-06
1.8099999999999115,p0_m3,0,-0.0737979838397488,-0.07785663260898561,0.0,2.651505455231475e-06
1.8099999999999115,p1_m0,0,-0.0333879324174236,-0.03503157622929095,0.0,2.651505455231475e-06
1.8099999999999115,p1_m1,0,0.01543494712308749,0.016234799775058,0.0,2.651505455231475e-06
1.8099999999999115,p1_m2,0,-0.008510187009276101,-0.008919091321478802,0.0,2.651505455231475e-06
1.8099999999999115,p1_m3,0,-0.020541282964812866,-0.022008909489457638,0.0,2.651505455231475e-06
1.8099999999999115,p2_m0,0,0.03468994908297564,0.03677829840890163,0.0,2.651505455231475e-06
1.8099999999999115,p2_m1,0,-0.009160055468148937,-0.009562261720911215,0.0,2.651505455231475e-06
1.8099999999999115,p2_m2,0,0.016188202349700576,0.016984649287292316,0.0,2.651505455231475e-06
1.8099999999999115,p2_m3,0,-0.08494001845428005,-0.09005735046103389,0.0,2.651505455231475e-06
1.8099999999999115,p3_m0,0,0.04641319132597452,0.04870895108954398,0.0,2.651505455231475e-06
1.8099999999999115,p3_m1,0,-0.08183110692158589,-0.08540492619253547,0.0,2.651505455231475e-06
1.8099999999999115,p3_m2,8,6.366584935432084,6.053979163569593,0.0032616453525972995,2.651505455231475e-06
1.8099999999999115,p3_m3,0,-0.08295579591870329,-0.08778169945387775,0.0,2.651505455231475e-06
1.8199999999999104,p0_m0,0,0.017806585080075706,0.01730634700214297,0.0,3.954898934413777e-06
1.8199999999999104,p0_m1,0,-0.12660185717277206,-0.1257040955266733,0.0,3.954898934413777e-06
1.8199999999999104,p0_m2,0,0.15915551195753636,0.1626750904171057,0.0,3.954898934413777e-06
1.8199999999999104,p0_m3,0,-0.12446547823575022,-0.1289339948524751,0.0,3.954898934413777e-06
1.8199999999999104,p1_m0,0,-0.05716418275228481,-0.05762059145744584,0.0,3.954898934413777e-06
1.8199999999999104,p1_m1,0,0.02662568777384608,0.0270100101813022,0.0,3.954898934413777e-06
1.8199999999999104,p1_m2,0,-0.013715221014479752,-0.013816120282513944,0.0,3.954898934413777e-06
1.8199999999999104,p1_m3,0,-0.0441567866614325,-0.04593885217359901,0.0,3.954898934413777e-06
1.8199999999999104,p2_m0,0,0.06825438425562434,0.07107555575852856,0.0,3.954898934413777e-06
1.8199999999999104,p2_m1,0,-0.014795844859936848,-0.01485842511736569,0.0,3.954898934413777e-06
1.8199999999999104,p2_m2,0,0.027846817590528494,0.02820353345760323,0.0,3.954898934413777e-06
1.8199999999999104,p2_m3,0,-0.16373727400081448,-0.16792301967317522,0.0,3.954898934413777e-06
1.8199999999999104,p3_m0,0,0.08561031161580632,0.08539109168929085,0.0,3.954898934413777e-06
1.8199999999999104,p3_m1,0,-0.16295664050673675,-0.1668081882659601,0.0,3.954898934413777e-06
1.8199999999999104,p3_m2,8,3.750025187824719,3.4863863049635104,0.01239659274481927,3.954898934413777e-06
1.8199999999999104,p3_m3,0,-0.1551206667519916,-0.15476030380814185,0.0,3.954898934413777e-06
1.8299999999999093,p0_m0,0,0.012105898963797192,0.011691790620985298,0.0,6.185279788861622e-06
1.8299999999999093,p0_m1,0,-0.08618762736536016,-0.08345541859541021,0.0,6.185279788861622e-06
1.8299999999999093,p0_m2,0,0.14594500130410293,0.13833242887439404,0.0,6.185279788861622e-06
1.8299999999999093,p0_m3,0,-0.12918161519104704,-0.1217506411327333,0.0,6.185279788861622e-06
1.8299999999999093,p1_m0,0,-0.050501989006147496,-0.04856452635447906,0.0,6.185279788861622e-06
1.8299999999999093,p1_m1,0,0.024183130718727495,0.02318252647037848,0.0,6.185279788861622e-06
1.8299999999999093,p1_m2,0,-0.012329255108556923,-0.011933870454300425,0.0,6.185279788861622e-06
1.8299999999999093,p1_m3,0,-0.04229351796480991,-0.03944613975805222,0.0,6.185279788861622e-06
1.8299999999999093,p2_m0,0,0.0654218975397637,0.06155651232679235,0.0,6.185279788861622e-06
1.8299999999999093,p2_m1,0,-0.012788314207021905,-0.012412825392510957,0.0,6.185279788861622e-06
1.8299999999999093,p2_m2,0,0.024814236900861708,0.023821705965357935,0.0,6.185279788861622e-06
1.8299999999999093,p2_m3,0,-0.15116391200329418,-0.14293610503911444,0.0,6.185279788861622e-06
1.8299999999999093,p3_m0,0,0.06867481836462622,0.06654779774043978,0.0,6.185279788861622e-06
1.8299999999999093,p3_m1,0,-0.15920574345924043,-0.15118230193368315,0.0,6.185279788861622e-06
1.8299999999999093,p3_m2,8,8.01117528610736,8.515228643881144,-4.036305684501507e-05,6.185279788861622e-06
1.8299999999999093,p3_m3,0,-0.12317332595878241,-0.1190296622540969,0.0,6.185279788861622e-06
1.8399999999999082,p0_m0,0,0.012602629074834356,0.013381410417246027,0.0,2.094219675353419e-06
1.8399999999999082,p0_m1,0,-0.0756754285411891,-0.0802421154623928,0.0,2.094219675353419e-06
1.8399999999999082,p0_m2,0,0.09781345417868545,0.10356439751940041,0.0,2.094219675353419e-06
1.8399999999999082,p0_m3,0,-0.07992414490954793,-0.08364078248140891,0.0,2.094219675353419e-06
1.8399999999999082,p1_m0,0,-0.04038608661768654,-0.04213223820936022,0.0,2.094219675353419e-06
1.8399999999999082,p1_m1,0,0.018533175179801548,0.01932243511334451,0.0,2.094219675353419e-06
1.8399999999999082,p1_m2,0,-0.010548396227276352,-0.010875730608811644,0.0,2.094219675353419e-06
1.8399999999999082,p1_m3,0,-0.021946611542156713,-0.023845619587934384,0.0,2.094219675353419e-06
1.8399999999999082,p2_m0,0,0.03726293130964124,0.03975049919507867,0.0,2.094219675353419e-06
1.8399999999999082,p2_m1,0,-0.010943967860148649,-0.011292036871776018,0.0,2.094219675353419e-06
1.8399999999999082,p2_m2,0,0.018984523966353684,0.019800561938428735,0.0,2.094219675353419e-06
1.8399999999999082,p2_m3,0,-0.09731837941828822,-0.1033603224988127,0.0,2.094219675353419e-06
1.8399999999999082,p3_m0,0,0.05898900088852832,0.061809462887460406,0.0,2.094219675353419e-06
1.8399999999999082,p3_m1,0,-0.10543363993530232,-0.11111994182119916,0.0,2.094219675353419e-06
1.8399999999999082,p3_m2,8,4.887138821992222,4.452544247056374,0.008411213779129303,2.094219675353419e-06
1.8399999999999082,p3_m3,0,-0.10980925565006695,-0.11557245207693592,0.0,2.094219675353419e-06
1.849999999999907,p0_m0,0,0.01743358952162146,0.017253207343930065,0.0,5.980006504753425e-06
1.849999999999907,p0_m1,0,-0.13604721951821547,-0.1330459226485493,0.0,5.980006504753425e-06
1.849999999999907,p0_m2,0,0.21214126755150767,0.21352195514578107,0.0,5.980006504753425e-06
1.849999999999907,p0_m3,0,-0.18022243540263794,-0.18325294570129078,0.0,5.980006504753425e-06
1.849999999999907,p1_m0,0,-0.06941722017301398,-0.06960450220691124,0.0,5.980006504753425e-06
1.849999999999907,p1_m1,0,0.03337843485282934,0.033476447690555966,0.0,5.980006504753425e-06
1.849999999999907,p1_m2,0,-0.016201721063163,-0.01618697208307053,0.0,5.980006504753425e-06
1.849999999999907,p1_m3,0,-0.0656005760973346,-0.06630093830505307,0.0,5.980006504753425e-06
1.849999999999907,p2_m0,0,0.09807730655011014,0.09864316100273801,0.0,5.980006504753425e-06
1.849999999999907,p2_m1,0,-0.016699660231301344,-0.016630149252134446,0.0,5.980006504753425e-06
1.849999999999907,p2_m2,0,0.03410297181631872,0.03415146797429349,0.0,5.980006504753425e-06
1.849999999999907,p2_m3,0,-0.22261083710031787,-0.22417618087833657,0.0,5.980006504753425e-06
1.849999999999907,p3_m0,0,0.09558854330683543,0.09480187388208461,0.0,5.980006504753425e-06
1.849999999999907,p3_m1,0,-0.22435886840902092,-0.22595834154498962,0.0,5.980006504753425e-06
1.849999999999907,p3_m2,8,3.458365393765444,3.309043790599002,0.013467141210291937,5.980006504753425e-06
1.849999999999907,p3_m3,0,-0.17494956345934676,-0.1740967319435579,0.0,5.980006504753425e-06
1.859999999999906,p0_m0,0,0.0083942215674832,0.00865293680136586,0.0,3.7663738392544725e-06
1.859999999999906,p0_m1,0,-0.059545167815678784,-0.06140694698356484,0.0,3.7663738392544725e-06
1.859999999999906,p0_m2,0,0.09490797627235488,0.09683101073664399,0.0,3.7663738392544725e-06
1.859999999999906,p0_m3,0,-0.08364454019842085,-0.08497599976331628,0.0,3.7663738392544725e-06
1.859999999999906,p1_m0,0,-0.037507396104285766,-0.03812941855143439,0.0,3.7663738392544725e-06
1.859999999999906,p1_m1,0,0.0175425741570304,0.01782198851979285,0.0,3.7663738392544725e-06
1.859999999999906,p1_m2,0,-0.009744335320808761,-0.009870468337331182,0.0,3.7663738392544725e-06
1.859999999999906,p1_m3,0,-0.023126189539829048,-0.023734299075313867,0.0,3.7663738392544725e-06
1.859999999999906,p2_m0,0,0.03960853881543634,0.04043050143435941,0.0,3.7663738392544725e-06
1.859999999999906,p2_m1,0,-0.009890025796081782,-0.010027173038470123,0.0,3.7663738392544725e-06
1.859999999999906,p2_m2,0,0.017785488853528267,0.01807615006093181,0.0,3.7663738392544725e-06
1.859999999999906,p2_m3,0,-0.09572088564872375,-0.09776395172628224,0.0,3.7663738392544725e-06
1.859999999999906,p3_m0,0,0.05167084517251451,0.05251915940421869,0.0,3.7663738392544725e-06
1.859999999999906,p3_m1,0,-0.10834283683075832,-0.1098147104087353,0.0,3.7663738392544725e-06
1.859999999999906,p3_m2,8,7.472130789250512,7.396165514268199,1.762447902526354e-05,3.7663738392544725e-06
1.859999999999906,p3_m3,0,-0.08996916191738222,-0.09186452199389063,0.0,3.7663738392544725e-06
1.8699999999999048,p0_m0,0,0.017439234013972585,0.017280151120983512,0.0,3.0169400218325877e-06
1.8699999999999048,p0_m1,0,-0.113837071104964,-0.11632942350252218,0.0,3.0169400218325877e-06
1.8699999999999048,p0_m2,0,0.13517486982492544,0.13957157167315293,0.0,3.0169400218325877e-06
1.8699999999999048,p0_m3,0,-0.10316903465983907,-0.10733100267512849,0.0,3.0169400218325877e-06
1.8699999999999048,p1_m0,0,-0.052318094765966286,-0.05324922920747311,0.0,3.0169400218325877e-06
1.8699999999999048,p1_m1,0,0.024023830385532505,0.024539321004693564,0.0,3.0169400218325877e-06
1.8699999999999048,p1_m2,0,-0.013040638112947147,-0.01319737829551835,0.0,3.0169400218325877e-06
1.8699999999999048,p1_m3,0,-0.03368510395514003,-0.03557374998438629,0.0,3.0169400218325877e-06
1.8699999999999048,p2_m0,0,0.053374645324769654,0.05618992258874999,0.0,3.0169400218325877e-06
1.8699999999999048,p2_m1,0,-0.013506869385059019,-0.013684304123077107,0.0,3.0169400218325877e-06
1.8699999999999048,p2_m2,0,0.02457345847634869,0.02511879967707647,0.0,3.0169400218325877e-06
1.8699999999999048,p2_m3,0,-0.1363709067598216,-0.14136576708363313,0.0,3.0169400218325877e-06
1.8699999999999048,p3_m0,0,0.07909522051310618,0.08010735713897499,0.0,3.0169400218325877e-06
1.8699999999999048,p3_m1,0,-0.14236115002697267,-0.14727616304850252,0.0,3.0169400218325877e-06
1.8699999999999048,p3_m2,8,4.015090619875714,3.683129147586603,0.011445960840049806,3.0169400218325877e-06
1.8699999999999048,p3_m3,0,-0.14374852279478617,-0.14480218954731777,0.0,3.0169400218325877e-06
1.8799999999999037,p0_m0,0,0.015958632301575196,0.015132984363858954,0.0,6.901365180405789e-06
1.8799999999999037,p0_m1,0,-0.10899661960043408,-0.10261751812578884,0.0,6.901365180405789e-06
1.8799999999999037,p0_m2,0,0.1835267999070472,0.16871416996058142,0.0,6.901365180405789e-06
1.8799999999999037,p0_m3,0,-0.162136990087225,-0.14821195459980196,0.0,6.901365180405789e-06
1.8799999999999037,p1_m0,0,-0.06241989347568731,-0.0584768760648599,0.0,6.901365180405789e-06
1.8799999999999037,p1_m1,0,0.02986417814894899,0.027916774014585848,0.0,6.901365180405789e-06
1.8799999999999037,p1_m2,0,-0.015025909152379155,-0.014265647489943294,0.0,6.901365180405789e-06
1.8799999999999037,p1_m3,0,-0.05394159356364056,-0.04850155327953895,0.0,6.901365180405789e-06
1.8799999999999037,p2_m0,0,0.08267492188356473,0.07519414884504576,0.0,6.901365180405789e-06
1.8799999999999037,p2_m1,0,-0.015124621931075511,-0.014367707322610645,0.0,6.901365180405789e-06
1.8799999999999037,p2_m2,0,0.030157906103156818,0.028193837401591287,0.0,6.901365180405789e-06
1.8799999999999037,p2_m3,0,-0.19007482851014948,-0.1740670666378605,0.0,6.901365180405789e-06
1.8799999999999037,p3_m0,0,0.0837103733837284,0.07922676862534955,0.0,6.901365180405789e-06
1.8799999999999037,p3_m1,0,-0.19719247011302166,-0.1822961216470426,0.0,6.901365180405789e-06
1.8799999999999037,p3_m2,8,7.9911941815412995,8.86465818455937,0.00047852209774836577,6.901365180405789e-06
1.8799999999999037,p3_m3,0,-0.15097266119031394,-0.14225667757033517,0.0,6.901365180405789e-06
1.8899999999999026,p0_m0,0,-0.2527881512032334,-0.2515933929703821,0.0,4.170261533705185e-06
1.8899999999999026,p0_m1,0,0.4665168360334117,0.4621902178896029,0.0,4.170261533705185e-06
1.8899999999999026,p0_m2,0,-0.42996361164772223,-0.42358619276419884,0.0,4.170261533705185e-06
1.8899999999999026,p0_m3,0,0.4777342637567528,0.47338540068398,0.0,4.170261533705185e-06
1.8899999999999026,p1_m0,0,0.3338083226060442,0.33155540847222115,0.0,4.170261533705185e-06
1.8899999999999026,p1_m1,0,-0.1787293298294143,-0.17773104599043277,0.0,4.170261533705185e-06
1.8899999999999026,p1_m2,0,0.15072688775367854,0.15011135149088628,0.0,4.170261533705185e-06
1.8899999999999026,p1_m3,0,-0.10595784016809343,-0.10644905665656837,0.0,4.170261533705185e-06
1.8899999999999026,p2_m0,0,-0.04588788325292438,-0.04461358192994722,0.0,4.170261533705185e-06
1.8899999999999026,p2_m1,0,0.13437260377787416,0.13388728024279983,0.0,4.170261533705185e-06
1.8899999999999026,p2_m2,0,-0.04926122152203894,-0.04840834119150431,0.0,4.170261533705185e-06
1.8899999999999026,p2_m3,0,0.30593544036319936,0.30172834707112095,0.0,4.170261533705185e-06
1.8899999999999026,p3_m0,0,-0.34190781232476775,-0.33892642690115526,0.0,4.170261533705185e-06
1.8899999999999026,p3_m1,0,0.32545178032373706,0.3210670934779204,0.0,4.170261533705185e-06
1.8899999999999026,p3_m2,0,7.949815548386948,7.998524964768644,0.0,4.170261533705185e-06
1.8899999999999026,p3_m3,8,2.3731898461918166,2.2676035321915666,0.015,4.170261533705185e-06
1.8999999999999015,p0_m0,0,-0.11975599830039062,-0.11908522600996294,0.0,1.97179732825058e-06
1.8999999999999015,p0_m1,0,0.21532480371939963,0.2129022851511897,0.0,1.97179732825058e-06
1.8999999999999015,p0_m2,0,-0.20180179198156545,-0.1987446709798507,0.0,1.97179732825058e-06
1.8999999999999015,p0_m3,0,0.22828148419256955,0.22550439031995784,0.0,1.97179732825058e-06
1.8999999999999015,p1_m0,0,0.1478913792803318,0.1469769512915131,0.0,1.97179732825058e-06
1.8999999999999015,p1_m1,0,-0.08022141423299464,-0.07980214008948014,0.0,1.97179732825058e-06
1.8999999999999015,p1_m2,0,0.06662051848651673,0.06647649610651543,0.0,1.97179732825058e-06
1.8999999999999015,p1_m3,0,-0.042849885194909204,-0.04383117976905665,0.0,1.97179732825058e-06
1.8999999999999015,p2_m0,0,-0.028776441835586895,-0.027331322575082823,0.0,1.97179732825058e-06
1.8999999999999015,p2_m1,0,0.06658495003648641,0.06609313414595731,0.0,1.97179732825058e-06
1.8999999999999015,p2_m2,0,-0.033678548378537454,-0.03263742862048507,0.0,1.97179732825058e-06
1.8999999999999015,p2_m3,0,0.1465130437811289,0.14332620185462894,0.0,1.97179732825058e-06
1.8999999999999015,p3_m0,0,-0.15351471147772627,-0.1522458164552164,0.0,1.97179732825058e-06
1.8999999999999015,p3_m1,0,0.1420738956149643,0.13997603497378824,0.0,1.97179732825058e-06
1.8999999999999015,p3_m2,0,6.648115948799218,6.313758682268427,0.0,1.97179732825058e-06
1.8999999999999015,p3_m3,8,7.992104821431954,8.165739944605825,1.2391725137155697e-05,1.97179732825058e-06
1.9099999999999004,p0_m0,0,-0.11190577984060034,-0.11633750376702442,0.0,1.4402774713421377e-06
1.9099999999999004,p0_m1,0,0.2110550052060996,0.22172684575157703,0.0,1.4402774713421377e-06
1.9099999999999004,p0_m2,0,-0.2168492352945984,-0.22774195031612596,0.0,1.4402774713421377e-06
1.9099999999999004,p0_m3,0,0.2199007724750532,0.2306322739604585,0.0,1.4402774713421377e-06
1.9099999999999004,p1_m0,0,0.1491879634098218,0.15603635156446177,0.0,1.4402774713421377e-06
1.9099999999999004,p1_m1,0,-0.07269080864966967,-0.07649202449262699,0.0,1.4402774713421377e-06
1.9099999999999004,p1_m2,0,0.058122344660401275,0.061217872492118054,0.0,1.4402774713421377e-06
1.9099999999999004,p1_m3,0,-0.03785365346951795,-0.03953456504532019,0.0,1.4402774713421377e-06
1.9099999999999004,p2_m0,0,-0.02461457136597815,-0.026071072104836435,0.0,1.4402774713421377e-06
1.9099999999999004,p2_m1,0,0.05714042433935992,0.059889219231491625,0.0,1.4402774713421377e-06
1.9099999999999004,p2_m2,0,-0.056817004671453224,-0.05940933589008097,0.0,1.4402774713421377e-06
1.9099999999999004,p2_m3,0,0.13896450554234233,0.14652648562251638,0.0,1.4402774713421377e-06
1.9099999999999004,p3_m0,0,-0.1553877936362226,-0.1632469529226914,0.0,1.4402774713421377e-06
1.9099999999999004,p3_m1,0,0.14616765187795944,0.15448470691632543,0.0,1.4402774713421377e-06
1.9099999999999004,p3_m2,0,2.077898845168635,2.1077606568625167,0.0,1.4402774713421377e-06
1.9099999999999004,p3_m3,8,4.157017525188629,3.790856488268299,0.010936851528883504,1.4402774713421377e-06
1.9199999999998993,p0_m0,0,-0.21653995216286545,-0.21742551293292736,0.0,2.611683822287569e-06
1.9199999999998993,p0_m1,0,0.4506835078140961,0.45112052745453457,0.0,2.611683822287569e-06
1.9199999999998993,p0_m2,0,-0.4721958540992801,-0.47148168331191026,0.0,2.611683822287569e-06
1.9199999999998993,p0_m3,0,0.48069031007105445,0.4824504027683009,0.0,2.611683822287569e-06
1.9199999999998993,p1_m0,0,0.3074082195189694,0.30843419530976035,0.0,2.611683822287569e-06
1.9199999999998993,p1_m1,0,-0.15928564004694368,-0.15986126731647063,0.0,2.611683822287569e-06
1.9199999999998993,p1_m2,0,0.12819994311146474,0.12873704735748118,0.0,2.611683822287569e-06
1.9199999999998993,p1_m3,0,-0.07316127812433236,-0.07345558618777609,0.0,2.611683822287569e-06
1.9199999999998993,p2_m0,0,-0.06296447583777727,-0.06345075824132146,0.0,2.611683822287569e-06
1.9199999999998993,p2_m1,0,0.11791845932397894,0.11840628414398323,0.0,2.611683822287569e-06
1.9199999999998993,p2_m2,0,-0.08062158854783587,-0.07909635964725528,0.0,2.611683822287569e-06
1.9199999999998993,p2_m3,0,0.32461201887678154,0.3256917261796721,0.0,2.611683822287569e-06
1.9199999999998993,p3_m0,0,-0.3360943073056768,-0.33673811637058937,0.0,2.611683822287569e-06
1.9199999999998993,p3_m1,0,0.3530292710219891,0.35399158126497027,0.0,2.611683822287569e-06
1.9199999999998993,p3_m2,0,0.39363302860168464,0.41376414607571077,0.0,2.611683822287569e-06
1.9199999999998993,p3_m3,8,3.3826891665698944,3.301904831046102,0.01379873275951004,2.611683822287569e-06
1.9299999999998982,p0_m0,0,-0.09417477025400131,-0.09502445054737638,0.0,2.1627350076296687e-06
1.9299999999998982,p0_m1,0,0.1959850043331681,0.19763679723698438,0.0,2.1627350076296687e-06
1.9299999999998982,p0_m2,0,-0.20480132030706763,-0.20657077762805545,0.0,2.1627350076296687e-06
1.9299999999998982,p0_m3,0,0.21349442403682323,0.21505408701784587,0.0,2.1627350076296687e-06
1.9299999999998982,p1_m0,0,0.13138406582539577,0.13250901268184453,0.0,2.1627350076296687e-06
1.9299999999998982,p1_m1,0,-0.06788225268436439,-0.06840926287989381,0.0,2.1627350076296687e-06
1.9299999999998982,p1_m2,0,0.05366174626886525,0.05410785755039258,0.0,2.1627350076296687e-06
1.9299999999998982,p1_m3,0,-0.02828460104550139,-0.02861497145670376,0.0,2.1627350076296687e-06
1.9299999999998982,p2_m0,0,-0.033078358711020245,-0.03312163569595167,0.0,2.1627350076296687e-06
1.9299999999998982,p2_m1,0,0.056323592186893374,0.056628500933167264,0.0,2.1627350076296687e-06
1.9299999999998982,p2_m2,0,-0.04068968715210569,-0.04100555971974047,0.0,2.1627350076296687e-06
1.9299999999998982,p2_m3,0,0.14701993715508418,0.1479643452921067,0.0,2.1627350076296687e-06
1.9299999999998982,p3_m0,0,-0.14813647348615783,-0.1493255948555176,0.0,2.1627350076296687e-06
1.9299999999998982,p3_m1,0,0.15340985900129786,0.1546171430892344,0.0,2.1627350076296687e-06
1.9299999999998982,p3_m2,0,0.09205247050465597,0.10333388129739547,0.0,2.1627350076296687e-06
1.9299999999998982,p3_m3,8,7.9912676721801486,8.154860985380111,1.5707403367992257e-05,2.1627350076296687e-06
1.9399999999998971,p0_m0,0,-0.08239604318880708,-0.08716733232278188,0.0,6.985368868805214e-07
1.9399999999998971,p0_m1,0,0.1697829474389056,0.18079653171684396,0.0,6.985368868805214e-07
1.9399999999998971,p0_m2,0,-0.1805498047273121,-0.19226289629986,0.0,6.985368868805214e-07
1.9399999999998971,p0_m3,0,0.17707284631963044,0.1877165102346264,0.0,6.985368868805214e-07
1.9399999999998971,p1_m0,0,0.11628026861726036,0.12375331928779525,0.0,6.985368868805214e-07
1.9399999999998971,p1_m1,0,-0.054801385816350405,-0.05856077574550699,0.0,6.985368868805214e-07
1.9399999999998971,p1_m2,0,0.042258850079375306,0.04524809149718714,0.0,6.985368868805214e-07
1.9399999999998971,p1_m3,0,-0.021785394067530172,-0.023487124549442698,0.0,6.985368868805214e-07
1.9399999999998971,p2_m0,0,-0.02649042261907369,-0.02784191234251735,0.0,6.985368868805214e-07
1.9399999999998971,p2_m1,0,0.04513465723125819,0.04773293739515378,0.0,6.985368868805214e-07
1.9399999999998971,p2_m2,0,-0.04813354537881457,-0.05096060407856859,0.0,6.985368868805214e-07
1.9399999999998971,p2_m3,0,0.12267603372631886,0.12999071193677797,0.0,6.985368868805214e-07
1.9399999999998971,p3_m0,0,-0.12847351007786476,-0.13666188607260246,0.0,6.985368868805214e-07
1.9399999999998971,p3_m1,0,0.1293085331469332,0.13767629537857723,0.0,6.985368868805214e-07
1.9399999999998971,p3_m2,0,-0.05147117051034153,-0.05607277411379168,0.0,6.985368868805214e-07
1.9399999999998971,p3_m3,8,4.563965171292412,4.141350997396434,0.009522387758094431,6.985368868805214e-07
1.949999999999896,p0_m0,0,-0.19248805856310094,-0.19371004208179568,0.0,3.0371303015105028e-06
1.949999999999896,p0_m1,0,0.41422210938668996,0.4157593466506323,0.0,3.0371303015105028e-06
1.949999999999896,p0_m2,0,-0.4389103662843991,-0.43943085697825945,0.0,3.0371303015105028e-06
1.949999999999896,p0_m3,0,0.43754702001648,0.4402843975552248,0.0,3.0371303015105028e-06
1.949999999999896,p1_m0,0,0.27878101000477973,0.2803196197890421,0.0,3.0371303015105028e-06
1.949999999999896,p1_m1,0,-0.14258195595543133,-0.14350004984330722,0.0,3.0371303015105028e-06
1.949999999999896,p1_m2,0,0.1135690343537743,0.11438837753374316,0.0,3.0371303015105028e-06
1.949999999999896,p1_m3,0,-0.06115006808523248,-0.06155197740824312,0.0,3.0371303015105028e-06
1.949999999999896,p2_m0,0,-0.060923606908136925,-0.06162790017522617,0.0,3.0371303015105028e-06
1.949999999999896,p2_m1,0,0.10633715038373763,0.10705802985204135,0.0,3.0371303015105028e-06
1.949999999999896,p2_m2,0,-0.08224417854220124,-0.08035672380310982,0.0,3.0371303015105028e-06
1.949999999999896,p2_m3,0,0.301783631347115,0.3037083441160076,0.0,3.0371303015105028e-06
1.949999999999896,p3_m0,0,-0.31052493946214504,-0.3118097568488893,0.0,3.0371303015105028e-06
1.949999999999896,p3_m1,0,0.32943704190618145,0.331323137233676,0.0,3.0371303015105028e-06
1.949999999999896,p3_m2,0,-0.3334766066056003,-0.33347041457026444,0.0,3.0371303015105028e-06
1.949999999999896,p3_m3,8,3.443999340533446,3.3274517808782424,0.013567821884427319,3.0371303015105028e-06
1.959999999999895,p0_m0,0,-0.1002522300106069,-0.0998373928984189,0.0,2.6703793070231955e-06
1.959999999999895,p0_m1,0,0.21472042574182565,0.21387803866931823,0.0,2.6703793070231955e-06
1.959999999999895,p0_m2,0,-0.22564189149593056,-0.2248921761228617,0.0,2.6703793070231955e-06
1.959999999999895,p0_m3,0,0.23268812146918608,0.23152785918071275,0.0,2.6703793070231955e-06
1.959999999999895,p1_m0,0,0.14309913699178908,0.1424496146964616,0.0,2.6703793070231955e-06
1.959999999999895,p1_m1,0,-0.07329914676268232,-0.07288042017928878,0.0,2.6703793070231955e-06
1.959999999999895,p1_m2,0,0.05761742037320111,0.05727921231530291,0.0,2.6703793070231955e-06
1.959999999999895,p1_m3,0,-0.0286328767561827,-0.02849213975005832,0.0,2.6703793070231955e-06
1.959999999999895,p2_m0,0,-0.03756446502694432,-0.037274762201793606,0.0,2.6703793070231955e-06
1.959999999999895,p2_m1,0,0.060272376230362835,0.05991983375202254,0.0,2.6703793070231955e-06
1.959999999999895,p2_m2,0,-0.04436592889366224,-0.044486084776789454,0.0,2.6703793070231955e-06
1.959999999999895,p2_m3,0,0.16350914547240775,0.16262781167627458,0.0,2.6703793070231955e-06
1.959999999999895,p3_m0,0,-0.16324113627553113,-0.1625566451193987,0.0,2.6703793070231955e-06
1.959999999999895,p3_m1,0,0.17230835260952448,0.17150602334186196,0.0,2.6703793070231955e-06
1.959999999999895,p3_m2,0,-0.18157720750546577,-0.18003007691831546,0.0,2.6703793070231955e-06
1.959999999999895,p3_m3,8,7.994577267685216,8.212069990374717,2.1044146150952513e-06,2.6703793070231955e-06
1.9699999999998938,p0_m0,0,-0.07399309336745317,-0.07887744511917603,0.0,6.823757295322315e-07
1.9699999999998938,p0_m1,0,0.15358614876232687,0.16450973582885767,0.0,6.823757295322315e-07
1.9699999999998938,p0_m2,0,-0.16345044730583325,-0.1750965065090917,0.0,6.823757295322315e-07
1.9699999999998938,p0_m3,0,0.16197522197350286,0.17207887388269352,0.0,6.823757295322315e-07
1.9699999999998938,p1_m0,0,0.10427437470982724,0.11192240279753753,0.0,6.823757295322315e-07
1.9699999999998938,p1_m1,0,-0.04905277575645493,-0.052679639244076676,0.0,6.823757295322315e-07
1.9699999999998938,p1_m2,0,0.03759274902362605,0.040443270580883664,0.0,6.823757295322315e-07
1.9699999999998938,p1_m3,0,-0.018263830829535508,-0.019858451812357177,0.0,6.823757295322315e-07
1.9699999999998938,p2_m0,0,-0.025728570511948223,-0.027052517164022932,0.0,6.823757295322315e-07
1.9699999999998938,p2_m1,0,0.041615182190640344,0.04406703444569809,0.0,6.823757295322315e-07
1.9699999999998938,p2_m2,0,-0.043122163652870055,-0.04579593711463926,0.0,6.823757295322315e-07
1.9699999999998938,p2_m3,0,0.11390879486171762,0.12106262986179772,0.0,6.823757295322315e-07
1.9699999999998938,p3_m0,0,-0.11708246055827141,-0.1251927464270989,0.0,6.823757295322315e-07
1.9699999999998938,p3_m1,0,0.11929493077255197,0.12740294988913944,0.0,6.823757295322315e-07
1.9699999999998938,p3_m2,0,-0.1264576506694975,-0.13573635546724203,0.0,6.823757295322315e-07
1.9699999999998938,p3_m3,8,4.826133230531868,4.383261591862336,0.008613591013874045,6.823757295322315e-07
1.9799999999998927,p0_m0,0,-0.17948774791045036,-0.1810730741616416,0.0,2.7736598270690652e-06
1.9799999999998927,p0_m1,0,0.3885853320551708,0.39112228482873584,0.0,2.7736598270690652e-06
1.9799999999998927,p0_m2,0,-0.413568314707542,-0.4153624792688909,0.0,2.7736598270690652e-06
1.9799999999998927,p0_m3,0,0.408215416236508,0.41187644060564677,0.0,2.7736598270690652e-06
1.9799999999998927,p1_m0,0,0.2607398210543302,0.26276702641813376,0.0,2.7736598270690652e-06
1.9799999999998927,p1_m1,0,-0.13245474741963825,-0.13370285712743166,0.0,2.7736598270690652e-06
1.9799999999998927,p1_m2,0,0.10513714224189893,0.1062303952686058,0.0,2.7736598270690652e-06
1.9799999999998927,p1_m3,0,-0.0562126556128393,-0.05673680001558876,0.0,2.7736598270690652e-06
1.9799999999998927,p2_m0,0,-0.056904161892924014,-0.0577857132214554,0.0,2.7736598270690652e-06
1.9799999999998927,p2_m1,0,0.0993041152407857,0.1002585421857916,0.0,2.7736598270690652e-06
1.9799999999998927,p2_m2,0,-0.08279526576437939,-0.0807392450218526,0.0,2.7736598270690652e-06
1.9799999999998927,p2_m3,0,0.2822310018831524,0.284908692716847,0.0,2.7736598270690652e-06
1.9799999999998927,p3_m0,0,-0.2916095957194575,-0.29353979291524107,0.0,2.7736598270690652e-06
1.9799999999998927,p3_m1,0,0.30821531188118406,0.3109159350526759,0.0,2.7736598270690652e-06
1.9799999999998927,p3_m2,0,-0.3411872400409348,-0.3437132045762237,0.0,2.7736598270690652e-06
1.9799999999998927,p3_m3,8,3.4785620103083543,3.3389629155783864,0.013431549612579119,2.7736598270690652e-06
1.9899999999998916,p0_m0,0,-0.13160885941852915,-0.12723911989368616,0.0,3.409395083933852e-06
1.9899999999998916,p0_m1,0,0.28006568206066207,0.27119523239960436,0.0,3.409395083933852e-06
1.9899999999998916,p0_m2,0,-0.29328973103958333,-0.2842991717505668,0.0,3.409395083933852e-06
1.9899999999998916,p0_m3,0,0.3048803598655835,0.29481030124208385,0.0,3.409395083933852e-06
1.9899999999998916,p1_m0,0,0.18912852552148643,0.1827663222694124,0.0,3.409395083933852e-06
1.9899999999998916,p1_m1,0,-0.09739137204882392,-0.09395603654627578,0.0,3.409395083933852e-06
1.9899999999998916,p1_m2,0,0.07719308631127182,0.07437175991032549,0.0,3.409395083933852e-06
1.9899999999998916,p1_m3,0,-0.03937219009874242,-0.03783270176133564,0.0,3.409395083933852e-06
1.9899999999998916,p2_m0,0,-0.047482615090940206,-0.04601298208899203,0.0,3.409395083933852e-06
1.9899999999998916,p2_m1,0,0.07716548889605433,0.0747320510778184,0.0,3.409395083933852e-06
1.9899999999998916,p2_m2,0,-0.051861768876247626,-0.0513518809399423,0.0,3.409395083933852e-06
1.9899999999998916,p2_m3,0,0.2129377627170538,0.20597715431935748,0.0,3.409395083933852e-06
1.9899999999998916,p3_m0,0,-0.2130793368769339,-0.2062510929413329,0.0,3.409395083933852e-06
1.9899999999998916,p3_m1,0,0.2270736370757756,0.21949528532232843,0.0,3.409395083933852e-06
1.9899999999998916,p3_m2,0,-0.25223883628671995,-0.24394370606804872,0.0,3.409395083933852e-06
1.9899999999998916,p3_m3,8,8.005577826665466,8.39781274144097,-3.695077022133297e-05,3.409395083933852e-06
1.9999999999998905,p0_m0,0,-0.059590711537213535,-0.0643392889484322,0.0,5.85803427082935e-07
1.9999999999998905,p0_m1,0,0.12434326855540276,0.13386450042140075,0.0,5.85803427082935e-07
1.9999999999998905,p0_m2,0,-0.13130699089780037,-0.14141285763608621,0.0,5.85803427082935e-07
1.9999999999998905,p0_m3,0,0.1368759113071786,0.147069333965301,0.0,5.85803427082935e-07
1.9999999999998905,p1_m0,0,0.0821400616173374,0.08901316449776536,0.0,5.85803427082935e-07
1.9999999999998905,p1_m1,0,-0.040250241290088695,-0.04355022165425125,0.0,5.85803427082935e-07
1.9999999999998905,p1_m2,0,0.030879181013299225,0.033516275733766115,0.0,5.85803427082935e-07
1.9999999999998905,p1_m3,0,-0.013994310344888386,-0.01554222722340986,0.0,5.85803427082935e-07
1.9999999999998905,p2_m0,0,-0.023960140501858698,-0.025046615190735318,0.0,5.85803427082935e-07
1.9999999999998905,p2_m1,0,0.03683894170393126,0.03898542111908449,0.0,5.85803427082935e-07
1.9999999999998905,p2_m2,0,-0.032295604898116205,-0.034358007208168055,0.0,5.85803427082935e-07
1.9999999999998905,p2_m3,0,0.09688381955624006,0.10356030557363081,0.0,5.85803427082935e-07
1.9999999999998905,p3_m0,0,-0.09606490860539334,-0.10316308231321152,0.0,5.85803427082935e-07
1.9999999999998905,p3_m1,0,0.0998677353522586,0.10741632768885526,0.0,5.85803427082935e-07
1.9999999999998905,p3_m2,0,-0.11007110691410535,-0.11745630382198648,0.0,5.85803427082935e-07
1.9999999999998905,p3_m3,8,5.871071869008841,5.4557762695320235,0.005075615995179414,5.85803427082935e-07
