time,motor,target_rad_s,speed_rad_s,wheel_speed_rad_s,commanded_torque_nm,closure_error_m
0.010000000000000002,p0_m0,8,7.982698186325225,8.008124857239345,4.929716995236433e-05,4.8639155964521e-09
0.010000000000000002,p0_m1,0,-1.4197978789868039e-05,-1.3901809765674961e-05,0.0,4.8639155964521e-09
0.010000000000000002,p0_m2,0,1.4197978182087105e-05,1.3901809165818266e-05,0.0,4.8639155964521e-09
0.010000000000000002,p0_m3,0,-2.620851916906144e-05,-2.5636010141820194e-05,0.0,4.8639155964521e-09
0.010000000000000002,p1_m0,0,1.1518506736199362e-05,1.1235980176266451e-05,0.0,4.8639155964521e-09
0.010000000000000002,p1_m1,0,-5.548550600767223e-06,-5.394956735865445e-06,0.0,4.8639155964521e-09
0.010000000000000002,p1_m2,0,5.5485535661664335e-06,5.394959633035627e-06,0.0,4.8639155964521e-09
0.010000000000000002,p1_m3,0,-1.1518503931255839e-05,-1.1235977459343849e-05,0.0,4.8639155964521e-09
0.010000000000000002,p2_m0,0,-1.44484676380366e-05,-1.4099809454680193e-05,0.0,4.8639155964521e-09
0.010000000000000002,p2_m1,0,1.6335404419294228e-05,1.5947863549307157e-05,0.0,4.8639155964521e-09
0.010000000000000002,p2_m2,0,-1.633540428958257e-05,-1.5947863422895926e-05,0.0,4.8639155964521e-09
0.010000000000000002,p2_m3,0,1.4448468302489387e-05,1.409981012401857e-05,0.0,4.8639155964521e-09
0.010000000000000002,p3_m0,0,-5.358812868192071e-06,-5.22591640747074e-06,0.0,4.8639155964521e-09
0.010000000000000002,p3_m1,0,2.1487055638468556e-05,2.095931737239751e-05,0.0,4.8639155964521e-09
0.010000000000000002,p3_m2,0,-2.1487059647004942e-05,-2.095932127782755e-05,0.0,4.8639155964521e-09
0.010000000000000002,p3_m3,0,5.3588195146493775e-06,5.225922890410019e-06,0.0,4.8639155964521e-09
0.02000000000000001,p0_m0,8,7.980206638441179,7.98173470661988,5.922731096216527e-05,1.6137661454110333e-09
0.02000000000000001,p0_m1,0,-1.1615103826299107e-05,-1.1611773815966991e-05,0.0,1.6137661454110333e-09
0.02000000000000001,p0_m2,0,1.1615103238899483e-05,1.1611773229033564e-05,0.0,1.6137661454110333e-09
0.02000000000000001,p0_m3,0,-2.1209465811078264e-05,-2.1202161603521476e-05,0.0,1.6137661454110333e-09
0.02000000000000001,p1_m0,0,6.788570567390989e-06,6.797351309048559e-06,0.0,1.6137661454110333e-09
0.02000000000000001,p1_m1,0,-3.0306879739376802e-06,-3.0346007169465955e-06,0.0,1.6137661454110333e-09
0.02000000000000001,p1_m2,0,3.0306909492329296e-06,3.03460368827261e-06,0.0,1.6137661454110333e-09
0.02000000000000001,p1_m3,0,-6.78856865916983e-06,-6.79734939849513e-06,0.0,1.6137661454110333e-09
0.02000000000000001,p2_m0,0,-1.1720173822512802e-05,-1.171285843648931e-05,0.0,1.6137661454110333e-09
0.02000000000000001,p2_m1,0,1.1491659841808927e-05,1.1494390031319235e-05,0.0,1.6137661454110333e-09
0.02000000000000001,p2_m2,0,-1.1491659577123439e-05,-1.1494389767832893e-05,0.0,1.6137661454110333e-09
0.02000000000000001,p2_m3,0,1.1720173665746202e-05,1.1712858284116075e-05,0.0,1.6137661454110333e-09
0.02000000000000001,p3_m0,0,-2.957299127841161e-06,-2.963686171955731e-06,0.0,1.6137661454110333e-09
0.02000000000000001,p3_m1,0,1.6540630843122326e-05,1.6536484246811665e-05,0.0,1.6137661454110333e-09
0.02000000000000001,p3_m2,0,-1.6540634626187712e-05,-1.6536488025429207e-05,0.0,1.6137661454110333e-09
0.02000000000000001,p3_m3,0,2.9573047350030798e-06,2.9636917744105028e-06,0.0,1.6137661454110333e-09
0.03000000000000002,p0_m0,8,7.985585453193365,7.985325155865676,4.2250144750934916e-05,9.7306611689314e-06
0.03000000000000002,p0_m1,0,-0.043710722312471445,-0.04350344579811061,0.0,9.7306611689314e-06
0.03000000000000002,p0_m2,0,0.043710715538030215,0.04350343905217505,0.0,9.7306611689314e-06
0.03000000000000002,p0_m3,0,-0.060413063203801666,-0.0600875785312313,0.0,9.7306611689314e-06
0.03000000000000002,p1_m0,0,-0.02175097120929814,-0.021760550075473707,0.0,9.7306611689314e-06
0.03000000000000002,p1_m1,0,0.019968949680682527,0.019943562710023677,0.0,9.7306611689314e-06
0.03000000000000002,p1_m2,0,-0.019968936088143357,-0.019943549172733954,0.0,9.7306611689314e-06
0.03000000000000002,p1_m3,0,0.02175096930078162,0.021760548153994152,0.0,9.7306611689314e-06
0.03000000000000002,p2_m0,0,-0.040520306061312884,-0.04029541345463477,0.0,9.7306611689314e-06
0.03000000000000002,p2_m1,0,0.012908995641556127,0.012763634232771564,0.0,9.7306611689314e-06
0.03000000000000002,p2_m2,0,-0.012909002503117049,-0.012763641062374702,0.0,9.7306611689314e-06
0.03000000000000002,p2_m3,0,0.04052029258768712,0.04029540003436361,0.0,9.7306611689314e-06
0.03000000000000002,p3_m0,0,0.023717365716018023,0.023666456661836067,0.0,9.7306611689314e-06
0.03000000000000002,p3_m1,0,0.02578522515827623,0.025585208598556675,0.0,9.7306611689314e-06
0.03000000000000002,p3_m2,0,-0.025785253309624733,-0.025585236630464168,0.0,9.7306611689314e-06
0.03000000000000002,p3_m3,0,-5.620389029822889,-5.603661197278144,0.0,9.7306611689314e-06
0.04000000000000003,p0_m0,8,7.983397015613623,7.982892361987087,4.936942843408243e-05,1.121465749181219e-05
0.04000000000000003,p0_m1,0,-0.06972943154452736,-0.0694275334394117,0.0,1.121465749181219e-05
0.04000000000000003,p0_m2,0,0.0697294204752872,0.06942752241637803,0.0,1.121465749181219e-05
0.04000000000000003,p0_m3,0,-0.0946914317595428,-0.09426883844798928,0.0,1.121465749181219e-05
0.04000000000000003,p1_m0,0,-0.040570490536785,-0.040476868351292904,0.0,1.121465749181219e-05
0.04000000000000003,p1_m1,0,0.03544511903659667,0.0353347115802425,0.0,1.121465749181219e-05
0.04000000000000003,p1_m2,0,-0.03544509678309557,-0.03533468941718898,0.0,1.121465749181219e-05
0.04000000000000003,p1_m3,0,0.04057048652354002,0.040476864348778355,0.0,1.121465749181219e-05
0.04000000000000003,p2_m0,0,-0.06370661817036029,-0.06344679301971345,0.0,1.121465749181219e-05
0.04000000000000003,p2_m1,0,0.01647183782306106,0.016357349656368564,0.0,1.121465749181219e-05
0.04000000000000003,p2_m2,0,-0.016471848925472352,-0.016357360714881065,0.0,1.121465749181219e-05
0.04000000000000003,p2_m3,0,0.0637065952643048,0.06344677020625152,0.0,1.121465749181219e-05
0.04000000000000003,p3_m0,0,0.04125401115851557,0.041141203727573725,0.0,1.121465749181219e-05
0.04000000000000003,p3_m1,0,0.03751629536176774,0.03730438901049075,0.0,1.121465749181219e-05
0.04000000000000003,p3_m2,0,-0.037516341381030306,-0.03730443485327722,0.0,1.121465749181219e-05
0.04000000000000003,p3_m3,0,-9.571304877997814,-9.556988077516149,0.0,1.121465749181219e-05
0.05000000000000004,p0_m0,8,7.980372586975409,7.980151126181396,5.907777507037615e-05,1.9018750200785956e-05
0.05000000000000004,p0_m1,0,-0.08766780389664625,-0.08758365980766926,0.0,1.9018750200785956e-05
0.05000000000000004,p0_m2,0,0.08766778686591403,0.08758364280582119,0.0,1.9018750200785956e-05
0.05000000000000004,p0_m3,0,-0.09816968334118194,-0.09800287130939096,0.0,1.9018750200785956e-05
0.05000000000000004,p1_m0,0,-0.09470228751348551,-0.09456306580338154,0.0,1.9018750200785956e-05
0.05000000000000004,p1_m1,0,0.0796913021792433,0.07965730945123467,0.0,1.9018750200785956e-05
0.05000000000000004,p1_m2,0,-0.07969127011459946,-0.07965727744928901,0.0,1.9018750200785956e-05
0.05000000000000004,p1_m3,0,0.0947022775070251,0.09456305585579027,0.0,1.9018750200785956e-05
0.05000000000000004,p2_m0,0,-0.08206048250386244,-0.08192280897540544,0.0,1.9018750200785956e-05
0.05000000000000004,p2_m1,0,-0.0033468779108811963,-0.00331959005350924,0.0,1.9018750200785956e-05
0.05000000000000004,p2_m2,0,0.003346855043459528,0.00331956718717844,0.0,1.9018750200785956e-05
0.05000000000000004,p2_m3,0,0.0820604420226417,0.0819227685865213,0.0,1.9018750200785956e-05
0.05000000000000004,p3_m0,0,0.08644070702107524,0.08629176365820121,0.0,1.9018750200785956e-05
0.05000000000000004,p3_m1,0,0.006569896010829772,0.006525787046819346,0.0,1.9018750200785956e-05
0.05000000000000004,p3_m2,0,-0.006569963612667551,-0.006525854546880746,0.0,1.9018750200785956e-05
0.05000000000000004,p3_m3,0,-10.044085268031603,-10.022937607766583,0.0,1.9018750200785956e-05
0.060000000000000046,p0_m0,8,7.980657485454862,7.98063983007696,5.807270937370479e-05,2.146021111475057e-05
0.060000000000000046,p0_m1,0,-0.10218874967814057,-0.10204537528707887,0.0,2.146021111475057e-05
0.060000000000000046,p0_m2,0,0.10218872867291263,0.10204535435492285,0.0,2.146021111475057e-05
0.060000000000000046,p0_m3,0,-0.10047026243266646,-0.10044500417309549,0.0,2.146021111475057e-05
0.060000000000000046,p1_m0,0,-0.1337803756171783,-0.13327851155168532,0.0,2.146021111475057e-05
0.060000000000000046,p1_m1,0,0.11362711433381698,0.1132205584678265,0.0,2.146021111475057e-05
0.060000000000000046,p1_m2,0,-0.11362707553606073,-0.11322051976327223,0.0,2.146021111475057e-05
0.060000000000000046,p1_m3,0,0.13378036205230703,0.13327849808764963,0.0,2.146021111475057e-05
0.060000000000000046,p2_m0,0,-0.09584487882893396,-0.0956980884004137,0.0,2.146021111475057e-05
0.060000000000000046,p2_m1,0,-0.016554259925814063,-0.016354282334873734,0.0,2.146021111475057e-05
0.060000000000000046,p2_m2,0,0.01655422764391455,0.016354250159764598,0.0,2.146021111475057e-05
0.060000000000000046,p2_m3,0,0.09584482605743129,0.09569803580745376,0.0,2.146021111475057e-05
0.060000000000000046,p3_m0,0,0.11953181111749296,0.11914340223947258,0.0,2.146021111475057e-05
0.060000000000000046,p3_m1,0,-0.016938445497550022,-0.01666223205269932,0.0,2.146021111475057e-05
0.060000000000000046,p3_m2,0,0.01693836204274119,0.016662148785723314,0.0,2.146021111475057e-05
0.060000000000000046,p3_m3,0,-9.86159820229977,-9.859920826773859,0.0,2.146021111475057e-05
0.07000000000000005,p0_m0,8,7.980763784627655,7.98076028533166,5.773480914322615e-05,1.6479132309130566e-05
0.07000000000000005,p0_m1,0,-0.11343209846089233,-0.11336324494025896,0.0,1.6479132309130566e-05
0.07000000000000005,p0_m2,0,0.11343207560271847,0.11336322212459149,0.0,1.6479132309130566e-05
0.07000000000000005,p0_m3,0,-0.10406514523515237,-0.10405631742023828,0.0,1.6479132309130566e-05
0.07000000000000005,p1_m0,0,-0.1561478462170191,-0.1558807490145416,0.0,1.6479132309130566e-05
0.07000000000000005,p1_m1,0,0.13432379528077276,0.13410898772021407,0.0,1.6479132309130566e-05
0.07000000000000005,p1_m2,0,-0.13432375246263617,-0.13410894495084058,0.0,1.6479132309130566e-05
0.07000000000000005,p1_m3,0,0.15614783109047645,0.15588073394257343,0.0,1.6479132309130566e-05
0.07000000000000005,p2_m0,0,-0.10665474584297042,-0.10658159549737754,0.0,1.6479132309130566e-05
0.07000000000000005,p2_m1,0,-0.02188973821092639,-0.02178048771286363,0.0,1.6479132309130566e-05
0.07000000000000005,p2_m2,0,0.021889699641083865,0.021780449200113978,0.0,1.6479132309130566e-05
0.07000000000000005,p2_m3,0,0.10665468582401534,0.10658153557332653,0.0,1.6479132309130566e-05
0.07000000000000005,p3_m0,0,0.14051201818876155,0.14030955874736087,0.0,1.6479132309130566e-05
0.07000000000000005,p3_m1,0,-0.030396519909119908,-0.030247757592313105,0.0,1.6479132309130566e-05
0.07000000000000005,p3_m2,0,0.03039642599219171,0.03024766377259467,0.0,1.6479132309130566e-05
0.07000000000000005,p3_m3,0,-9.673704659874334,-9.67344789744047,0.0,1.6479132309130566e-05
0.08000000000000006,p0_m0,8,7.974516174939285,7.972334000109409,7.689526137084446e-05,1.3096739944649543e-05
0.08000000000000006,p0_m1,0,-0.12020665184688814,-0.12009906632730798,0.0,1.3096739944649543e-05
0.08000000000000006,p0_m2,0,0.12020662731766642,0.1200990417030412,0.0,1.3096739944649543e-05
0.08000000000000006,p0_m3,0,-0.0911223921415592,-0.08952008696473464,0.0,1.3096739944649543e-05
0.08000000000000006,p1_m0,0,-0.19439253153924002,-0.19664968351751827,0.0,1.3096739944649543e-05
0.08000000000000006,p1_m1,0,0.1665318299223487,0.16835411229111585,0.0,1.3096739944649543e-05
0.08000000000000006,p1_m2,0,-0.16653178451443307,-0.16835406694952665,0.0,1.3096739944649543e-05
0.08000000000000006,p1_m3,0,0.1943925123122562,0.19664966379799548,0.0,1.3096739944649543e-05
0.08000000000000006,p2_m0,0,-0.11266944173647454,-0.11257635911242925,0.0,1.3096739944649543e-05
0.08000000000000006,p2_m1,0,-0.039223314368056324,-0.040525065575365476,0.0,1.3096739944649543e-05
0.08000000000000006,p2_m2,0,0.03922326591156348,0.04052501646668959,0.0,1.3096739944649543e-05
0.08000000000000006,p2_m3,0,0.11266937124387094,0.11257628804915595,0.0,1.3096739944649543e-05
0.08000000000000006,p3_m0,0,0.17448784335137035,0.17648242488170404,0.0,1.3096739944649543e-05
0.08000000000000006,p3_m1,0,-0.8215765360200045,-0.9522124509658635,0.0,1.3096739944649543e-05
0.08000000000000006,p3_m2,0,0.06445093803200332,0.06701903065013769,0.0,1.3096739944649543e-05
0.08000000000000006,p3_m3,0,-9.503415157173613,-9.505433050679294,0.0,1.3096739944649543e-05
0.09000000000000007,p0_m0,8,7.959864060035962,7.959083708319734,0.00012633239393176776,3.741455025647598e-05
0.09000000000000007,p0_m1,0,0.02161241772471466,0.022792889960083558,0.0,3.741455025647598e-05
0.09000000000000007,p0_m2,0,-5.3932161704120745,-5.353527349501723,0.0,3.741455025647598e-05
0.09000000000000007,p0_m3,0,0.05360286946872232,0.053925116524238925,0.0,3.741455025647598e-05
0.09000000000000007,p1_m0,0,-2.5659848424986578,-2.520130215367467,0.0,3.741455025647598e-05
0.09000000000000007,p1_m1,0,0.15561178792186697,0.1541540199755173,0.0,3.741455025647598e-05
0.09000000000000007,p1_m2,0,-0.15561178736353407,-0.1541540200997363,0.0,3.741455025647598e-05
0.09000000000000007,p1_m3,0,0.29878995184371937,0.29807477982524755,0.0,3.741455025647598e-05
0.09000000000000007,p2_m0,0,0.023361583613816156,0.024842580574637185,0.0,3.741455025647598e-05
0.09000000000000007,p2_m1,0,-0.2252571039443867,-0.22610234553203074,0.0,3.741455025647598e-05
0.09000000000000007,p2_m2,0,0.2252570624246129,0.2261023044036378,0.0,3.741455025647598e-05
0.09000000000000007,p2_m3,0,-0.02336166737063351,-0.02484266383643061,0.0,3.741455025647598e-05
0.09000000000000007,p3_m0,0,0.16434383734658628,0.16253521361137796,0.0,3.741455025647598e-05
0.09000000000000007,p3_m1,0,-5.468684684757252,-5.51155907500806,0.0,3.741455025647598e-05
0.09000000000000007,p3_m2,0,0.1270902783037174,0.12588127376348004,0.0,3.741455025647598e-05
0.09000000000000007,p3_m3,0,-9.293391370528864,-9.291612241049563,0.0,3.741455025647598e-05
0.10000000000000007,p0_m0,8,3.312494071873611,2.425905537749048,0.011721728244474542,5.508249421299332e-05
0.10000000000000007,p0_m1,0,0.1362748918109732,0.1338054513877107,0.0,5.508249421299332e-05
0.10000000000000007,p0_m2,0,-7.598463555199576,-7.397367623703176,0.0,5.508249421299332e-05
0.10000000000000007,p0_m3,0,0.1550727759848844,0.15315022490433933,0.0,5.508249421299332e-05
0.10000000000000007,p1_m0,0,-3.914411352038927,-3.8785643786673143,0.0,5.508249421299332e-05
0.10000000000000007,p1_m1,0,0.12246431189582814,0.12328248942591157,0.0,5.508249421299332e-05
0.10000000000000007,p1_m2,0,-0.12246435756381652,-0.12328253453070089,0.0,5.508249421299332e-05
0.10000000000000007,p1_m3,0,0.35916070672753286,0.35812127159833174,0.0,5.508249421299332e-05
0.10000000000000007,p2_m0,0,0.1394537925618138,0.1370655500238851,0.0,5.508249421299332e-05
0.10000000000000007,p2_m1,0,-0.366934829456548,-0.36411193910269485,0.0,5.508249421299332e-05
0.10000000000000007,p2_m2,0,0.36693479606485735,0.3641119052856222,0.0,5.508249421299332e-05
0.10000000000000007,p2_m3,0,-0.13945387945607415,-0.13706563699319282,0.0,5.508249421299332e-05
0.10000000000000007,p3_m0,0,0.12584072186017461,0.12667270543906062,0.0,5.508249421299332e-05
0.10000000000000007,p3_m1,0,-11.352445418913872,-11.352800053973777,0.0,5.508249421299332e-05
0.10000000000000007,p3_m2,0,0.1476878464589802,0.14753409630006556,0.0,5.508249421299332e-05
0.10000000000000007,p3_m3,0,-9.059291788320369,-9.060149630574267,0.0,5.508249421299332e-05
0.11000000000000008,p0_m0,8,-2.720533254437627,-2.75891431924453,0.015,3.311919129358986e-05
0.11000000000000008,p0_m1,0,0.17796528428895542,0.17696753423362388,0.0,3.311919129358986e-05
0.11000000000000008,p0_m2,0,-4.01875349938988,-4.0960877660011175,0.0,3.311919129358986e-05
0.11000000000000008,p0_m3,0,0.1937211995530317,0.19293510464046273,0.0,3.311919129358986e-05
0.11000000000000008,p1_m0,0,-3.8948235773297495,-3.887495824451197,0.0,3.311919129358986e-05
0.11000000000000008,p1_m1,0,0.10817594131719081,0.10860095053867179,0.0,3.311919129358986e-05
0.11000000000000008,p1_m2,0,-0.10817601494046009,-0.10860102382060688,0.0,3.311919129358986e-05
0.11000000000000008,p1_m3,0,0.38147914888685086,0.3810702353457323,0.0,3.311919129358986e-05
0.11000000000000008,p2_m0,0,0.180479864406373,0.17942080381720915,0.0,3.311919129358986e-05
0.11000000000000008,p2_m1,0,-0.4186945716668438,-0.41749761365589316,0.0,3.311919129358986e-05
0.11000000000000008,p2_m2,0,0.418694534993965,0.41749757685428746,0.0,3.311919129358986e-05
0.11000000000000008,p2_m3,0,-0.18047995232980876,-0.17942089182642815,0.0,3.311919129358986e-05
0.11000000000000008,p3_m0,0,0.1097936739547639,0.11023423505412996,0.0,3.311919129358986e-05
0.11000000000000008,p3_m1,0,-15.43364786468677,-15.388989121427537,0.0,3.311919129358986e-05
0.11000000000000008,p3_m2,0,0.15683537281996382,0.15683103236819382,0.0,3.311919129358986e-05
0.11000000000000008,p3_m3,0,-8.851838760204547,-8.852304758871904,0.0,3.311919129358986e-05
0.12000000000000009,p0_m0,8,-2.0270382650814716,-2.090693982873318,0.015,1.2213365875864761e-05
0.12000000000000009,p0_m1,0,0.18228755744324085,0.1811265952239867,0.0,1.2213365875864761e-05
0.12000000000000009,p0_m2,0,-3.94861420140592,-3.9563045174611458,0.0,1.2213365875864761e-05
0.12000000000000009,p0_m3,0,2.135792329314112,2.163420405028526,0.0,1.2213365875864761e-05
0.12000000000000009,p1_m0,0,-3.833000349768017,-3.8328411220051386,0.0,1.2213365875864761e-05
0.12000000000000009,p1_m1,0,0.09670334465950235,0.09758916139076315,0.0,1.2213365875864761e-05
0.12000000000000009,p1_m2,0,-0.09670343910453744,-0.0975892553890354,0.0,1.2213365875864761e-05
0.12000000000000009,p1_m3,0,0.3955906517649909,0.3958562742768103,0.0,1.2213365875864761e-05
0.12000000000000009,p2_m0,0,0.18867786622647326,0.18711504157902706,0.0,1.2213365875864761e-05
0.12000000000000009,p2_m1,0,-3.1740339966295275,-3.1441124279424226,0.0,1.2213365875864761e-05
0.12000000000000009,p2_m2,0,0.44370863995845067,0.4427085109314908,0.0,1.2213365875864761e-05
0.12000000000000009,p2_m3,0,-0.18867795901187784,-0.1871151347162688,0.0,1.2213365875864761e-05
0.12000000000000009,p3_m0,0,0.09042837556440883,0.09170470886946647,0.0,1.2213365875864761e-05
0.12000000000000009,p3_m1,0,-15.107345258335162,-15.10150105912438,0.0,1.2213365875864761e-05
0.12000000000000009,p3_m2,0,0.11964269305718453,0.11992292634037648,0.0,1.2213365875864761e-05
0.12000000000000009,p3_m3,0,-8.639995985912195,-8.640284871588868,0.0,1.2213365875864761e-05
0.1300000000000001,p0_m0,8,2.330419082345268,2.250421814510916,0.015,6.494054615761572e-06
0.1300000000000001,p0_m1,0,0.4669804520340324,0.47295696547812555,0.0,6.494054615761572e-06
0.1300000000000001,p0_m2,0,-3.6118760592013612,-3.4535330766480308,0.0,6.494054615761572e-06
0.1300000000000001,p0_m3,0,3.073485793315024,2.9051894697203524,0.0,6.494054615761572e-06
0.1300000000000001,p1_m0,0,-3.7788622043863827,-3.587621722704737,0.0,6.494054615761572e-06
0.1300000000000001,p1_m1,0,0.19135058702828933,0.19985195531293964,0.0,6.494054615761572e-06
0.1300000000000001,p1_m2,0,-0.09574372044641072,-0.0953225612861464,0.0,6.494054615761572e-06
0.1300000000000001,p1_m3,0,0.3476028859183557,0.323619134755022,0.0,6.494054615761572e-06
0.1300000000000001,p2_m0,0,0.16301202676546123,0.14003800026368307,0.0,6.494054615761572e-06
0.1300000000000001,p2_m1,0,-5.618719432393487,-5.280751933236102,0.0,6.494054615761572e-06
0.1300000000000001,p2_m2,0,0.38309856564638173,0.3473501191856311,0.0,6.494054615761572e-06
0.1300000000000001,p2_m3,0,-0.1794762330961038,-0.1685525415777097,0.0,6.494054615761572e-06
0.1300000000000001,p3_m0,0,0.6202200576746562,0.5885296456686895,0.0,6.494054615761572e-06
0.1300000000000001,p3_m1,0,-10.028213094036015,-9.951981540359665,0.0,6.494054615761572e-06
0.1300000000000001,p3_m2,0,1.3376389170746594,1.2241475061478553,0.0,6.494054615761572e-06
0.1300000000000001,p3_m3,0,-6.984086187722092,-6.703225059040816,0.0,6.494054615761572e-06
0.1400000000000001,p0_m0,8,2.310543827764508,2.319360082386748,0.015,0.0001116783991477211
0.1400000000000001,p0_m1,0,0.14231979121998117,0.15507774625786755,0.0,0.0001116783991477211
0.1400000000000001,p0_m2,0,-1.2032967360474587,-1.2385107991184785,0.0,0.0001116783991477211
0.1400000000000001,p0_m3,0,0.7024825703948754,0.7229568810384742,0.0,0.0001116783991477211
0.1400000000000001,p1_m0,0,-1.433195984568043,-1.5141359171447464,0.0,0.0001116783991477211
0.1400000000000001,p1_m1,0,-0.15572892440607564,-0.15944048375499625,0.0,0.0001116783991477211
0.1400000000000001,p1_m2,0,0.061047983214041764,0.054290226083783685,0.0,0.0001116783991477211
0.1400000000000001,p1_m3,0,-0.5511599357180772,-0.5708061845223525,0.0,0.0001116783991477211
0.1400000000000001,p2_m0,0,-0.5142593194301984,-0.5100276232736972,0.0,0.0001116783991477211
0.1400000000000001,p2_m1,0,-1.3242039506100847,-1.3631006064797184,0.0,0.0001116783991477211
0.1400000000000001,p2_m2,0,-0.9182926802660532,-0.9455172181491209,0.0,0.0001116783991477211
0.1400000000000001,p2_m3,0,0.3042038639126,0.3079147714492523,0.0,0.0001116783991477211
0.1400000000000001,p3_m0,0,0.42578898467458365,0.4246904227385325,0.0,0.0001116783991477211
0.1400000000000001,p3_m1,0,-3.128841013413994,-3.189282992598199,0.0,0.0001116783991477211
0.1400000000000001,p3_m2,0,0.19978053931039713,0.2024426082164485,0.0,0.0001116783991477211
0.1400000000000001,p3_m3,0,-2.8652818511919884,-2.9129012038279116,0.0,0.0001116783991477211
0.1500000000000001,p0_m0,8,3.552943985974849,3.649353685565884,0.013624549579450862,0.00013767551116276047
0.1500000000000001,p0_m1,0,0.16095656165564126,0.16270604020944837,0.0,0.00013767551116276047
0.1500000000000001,p0_m2,0,-1.1426930393926238,-1.1502995768328117,0.0,0.00013767551116276047
0.1500000000000001,p0_m3,0,-0.5415494208143257,-0.5278002973306265,0.0,0.00013767551116276047
0.1500000000000001,p1_m0,0,-1.2991707553317742,-1.30641910247143,0.0,0.00013767551116276047
0.1500000000000001,p1_m1,0,-0.4125834696419475,-0.40714825996372356,0.0,0.00013767551116276047
0.1500000000000001,p1_m2,0,0.09168408431980045,0.09072924646125742,0.0,0.00013767551116276047
0.1500000000000001,p1_m3,0,-1.4868025970156962,-1.4731615809057312,0.0,0.00013767551116276047
0.1500000000000001,p2_m0,0,-0.8097028354469544,-0.7959031989194059,0.0,0.00013767551116276047
0.1500000000000001,p2_m1,0,-0.33973786250770255,-0.3753978334338782,0.0,0.00013767551116276047
0.1500000000000001,p2_m2,0,-2.6037263463949007,-2.5843784693108693,0.0,0.00013767551116276047
0.1500000000000001,p2_m3,0,0.5233887779509083,0.5144372922111257,0.0,0.00013767551116276047
0.1500000000000001,p3_m0,0,0.3458609567692305,0.34659582567935093,0.0,0.00013767551116276047
0.1500000000000001,p3_m1,0,-2.7009031354967914,-2.7189030139762855,0.0,0.00013767551116276047
0.1500000000000001,p3_m2,0,-0.31008232365107075,-0.29935550287489193,0.0,0.00013767551116276047
0.1500000000000001,p3_m3,0,-2.3400292488982344,-2.3567407548354593,0.0,0.00013767551116276047
0.16000000000000011,p0_m0,8,7.999682743084201,8.285386673825831,-1.7365705155794942e-05,0.00010937725758647878
0.16000000000000011,p0_m1,0,0.21073013598956244,0.2103756605249608,0.0,0.00010937725758647878
0.16000000000000011,p0_m2,0,-1.106020987213215,-1.1068485651985391,0.0,0.00010937725758647878
0.16000000000000011,p0_m3,0,-1.0127626037736748,-0.9998094261323847,0.0,0.00010937725758647878
0.16000000000000011,p1_m0,0,-1.2355257295083357,-1.2369448945528299,0.0,0.00010937725758647878
0.16000000000000011,p1_m1,0,-0.6346705995793458,-0.6304914612541949,0.0,0.00010937725758647878
0.16000000000000011,p1_m2,0,0.09986299433868154,0.09959774309760873,0.0,0.00010937725758647878
0.16000000000000011,p1_m3,0,-2.0077390989814745,-1.9857853897991995,0.0,0.00010937725758647878
0.16000000000000011,p2_m0,0,-0.8458333726677315,-0.8448467072815505,0.0,0.00010937725758647878
0.16000000000000011,p2_m1,0,-0.15086781097829496,-0.1535137238516725,0.0,0.00010937725758647878
0.16000000000000011,p2_m2,0,-3.055850323008965,-3.0203023724345694,0.0,0.00010937725758647878
0.16000000000000011,p2_m3,0,0.54506103546288,0.5443252883766616,0.0,0.00010937725758647878
0.16000000000000011,p3_m0,0,0.28172087932288004,0.2818912874472309,0.0,0.00010937725758647878
0.16000000000000011,p3_m1,0,-2.638322117624334,-2.6395148993197326,0.0,0.00010937725758647878
0.16000000000000011,p3_m2,0,-0.5518407290257049,-0.5466898699164032,0.0,0.00010937725758647878
0.16000000000000011,p3_m3,0,-1.7924420923858981,-1.7868250711004923,0.0,0.00010937725758647878
0.17000000000000012,p0_m0,8,7.981089144449492,7.996744182791611,5.560456392844237e-05,7.192304997532143e-05
0.17000000000000012,p0_m1,0,0.17061088068136734,0.16832362209094873,0.0,7.192304997532143e-05
0.17000000000000012,p0_m2,0,-1.0798309266659838,-1.080016139607098,0.0,7.192304997532143e-05
0.17000000000000012,p0_m3,0,-1.0784589052789875,-1.0712805590955092,0.0,7.192304997532143e-05
0.17000000000000012,p1_m0,0,-1.2037205070338133,-1.2041785999965726,0.0,7.192304997532143e-05
0.17000000000000012,p1_m1,0,-0.7061135348514559,-0.7033986284055548,0.0,7.192304997532143e-05
0.17000000000000012,p1_m2,0,0.11791432852402238,0.12280290728794714,0.0,7.192304997532143e-05
0.17000000000000012,p1_m3,0,-1.9316479684259593,-1.9235311787230442,0.0,7.192304997532143e-05
0.17000000000000012,p2_m0,0,-0.8757889696340609,-0.8740187065174538,0.0,7.192304997532143e-05
0.17000000000000012,p2_m1,0,-0.019316374074049278,-0.026542910251153528,0.0,7.192304997532143e-05
0.17000000000000012,p2_m2,0,-2.4289823985356187,-2.413023575742553,0.0,7.192304997532143e-05
0.17000000000000012,p2_m3,0,0.5577676167170166,0.5574195316011312,0.0,7.192304997532143e-05
0.17000000000000012,p3_m0,0,0.22466383832027337,0.22480923083455648,0.0,7.192304997532143e-05
0.17000000000000012,p3_m1,0,-2.581135546320882,-2.5812332174409667,0.0,7.192304997532143e-05
0.17000000000000012,p3_m2,0,-0.6393738471237955,-0.6356535547984653,0.0,7.192304997532143e-05
0.17000000000000012,p3_m3,0,-1.1003280364056247,-1.1015246567196384,0.0,7.192304997532143e-05
0.18000000000000013,p0_m0,8,7.979909225050359,7.9808277207796,6.017278136939997e-05,4.2620798223765455e-05
0.18000000000000013,p0_m1,0,0.05074226310069835,0.04902249448697744,0.0,4.2620798223765455e-05
0.18000000000000013,p0_m2,0,-1.057911326894105,-1.0579708230930498,0.0,4.2620798223765455e-05
0.18000000000000013,p0_m3,0,-0.9929145752015368,-0.991019575267244,0.0,4.2620798223765455e-05
0.18000000000000013,p1_m0,0,-1.1838219186028982,-1.1839663425081137,0.0,4.2620798223765455e-05
0.18000000000000013,p1_m1,0,-0.6613255632976847,-0.6577637485098978,0.0,4.2620798223765455e-05
0.18000000000000013,p1_m2,0,0.25606427272501375,0.25702543154500235,0.0,4.2620798223765455e-05
0.18000000000000013,p1_m3,0,-1.6535813680980411,-1.6485895859118866,0.0,4.2620798223765455e-05
0.18000000000000013,p2_m0,0,-0.6793147050607109,-0.6755547699662214,0.0,4.2620798223765455e-05
0.18000000000000013,p2_m1,0,-0.025512256990044595,-0.026091030169310133,0.0,4.2620798223765455e-05
0.18000000000000013,p2_m2,0,-1.8494501676988617,-1.8619241748442916,0.0,4.2620798223765455e-05
0.18000000000000013,p2_m3,0,0.5534888717763953,0.5516263879027593,0.0,4.2620798223765455e-05
0.18000000000000013,p3_m0,0,0.0817847773503201,0.07731191797770567,0.0,4.2620798223765455e-05
0.18000000000000013,p3_m1,0,-2.527035823375824,-2.5270599364219306,0.0,4.2620798223765455e-05
0.18000000000000013,p3_m2,0,-0.6250108625399625,-0.6226995032631538,0.0,4.2620798223765455e-05
0.18000000000000013,p3_m3,0,-0.5332215352360924,-0.539296533819373,0.0,4.2620798223765455e-05
0.19000000000000014,p0_m0,8,7.979762202755819,7.979803995042421,6.070141710766386e-05,2.3477396829073266e-05
0.19000000000000014,p0_m1,0,-0.08218209076137947,-0.0800848036333644,0.0,2.3477396829073266e-05
0.19000000000000014,p0_m2,0,-1.0377530224921374,-1.037770022891317,0.0,2.3477396829073266e-05
0.19000000000000014,p0_m3,0,-0.8425575631646,-0.84111035675395,0.0,2.3477396829073266e-05
0.19000000000000014,p1_m0,0,-1.167698028125774,-1.1677301855307611,0.0,2.3477396829073266e-05
0.19000000000000014,p1_m1,0,-0.5310648600435598,-0.5306596353172526,0.0,2.3477396829073266e-05
0.19000000000000014,p1_m2,0,0.35403769470338053,0.35042229481439907,0.0,2.3477396829073266e-05
0.19000000000000014,p1_m3,0,-1.2246483459523088,-1.2229003364961781,0.0,2.3477396829073266e-05
0.19000000000000014,p2_m0,0,-0.47408819278991937,-0.4753762349073828,0.0,2.3477396829073266e-05
0.19000000000000014,p2_m1,0,-0.034516681152504274,-0.03457848732983916,0.0,2.3477396829073266e-05
0.19000000000000014,p2_m2,0,-1.5300510507202258,-1.5258447443698493,0.0,2.3477396829073266e-05
0.19000000000000014,p2_m3,0,0.4535774514312237,0.451090350810394,0.0,2.3477396829073266e-05
0.19000000000000014,p3_m0,0,-0.07341320814314518,-0.06920853179253067,0.0,2.3477396829073266e-05
0.19000000000000014,p3_m1,0,-2.474909380160323,-2.4749227009815993,0.0,2.3477396829073266e-05
0.19000000000000014,p3_m2,0,-0.5380379402745956,-0.5364163630415881,0.0,2.3477396829073266e-05
0.19000000000000014,p3_m3,0,-0.24374126583425595,-0.2501839236515043,0.0,2.3477396829073266e-05
0.20000000000000015,p0_m0,8,7.979781089674258,7.979788182796063,6.066978835749026e-05,1.2251360466211633e-05
0.20000000000000015,p0_m1,0,-0.1254919833170836,-0.12305323588092458,0.0,1.2251360466211633e-05
0.20000000000000015,p0_m2,0,-1.01810236206908,-1.0180978869471653,0.0,1.2251360466211633e-05
0.20000000000000015,p0_m3,0,-0.6700740257226048,-0.6696035791383701,0.0,1.2251360466211633e-05
0.20000000000000015,p1_m0,0,-1.1519797184205756,-1.151954554032703,0.0,1.2251360466211633e-05
0.20000000000000015,p1_m1,0,-0.41108171474114463,-0.4115396665503636,0.0,1.2251360466211633e-05
0.20000000000000015,p1_m2,0,0.33960684840557676,0.3376018476415926,0.0,1.2251360466211633e-05
0.20000000000000015,p1_m3,0,-0.8442973428362774,-0.8486289883233326,0.0,1.2251360466211633e-05
0.20000000000000015,p2_m0,0,-0.31792574944582147,-0.3191375339594296,0.0,1.2251360466211633e-05
0.20000000000000015,p2_m1,0,-0.04347407408832359,-0.04344859363494782,0.0,1.2251360466211633e-05
0.20000000000000015,p2_m2,0,-1.1252607138294266,-1.127039735761721,0.0,1.2251360466211633e-05
0.20000000000000015,p2_m3,0,0.3182120352506407,0.3188440890858667,0.0,1.2251360466211633e-05
0.20000000000000015,p3_m0,0,-0.1064551050432501,-0.10484790911259145,0.0,1.2251360466211633e-05
0.20000000000000015,p3_m1,0,-2.4239623888866713,-2.423965332536279,0.0,1.2251360466211633e-05
0.20000000000000015,p3_m2,0,-0.4167829753416285,-0.416510188787606,0.0,1.2251360466211633e-05
0.20000000000000015,p3_m3,0,-0.12255593861778535,-0.12494286113002069,0.0,1.2251360466211633e-05
0.21000000000000016,p0_m0,8,7.97983190262059,7.979840201632215,6.0519753676826936e-05,6.188625771431979e-06
0.21000000000000016,p0_m1,0,-0.10903987337327822,-0.10816566655427035,0.0,6.188625771431979e-06
0.21000000000000016,p0_m2,0,-0.9984697380643947,-0.9984606915004409,0.0,6.188625771431979e-06
0.21000000000000016,p0_m3,0,-0.49643296468942977,-0.49679296544236706,0.0,6.188625771431979e-06
0.21000000000000016,p1_m0,0,-1.135099141864161,-1.135059554674968,0.0,6.188625771431979e-06
0.21000000000000016,p1_m1,0,-0.31138459610346547,-0.3119597921555328,0.0,6.188625771431979e-06
0.21000000000000016,p1_m2,0,0.28378069429059255,0.28328508150764553,0.0,6.188625771431979e-06
0.21000000000000016,p1_m3,0,-0.6099130172396162,-0.6125455800766532,0.0,6.188625771431979e-06
0.21000000000000016,p2_m0,0,-0.20454826273055274,-0.2056497980658635,0.0,6.188625771431979e-06
0.21000000000000016,p2_m1,0,-0.05073082976441413,-0.050686319634288594,0.0,6.188625771431979e-06
0.21000000000000016,p2_m2,0,-0.8066790281992883,-0.8087117898089405,0.0,6.188625771431979e-06
0.21000000000000016,p2_m3,0,0.2104301625727172,0.2109826661445242,0.0,6.188625771431979e-06
0.21000000000000016,p3_m0,0,-0.10544466287516618,-0.1049166331869791,0.0,6.188625771431979e-06
0.21000000000000016,p3_m1,0,-2.3737427384667433,-2.3737453426467705,0.0,6.188625771431979e-06
0.21000000000000016,p3_m2,0,-0.302614094737522,-0.3032479963741223,0.0,6.188625771431979e-06
0.21000000000000016,p3_m3,0,-0.05679448672648323,-0.05779378496504317,0.0,6.188625771431979e-06
0.22000000000000017,p0_m0,8,7.979822228289223,7.97982296454974,6.057418522638525e-05,3.1426481971815276e-06
0.22000000000000017,p0_m1,0,-0.07628277471461495,-0.07626954028949744,0.0,3.1426481971815276e-06
0.22000000000000017,p0_m2,0,-0.9789897477323902,-0.9789815125774695,0.0,3.1426481971815276e-06
0.22000000000000017,p0_m3,0,-0.3270025297903781,-0.32696226250351434,0.0,3.1426481971815276e-06
0.22000000000000017,p1_m0,0,-1.1172397806185672,-1.117209070794627,0.0,3.1426481971815276e-06
0.22000000000000017,p1_m1,0,-0.20960128222313057,-0.20904631846226365,0.0,3.1426481971815276e-06
0.22000000000000017,p1_m2,0,0.19887560139516472,0.19779553773439434,0.0,3.1426481971815276e-06
0.22000000000000017,p1_m3,0,-0.3739870233710382,-0.372722942266719,0.0,3.1426481971815276e-06
0.22000000000000017,p2_m0,0,-0.1345500692827449,-0.13582141975986656,0.0,3.1426481971815276e-06
0.22000000000000017,p2_m1,0,0.02019582004914216,0.022985564627860732,0.0,3.1426481971815276e-06
0.22000000000000017,p2_m2,0,-0.4634243677040688,-0.46202228298095227,0.0,3.1426481971815276e-06
0.22000000000000017,p2_m3,0,0.1197708860347054,0.12103327144719167,0.0,3.1426481971815276e-06
0.22000000000000017,p3_m0,0,-0.080024292295909,-0.07914464706452881,0.0,3.1426481971815276e-06
0.22000000000000017,p3_m1,0,-2.324545758507108,-2.324555271513709,0.0,3.1426481971815276e-06
0.22000000000000017,p3_m2,0,-0.21227562842444084,-0.21254691362117303,0.0,3.1426481971815276e-06
0.22000000000000017,p3_m3,0,-0.01507896468523702,-0.015736759196190084,0.0,3.1426481971815276e-06
0.23000000000000018,p0_m0,8,3.587797929490355,3.136577235362506,0.01242981691861685,1.6700486575369586e-06
0.23000000000000018,p0_m1,0,-0.11295846838620263,-0.1142342451260783,0.0,1.6700486575369586e-06
0.23000000000000018,p0_m2,0,-0.9595467405522761,-0.9595348304238986,0.0,1.6700486575369586e-06
0.23000000000000018,p0_m3,0,-0.2745353155074823,-0.27844342428059776,0.0,1.6700486575369586e-06
0.23000000000000018,p1_m0,0,-1.098358995643202,-1.0983243280062966,0.0,1.6700486575369586e-06
0.23000000000000018,p1_m1,0,-0.08427477039010808,-0.08520946540467249,0.0,1.6700486575369586e-06
0.23000000000000018,p1_m2,0,0.09109230532411693,0.09322555368648792,0.0,1.6700486575369586e-06
0.23000000000000018,p1_m3,0,-0.150063360938581,-0.15236851004803081,0.0,1.6700486575369586e-06
0.23000000000000018,p2_m0,0,-0.14093541160237982,-0.1418604677777175,0.0,1.6700486575369586e-06
0.23000000000000018,p2_m1,0,0.07345562137599232,0.0703719105842912,0.0,1.6700486575369586e-06
0.23000000000000018,p2_m2,0,-0.2226589265863044,-0.22704640838364776,0.0,1.6700486575369586e-06
0.23000000000000018,p2_m3,0,0.09920112048050209,0.10013060036177797,0.0,1.6700486575369586e-06
0.23000000000000018,p3_m0,0,0.005995679365150909,0.006407405534515986,0.0,1.6700486575369586e-06
0.23000000000000018,p3_m1,0,-1.7324848460245827,-1.6417352332600366,0.0,1.6700486575369586e-06
0.23000000000000018,p3_m2,0,-0.1214384335461618,-0.12212332433500894,0.0,1.6700486575369586e-06
0.23000000000000018,p3_m3,0,-0.07681836664783322,-0.07902345103091561,0.0,1.6700486575369586e-06
0.24000000000000019,p0_m0,8,1.927717410007741,1.8897891859745874,0.015,8.528029078154069e-07
0.24000000000000019,p0_m1,0,-0.14992621482542987,-0.14884569746030485,0.0,8.528029078154069e-07
0.24000000000000019,p0_m2,0,-0.2947904876367961,-0.30291391148005753,0.0,8.528029078154069e-07
0.24000000000000019,p0_m3,0,-0.2804299964312044,-0.2797505161221614,0.0,8.528029078154069e-07
0.24000000000000019,p1_m0,0,-0.5822410289311799,-0.5847828460215972,0.0,8.528029078154069e-07
0.24000000000000019,p1_m1,0,-0.0011041147662865809,-0.0026223863763317687,0.0,8.528029078154069e-07
0.24000000000000019,p1_m2,0,0.032068768645145754,0.03257686944665369,0.0,8.528029078154069e-07
0.24000000000000019,p1_m3,0,-0.012215867495206319,-0.014920798556548868,0.0,8.528029078154069e-07
0.24000000000000019,p2_m0,0,-0.15374006921290642,-0.15305386488825984,0.0,8.528029078154069e-07
0.24000000000000019,p2_m1,0,0.06074674797296799,0.06022362705342669,0.0,8.528029078154069e-07
0.24000000000000019,p2_m2,0,-0.1058972390249547,-0.10827563596875661,0.0,8.528029078154069e-07
0.24000000000000019,p2_m3,0,0.09248911208791613,0.09239394781221691,0.0,8.528029078154069e-07
0.24000000000000019,p3_m0,0,0.07519576747281481,0.07376459787506305,0.0,8.528029078154069e-07
0.24000000000000019,p3_m1,0,-0.5145520378062817,-0.5359574617393592,0.0,8.528029078154069e-07
0.24000000000000019,p3_m2,0,-0.06738095439676146,-0.06811954159288817,0.0,8.528029078154069e-07
0.24000000000000019,p3_m3,0,-0.14713645959139623,-0.1456155030662708,0.0,8.528029078154069e-07
0.25000000000000017,p0_m0,8,1.462118155659864,1.465496967215566,0.015,5.009595437863131e-07
0.25000000000000017,p0_m1,0,-0.1571313600542556,-0.15680694788004007,0.0,5.009595437863131e-07
0.25000000000000017,p0_m2,0,0.017590014011405062,0.009049314980743278,0.0,5.009595437863131e-07
0.25000000000000017,p0_m3,0,-0.26428137814186037,-0.2642447077216112,0.0,5.009595437863131e-07
0.25000000000000017,p1_m0,0,-0.29091713915833195,-0.2991394803885825,0.0,5.009595437863131e-07
0.25000000000000017,p1_m1,0,0.03940029252494911,0.0386471894629998,0.0,5.009595437863131e-07
0.25000000000000017,p1_m2,0,-0.012283906553786746,-0.011784532730536052,0.0,5.009595437863131e-07
0.25000000000000017,p1_m3,0,0.050561473690093624,0.04928253524032352,0.0,5.009595437863131e-07
0.25000000000000017,p2_m0,0,-0.14782168280982277,-0.14764346237853854,0.0,5.009595437863131e-07
0.25000000000000017,p2_m1,0,0.04295651724025698,0.042949075981499114,0.0,5.009595437863131e-07
0.25000000000000017,p2_m2,0,-0.050330804565965566,-0.051424089387463255,0.0,5.009595437863131e-07
0.25000000000000017,p2_m3,0,0.08271304263829932,0.08271937722425227,0.0,5.009595437863131e-07
0.25000000000000017,p3_m0,0,0.10291183888417725,0.10225843479634973,0.0,5.009595437863131e-07
0.25000000000000017,p3_m1,0,-0.15975269794012875,-0.1697790924422061,0.0,5.009595437863131e-07
0.25000000000000017,p3_m2,0,-0.03391557410655877,-0.034365210883794094,0.0,5.009595437863131e-07
0.25000000000000017,p3_m3,0,-0.17164257747784678,-0.17102247411731392,0.0,5.009595437863131e-07
0.2600000000000002,p0_m0,8,1.312352459998439,1.3141321754941728,0.015,4.1634563396200224e-07
0.2600000000000002,p0_m1,0,-0.15819605217116298,-0.15810600242354442,0.0,4.1634563396200224e-07
0.2600000000000002,p0_m2,0,0.11658295736478884,0.11348856833723445,0.0,4.1634563396200224e-07
0.2600000000000002,p0_m3,0,-0.2509708455577314,-0.25108775834886715,0.0,4.1634563396200224e-07
0.2600000000000002,p1_m0,0,-0.2085425762560617,-0.21143789783146935,0.0,4.1634563396200224e-07
0.2600000000000002,p1_m1,0,0.06068040451339183,0.060303864857662565,0.0,4.1634563396200224e-07
0.2600000000000002,p1_m2,0,-0.03996122431362792,-0.039554850286744866,0.0,4.1634563396200224e-07
0.2600000000000002,p1_m3,0,0.08188358181111317,0.08129946554777086,0.0,4.1634563396200224e-07
0.2600000000000002,p2_m0,0,-0.13989133320822034,-0.139898461307714,0.0,4.1634563396200224e-07
0.2600000000000002,p2_m1,0,0.027924179447773187,0.028028618310592505,0.0,4.1634563396200224e-07
0.2600000000000002,p2_m2,0,-0.0217244890358855,-0.0222274447354763,0.0,4.1634563396200224e-07
0.2600000000000002,p2_m3,0,0.07423654780547236,0.074282762568742,0.0,4.1634563396200224e-07
0.2600000000000002,p3_m0,0,0.11514835493491182,0.1148695327763885,0.0,4.1634563396200224e-07
0.2600000000000002,p3_m1,0,-0.04873124230339176,-0.05237180863616625,0.0,4.1634563396200224e-07
0.2600000000000002,p3_m2,0,-0.013606254773846024,-0.013897146986909312,0.0,4.1634563396200224e-07
0.2600000000000002,p3_m3,0,-0.182114791430735,-0.1818708453466046,0.0,4.1634563396200224e-07
0.2700000000000002,p0_m0,8,1.257150373832345,1.2577966968847378,0.015,4.3148921895622357e-07
0.2700000000000002,p0_m1,0,-0.15763313142180482,-0.15761129078785838,0.0,4.3148921895622357e-07
0.2700000000000002,p0_m2,0,0.14902180494666425,0.14797001673928387,0.0,4.3148921895622357e-07
0.2700000000000002,p0_m3,0,-0.24196287710854025,-0.24206519335156623,0.0,4.3148921895622357e-07
0.2700000000000002,p1_m0,0,-0.18662068598696505,-0.1875338846959708,0.0,4.3148921895622357e-07
0.2700000000000002,p1_m1,0,0.07217536628908006,0.07198193383342644,0.0,4.3148921895622357e-07
0.2700000000000002,p1_m2,0,-0.05589064018927071,-0.055645663852372435,0.0,4.3148921895622357e-07
0.2700000000000002,p1_m3,0,0.09845632191626959,0.0981716000133988,0.0,4.3148921895622357e-07
0.2700000000000002,p2_m0,0,-0.133275367819029,-0.13332018446182506,0.0,4.3148921895622357e-07
0.2700000000000002,p2_m1,0,0.016980142441214926,0.01708513207381603,0.0,4.3148921895622357e-07
0.2700000000000002,p2_m2,0,-0.00593541120541463,-0.006185481467298292,0.0,4.3148921895622357e-07
0.2700000000000002,p2_m3,0,0.06765652113686675,0.06770738700412013,0.0,4.3148921895622357e-07
0.2700000000000002,p3_m0,0,0.12067826322265342,0.12055419173455409,0.0,4.3148921895622357e-07
0.2700000000000002,p3_m1,0,-0.01553649965842233,-0.016733797574857844,0.0,4.3148921895622357e-07
0.2700000000000002,p3_m2,0,-0.0015453472764989488,-0.0017191692468349834,0.0,4.3148921895622357e-07
0.2700000000000002,p3_m3,0,-0.18685720446588314,-0.18675208261430615,0.0,4.3148921895622357e-07
0.2800000000000002,p0_m0,8,1.2349131635378423,1.23514821756466,0.015,4.573406839340032e-07
0.2800000000000002,p0_m1,0,-0.15677685350248838,-0.15677569907970862,0.0,4.573406839340032e-07
0.2800000000000002,p0_m2,0,0.1593602159409112,0.15900933759291516,0.0,4.573406839340032e-07
0.2800000000000002,p0_m3,0,-0.23610615767065285,-0.23617623414029637,0.0,4.573406839340032e-07
0.2800000000000002,p1_m0,0,-0.18277487397329947,-0.18303828635922528,0.0,4.573406839340032e-07
0.2800000000000002,p1_m1,0,0.07858914569301564,0.07848804088606283,0.0,4.573406839340032e-07
0.2800000000000002,p1_m2,0,-0.06506276644937109,-0.06492199840730864,0.0,4.573406839340032e-07
0.2800000000000002,p1_m3,0,0.10764879570207289,0.107503621240542,0.0,4.573406839340032e-07
0.2800000000000002,p2_m0,0,-0.12837047679107202,-0.12841419671294665,0.0,4.573406839340032e-07
0.2800000000000002,p2_m1,0,0.009462247303912595,0.009542373340000854,0.0,4.573406839340032e-07
0.2800000000000002,p2_m2,0,0.0032556463653189804,0.0031231844026633226,0.0,4.573406839340032e-07
0.2800000000000002,p2_m3,0,0.0628416299112527,0.06288524326874048,0.0,4.573406839340032e-07
0.2800000000000002,p3_m0,0,0.12319275520357496,0.12313694748164804,0.0,4.573406839340032e-07
0.2800000000000002,p3_m1,0,-0.006841534816117029,-0.007214493414204525,0.0,4.573406839340032e-07
0.2800000000000002,p3_m2,0,0.005668915302198396,0.005567560091161321,0.0,4.573406839340032e-07
0.2800000000000002,p3_m3,0,-0.18905497894323284,-0.18900763526039008,0.0,4.573406839340032e-07
0.2900000000000002,p0_m0,8,1.224874141076975,1.2249638987362603,0.015,4.7529929183973634e-07
0.2900000000000002,p0_m1,0,-0.15601043342033602,-0.15601420438086372,0.0,4.7529929183973634e-07
0.2900000000000002,p0_m2,0,0.16240278116972337,0.16228782287869112,0.0,4.7529929183973634e-07
0.2900000000000002,p0_m3,0,-0.23230776425254007,-0.23235229158307377,0.0,4.7529929183973634e-07
0.2900000000000002,p1_m0,0,-0.18371773169443995,-0.18377820210894685,0.0,4.7529929183973634e-07
0.2900000000000002,p1_m1,0,0.08230377759720521,0.08224900837142723,0.0,4.7529929183973634e-07
0.2900000000000002,p1_m2,0,-0.07040010290349347,-0.07032131437681352,0.0,4.7529929183973634e-07
0.2900000000000002,p1_m3,0,0.11297996630060547,0.11290194975246465,0.0,4.7529929183973634e-07
0.2900000000000002,p2_m0,0,-0.12489724331634645,-0.12493100552951253,0.0,4.7529929183973634e-07
0.2900000000000002,p2_m1,0,0.004408103132821742,0.004463709042533547,0.0,4.7529929183973634e-07
0.2900000000000002,p2_m2,0,0.008843352618611564,0.008768934702682333,0.0,4.7529929183973634e-07
0.2900000000000002,p2_m3,0,0.059434247690100736,0.05946735636853631,0.0,4.7529929183973634e-07
0.2900000000000002,p3_m0,0,0.12434026444364352,0.12431468402452801,0.0,4.7529929183973634e-07
0.2900000000000002,p3_m1,0,-0.005480734085972932,-0.005586964336219632,0.0,4.7529929183973634e-07
0.2900000000000002,p3_m2,0,0.010064837122251992,0.010005909289824954,0.0,4.7529929183973634e-07
0.2900000000000002,p3_m3,0,-0.190083107556499,-0.19006087718825754,0.0,4.7529929183973634e-07
0.3000000000000002,p0_m0,8,1.2955816247226057,1.3217377911238393,0.015,4.863231851774216e-07
0.3000000000000002,p0_m1,0,-0.15554145547880127,-0.15564699264343496,0.0,4.863231851774216e-07
0.3000000000000002,p0_m2,0,0.163243106548214,0.1633146564226579,0.0,4.863231851774216e-07
0.3000000000000002,p0_m3,0,-0.22970800337670855,-0.22966470783602716,0.0,4.863231851774216e-07
0.3000000000000002,p1_m0,0,-0.18530833345110917,-0.1852023363609388,0.0,4.863231851774216e-07
0.3000000000000002,p1_m1,0,0.08459712712451806,0.08461631885911079,0.0,4.863231851774216e-07
0.3000000000000002,p1_m2,0,-0.0737195336341677,-0.07377032984689355,0.0,4.863231851774216e-07
0.3000000000000002,p1_m3,0,0.11597465555156637,0.11577616422749634,0.0,4.863231851774216e-07
0.3000000000000002,p2_m0,0,-0.12260857668707506,-0.12272901477544894,0.0,4.863231851774216e-07
0.3000000000000002,p2_m1,0,0.0012859245472984706,0.0015138528707344802,0.0,4.863231851774216e-07
0.3000000000000002,p2_m2,0,0.012043265575215316,0.011771595898608895,0.0,4.863231851774216e-07
0.3000000000000002,p2_m3,0,0.05712435232414799,0.057195688728179137,0.0,4.863231851774216e-07
0.3000000000000002,p3_m0,0,0.12499025007418933,0.12507549072871782,0.0,4.863231851774216e-07
0.3000000000000002,p3_m1,0,-0.006329692644355431,-0.0065727944830036465,0.0,4.863231851774216e-07
0.3000000000000002,p3_m2,0,0.013145132883707113,0.01335459609135572,0.0,4.863231851774216e-07
0.3000000000000002,p3_m3,0,-0.19075345564396373,-0.19088777225617365,0.0,4.863231851774216e-07
0.3100000000000002,p0_m0,8,6.880479477802011,6.653851988362398,0.001691462358911239,2.9113749881604687e-07
0.3100000000000002,p0_m1,0,-0.061883880742947414,-0.06450055723278728,0.0,2.9113749881604687e-07
0.3100000000000002,p0_m2,0,0.06493617359184359,0.0676819475718729,0.0,2.9113749881604687e-07
0.3100000000000002,p0_m3,0,-0.09267682888933473,-0.09639336062119526,0.0,2.9113749881604687e-07
0.3100000000000002,p1_m0,0,-0.062138857169017105,-0.06565637894001185,0.0,2.9113749881604687e-07
0.3100000000000002,p1_m1,0,0.028347730063773446,0.02999098623932733,0.0,2.9113749881604687e-07
0.3100000000000002,p1_m2,0,-0.023941154214840048,-0.025426554155663226,0.0,2.9113749881604687e-07
0.3100000000000002,p1_m3,0,0.03548078966451926,0.03781191335418785,0.0,2.9113749881604687e-07
0.3100000000000002,p2_m0,0,-0.05289140145442153,-0.054781180833221144,0.0,2.9113749881604687e-07
0.3100000000000002,p2_m1,0,0.01018022612797716,0.009813581961222529,0.0,2.9113749881604687e-07
0.3100000000000002,p2_m2,0,-0.005291173858599298,-0.00472765759586418,0.0,2.9113749881604687e-07
0.3100000000000002,p2_m3,0,0.0269717017651122,0.02775177167650677,0.0,2.9113749881604687e-07
0.3100000000000002,p3_m0,0,0.047881783266490965,0.05006702674546907,0.0,2.9113749881604687e-07
0.3100000000000002,p3_m1,0,-0.001907017867678462,-0.0021612709179080415,0.0,2.9113749881604687e-07
0.3100000000000002,p3_m2,0,0.0047670470644583345,0.005129121383392044,0.0,2.9113749881604687e-07
0.3100000000000002,p3_m3,0,-0.07486493359120872,-0.07810247656710592,0.0,2.9113749881604687e-07
0.32000000000000023,p0_m0,8,3.1741139603741892,2.779292866149823,0.013815386531104774,2.09065652076003e-07
0.32000000000000023,p0_m1,0,-0.08229857458233551,-0.08465928439173886,0.0,2.09065652076003e-07
0.32000000000000023,p0_m2,0,0.08664945928582969,0.08913512246955183,0.0,2.09065652076003e-07
0.32000000000000023,p0_m3,0,-0.1213327657098751,-0.12487460313512075,0.0,2.09065652076003e-07
0.32000000000000023,p1_m0,0,-0.09174319241097624,-0.0949017408334869,0.0,2.09065652076003e-07
0.32000000000000023,p1_m1,0,0.04294162165314304,0.044393460624190306,0.0,2.09065652076003e-07
0.32000000000000023,p1_m2,0,-0.03821402645431445,-0.039525819754221654,0.0,2.09065652076003e-07
0.32000000000000023,p1_m3,0,0.057515691614700076,0.05968531601676376,0.0,2.09065652076003e-07
0.32000000000000023,p2_m0,0,-0.06598974967138514,-0.06774160848640005,0.0,2.09065652076003e-07
0.32000000000000023,p2_m1,0,-0.00039954867279549505,-0.0004112366928870744,0.0,2.09065652076003e-07
0.32000000000000023,p2_m2,0,0.0029423985790328006,0.0035127498675730216,0.0,2.09065652076003e-07
0.32000000000000023,p2_m3,0,0.03125436643591261,0.03201655071496826,0.0,2.09065652076003e-07
0.32000000000000023,p3_m0,0,0.06553845467242123,0.06750364154147645,0.0,2.09065652076003e-07
0.32000000000000023,p3_m1,0,-0.0016670509677410522,-0.0015865242109373513,0.0,2.09065652076003e-07
0.32000000000000023,p3_m2,0,0.01043351745050217,0.010594801160696735,0.0,2.09065652076003e-07
0.32000000000000023,p3_m3,0,-0.10045506174851128,-0.10340002776412907,0.0,2.09065652076003e-07
0.33000000000000024,p0_m0,8,1.7684331486746536,1.7522111705806223,0.015,3.5159285952850465e-07
0.33000000000000024,p0_m1,0,-0.13082986106705252,-0.1298052937093573,0.0,3.5159285952850465e-07
0.33000000000000024,p0_m2,0,0.13791233411277826,0.13683033631705044,0.0,3.5159285952850465e-07
0.33000000000000024,p0_m3,0,-0.19216837899518655,-0.19064962863554313,0.0,3.5159285952850465e-07
0.33000000000000024,p1_m0,0,-0.16128040558114978,-0.1597580230410299,0.0,3.5159285952850465e-07
0.33000000000000024,p1_m1,0,0.0742805380914541,0.07361295484902772,0.0,3.5159285952850465e-07
0.33000000000000024,p1_m2,0,-0.06390338355740652,-0.0634386955922023,0.0,3.5159285952850465e-07
0.33000000000000024,p1_m3,0,0.1034859649825151,0.10245533270324549,0.0,3.5159285952850465e-07
0.33000000000000024,p2_m0,0,-0.10056106514553967,-0.09982753451091832,0.0,3.5159285952850465e-07
0.33000000000000024,p2_m1,0,-0.005341629352082567,-0.005185441125054103,0.0,3.5159285952850465e-07
0.33000000000000024,p2_m2,0,0.016007053933393686,0.015675055857825727,0.0,3.5159285952850465e-07
0.33000000000000024,p2_m3,0,0.045282983332494094,0.04497541506482282,0.0,3.5159285952850465e-07
0.33000000000000024,p3_m0,0,0.10637114860617253,0.10549996054360654,0.0,3.5159285952850465e-07
0.33000000000000024,p3_m1,0,-0.005603719285761086,-0.0055899163034058355,0.0,3.5159285952850465e-07
0.33000000000000024,p3_m2,0,0.013855986174218859,0.013842223438027174,0.0,3.5159285952850465e-07
0.33000000000000024,p3_m3,0,-0.16139746370808714,-0.16013016809549432,0.0,3.5159285952850465e-07
0.34000000000000025,p0_m0,8,1.4696472128631628,1.4993861035994245,0.015,4.582330967919785e-07
0.34000000000000025,p0_m1,0,-0.14599539134454081,-0.14565011252169535,0.0,4.582330967919785e-07
0.34000000000000025,p0_m2,0,0.15394741606992665,0.1535832156143375,0.0,4.582330967919785e-07
0.34000000000000025,p0_m3,0,-0.21335772285162793,-0.2126355396947834,0.0,4.582330967919785e-07
0.34000000000000025,p1_m0,0,-0.1814768220314307,-0.18072940848420616,0.0,4.582330967919785e-07
0.34000000000000025,p1_m1,0,0.0840473601189242,0.08380801164713245,0.0,4.582330967919785e-07
0.34000000000000025,p1_m2,0,-0.07364944346050917,-0.07350201554276728,0.0,4.582330967919785e-07
0.34000000000000025,p1_m3,0,0.11646723957804223,0.11589051122066125,0.0,4.582330967919785e-07
0.34000000000000025,p2_m0,0,-0.11123279341713255,-0.1110132392068813,0.0,4.582330967919785e-07
0.34000000000000025,p2_m1,0,-0.006295977010191957,-0.006054394635463151,0.0,4.582330967919785e-07
0.34000000000000025,p2_m2,0,0.0188019602572511,0.018453715901105693,0.0,4.582330967919785e-07
0.34000000000000025,p2_m3,0,0.049377288556360296,0.04929928858689132,0.0,4.582330967919785e-07
0.34000000000000025,p3_m0,0,0.11900950201775093,0.11873154858283402,0.0,4.582330967919785e-07
0.34000000000000025,p3_m1,0,-0.008189196129229432,-0.008368899327268517,0.0,4.582330967919785e-07
0.34000000000000025,p3_m2,0,0.01669550883195037,0.016901837529318984,0.0,4.582330967919785e-07
0.34000000000000025,p3_m3,0,-0.18082267061646898,-0.1804049093232084,0.0,4.582330967919785e-07
0.35000000000000026,p0_m0,8,5.905480896187625,5.563970530390264,0.004812967892423518,3.005333476287413e-07
0.35000000000000026,p0_m1,0,-0.06452218832282174,-0.06752088185792077,0.0,3.005333476287413e-07
0.35000000000000026,p0_m2,0,0.06802170160301758,0.07118863634891295,0.0,3.005333476287413e-07
0.35000000000000026,p0_m3,0,-0.09411678946616535,-0.09845094408683992,0.0,3.005333476287413e-07
0.35000000000000026,p1_m0,0,-0.07157454124800608,-0.07564639177592322,0.0,3.005333476287413e-07
0.35000000000000026,p1_m1,0,0.03380631890236645,0.035659363240783455,0.0,3.005333476287413e-07
0.35000000000000026,p1_m2,0,-0.029236586362806682,-0.03091023880684862,0.0,3.005333476287413e-07
0.35000000000000026,p1_m3,0,0.043572591376625745,0.04627583023469928,0.0,3.005333476287413e-07
0.35000000000000026,p2_m0,0,-0.05151468646567728,-0.05365131356511242,0.0,3.005333476287413e-07
0.35000000000000026,p2_m1,0,0.004149313621057964,0.0036468215369660937,0.0,3.005333476287413e-07
0.35000000000000026,p2_m2,0,0.0008858464067080001,0.0015981368146588551,0.0,3.005333476287413e-07
0.35000000000000026,p2_m3,0,0.024064869656016542,0.024894606844416318,0.0,3.005333476287413e-07
0.35000000000000026,p3_m0,0,0.05131297252526214,0.05380393713772701,0.0,3.005333476287413e-07
0.35000000000000026,p3_m1,0,-0.005401123752395319,-0.005660419680721743,0.0,3.005333476287413e-07
0.35000000000000026,p3_m2,0,0.009169857745940532,0.009598989483211614,0.0,3.005333476287413e-07
0.35000000000000026,p3_m3,0,-0.07958976290541056,-0.08332047018641081,0.0,3.005333476287413e-07
0.36000000000000026,p0_m0,8,2.846123073971927,2.511788927260828,0.014930300718068841,2.5009107931973067e-07
0.36000000000000026,p0_m1,0,-0.09569872113390494,-0.09785932616350723,0.0,2.5009107931973067e-07
0.36000000000000026,p0_m2,0,0.10091414524281968,0.10319422459774442,0.0,2.5009107931973067e-07
0.36000000000000026,p0_m3,0,-0.13953846662497832,-0.14275061145829349,0.0,2.5009107931973067e-07
0.36000000000000026,p1_m0,0,-0.11420585920263666,-0.11738504681119295,0.0,2.5009107931973067e-07
0.36000000000000026,p1_m1,0,0.05393949760811191,0.05527183570943115,0.0,2.5009107931973067e-07
0.36000000000000026,p1_m2,0,-0.04813105709761333,-0.04909416731533134,0.0,2.5009107931973067e-07
0.36000000000000026,p1_m3,0,0.07371844180512994,0.07568288172677282,0.0,2.5009107931973067e-07
0.36000000000000026,p2_m0,0,-0.07354316404652458,-0.07514242709812731,0.0,2.5009107931973067e-07
0.36000000000000026,p2_m1,0,-0.005570061952536958,-0.005403992867869261,0.0,2.5009107931973067e-07
0.36000000000000026,p2_m2,0,0.009961658138775325,0.01046521880880278,0.0,2.5009107931973067e-07
0.36000000000000026,p2_m3,0,0.032909198136884255,0.03359629797056542,0.0,2.5009107931973067e-07
0.36000000000000026,p3_m0,0,0.07754491650939058,0.07935107719118288,0.0,2.5009107931973067e-07
0.36000000000000026,p3_m1,0,-0.004152552956173663,-0.004478190692157217,0.0,2.5009107931973067e-07
0.36000000000000026,p3_m2,0,0.0141210154706207,0.014026871230159776,0.0,2.5009107931973067e-07
0.36000000000000026,p3_m3,0,-0.11819262967129225,-0.12090273468069691,0.0,2.5009107931973067e-07
0.3700000000000003,p0_m0,8,1.665604325907459,1.6604823820608947,0.015,3.903521889285375e-07
0.3700000000000003,p0_m1,0,-0.13564331542208816,-0.13471034163435183,0.0,3.903521889285375e-07
0.3700000000000003,p0_m2,0,0.14306313078189975,0.14207903198801938,0.0,3.903521889285375e-07
0.3700000000000003,p0_m3,0,-0.19807354496091542,-0.1966900016050721,0.0,3.903521889285375e-07
0.3700000000000003,p1_m0,0,-0.17046162348834432,-0.16908651709192635,0.0,3.903521889285375e-07
0.3700000000000003,p1_m1,0,0.07898327146770376,0.07838510311715771,0.0,3.903521889285375e-07
0.3700000000000003,p1_m2,0,-0.06869807686048188,-0.06821363618155958,0.0,3.903521889285375e-07
0.3700000000000003,p1_m3,0,0.11009181432339475,0.10917832139569483,0.0,3.903521889285375e-07
0.3700000000000003,p2_m0,0,-0.1025608008059306,-0.10188720978571798,0.0,3.903521889285375e-07
0.3700000000000003,p2_m1,0,-0.008061609552403391,-0.0079509942890024,0.0,3.903521889285375e-07
0.3700000000000003,p2_m2,0,0.019341324499912906,0.01906166061631397,0.0,3.903521889285375e-07
0.3700000000000003,p2_m3,0,0.04502326608714569,0.04473910086432771,0.0,3.903521889285375e-07
0.3700000000000003,p3_m0,0,0.11089090785678728,0.11010175720882834,0.0,3.903521889285375e-07
0.3700000000000003,p3_m1,0,-0.0077208785964279865,-0.007688532887487719,0.0,3.903521889285375e-07
0.3700000000000003,p3_m2,0,0.016195891999370514,0.016189663372456902,0.0,3.903521889285375e-07
0.3700000000000003,p3_m3,0,-0.16821930229112086,-0.16706324347964516,0.0,3.903521889285375e-07
0.3800000000000003,p0_m0,8,7.94537067865694,8.978598337834903,0.0010171181172932942,4.560072500920406e-07
0.3800000000000003,p0_m1,0,-0.11508590714771083,-0.10883447499481731,0.0,4.560072500920406e-07
0.3800000000000003,p0_m2,0,0.12137860783786955,0.1147819388734168,0.0,4.560072500920406e-07
0.3800000000000003,p0_m3,0,-0.16688051492621261,-0.15791324125682082,0.0,4.560072500920406e-07
0.3800000000000003,p1_m0,0,-0.14061098982797887,-0.13228706631931855,0.0,4.560072500920406e-07
0.3800000000000003,p1_m1,0,0.06598086943284931,0.06211218259189318,0.0,4.560072500920406e-07
0.3800000000000003,p1_m2,0,-0.057982073711450116,-0.054466879130346466,0.0,4.560072500920406e-07
0.3800000000000003,p1_m3,0,0.08951588526745144,0.08405288847757794,0.0,4.560072500920406e-07
0.3800000000000003,p2_m0,0,-0.08779949131361478,-0.08324096015792468,0.0,4.560072500920406e-07
0.3800000000000003,p2_m1,0,-0.003049732358136243,-0.0023389072726937633,0.0,4.560072500920406e-07
0.3800000000000003,p2_m2,0,0.012656577021824404,0.011395881755956152,0.0,4.560072500920406e-07
0.3800000000000003,p2_m3,0,0.038925145501214675,0.03702669834271273,0.0,4.560072500920406e-07
0.3800000000000003,p3_m0,0,0.09368370426999476,0.08847233975241493,0.0,4.560072500920406e-07
0.3800000000000003,p3_m1,0,-0.00852706266796371,-0.008101665166908977,0.0,4.560072500920406e-07
0.3800000000000003,p3_m2,0,0.01545247059497007,0.014679048477612663,0.0,4.560072500920406e-07
0.3800000000000003,p3_m3,0,-0.14289814970046713,-0.13510215646477028,0.0,4.560072500920406e-07
0.3900000000000003,p0_m0,8,4.647492562987889,4.176990889717763,0.008908241094004104,2.6106577389006223e-07
0.3900000000000003,p0_m1,0,-0.06490882972994126,-0.06813818523548827,0.0,2.6106577389006223e-07
0.3900000000000003,p0_m2,0,0.06846144825629392,0.07186479413599596,0.0,2.6106577389006223e-07
0.3900000000000003,p0_m3,0,-0.09370002217584973,-0.09835144634759131,0.0,2.6106577389006223e-07
0.3900000000000003,p1_m0,0,-0.07335416326764876,-0.0776864197379347,0.0,2.6106577389006223e-07
0.3900000000000003,p1_m1,0,0.034974981392269705,0.037008901647091905,0.0,2.6106577389006223e-07
0.3900000000000003,p1_m2,0,-0.030700094023499064,-0.032551990620825144,0.0,2.6106577389006223e-07
0.3900000000000003,p1_m3,0,0.045160971780146185,0.048084926664071485,0.0,2.6106577389006223e-07
0.3900000000000003,p2_m0,0,-0.05080408818790636,-0.05314677404212337,0.0,2.6106577389006223e-07
0.3900000000000003,p2_m1,0,0.0010212220293898946,7.666702272636467e-05,0.0,2.6106577389006223e-07
0.3900000000000003,p2_m2,0,0.002265322475537781,0.003006830398835961,0.0,2.6106577389006223e-07
0.3900000000000003,p2_m3,0,0.022971510853076003,0.023964108583654244,0.0,2.6106577389006223e-07
0.3900000000000003,p3_m0,0,0.05192117241670973,0.05461711676014193,0.0,2.6106577389006223e-07
0.3900000000000003,p3_m1,0,-0.007142476359089853,-0.007273998531096556,0.0,2.6106577389006223e-07
0.3900000000000003,p3_m2,0,0.011093127354929296,0.011513876038291512,0.0,2.6106577389006223e-07
0.3900000000000003,p3_m3,0,-0.08037955353120241,-0.084370447810166,0.0,2.6106577389006223e-07
0.4000000000000003,p0_m0,8,2.2964053404852076,2.158459331685173,0.015,2.887411946546974e-07
0.4000000000000003,p0_m1,0,-0.11310015365765334,-0.11344995436318257,0.0,2.887411946546974e-07
0.4000000000000003,p0_m2,0,0.11928935109857658,0.11965854982649998,0.0,2.887411946546974e-07
0.4000000000000003,p0_m3,0,-0.1648238765248939,-0.16531808520611183,0.0,2.887411946546974e-07
0.4000000000000003,p1_m0,0,-0.1400203137397427,-0.1406044865531369,0.0,2.887411946546974e-07
0.4000000000000003,p1_m1,0,0.0654627317354671,0.0656665484196312,0.0,2.887411946546974e-07
0.4000000000000003,p1_m2,0,-0.05713062421940955,-0.057122560244332356,0.0,2.887411946546974e-07
0.4000000000000003,p1_m3,0,0.0907195678141391,0.09096689735621513,0.0,2.887411946546974e-07
0.4000000000000003,p2_m0,0,-0.0857100414512098,-0.08597859920581523,0.0,2.887411946546974e-07
0.4000000000000003,p2_m1,0,-0.007565299190039601,-0.007334486783322612,0.0,2.887411946546974e-07
0.4000000000000003,p2_m2,0,0.015152600317609632,0.015165764277328677,0.0,2.887411946546974e-07
0.4000000000000003,p2_m3,0,0.03768881953945156,0.03780716191632303,0.0,2.887411946546974e-07
0.4000000000000003,p3_m0,0,0.09230775962957481,0.09259436575185255,0.0,2.887411946546974e-07
0.4000000000000003,p3_m1,0,-0.005970207194722724,-0.006252916838502093,0.0,2.887411946546974e-07
0.4000000000000003,p3_m2,0,0.015223546561545079,0.015104399171049263,0.0,2.887411946546974e-07
0.4000000000000003,p3_m3,0,-0.14014182473549242,-0.14059423162192417,0.0,2.887411946546974e-07
0.4100000000000003,p0_m0,8,1.5345074633716853,1.5365421586251093,0.015,4.260102462496562e-07
0.4100000000000003,p0_m1,0,-0.14050627443473795,-0.1397663132316791,0.0,4.260102462496562e-07
0.4100000000000003,p0_m2,0,0.14820972820178852,0.14742903373345884,0.0,4.260102462496562e-07
0.4100000000000003,p0_m3,0,-0.20483733528910614,-0.20374410255799397,0.0,4.260102462496562e-07
0.4100000000000003,p1_m0,0,-0.17743985823172112,-0.17636563368718516,0.0,4.260102462496562e-07
0.4100000000000003,p1_m1,0,0.0823443357844058,0.08187337099610804,0.0,4.260102462496562e-07
0.4100000000000003,p1_m2,0,-0.0719572703961779,-0.07157092538266574,0.0,4.260102462496562e-07
0.4100000000000003,p1_m3,0,0.11469069439117192,0.11398368497950138,0.0,4.260102462496562e-07
0.4100000000000003,p2_m0,0,-0.10577560587154741,-0.10524101120079804,0.0,4.260102462496562e-07
0.4100000000000003,p2_m1,0,-0.008769784289654022,-0.008695166267808994,0.0,4.260102462496562e-07
0.4100000000000003,p2_m2,0,0.020675384814990583,0.020469442059865818,0.0,4.260102462496562e-07
0.4100000000000003,p2_m3,0,0.04610495145986264,0.04588106852501093,0.0,4.260102462496562e-07
0.4100000000000003,p3_m0,0,0.11501376605859527,0.11439097068286318,0.0,4.260102462496562e-07
0.4100000000000003,p3_m1,0,-0.008652206048708982,-0.008611454960229154,0.0,4.260102462496562e-07
0.4100000000000003,p3_m2,0,0.01722072171264857,0.01720206918540915,0.0,4.260102462496562e-07
0.4100000000000003,p3_m3,0,-0.17453822132058566,-0.1736172280361456,0.0,4.260102462496562e-07
0.4200000000000003,p0_m0,8,8.009352375017809,8.455942261103525,-4.674993702193042e-05,3.983275917259487e-07
0.4200000000000003,p0_m1,0,-0.08344653325003719,-0.08207832372328676,0.0,3.983275917259487e-07
0.4200000000000003,p0_m2,0,0.08800234386159522,0.08655898339856474,0.0,3.983275917259487e-07
0.4200000000000003,p0_m3,0,-0.12089458574272532,-0.11901930858553093,0.0,3.983275917259487e-07
0.4200000000000003,p1_m0,0,-0.09847279735505557,-0.09680853747965978,0.0,3.983275917259487e-07
0.4200000000000003,p1_m1,0,0.046640351165324556,0.04581077708146598,0.0,3.983275917259487e-07
0.4200000000000003,p1_m2,0,-0.04072691190408503,-0.03995542973498304,0.0,3.983275917259487e-07
0.4200000000000003,p1_m3,0,0.0617619169643599,0.06070863136923079,0.0,3.983275917259487e-07
0.4200000000000003,p2_m0,0,-0.06455260867523374,-0.06354369318244626,0.0,3.983275917259487e-07
0.4200000000000003,p2_m1,0,0.000685042719835742,0.0007099193085187942,0.0,3.983275917259487e-07
0.4200000000000003,p2_m2,0,0.0061914160334537015,0.006052283421804189,0.0,3.983275917259487e-07
0.4200000000000003,p2_m3,0,0.029096891671980388,0.028672568166404296,0.0,3.983275917259487e-07
0.4200000000000003,p3_m0,0,0.06741578602618517,0.06628463655361881,0.0,3.983275917259487e-07
0.4200000000000003,p3_m1,0,-0.006992797641632979,-0.006778173108816059,0.0,3.983275917259487e-07
0.4200000000000003,p3_m2,0,0.012068013792675582,0.011780484396953943,0.0,3.983275917259487e-07
0.4200000000000003,p3_m3,0,-0.10361350787368015,-0.10189812451709554,0.0,3.983275917259487e-07
0.4300000000000003,p0_m0,8,3.701899629291687,3.2576808706293816,0.012045618948385576,2.420459151318956e-07
0.4300000000000003,p0_m1,0,-0.07395016805696944,-0.07676976679978925,0.0,2.420459151318956e-07
0.4300000000000003,p0_m2,0,0.07798921573951509,0.08096183168926824,0.0,2.420459151318956e-07
0.4300000000000003,p0_m3,0,-0.10670206671370665,-0.11088155530844283,0.0,2.420459151318956e-07
0.4300000000000003,p1_m0,0,-0.08590289249504215,-0.08964035693268646,0.0,2.420459151318956e-07
0.4300000000000003,p1_m1,0,0.041039753726596614,0.04281363529376149,0.0,2.420459151318956e-07
0.4300000000000003,p1_m2,0,-0.03653213228090519,-0.038146829062002036,0.0,2.420459151318956e-07
0.4300000000000003,p1_m3,0,0.054190461364855176,0.056828926695406574,0.0,2.420459151318956e-07
0.4300000000000003,p2_m0,0,-0.05708257728274135,-0.059150282157943004,0.0,2.420459151318956e-07
0.4300000000000003,p2_m1,0,-0.0031281424123169714,-0.0035601836171270267,0.0,2.420459151318956e-07
0.4300000000000003,p2_m2,0,0.00512885464104178,0.0058520806271689305,0.0,2.420459151318956e-07
0.4300000000000003,p2_m3,0,0.025501075369603464,0.026401899035987948,0.0,2.420459151318956e-07
0.4300000000000003,p3_m0,0,0.05957922580480459,0.06193562173199231,0.0,2.420459151318956e-07
0.4300000000000003,p3_m1,0,-0.006248826779823858,-0.005810021382181138,0.0,2.420459151318956e-07
0.4300000000000003,p3_m2,0,0.012808848972757497,0.013072410665454098,0.0,2.420459151318956e-07
0.4300000000000003,p3_m3,0,-0.09152175593364027,-0.09501311390750422,0.0,2.420459151318956e-07
0.44000000000000034,p0_m0,8,1.9438402179087069,1.8999187610005783,0.015,3.3540952996149743e-07
0.44000000000000034,p0_m1,0,-0.12533828574812306,-0.12453874302038487,0.0,3.3540952996149743e-07
0.44000000000000034,p0_m2,0,0.13220851425845093,0.13136530999969828,0.0,3.3540952996149743e-07
0.44000000000000034,p0_m3,0,-0.18270405882386948,-0.1815009930568498,0.0,3.3540952996149743e-07
0.44000000000000034,p1_m0,0,-0.15746292985649127,-0.15628697330127184,0.0,3.3540952996149743e-07
0.44000000000000034,p1_m1,0,0.07322001059435107,0.07270315887933172,0.0,3.3540952996149743e-07
0.44000000000000034,p1_m2,0,-0.06335866430053122,-0.06299771776169562,0.0,3.3540952996149743e-07
0.44000000000000034,p1_m3,0,0.10197443493882238,0.10115270596284458,0.0,3.3540952996149743e-07
0.44000000000000034,p2_m0,0,-0.09452477738564227,-0.09394874114659536,0.0,3.3540952996149743e-07
0.44000000000000034,p2_m1,0,-0.008410980277105334,-0.00823703657817955,0.0,3.3540952996149743e-07
0.44000000000000034,p2_m2,0,0.018139990480557765,0.017863402753896532,0.0,3.3540952996149743e-07
0.44000000000000034,p2_m3,0,0.04131580970585166,0.041070392061163315,0.0,3.3540952996149743e-07
0.44000000000000034,p3_m0,0,0.10255301802694519,0.1018728432640561,0.0,3.3540952996149743e-07
0.44000000000000034,p3_m1,0,-0.0072112157153589335,-0.007278583814977055,0.0,3.3540952996149743e-07
0.44000000000000034,p3_m2,0,0.015899719118707724,0.01588298235049292,0.0,3.3540952996149743e-07
0.44000000000000034,p3_m3,0,-0.15550702569370445,-0.15452650782474567,0.0,3.3540952996149743e-07
0.45000000000000034,p0_m0,8,1.5196021951499623,1.5494940582974963,0.015,4.52696770803978e-07
0.45000000000000034,p0_m1,0,-0.1441948201370377,-0.1437524668022436,0.0,4.52696770803978e-07
0.45000000000000034,p0_m2,0,0.15210954814788144,0.15164349018032364,0.0,4.52696770803978e-07
0.45000000000000034,p0_m3,0,-0.20979074127344224,-0.20891632163414223,0.0,4.52696770803978e-07
0.45000000000000034,p1_m0,0,-0.18189900779685778,-0.18101213843223904,0.0,4.52696770803978e-07
0.45000000000000034,p1_m1,0,0.08461252814654434,0.08431873874053186,0.0,4.52696770803978e-07
0.45000000000000034,p1_m2,0,-0.07429988347594624,-0.074114699181523,0.0,4.52696770803978e-07
0.45000000000000034,p1_m3,0,0.11740550430100444,0.11674086477485732,0.0,4.52696770803978e-07
0.45000000000000034,p2_m0,0,-0.10846667790881058,-0.10817114519524365,0.0,4.52696770803978e-07
0.45000000000000034,p2_m1,0,-0.008643064223367683,-0.008399655269851907,0.0,4.52696770803978e-07
0.45000000000000034,p2_m2,0,0.02091918978822453,0.020548019258542764,0.0,4.52696770803978e-07
0.45000000000000034,p2_m3,0,0.04719482142619002,0.047080999721801804,0.0,4.52696770803978e-07
0.45000000000000034,p3_m0,0,0.11806933211004446,0.11771125983364555,0.0,4.52696770803978e-07
0.45000000000000034,p3_m1,0,-0.009453554736236375,-0.009638129197601344,0.0,4.52696770803978e-07
0.45000000000000034,p3_m2,0,0.01812843671530129,0.018347754826036174,0.0,4.52696770803978e-07
0.45000000000000034,p3_m3,0,-0.17926047323818092,-0.17872528303102073,0.0,4.52696770803978e-07
0.46000000000000035,p0_m0,8,6.394974887492565,6.161247536730727,0.0032449958466761056,3.260145575487829e-07
0.46000000000000035,p0_m1,0,-0.06648448337337744,-0.068975067341548,0.0,3.260145575487829e-07
0.46000000000000035,p0_m2,0,0.07011545639067289,0.07274586386713949,0.0,3.260145575487829e-07
0.46000000000000035,p0_m3,0,-0.0961137300693161,-0.09969793401443652,0.0,3.260145575487829e-07
0.46000000000000035,p1_m0,0,-0.07585110706308322,-0.07925502924271621,0.0,3.260145575487829e-07
0.46000000000000035,p1_m1,0,0.036217248236970985,0.0377726224799003,0.0,3.260145575487829e-07
0.46000000000000035,p1_m2,0,-0.03150883402617702,-0.03291386221822447,0.0,3.260145575487829e-07
0.46000000000000035,p1_m3,0,0.04682518036244835,0.049091847583583925,0.0,3.260145575487829e-07
0.46000000000000035,p2_m0,0,-0.05204642388367417,-0.0538154407234128,0.0,3.260145575487829e-07
0.46000000000000035,p2_m1,0,0.0025652189694097246,0.002127492786440769,0.0,3.260145575487829e-07
0.46000000000000035,p2_m2,0,0.00270551081562975,0.0033133503215689274,0.0,3.260145575487829e-07
0.46000000000000035,p2_m3,0,0.023715663714022284,0.02440302064111541,0.0,3.260145575487829e-07
0.46000000000000035,p3_m0,0,0.05333686247404104,0.055414311962154704,0.0,3.260145575487829e-07
0.46000000000000035,p3_m1,0,-0.006480896582885296,-0.0067027267401633854,0.0,3.260145575487829e-07
0.46000000000000035,p3_m2,0,0.01051141031100495,0.010876423226640196,0.0,3.260145575487829e-07
0.46000000000000035,p3_m3,0,-0.08251267934898308,-0.08561082822325483,0.0,3.260145575487829e-07
0.47000000000000036,p0_m0,8,3.022438789732114,2.6582667983825745,0.014331599575493029,2.462852195165135e-07
0.47000000000000036,p0_m1,0,-0.08927999879624815,-0.0915971752195345,0.0,2.462852195165135e-07
0.47000000000000036,p0_m2,0,0.09416494169415036,0.09661133121608795,0.0,2.462852195165135e-07
0.47000000000000036,p0_m3,0,-0.1294670142002853,-0.13292625438929556,0.0,2.462852195165135e-07
0.47000000000000036,p1_m0,0,-0.10658618414169906,-0.10980628708481738,0.0,2.462852195165135e-07
0.47000000000000036,p1_m1,0,0.050752450964647755,0.052183994341041776,0.0,2.462852195165135e-07
0.47000000000000036,p1_m2,0,-0.045585004218146104,-0.04685302466041939,0.0,2.462852195165135e-07
0.47000000000000036,p1_m3,0,0.06886248228039646,0.07099386307700405,0.0,2.462852195165135e-07
0.47000000000000036,p2_m0,0,-0.06816012049525409,-0.06986992305473683,0.0,2.462852195165135e-07
0.47000000000000036,p2_m1,0,-0.006058300728738782,-0.006003347203433076,0.0,2.462852195165135e-07
0.47000000000000036,p2_m2,0,0.009415410295788788,0.009981587214737781,0.0,2.462852195165135e-07
0.47000000000000036,p2_m3,0,0.030142999504886196,0.03087443191076692,0.0,2.462852195165135e-07
0.47000000000000036,p3_m0,0,0.07243537183979544,0.07437366956537153,0.0,2.462852195165135e-07
0.47000000000000036,p3_m1,0,-0.004818626079764775,-0.00492966069451773,0.0,2.462852195165135e-07
0.47000000000000036,p3_m2,0,0.01463166059696695,0.014702952775430626,0.0,2.462852195165135e-07
0.47000000000000036,p3_m3,0,-0.11054401753287828,-0.11344824270183748,0.0,2.462852195165135e-07
0.48000000000000037,p0_m0,8,1.7211162444093604,1.7108360825852442,0.015,3.794583906535383e-07
0.48000000000000037,p0_m1,0,-0.13344584624603936,-0.1324740565345791,0.0,3.794583906535383e-07
0.48000000000000037,p0_m2,0,0.1407686250103704,0.1397435429589054,0.0,3.794583906535383e-07
0.48000000000000037,p0_m3,0,-0.19451318416031127,-0.19306635556874446,0.0,3.794583906535383e-07
0.48000000000000037,p1_m0,0,-0.16850764982682745,-0.16707365867859575,0.0,3.794583906535383e-07
0.48000000000000037,p1_m1,0,0.07823218449328928,0.0776108166357599,0.0,3.794583906535383e-07
0.48000000000000037,p1_m2,0,-0.06792753922519598,-0.06747974235869014,0.0,3.794583906535383e-07
0.48000000000000037,p1_m3,0,0.10905600654687349,0.10809968094377763,0.0,3.794583906535383e-07
0.48000000000000037,p2_m0,0,-0.10043921047270571,-0.09973564517163637,0.0,3.794583906535383e-07
0.48000000000000037,p2_m1,0,-0.008796739838063413,-0.008674548821445796,0.0,3.794583906535383e-07
0.48000000000000037,p2_m2,0,0.019768501961217367,0.019472411151615125,0.0,3.794583906535383e-07
0.48000000000000037,p2_m3,0,0.043779452397657126,0.043480569324804944,0.0,3.794583906535383e-07
0.48000000000000037,p3_m0,0,0.10927256694378731,0.10845018075089131,0.0,3.794583906535383e-07
0.48000000000000037,p3_m1,0,-0.00803045177469042,-0.008012361553913393,0.0,3.794583906535383e-07
0.48000000000000037,p3_m2,0,0.01657477464502417,0.016575154014054717,0.0,3.794583906535383e-07
0.48000000000000037,p3_m3,0,-0.16569984029240928,-0.16449858065892292,0.0,3.794583906535383e-07
0.4900000000000004,p0_m0,8,7.660917927587259,8.899396105976942,0.006755266781715629,4.6748099817966847e-07
0.4900000000000004,p0_m1,0,-0.12693020639555155,-0.11951576335673372,0.0,4.6748099817966847e-07
0.4900000000000004,p0_m2,0,0.13389640086617133,0.12607163402461521,0.0,4.6748099817966847e-07
0.4900000000000004,p0_m3,0,-0.18386327437996483,-0.17315397914002417,0.0,4.6748099817966847e-07
0.4900000000000004,p1_m0,0,-0.15740227761499098,-0.14746056929138163,0.0,4.6748099817966847e-07
0.4900000000000004,p1_m1,0,0.07377432475720126,0.06918166562194208,0.0,4.6748099817966847e-07
0.4900000000000004,p1_m2,0,-0.0649534206642001,-0.06080480140353796,0.0,4.6748099817966847e-07
0.4900000000000004,p1_m3,0,0.10081036141862688,0.0942640128214773,0.0,4.6748099817966847e-07
0.4900000000000004,p2_m0,0,-0.09603413388697063,-0.09063206864511843,0.0,4.6748099817966847e-07
0.4900000000000004,p2_m1,0,-0.0053219647798358515,-0.004426579691777596,0.0,4.6748099817966847e-07
0.4900000000000004,p2_m2,0,0.015961671993931413,0.014400818659129448,0.0,4.6748099817966847e-07
0.4900000000000004,p2_m3,0,0.04208578622885041,0.039839598156423094,0.0,4.6748099817966847e-07
0.4900000000000004,p3_m0,0,0.10369810358090448,0.0975238015505108,0.0,4.6748099817966847e-07
0.4900000000000004,p3_m1,0,-0.009442623665612875,-0.008997115458051364,0.0,4.6748099817966847e-07
0.4900000000000004,p3_m2,0,0.01712668223761428,0.016270671632397857,0.0,4.6748099817966847e-07
0.4900000000000004,p3_m3,0,-0.15781644833854322,-0.1485649919796776,0.0,4.6748099817966847e-07
0.5000000000000003,p0_m0,8,5.030510628666539,4.578190394446672,0.007651328873247705,2.7372955617938245e-07
0.5000000000000003,p0_m1,0,-0.06359283831158004,-0.06687883976310013,0.0,2.7372955617938245e-07
0.5000000000000003,p0_m2,0,0.06708282001377779,0.07055042707007349,0.0,2.7372955617938245e-07
0.5000000000000003,p0_m3,0,-0.09170024903248482,-0.09642967581570905,0.0,2.7372955617938245e-07
0.5000000000000003,p1_m0,0,-0.07205503187887087,-0.0764668818300378,0.0,2.7372955617938245e-07
0.5000000000000003,p1_m1,0,0.03441826912591398,0.0364613156196694,0.0,2.7372955617938245e-07
0.5000000000000003,p1_m2,0,-0.03011843680421049,-0.03197145650720513,0.0,2.7372955617938245e-07
0.5000000000000003,p1_m3,0,0.04433969593096157,0.04728075052865373,0.0,2.7372955617938245e-07
0.5000000000000003,p2_m0,0,-0.04966455714918261,-0.05202587540013107,0.0,2.7372955617938245e-07
0.5000000000000003,p2_m1,0,0.0017662469096989993,0.0009662481375109059,0.0,2.7372955617938245e-07
0.5000000000000003,p2_m2,0,0.002302645144400283,0.0030477496316804026,0.0,2.7372955617938245e-07
0.5000000000000003,p2_m3,0,0.02237599794994281,0.023329639430700877,0.0,2.7372955617938245e-07
0.5000000000000003,p3_m0,0,0.050911773780198566,0.053645733289517765,0.0,2.7372955617938245e-07
0.5000000000000003,p3_m1,0,-0.007185550744299766,-0.007472828257520422,0.0,2.7372955617938245e-07
0.5000000000000003,p3_m2,0,0.010964837964482912,0.01143796383778565,0.0,2.7372955617938245e-07
0.5000000000000003,p3_m3,0,-0.0789006937486715,-0.0829801980883476,0.0,2.7372955617938245e-07
0.5100000000000003,p0_m0,8,2.4579471419110948,2.26382747669089,0.015,2.755139189958523e-07
0.5100000000000003,p0_m1,0,-0.1077602647647184,-0.10876536873742658,0.0,2.755139189958523e-07
0.5100000000000003,p0_m2,0,0.11366711920893247,0.11472784892559487,0.0,2.755139189958523e-07
0.5100000000000003,p0_m3,0,-0.15682482612062432,-0.15829250064267797,0.0,2.755139189958523e-07
0.5100000000000003,p1_m0,0,-0.1328305299699527,-0.1343818396566364,0.0,2.755139189958523e-07
0.5100000000000003,p1_m1,0,0.06233916171247658,0.06295486609055274,0.0,2.755139189958523e-07
0.5100000000000003,p1_m2,0,-0.0548048106143256,-0.05505373445157518,0.0,2.755139189958523e-07
0.5100000000000003,p1_m3,0,0.08610775167468884,0.08697338893667476,0.0,2.755139189958523e-07
0.5100000000000003,p2_m0,0,-0.08163213368635068,-0.08238059581243103,0.0,2.755139189958523e-07
0.5100000000000003,p2_m1,0,-0.00754208491309231,-0.007304934081556992,0.0,2.755139189958523e-07
0.5100000000000003,p2_m2,0,0.014147247003880552,0.014334344132620323,0.0,2.755139189958523e-07
0.5100000000000003,p2_m3,0,0.035841366606267855,0.03616553064974764,0.0,2.755139189958523e-07
0.5100000000000003,p3_m0,0,0.08791437505478755,0.08875214676679262,0.0,2.755139189958523e-07
0.5100000000000003,p3_m1,0,-0.005717917327194812,-0.006082366165904911,0.0,2.755139189958523e-07
0.5100000000000003,p3_m2,0,0.015286512930927924,0.015131983152625216,0.0,2.755139189958523e-07
0.5100000000000003,p3_m3,0,-0.1335652215376862,-0.13483415871603238,0.0,2.755139189958523e-07
0.5200000000000004,p0_m0,8,1.5726027166093335,1.5732251050081019,0.015,4.164270032777839e-07
0.5200000000000004,p0_m1,0,-0.13902496969922964,-0.13821537996762545,0.0,4.164270032777839e-07
0.5200000000000004,p0_m2,0,0.14666058922042788,0.14580639227363323,0.0,4.164270032777839e-07
0.5200000000000004,p0_m3,0,-0.20260307245604312,-0.2014044885946067,0.0,4.164270032777839e-07
0.5200000000000004,p1_m0,0,-0.17580182656843055,-0.17462250677390695,0.0,4.164270032777839e-07
0.5200000000000004,p1_m1,0,0.08161204142775141,0.08109670114817873,0.0,4.164270032777839e-07
0.5200000000000004,p1_m2,0,-0.07130727648761977,-0.07085983597024653,0.0,4.164270032777839e-07
0.5200000000000004,p1_m3,0,0.11370072399244545,0.11292244473693143,0.0,4.164270032777839e-07
0.5200000000000004,p2_m0,0,-0.10454800633311147,-0.10396243927388331,0.0,4.164270032777839e-07
0.5200000000000004,p2_m1,0,-0.008950186810376601,-0.008865737584073267,0.0,4.164270032777839e-07
0.5200000000000004,p2_m2,0,0.02067528081850967,0.02044550764412098,0.0,4.164270032777839e-07
0.5200000000000004,p2_m3,0,0.04550400748602961,0.04525762044538416,0.0,4.164270032777839e-07
0.5200000000000004,p3_m0,0,0.11385729526307967,0.11317507953062309,0.0,4.164270032777839e-07
0.5200000000000004,p3_m1,0,-0.008615775160689641,-0.008577277946234071,0.0,4.164270032777839e-07
0.5200000000000004,p3_m2,0,0.017183412841192198,0.017169780991246553,0.0,4.164270032777839e-07
0.5200000000000004,p3_m3,0,-0.1727275775785947,-0.1717218033568501,0.0,4.164270032777839e-07
0.5300000000000004,p0_m0,8,8.015583287606816,8.611055652620731,-3.6558020285900385e-05,4.2215577707886353e-07
0.5300000000000004,p0_m1,0,-0.09293365892427008,-0.09015761923671181,0.0,4.2215577707886353e-07
0.5300000000000004,p0_m2,0,0.09802215597808789,0.09509276952556556,0.0,4.2215577707886353e-07
0.5300000000000004,p0_m3,0,-0.13452149654695808,-0.13061355359099908,0.0,4.2215577707886353e-07
0.5300000000000004,p1_m0,0,-0.11134219585533307,-0.10776639939966844,0.0,4.2215577707886353e-07
0.5300000000000004,p1_m1,0,0.052633291906129004,0.05092866845509007,0.0,4.2215577707886353e-07
0.5300000000000004,p1_m2,0,-0.04610424912081401,-0.04453810126653245,0.0,4.2215577707886353e-07
0.5300000000000004,p1_m3,0,0.07029179486907598,0.06797599647372254,0.0,4.2215577707886353e-07
0.5300000000000004,p2_m0,0,-0.07135604147793785,-0.0693229705069772,0.0,4.2215577707886353e-07
0.5300000000000004,p2_m1,0,-0.0006418764767673309,-0.0004242989090613943,0.0,4.2215577707886353e-07
0.5300000000000004,p2_m2,0,0.008335895438972334,0.007881096017066627,0.0,4.2215577707886353e-07
0.5300000000000004,p2_m3,0,0.0318601560201913,0.031009539545397435,0.0,4.2215577707886353e-07
0.5300000000000004,p3_m0,0,0.07535096690721792,0.07304100293102295,0.0,4.2215577707886353e-07
0.5300000000000004,p3_m1,0,-0.007691344126393419,-0.00741114655606294,0.0,4.2215577707886353e-07
0.5300000000000004,p3_m2,0,0.013344620714798538,0.012910833586625557,0.0,4.2215577707886353e-07
0.5300000000000004,p3_m3,0,-0.11547833053357372,-0.112012564249967,0.0,4.2215577707886353e-07
0.5400000000000004,p0_m0,8,3.9847687308904827,3.522358994615223,0.01110191029053986,2.4638385160471054e-07
0.5400000000000004,p0_m1,0,-0.07013522947077562,-0.07310760847702286,0.0,2.4638385160471054e-07
0.5400000000000004,p0_m2,0,0.07397253564995905,0.07710353617465594,0.0,2.4638385160471054e-07
0.5400000000000004,p0_m3,0,-0.10103723516978386,-0.10538887758445202,0.0,2.4638385160471054e-07
0.5400000000000004,p1_m0,0,-0.08090883976940946,-0.08508854559079755,0.0,2.4638385160471054e-07
0.5400000000000004,p1_m1,0,0.0386747389804295,0.0405677206985771,0.0,2.4638385160471054e-07
0.5400000000000004,p1_m2,0,-0.03429552306283315,-0.03602283915445531,0.0,2.4638385160471054e-07
0.5400000000000004,p1_m3,0,0.050620749884972276,0.053392203701476425,0.0,2.4638385160471054e-07
0.5400000000000004,p2_m0,0,-0.05427265712569045,-0.05645301481706582,0.0,2.4638385160471054e-07
0.5400000000000004,p2_m1,0,-0.001995886336815023,-0.0026321046416683726,0.0,2.4638385160471054e-07
0.5400000000000004,p2_m2,0,0.004148896336154076,0.004890310345339468,0.0,2.4638385160471054e-07
0.5400000000000004,p2_m3,0,0.024266142848364234,0.025230109088801453,0.0,2.4638385160471054e-07
0.5400000000000004,p3_m0,0,0.05640672010774593,0.05889799599585838,0.0,2.4638385160471054e-07
0.5400000000000004,p3_m1,0,-0.0069852020736751,-0.006687783610041766,0.0,2.4638385160471054e-07
0.5400000000000004,p3_m2,0,0.012332255225546363,0.012630187413415749,0.0,2.4638385160471054e-07
0.5400000000000004,p3_m3,0,-0.08686395670842653,-0.09052992074521896,0.0,2.4638385160471054e-07
0.5500000000000004,p0_m0,8,2.0429065790838363,1.9773285604242288,0.015,3.203691664402236e-07
0.5500000000000004,p0_m1,0,-0.12181559232732347,-0.12125517095503673,0.0,3.203691664402236e-07
0.5500000000000004,p0_m2,0,0.12850108117693454,0.1279100638058006,0.0,3.203691664402236e-07
0.5500000000000004,p0_m3,0,-0.1775066801490175,-0.1766541060033585,0.0,3.203691664402236e-07
0.5500000000000004,p1_m0,0,-0.15269250089167877,-0.1518804887261011,0.0,3.203691664402236e-07
0.5500000000000004,p1_m1,0,0.07109888632121149,0.07073179530760638,0.0,3.203691664402236e-07
0.5500000000000004,p1_m2,0,-0.061604079716337884,-0.061296083515882,0.0,3.203691664402236e-07
0.5500000000000004,p1_m3,0,0.09891146125898312,0.09830846345432505,0.0,3.203691664402236e-07
0.5500000000000004,p2_m0,0,-0.09190128825693264,-0.09150086735252853,0.0,3.203691664402236e-07
0.5500000000000004,p2_m1,0,-0.008306016204285898,-0.0081121880636995,0.0,3.203691664402236e-07
0.5500000000000004,p2_m2,0,0.01745176770723405,0.017232012394036204,0.0,3.203691664402236e-07
0.5500000000000004,p2_m3,0,0.040185780251839644,0.04001572641658727,0.0,3.203691664402236e-07
0.5500000000000004,p3_m0,0,0.0996490609052875,0.0991698522681425,0.0,3.203691664402236e-07
0.5500000000000004,p3_m1,0,-0.006926925851205844,-0.007051239155323053,0.0,3.203691664402236e-07
0.5500000000000004,p3_m2,0,0.015750457087866473,0.015710197038998418,0.0,3.203691664402236e-07
0.5500000000000004,p3_m3,0,-0.1511140101141601,-0.15043248765175044,0.0,3.203691664402236e-07
0.5600000000000004,p0_m0,8,1.470134508808557,1.4735424634238068,0.015,4.452808949641798e-07
0.5600000000000004,p0_m1,0,-0.14300052792579537,-0.14239341860924012,0.0,4.452808949641798e-07
0.5600000000000004,p0_m2,0,0.1508600363212739,0.15021932342714348,0.0,4.452808949641798e-07
0.5600000000000004,p0_m3,0,-0.20834295675657571,-0.20744899952032403,0.0,4.452808949641798e-07
0.5600000000000004,p1_m0,0,-0.18081363643461926,-0.17994435490829988,0.0,4.452808949641798e-07
0.5600000000000004,p1_m1,0,0.08397184841026044,0.08358687888127532,0.0,4.452808949641798e-07
0.5600000000000004,p1_m2,0,-0.07358697917127074,-0.07325828729872189,0.0,4.452808949641798e-07
0.5600000000000004,p1_m3,0,0.11685720042075831,0.11628650883747786,0.0,4.452808949641798e-07
0.5600000000000004,p2_m0,0,-0.10750755537772373,-0.10706905968998962,0.0,4.452808949641798e-07
0.5600000000000004,p2_m1,0,-0.008964105701693087,-0.00890750774804221,0.0,4.452808949641798e-07
0.5600000000000004,p2_m2,0,0.02117672916058739,0.02101633141532688,0.0,4.452808949641798e-07
0.5600000000000004,p2_m3,0,0.046760466687776774,0.046577770769341977,0.0,4.452808949641798e-07
0.5600000000000004,p3_m0,0,0.11710057967769805,0.11659115305089102,0.0,4.452808949641798e-07
0.5600000000000004,p3_m1,0,-0.009056576669893648,-0.009017231260811578,0.0,4.452808949641798e-07
0.5600000000000004,p3_m2,0,0.01768190954762596,0.0176564045531029,0.0,4.452808949641798e-07
0.5600000000000004,p3_m3,0,-0.17774066948546835,-0.17698289612056584,0.0,4.452808949641798e-07
0.5700000000000004,p0_m0,8,6.9183318796097435,6.843613917807197,0.0016539620018547608,3.492588697048278e-07
0.5700000000000004,p0_m1,0,-0.0702922579005726,-0.07191444866023011,0.0,3.492588697048278e-07
0.5700000000000004,p0_m2,0,0.07413444618701276,0.07584893358197282,0.0,3.492588697048278e-07
0.5700000000000004,p0_m3,0,-0.10168663719590779,-0.10403077123619632,0.0,3.492588697048278e-07
0.5700000000000004,p1_m0,0,-0.08098736450011247,-0.08323726570675878,0.0,3.492588697048278e-07
0.5700000000000004,p1_m1,0,0.03860233408414527,0.039614824711308345,0.0,3.492588697048278e-07
0.5700000000000004,p1_m2,0,-0.033594694074183945,-0.03450202970063834,0.0,3.492588697048278e-07
0.5700000000000004,p1_m3,0,0.05023140270201989,0.05172937079890811,0.0,3.492588697048278e-07
0.5700000000000004,p2_m0,0,-0.054852454068445,-0.05599784409710644,0.0,3.492588697048278e-07
0.5700000000000004,p2_m1,0,0.0021552388472268653,0.0018436257767866756,0.0,3.492588697048278e-07
0.5700000000000004,p2_m2,0,0.0035239549910892937,0.003943999421417701,0.0,3.492588697048278e-07
0.5700000000000004,p2_m3,0,0.024946133661601252,0.025379468196747672,0.0,3.492588697048278e-07
0.5700000000000004,p3_m0,0,0.056515056124676895,0.05787154785128572,0.0,3.492588697048278e-07
0.5700000000000004,p3_m1,0,-0.006517781149893473,-0.006658621440852813,0.0,3.492588697048278e-07
0.5700000000000004,p3_m2,0,0.010795633523282574,0.011031995120735574,0.0,3.492588697048278e-07
0.5700000000000004,p3_m3,0,-0.08726500152822021,-0.08928638689876578,0.0,3.492588697048278e-07
0.5800000000000004,p0_m0,8,3.222799487323229,2.8295217495482636,0.013654213036201072,2.4254972300480163e-07
0.5800000000000004,p0_m1,0,-0.08356019163686541,-0.08602288397892466,0.0,2.4254972300480163e-07
0.5800000000000004,p0_m2,0,0.08813353965856274,0.09073357825812702,0.0,2.4254972300480163e-07
0.5800000000000004,p0_m3,0,-0.12094607787799833,-0.12463427176344292,0.0,2.4254972300480163e-07
0.5800000000000004,p1_m0,0,-0.09880961286440196,-0.10207104643358435,0.0,2.4254972300480163e-07
0.5800000000000004,p1_m1,0,0.047184342019283405,0.04871299717015896,0.0,2.4254972300480163e-07
0.5800000000000004,p1_m2,0,-0.04230001055823318,-0.043684650811185166,0.0,2.4254972300480163e-07
0.5800000000000004,p1_m3,0,0.06348189269557467,0.0657761864733771,0.0,2.4254972300480163e-07
0.5800000000000004,p2_m0,0,-0.06398245757915931,-0.06579525995542393,0.0,2.4254972300480163e-07
0.5800000000000004,p2_m1,0,-0.00529274501215393,-0.005376565372226626,0.0,2.4254972300480163e-07
0.5800000000000004,p2_m2,0,0.007906272984930941,0.008535422338416764,0.0,2.4254972300480163e-07
0.5800000000000004,p2_m3,0,0.028371299367634252,0.029149871284735833,0.0,2.4254972300480163e-07
0.5800000000000004,p3_m0,0,0.0676536451365638,0.06971295874393961,0.0,2.4254972300480163e-07
0.5800000000000004,p3_m1,0,-0.0050566931142859645,-0.004909741236542132,0.0,2.4254972300480163e-07
0.5800000000000004,p3_m2,0,0.014129756432121547,0.014345105744894848,0.0,2.4254972300480163e-07
0.5800000000000004,p3_m3,0,-0.10344120754513288,-0.1065170009808562,0.0,2.4254972300480163e-07
0.5900000000000004,p0_m0,8,1.785279505777242,1.767165586335317,0.015,3.6576854645444164e-07
0.5900000000000004,p0_m1,0,-0.1311011144384044,-0.13012355591323302,0.0,3.6576854645444164e-07
0.5900000000000004,p0_m2,0,0.1383039408266266,0.13727272325744905,0.0,3.6576854645444164e-07
0.5900000000000004,p0_m3,0,-0.19108363796285135,-0.1896244528074149,0.0,3.6576854645444164e-07
0.5900000000000004,p1_m0,0,-0.16539979393550172,-0.16395277037178796,0.0,3.6576854645444164e-07
0.5900000000000004,p1_m1,0,0.0768220769846021,0.07619603533987164,0.0,3.6576854645444164e-07
0.5900000000000004,p1_m2,0,-0.06650530492883719,-0.06625900580052776,0.0,3.6576854645444164e-07
0.5900000000000004,p1_m3,0,0.10706849087814015,0.10609775321815652,0.0,3.6576854645444164e-07
0.5900000000000004,p2_m0,0,-0.09870379608297462,-0.097995884666193,0.0,3.6576854645444164e-07
0.5900000000000004,p2_m1,0,-0.008718454607495874,-0.00858347059730452,0.0,3.6576854645444164e-07
0.5900000000000004,p2_m2,0,0.019356532654943675,0.019050564846854103,0.0,3.6576854645444164e-07
0.5900000000000004,p2_m3,0,0.043050855843138475,0.04274907937723431,0.0,3.6576854645444164e-07
0.5900000000000004,p3_m0,0,0.10735153950846996,0.10652291049530913,0.0,3.6576854645444164e-07
0.5900000000000004,p3_m1,0,-0.007807142422163715,-0.007804864496958912,0.0,3.6576854645444164e-07
0.5900000000000004,p3_m2,0,0.016369714318529245,0.0163727118458358,0.0,3.6576854645444164e-07
0.5900000000000004,p3_m3,0,-0.16275310544974272,-0.16154699814188245,0.0,3.6576854645444164e-07
0.6000000000000004,p0_m0,8,5.748226291446203,7.176872303536941,0.015,4.6976154692630225e-07
0.6000000000000004,p0_m1,0,-0.13797009845036626,-0.1314705012115728,0.0,4.6976154692630225e-07
0.6000000000000004,p0_m2,0,0.14555764757596204,0.13869803827300933,0.0,4.6976154692630225e-07
0.6000000000000004,p0_m3,0,-0.20001224789027633,-0.1905217437490133,0.0,4.6976154692630225e-07
0.6000000000000004,p1_m0,0,-0.17255015319041964,-0.16373833149045272,0.0,4.6976154692630225e-07
0.6000000000000004,p1_m1,0,0.0806797443403535,0.0766460492062828,0.0,4.6976154692630225e-07
0.6000000000000004,p1_m2,0,-0.07107549800396357,-0.06746857631562099,0.0,4.6976154692630225e-07
0.6000000000000004,p1_m3,0,0.1109043917184487,0.10507041588851618,0.0,4.6976154692630225e-07
0.6000000000000004,p2_m0,0,-0.10402295035968412,-0.09929628114564783,0.0,4.6976154692630225e-07
0.6000000000000004,p2_m1,0,-0.006989254944820885,-0.006141124259199661,0.0,4.6976154692630225e-07
0.6000000000000004,p2_m2,0,0.018615935664992908,0.017153389896721716,0.0,4.6976154692630225e-07
0.6000000000000004,p2_m3,0,0.04538922644014433,0.04342869835121675,0.0,4.6976154692630225e-07
0.6000000000000004,p3_m0,0,0.11291252662026484,0.10751136394539758,0.0,4.6976154692630225e-07
0.6000000000000004,p3_m1,0,-0.009881387137820512,-0.009561533584968534,0.0,4.6976154692630225e-07
0.6000000000000004,p3_m2,0,0.018221269701347315,0.0175608547631586,0.0,4.6976154692630225e-07
0.6000000000000004,p3_m3,0,-0.17156732058490765,-0.16345241582388398,0.0,4.6976154692630225e-07
0.6100000000000004,p0_m0,8,5.449555198488714,5.037532676448151,0.006285968583858417,2.8853306918187493e-07
0.6100000000000004,p0_m1,0,-0.06333376434212812,-0.06656522360570695,0.0,2.8853306918187493e-07
0.6100000000000004,p0_m2,0,0.06680881411088525,0.07022130886213887,0.0,2.8853306918187493e-07
0.6100000000000004,p0_m3,0,-0.09140747835436948,-0.09607252422810411,0.0,2.8853306918187493e-07
0.6100000000000004,p1_m0,0,-0.07172016886908843,-0.0760891951306325,0.0,2.8853306918187493e-07
0.6100000000000004,p1_m1,0,0.0342673924329107,0.03626705060164106,0.0,2.8853306918187493e-07
0.6100000000000004,p1_m2,0,-0.02989578741322893,-0.03170593267324624,0.0,2.8853306918187493e-07
0.6100000000000004,p1_m3,0,0.04409904444758613,0.04700118176752137,0.0,2.8853306918187493e-07
0.6100000000000004,p2_m0,0,-0.0495571966842175,-0.051864803684829826,0.0,2.8853306918187493e-07
0.6100000000000004,p2_m1,0,0.002426489431796997,0.001779880506994368,0.0,2.8853306918187493e-07
0.6100000000000004,p2_m2,0,0.002194833105674184,0.002949301331230925,0.0,2.8853306918187493e-07
0.6100000000000004,p2_m3,0,0.02243426672945227,0.023340281327904007,0.0,2.8853306918187493e-07
0.6100000000000004,p3_m0,0,0.05070771600301361,0.0533929320660511,0.0,2.8853306918187493e-07
0.6100000000000004,p3_m1,0,-0.006853692117088714,-0.007137088556782802,0.0,2.8853306918187493e-07
0.6100000000000004,p3_m2,0,0.010649211245414403,0.0111173935811323,0.0,2.8853306918187493e-07
0.6100000000000004,p3_m3,0,-0.07859511785040962,-0.08261501696050577,0.0,2.8853306918187493e-07
0.6200000000000004,p0_m0,8,2.6450438867581765,2.3807833848490683,0.015,2.6324490789314297e-07
0.6200000000000004,p0_m1,0,-0.10185187311816282,-0.10352755708159053,0.0,2.6324490789314297e-07
0.6200000000000004,p0_m2,0,0.10743927145676921,0.10920807733806041,0.0,2.6324490789314297e-07
0.6200000000000004,p0_m3,0,-0.1480888548413883,-0.1505591059218218,0.0,2.6324490789314297e-07
0.6200000000000004,p1_m0,0,-0.12440782596647619,-0.12692517731473582,0.0,2.6324490789314297e-07
0.6200000000000004,p1_m1,0,0.05865128926301322,0.05968621701116981,0.0,2.6324490789314297e-07
0.6200000000000004,p1_m2,0,-0.05200927076783998,-0.05259283012583832,0.0,2.6324490789314297e-07
0.6200000000000004,p1_m3,0,0.08063891622709661,0.08213832583465516,0.0,2.6324490789314297e-07
0.6200000000000004,p2_m0,0,-0.07731437397790872,-0.07855469120374828,0.0,2.6324490789314297e-07
0.6200000000000004,p2_m1,0,-0.007168117327157562,-0.006945594394977018,0.0,2.6324490789314297e-07
0.6200000000000004,p2_m2,0,0.012678479491356243,0.013045260550459785,0.0,2.6324490789314297e-07
0.6200000000000004,p2_m3,0,0.034012482812188445,0.03454693780028457,0.0,2.6324490789314297e-07
0.6200000000000004,p3_m0,0,0.08297727222256077,0.0843784177957904,0.0,2.6324490789314297e-07
0.6200000000000004,p3_m1,0,-0.005294156206555027,-0.0056952571299396055,0.0,2.6324490789314297e-07
0.6200000000000004,p3_m2,0,0.015154705789912477,0.014998125697402383,0.0,2.6324490789314297e-07
0.6200000000000004,p3_m3,0,-0.1262024061863174,-0.1283077514970241,0.0,2.6324490789314297e-07
0.6300000000000004,p0_m0,8,1.6158100514859435,1.6141871362974445,0.015,4.0527813811433665e-07
0.6300000000000004,p0_m1,0,-0.13739588354319765,-0.13651982152063946,0.0,4.0527813811433665e-07
0.6300000000000004,p0_m2,0,0.14495157773681422,0.14402722349716385,0.0,4.0527813811433665e-07
0.6300000000000004,p0_m3,0,-0.20023327209304373,-0.19893430447303262,0.0,4.0527813811433665e-07
0.6300000000000004,p1_m0,0,-0.17370395824925394,-0.1724218572972748,0.0,4.0527813811433665e-07
0.6300000000000004,p1_m1,0,0.08064638731133074,0.08008781355535195,0.0,4.0527813811433665e-07
0.6300000000000004,p1_m2,0,-0.07040162087213626,-0.06993891233852886,0.0,4.0527813811433665e-07
0.6300000000000004,p1_m3,0,0.1123703223762609,0.11152203909756833,0.0,4.0527813811433665e-07
0.6300000000000004,p2_m0,0,-0.10333746731578566,-0.10270344207171093,0.0,4.0527813811433665e-07
0.6300000000000004,p2_m1,0,-0.008914907805131577,-0.00881948876587542,0.0,4.0527813811433665e-07
0.6300000000000004,p2_m2,0,0.02043645939525583,0.020182312476379926,0.0,4.0527813811433665e-07
0.6300000000000004,p2_m3,0,0.045000116358365885,0.044732137230285476,0.0,4.0527813811433665e-07
0.6300000000000004,p3_m0,0,0.11253403044157154,0.11179458691021249,0.0,4.0527813811433665e-07
0.6300000000000004,p3_m1,0,-0.008442269677327576,-0.008407016104537899,0.0,4.0527813811433665e-07
0.6300000000000004,p3_m2,0,0.016994159172315473,0.016985811056735526,0.0,4.0527813811433665e-07
0.6300000000000004,p3_m3,0,-0.17067083316246112,-0.16958438049252283,0.0,4.0527813811433665e-07
0.6400000000000005,p0_m0,8,8.012185930967028,8.801657242649503,0.0001639416335457602,4.425208327418413e-07
0.6400000000000005,p0_m1,0,-0.10352385647355675,-0.09903815226672896,0.0,4.425208327418413e-07
0.6400000000000005,p0_m2,0,0.10920597300601494,0.10447165436243112,0.0,4.425208327418413e-07
0.6400000000000005,p0_m3,0,-0.1498365037783085,-0.14344813379325286,0.0,4.425208327418413e-07
0.6400000000000005,p1_m0,0,-0.12561143429414667,-0.11970582612435562,0.0,4.425208327418413e-07
0.6400000000000005,p1_m1,0,0.05922074517491396,0.056452585871829754,0.0,4.425208327418413e-07
0.6400000000000005,p1_m2,0,-0.052002144542398474,-0.049472794479855094,0.0,4.425208327418413e-07
0.6400000000000005,p1_m3,0,0.07972737131709785,0.07587030372091723,0.0,4.425208327418413e-07
0.6400000000000005,p2_m0,0,-0.07904245811520524,-0.0757663606075596,0.0,4.425208327418413e-07
0.6400000000000005,p2_m1,0,-0.0020332865333501844,-0.0015767311842438364,0.0,4.425208327418413e-07
0.6400000000000005,p2_m2,0,0.010644912250901932,0.009799437449727126,0.0,4.425208327418413e-07
0.6400000000000005,p2_m3,0,0.035050608546129985,0.033683217209123976,0.0,4.425208327418413e-07
0.6400000000000005,p3_m0,0,0.0841856817517628,0.08044608574514402,0.0,4.425208327418413e-07
0.6400000000000005,p3_m1,0,-0.008301980678889594,-0.007948342526500195,0.0,4.425208327418413e-07
0.6400000000000005,p3_m2,0,0.01458805287419001,0.01398335723314555,0.0,4.425208327418413e-07
0.6400000000000005,p3_m3,0,-0.12866848254023971,-0.1230746930743979,0.0,4.425208327418413e-07
0.6500000000000005,p0_m0,8,4.299364025693288,3.827006841544871,0.010057777919004416,2.530614789480945e-07
0.6500000000000005,p0_m1,0,-0.06709907014305183,-0.07023042920587932,0.0,2.530614789480945e-07
0.6500000000000005,p0_m2,0,0.07077867192711329,0.0740774821144028,0.0,2.530614789480945e-07
0.6500000000000005,p0_m3,0,-0.09663069759370575,-0.10117232083362354,0.0,2.530614789480945e-07
0.6500000000000005,p1_m0,0,-0.07679178663606889,-0.08101533093324619,0.0,2.530614789480945e-07
0.6500000000000005,p1_m1,0,0.036707108073978804,0.03869491968688324,0.0,2.530614789480945e-07
0.6500000000000005,p1_m2,0,-0.03240551926444476,-0.034220437793678275,0.0,2.530614789480945e-07
0.6500000000000005,p1_m3,0,0.04768983684125092,0.05057035516323499,0.0,2.530614789480945e-07
0.6500000000000005,p2_m0,0,-0.05209502227504006,-0.05438039875097151,0.0,2.530614789480945e-07
0.6500000000000005,p2_m1,0,-0.0006881422153337524,-0.0015247032424646537,0.0,2.530614789480945e-07
0.6500000000000005,p2_m2,0,0.003292281605900352,0.004042201830565618,0.0,2.530614789480945e-07
0.6500000000000005,p2_m3,0,0.023331653401191883,0.024327863250586064,0.0,2.530614789480945e-07
0.6500000000000005,p3_m0,0,0.05385768669465953,0.05647865360773495,0.0,2.530614789480945e-07
0.6500000000000005,p3_m1,0,-0.0073568314715367605,-0.007261447524815027,0.0,2.530614789480945e-07
0.6500000000000005,p3_m2,0,0.011838732590269296,0.0121979552485536,0.0,2.530614789480945e-07
0.6500000000000005,p3_m3,0,-0.08315940857097,-0.08702153734661344,0.0,2.530614789480945e-07
0.6600000000000005,p0_m0,8,2.159180234920218,2.0632027561210364,0.015,3.050068735514968e-07
0.6600000000000005,p0_m1,0,-0.11776358965877884,-0.11758207819854047,0.0,3.050068735514968e-07
0.6600000000000005,p0_m2,0,0.1242332675404258,0.12404197022391833,0.0,3.050068735514968e-07
0.6600000000000005,p0_m3,0,-0.1715508457829004,-0.17125695186142417,0.0,3.050068735514968e-07
0.6600000000000005,p1_m0,0,-0.14702266287157095,-0.14678805617769794,0.0,3.050068735514968e-07
0.6600000000000005,p1_m1,0,0.06859060406413277,0.0684615110135689,0.0,3.050068735514968e-07
0.6600000000000005,p1_m2,0,-0.0595927177387593,-0.059403844877206416,0.0,3.050068735514968e-07
0.6600000000000005,p1_m3,0,0.09526171764734458,0.09501123940091454,0.0,3.050068735514968e-07
0.6600000000000005,p2_m0,0,-0.08893623475000334,-0.08881396218296828,0.0,3.050068735514968e-07
0.6600000000000005,p2_m1,0,-0.008094901933157388,-0.007881177943246699,0.0,3.050068735514968e-07
0.6600000000000005,p2_m2,0,0.016537989119999638,0.016413863299508155,0.0,3.050068735514968e-07
0.6600000000000005,p2_m3,0,0.038939465934735164,0.03888936543591916,0.0,3.050068735514968e-07
0.6600000000000005,p3_m0,0,0.0962816821142085,0.09612134559922181,0.0,3.050068735514968e-07
0.6600000000000005,p3_m1,0,-0.006559103531063407,-0.0067570584614514454,0.0,3.050068735514968e-07
0.6600000000000005,p3_m2,0,0.015572681229806672,0.015497445454417755,0.0,3.050068735514968e-07
0.6600000000000005,p3_m3,0,-0.14604519105038488,-0.14583585086326872,0.0,3.050068735514968e-07
0.6700000000000005,p0_m0,8,1.50034912095628,1.503295172238683,0.015,4.36814733713887e-07
0.6700000000000005,p0_m1,0,-0.14183597377223187,-0.14116383891173134,0.0,4.36814733713887e-07
0.6700000000000005,p0_m2,0,0.14964179605555736,0.14893242530996845,0.0,4.36814733713887e-07
0.6700000000000005,p0_m3,0,-0.2066542029847877,-0.20566274363891546,0.0,4.36814733713887e-07
0.6700000000000005,p1_m0,0,-0.17936078253450835,-0.17839281799801007,0.0,4.36814733713887e-07
0.6700000000000005,p1_m1,0,0.08329712931877012,0.08287030695350653,0.0,4.36814733713887e-07
0.6700000000000005,p1_m2,0,-0.07293303158787888,-0.07254873128012564,0.0,4.36814733713887e-07
0.6700000000000005,p1_m3,0,0.1159464802375536,0.11530991991244594,0.0,4.36814733713887e-07
0.6700000000000005,p2_m0,0,-0.10663364079480299,-0.10614802218685794,0.0,4.36814733713887e-07
0.6700000000000005,p2_m1,0,-0.008961003719055251,-0.008896138517112826,0.0,4.36814733713887e-07
0.6700000000000005,p2_m2,0,0.02104435185216005,0.020862359289379833,0.0,4.36814733713887e-07
0.6700000000000005,p2_m3,0,0.046396425835988325,0.04619339633572653,0.0,4.36814733713887e-07
0.6700000000000005,p3_m0,0,0.11616428227588456,0.11559944751032347,0.0,4.36814733713887e-07
0.6700000000000005,p3_m1,0,-0.008922964792385097,-0.008883022867936626,0.0,4.36814733713887e-07
0.6700000000000005,p3_m2,0,0.017526748098069565,0.01750434437531804,0.0,4.36814733713887e-07
0.6700000000000005,p3_m3,0,-0.1762666623251934,-0.17542907562935214,0.0,4.36814733713887e-07
0.6800000000000005,p0_m0,8,7.448678972347517,7.592402033645519,-2.8057110053813616e-05,3.7407121354523936e-07
0.6800000000000005,p0_m1,0,-0.07589595645122865,-0.07622266161364577,0.0,3.7407121354523936e-07
0.6800000000000005,p0_m2,0,0.08004994127087538,0.08039523399588576,0.0,3.7407121354523936e-07
0.6800000000000005,p0_m3,0,-0.10985469855004122,-0.11034876665891473,0.0,3.7407121354523936e-07
0.6800000000000005,p1_m0,0,-0.08850675030040538,-0.0890530797473224,0.0,3.7407121354523936e-07
0.6800000000000005,p1_m1,0,0.042084870700167795,0.04231248215467018,0.0,3.7407121354523936e-07
0.6800000000000005,p1_m2,0,-0.036676013228613254,-0.036869184548346375,0.0,3.7407121354523936e-07
0.6800000000000005,p1_m3,0,0.05521423284038449,0.05560621193285015,0.0,3.7407121354523936e-07
0.6800000000000005,p2_m0,0,-0.058961495732268464,-0.05917726466900619,0.0,3.7407121354523936e-07
0.6800000000000005,p2_m1,0,0.0014948888143144416,0.0013390278276936187,0.0,3.7407121354523936e-07
0.6800000000000005,p2_m2,0,0.004719518731183565,0.004887825610584169,0.0,3.7407121354523936e-07
0.6800000000000005,p2_m3,0,0.026710675602477363,0.026785308987953428,0.0,3.7407121354523936e-07
0.6800000000000005,p3_m0,0,0.06118095939223861,0.06146539394048325,0.0,3.7407121354523936e-07
0.6800000000000005,p3_m1,0,-0.0066975591662701076,-0.006692572452545415,0.0,3.7407121354523936e-07
0.6800000000000005,p3_m2,0,0.011321490354298084,0.011338234424691571,0.0,3.7407121354523936e-07
0.6800000000000005,p3_m3,0,-0.09423934653281098,-0.0946390662201329,0.0,3.7407121354523936e-07
0.6900000000000005,p0_m0,8,3.448599985223536,3.0281256948690882,0.012894339792185855,2.412278494134569e-07
0.6900000000000005,p0_m1,0,-0.0784484460456202,-0.08109444022468351,0.0,2.412278494134569e-07
0.6900000000000005,p0_m2,0,0.0827429610944705,0.08553616828315563,0.0,2.412278494134569e-07
0.6900000000000005,p0_m3,0,-0.1133334345293017,-0.11728495041752239,0.0,2.412278494134569e-07
0.6900000000000005,p1_m0,0,-0.09199639197009016,-0.09540835116763803,0.0,2.412278494134569e-07
0.6900000000000005,p1_m1,0,0.043966031777771794,0.04561535168258513,0.0,2.412278494134569e-07
0.6900000000000005,p1_m2,0,-0.0392899000542074,-0.040786991108177906,0.0,2.412278494134569e-07
0.6900000000000005,p1_m3,0,0.0586058784514312,0.06107780100082815,0.0,2.412278494134569e-07
0.6900000000000005,p2_m0,0,-0.06027285619113968,-0.06221501768426006,0.0,2.412278494134569e-07
0.6900000000000005,p2_m1,0,-0.004333375972139204,-0.004575707528639907,0.0,2.412278494134569e-07
0.6900000000000005,p2_m2,0,0.006492662508148193,0.007174615287412065,0.0,2.412278494134569e-07
0.6900000000000005,p2_m3,0,0.026806749224872355,0.027641897520254928,0.0,2.412278494134569e-07
0.6900000000000005,p3_m0,0,0.06337532411917556,0.06558595613969487,0.0,2.412278494134569e-07
0.6900000000000005,p3_m1,0,-0.005594663924605037,-0.00523116879749674,0.0,2.412278494134569e-07
0.6900000000000005,p3_m2,0,0.013484546046356115,0.013733002555894096,0.0,2.412278494134569e-07
0.6900000000000005,p3_m3,0,-0.09710549394500824,-0.10039849091817055,0.0,2.412278494134569e-07
0.7000000000000005,p0_m0,8,1.8588406311115149,1.8302931850713144,0.015,3.513174128770385e-07
0.7000000000000005,p0_m1,0,-0.12843202759032357,-0.12750365529117788,0.0,3.513174128770385e-07
0.7000000000000005,p0_m2,0,0.13549617967439126,0.13451678662114971,0.0,3.513174128770385e-07
0.7000000000000005,p0_m3,0,-0.1871820033102455,-0.18579211207592272,0.0,3.513174128770385e-07
0.7000000000000005,p1_m0,0,-0.16179121886165942,-0.16041882749139266,0.0,3.513174128770385e-07
0.7000000000000005,p1_m1,0,0.07519346501664294,0.07459661867173495,0.0,3.513174128770385e-07
0.7000000000000005,p1_m2,0,-0.06503131743669796,-0.06461152177541317,0.0,3.513174128770385e-07
0.7000000000000005,p1_m3,0,0.10475482017229668,0.10382056188479737,0.0,3.513174128770385e-07
0.7000000000000005,p2_m0,0,-0.09674397196660699,-0.09607299672551971,0.0,3.513174128770385e-07
0.7000000000000005,p2_m1,0,-0.008601031664909968,-0.008446197870773029,0.0,3.513174128770385e-07
0.7000000000000005,p2_m2,0,0.018838620951363166,0.018536305202045612,0.0,3.513174128770385e-07
0.7000000000000005,p2_m3,0,0.042234523281058124,0.04194833443176073,0.0,3.513174128770385e-07
0.7000000000000005,p3_m0,0,0.10515322006402096,0.10436505392058844,0.0,3.513174128770385e-07
0.7000000000000005,p3_m1,0,-0.007545644170973848,-0.007572991660648865,0.0,3.513174128770385e-07
0.7000000000000005,p3_m2,0,0.016153166741843947,0.016149406638867644,0.0,3.513174128770385e-07
0.7000000000000005,p3_m3,0,-0.15939809507759614,-0.1582555572072629,0.0,3.513174128770385e-07
0.7100000000000005,p0_m0,8,1.5882028366592336,1.616261950979606,0.015,4.619033631720391e-07
0.7100000000000005,p0_m1,0,-0.14533569702495455,-0.14492376642267882,0.0,4.619033631720391e-07
0.7100000000000005,p0_m2,0,0.1533420860932064,0.1529081936237663,0.0,4.619033631720391e-07
0.7100000000000005,p0_m3,0,-0.21096291305612833,-0.21010235257021084,0.0,4.619033631720391e-07
0.7100000000000005,p1_m0,0,-0.18286168646850237,-0.1819793939188161,0.0,4.619033631720391e-07
0.7100000000000005,p1_m1,0,0.08531187619481927,0.08503593037356864,0.0,4.619033631720391e-07
0.7100000000000005,p1_m2,0,-0.07525003197631223,-0.0750513357164457,0.0,4.619033631720391e-07
0.7100000000000005,p1_m3,0,0.11784868700873258,0.11718004166796415,0.0,4.619033631720391e-07
0.7100000000000005,p2_m0,0,-0.10933087792981672,-0.10906035752308345,0.0,4.619033631720391e-07
0.7100000000000005,p2_m1,0,-0.008276251187121464,-0.008013263803265395,0.0,4.619033631720391e-07
0.7100000000000005,p2_m2,0,0.020594476606275898,0.020197964666447823,0.0,4.619033631720391e-07
0.7100000000000005,p2_m3,0,0.04757747608374716,0.04747503592447927,0.0,4.619033631720391e-07
0.7100000000000005,p3_m0,0,0.11905484102721452,0.11872470928521787,0.0,4.619033631720391e-07
0.7100000000000005,p3_m1,0,-0.010010421089488538,-0.010218679302104256,0.0,4.619033631720391e-07
0.7100000000000005,p3_m2,0,0.018780759311354676,0.0190420250777575,0.0,4.619033631720391e-07
0.7100000000000005,p3_m3,0,-0.1807357329339821,-0.18024035020304002,0.0,4.619033631720391e-07
0.7200000000000005,p0_m0,8,5.904677566827888,5.562369866971201,0.004815087630036759,3.06291278459037e-07
0.7200000000000005,p0_m1,0,-0.06424037853450648,-0.06722463341674616,0.0,3.06291278459037e-07
0.7200000000000005,p0_m2,0,0.06776320598093809,0.07091595039413269,0.0,3.06291278459037e-07
0.7200000000000005,p0_m3,0,-0.09278398932308078,-0.09709860034352029,0.0,3.06291278459037e-07
0.7200000000000005,p1_m0,0,-0.07291027333535433,-0.0769744651158914,0.0,3.06291278459037e-07
0.7200000000000005,p1_m1,0,0.03484593318621986,0.03669323425555975,0.0,3.06291278459037e-07
0.7200000000000005,p1_m2,0,-0.030374245998575314,-0.032045527704787545,0.0,3.06291278459037e-07
0.7200000000000005,p1_m3,0,0.04488365501713098,0.04758167928059328,0.0,3.06291278459037e-07
0.7200000000000005,p2_m0,0,-0.05030792161405851,-0.052428811599531104,0.0,3.06291278459037e-07
0.7200000000000005,p2_m1,0,0.0026641290694944834,0.00215198914576999,0.0,3.06291278459037e-07
0.7200000000000005,p2_m2,0,0.0023195700416586175,0.0030386116266562188,0.0,3.06291278459037e-07
0.7200000000000005,p2_m3,0,0.022871000234760384,0.023689335941935674,0.0,3.06291278459037e-07
0.7200000000000005,p3_m0,0,0.051476177772273084,0.053956688696850205,0.0,3.06291278459037e-07
0.7200000000000005,p3_m1,0,-0.006617165453673352,-0.006876455065032114,0.0,3.06291278459037e-07
0.7200000000000005,p3_m2,0,0.010492888239394671,0.010924010183721317,0.0,3.06291278459037e-07
0.7200000000000005,p3_m3,0,-0.07972593190684708,-0.08344184514255076,0.0,3.06291278459037e-07
0.7300000000000005,p0_m0,8,2.845375831759254,2.5110239002698513,0.014932648021453387,2.5349149464246284e-07
0.7300000000000005,p0_m1,0,-0.095553098526781,-0.0977119301883889,0.0,2.5349149464246284e-07
0.7300000000000005,p0_m2,0,0.10079768777899503,0.10307733104023485,0.0,2.5349149464246284e-07
0.7300000000000005,p0_m3,0,-0.1387607443192684,-0.14196297493780977,0.0,2.5349149464246284e-07
0.7300000000000005,p1_m0,0,-0.11544827804064846,-0.11858859504285513,0.0,2.5349149464246284e-07
0.7300000000000005,p1_m1,0,0.05470919370518132,0.056043747043829986,0.0,2.5349149464246284e-07
0.7300000000000005,p1_m2,0,-0.04893797873766071,-0.04990418244064391,0.0,2.5349149464246284e-07
0.7300000000000005,p1_m3,0,0.07476590819440913,0.0767273550748874,0.0,2.5349149464246284e-07
0.7300000000000005,p2_m0,0,-0.07271864194976485,-0.07431325550770268,0.0,2.5349149464246284e-07
0.7300000000000005,p2_m1,0,-0.0066917516486613,-0.006525113665367774,0.0,2.5349149464246284e-07
0.7300000000000005,p2_m2,0,0.011070850326064944,0.011573623160456162,0.0,2.5349149464246284e-07
0.7300000000000005,p2_m3,0,0.03206817639325061,0.0327525239534952,0.0,2.5349149464246284e-07
0.7300000000000005,p3_m0,0,0.07770763542490579,0.0795144076997497,0.0,2.5349149464246284e-07
0.7300000000000005,p3_m1,0,-0.004951843626585078,-0.005281419741636263,0.0,2.5349149464246284e-07
0.7300000000000005,p3_m2,0,0.014966413768734522,0.01488210484092036,0.0,2.5349149464246284e-07
0.7300000000000005,p3_m3,0,-0.11835686316535228,-0.12106579033359016,0.0,2.5349149464246284e-07
0.7400000000000005,p0_m0,8,1.6655348002690562,1.6603211147545678,0.015,3.931137761474174e-07
0.7400000000000005,p0_m1,0,-0.13556279294232967,-0.13462886446134775,0.0,3.931137761474174e-07
0.7400000000000005,p0_m2,0,0.14302669564456816,0.14204123556705964,0.0,3.931137761474174e-07
0.7400000000000005,p0_m3,0,-0.19756523602349454,-0.19617778800088906,0.0,3.931137761474174e-07
0.7400000000000005,p1_m0,0,-0.17131154716594002,-0.16993833407491127,0.0,3.931137761474174e-07
0.7400000000000005,p1_m1,0,0.07954803716471881,0.0789517593068402,0.0,3.931137761474174e-07
0.7400000000000005,p1_m2,0,-0.06899866236816979,-0.06857938579013101,0.0,3.931137761474174e-07
0.7400000000000005,p1_m3,0,0.11084514155090282,0.10993398739648316,0.0,3.931137761474174e-07
0.7400000000000005,p2_m0,0,-0.10198417409111891,-0.10130801855296809,0.0,3.931137761474174e-07
0.7400000000000005,p2_m1,0,-0.008854251155677693,-0.008747032423465742,0.0,3.931137761474174e-07
0.7400000000000005,p2_m2,0,0.02014004431457923,0.019862762655052255,0.0,3.931137761474174e-07
0.7400000000000005,p2_m3,0,0.044440337843041855,0.04415355207481037,0.0,3.931137761474174e-07
0.7400000000000005,p3_m0,0,0.11103961136067789,0.11025010991050115,0.0,3.931137761474174e-07
0.7400000000000005,p3_m1,0,-0.008252162677605746,-0.008222689937546655,0.0,3.931137761474174e-07
0.7400000000000005,p3_m2,0,0.016788673419545125,0.01678588548095722,0.0,3.931137761474174e-07
0.7400000000000005,p3_m3,0,-0.16835770716255227,-0.16720142051947268,0.0,3.931137761474174e-07
0.7500000000000006,p0_m0,8,7.945362914440741,8.978589763771096,0.001017190125088181,4.583183047067533e-07
0.7500000000000006,p0_m1,0,-0.11505038818116316,-0.10879809813972663,0.0,4.583183047067533e-07
0.7500000000000006,p0_m2,0,0.12138006534319705,0.11478044897313561,0.0,4.583183047067533e-07
0.7500000000000006,p0_m3,0,-0.16655036654449246,-0.15758029719141017,0.0,4.583183047067533e-07
0.7500000000000006,p1_m0,0,-0.14122404643235165,-0.13290187974089224,0.0,4.583183047067533e-07
0.7500000000000006,p1_m1,0,0.06639814077125619,0.06253011448949855,0.0,4.583183047067533e-07
0.7500000000000006,p1_m2,0,-0.05829454083067416,-0.054783901260312864,0.0,4.583183047067533e-07
0.7500000000000006,p1_m3,0,0.09006834065453456,0.08460796348029882,0.0,4.583183047067533e-07
0.7500000000000006,p2_m0,0,-0.08740676563504544,-0.08284696210686548,0.0,4.583183047067533e-07
0.7500000000000006,p2_m1,0,-0.0036074344362001434,-0.002898750945145792,0.0,4.583183047067533e-07
0.7500000000000006,p2_m2,0,0.013225767075558347,0.011966740895644354,0.0,4.583183047067533e-07
0.7500000000000006,p2_m3,0,0.038523526910533575,0.036623295329142366,0.0,4.583183047067533e-07
0.7500000000000006,p3_m0,0,0.09380840151452374,0.08859540397810697,0.0,4.583183047067533e-07
0.7500000000000006,p3_m1,0,-0.008898584000911324,-0.008476782788969578,0.0,4.583183047067533e-07
0.7500000000000006,p3_m2,0,0.015869290811823956,0.01509750234836001,0.0,4.583183047067533e-07
0.7500000000000006,p3_m3,0,-0.14301849421054605,-0.13522209423233136,0.0,4.583183047067533e-07
0.7600000000000006,p0_m0,8,4.647406542591202,4.176892732642581,0.008908475889744064,2.622354315081906e-07
0.7600000000000006,p0_m1,0,-0.0648838277897009,-0.06811244144074587,0.0,2.622354315081906e-07
0.7600000000000006,p0_m2,0,0.06844956656828763,0.07185265834633583,0.0,2.622354315081906e-07
0.7600000000000006,p0_m3,0,-0.0934729877077706,-0.09812273581195119,0.0,2.622354315081906e-07
0.7600000000000006,p1_m0,0,-0.073789951540517,-0.07812354074789568,0.0,2.622354315081906e-07
0.7600000000000006,p1_m1,0,0.03526654362654297,0.03730129836663804,0.0,2.622354315081906e-07
0.7600000000000006,p1_m2,0,-0.030958459720969094,-0.03280990357622275,0.0,2.622354315081906e-07
0.7600000000000006,p1_m3,0,0.04556593248726696,0.04849060945577848,0.0,2.622354315081906e-07
0.7600000000000006,p2_m0,0,-0.0505311398829702,-0.052872098343303114,0.0,2.622354315081906e-07
0.7600000000000006,p2_m1,0,0.0006243693338961238,-0.0003218355781785242,0.0,2.622354315081906e-07
0.7600000000000006,p2_m2,0,0.0026728911066446668,0.003416037569313877,0.0,2.622354315081906e-07
0.7600000000000006,p2_m3,0,0.022687235125651017,0.02367851149564262,0.0,2.622354315081906e-07
0.7600000000000006,p3_m0,0,0.05199893087187481,0.054695239969005216,0.0,2.622354315081906e-07
0.7600000000000006,p3_m1,0,-0.007410188353527736,-0.0075426734681650395,0.0,2.622354315081906e-07
0.7600000000000006,p3_m2,0,0.011376491619282307,0.011798283151816703,0.0,2.622354315081906e-07
0.7600000000000006,p3_m3,0,-0.08046426585804596,-0.0844547837972618,0.0,2.622354315081906e-07
0.7700000000000006,p0_m0,8,2.2963308363619253,2.1584022433888026,0.015,2.9000007926908426e-07
0.7700000000000006,p0_m1,0,-0.11310150895135736,-0.11345212351282061,0.0,2.9000007926908426e-07
0.7700000000000006,p0_m2,0,0.11932080598086299,0.11969104388594314,0.0,2.9000007926908426e-07
0.7700000000000006,p0_m3,0,-0.1646866189455533,-0.16518043526349308,0.0,2.9000007926908426e-07
0.7700000000000006,p1_m0,0,-0.14043637273174123,-0.14100718376305219,0.0,2.9000007926908426e-07
0.7700000000000006,p1_m1,0,0.06569205668256137,0.06589745361381473,0.0,2.9000007926908426e-07
0.7700000000000006,p1_m2,0,-0.05733166657378917,-0.05732238578469829,0.0,2.9000007926908426e-07
0.7700000000000006,p1_m3,0,0.09101528387810875,0.09126390069014631,0.0,2.9000007926908426e-07
0.7700000000000006,p2_m0,0,-0.08552820571770466,-0.08579628386577891,0.0,2.9000007926908426e-07
0.7700000000000006,p2_m1,0,-0.007840086746639375,-0.0076091921336468036,0.0,2.9000007926908426e-07
0.7700000000000006,p2_m2,0,0.015442901954523454,0.015456992323927376,0.0,2.9000007926908426e-07
0.7700000000000006,p2_m3,0,0.037502508677781106,0.037620780235757025,0.0,2.9000007926908426e-07
0.7700000000000006,p3_m0,0,0.09239705896345009,0.09268458435663755,0.0,2.9000007926908426e-07
0.7700000000000006,p3_m1,0,-0.0061510597116624655,-0.006435186512481643,0.0,2.9000007926908426e-07
0.7700000000000006,p3_m2,0,0.015418168821312186,0.015300354285826958,0.0,2.9000007926908426e-07
0.7700000000000006,p3_m3,0,-0.14022178123642573,-0.1406749027237369,0.0,2.9000007926908426e-07
0.7800000000000006,p0_m0,8,1.5347718524908682,1.5367663888705263,0.015,4.2729549064806943e-07
0.7800000000000006,p0_m1,0,-0.14053496043668603,-0.13979462327094885,0.0,4.2729549064806943e-07
0.7800000000000006,p0_m2,0,0.14827912412025523,0.14749775663247558,0.0,4.2729549064806943e-07
0.7800000000000006,p0_m3,0,-0.2047660625225603,-0.20367223108924482,0.0,4.2729549064806943e-07
0.7800000000000006,p1_m0,0,-0.1777196799067071,-0.17664712220804052,0.0,4.2729549064806943e-07
0.7800000000000006,p1_m1,0,0.08253574897106583,0.08206497759927558,0.0,4.2729549064806943e-07
0.7800000000000006,p1_m2,0,-0.07188978718973638,-0.07154025117754476,0.0,4.2729549064806943e-07
0.7800000000000006,p1_m3,0,0.11491113018254605,0.11420503782612053,0.0,4.2729549064806943e-07
0.7800000000000006,p2_m0,0,-0.10566289940967469,-0.10512750721049001,0.0,4.2729549064806943e-07
0.7800000000000006,p2_m1,0,-0.008942979646428179,-0.008870108916587302,0.0,4.2729549064806943e-07
0.7800000000000006,p2_m2,0,0.02087880450332355,0.020673907859162965,0.0,4.2729549064806943e-07
0.7800000000000006,p2_m3,0,0.04599401262896298,0.045769055987756734,0.0,4.2729549064806943e-07
0.7800000000000006,p3_m0,0,0.11511437544175329,0.11449114700619051,0.0,4.2729549064806943e-07
0.7800000000000006,p3_m1,0,-0.008778888336098642,-0.00873834224888505,0.0,4.2729549064806943e-07
0.7800000000000006,p3_m2,0,0.01735614297854355,0.017338352983058667,0.0,4.2729549064806943e-07
0.7800000000000006,p3_m3,0,-0.17462055098818252,-0.17369949279909444,0.0,4.2729549064806943e-07
0.7900000000000006,p0_m0,8,8.009352018139753,8.455940587421658,-4.674918822130358e-05,3.99418027242599e-07
0.7900000000000006,p0_m1,0,-0.08346618163324616,-0.08209726916057301,0.0,3.99418027242599e-07
0.7900000000000006,p0_m2,0,0.0880452737347593,0.08660076860848559,0.0,3.99418027242599e-07
0.7900000000000006,p0_m3,0,-0.12084410155278918,-0.11896773939163588,0.0,3.99418027242599e-07
0.7900000000000006,p1_m0,0,-0.09865766943558232,-0.09699389740234246,0.0,3.99418027242599e-07
0.7900000000000006,p1_m1,0,0.04677132831380412,0.04594159514301117,0.0,3.99418027242599e-07
0.7900000000000006,p1_m2,0,-0.040767486597785056,-0.03999482265510564,0.0,3.99418027242599e-07
0.7900000000000006,p1_m3,0,0.061916882518465645,0.060863940222938596,0.0,3.99418027242599e-07
0.7900000000000006,p2_m0,0,-0.06447454543545295,-0.06346487989422882,0.0,3.99418027242599e-07
0.7900000000000006,p2_m1,0,0.0005614917853956054,0.0005854855403793192,0.0,3.99418027242599e-07
0.7900000000000006,p2_m2,0,0.006332163031638565,0.006193662683776881,0.0,3.99418027242599e-07
0.7900000000000006,p2_m3,0,0.029015809894404526,0.02859087681637254,0.0,3.99418027242599e-07
0.7900000000000006,p3_m0,0,0.06748023341073445,0.06634839948690573,0.0,3.99418027242599e-07
0.7900000000000006,p3_m1,0,-0.007086178584374251,-0.0068718828450440705,0.0,3.99418027242599e-07
0.7900000000000006,p3_m2,0,0.012167413590489876,0.011880109262678995,0.0,3.99418027242599e-07
0.7900000000000006,p3_m3,0,-0.10367217871275972,-0.10195611873114534,0.0,3.99418027242599e-07
0.8000000000000006,p0_m0,8,3.7018892527344054,3.2576702015894248,0.012045685415287642,2.4264203952715836e-07
0.8000000000000006,p0_m1,0,-0.07395382298244528,-0.07677427986972682,0.0,2.4264203952715836e-07
0.8000000000000006,p0_m2,0,0.07800388454856225,0.08097878718236111,0.0,2.4264203952715836e-07
0.8000000000000006,p0_m3,0,-0.1066595979852971,-0.11083991741310106,0.0,2.4264203952715836e-07
0.8000000000000006,p1_m0,0,-0.08609010335103359,-0.08984858054200992,0.0,2.4264203952715836e-07
0.8000000000000006,p1_m1,0,0.04112274193123742,0.042898420276784456,0.0,2.4264203952715836e-07
0.8000000000000006,p1_m2,0,-0.036589466156821966,-0.038204554952280576,0.0,2.4264203952715836e-07
0.8000000000000006,p1_m3,0,0.054298540453277026,0.056937902891696576,0.0,2.4264203952715836e-07
0.8000000000000006,p2_m0,0,-0.05702266031389189,-0.05909088190174517,0.0,2.4264203952715836e-07
0.8000000000000006,p2_m1,0,-0.0032280353180874654,-0.0036603369895236684,0.0,2.4264203952715836e-07
0.8000000000000006,p2_m2,0,0.005231196872490783,0.005954760470381978,0.0,2.4264203952715836e-07
0.8000000000000006,p2_m3,0,0.02543754605554715,0.026338755343918552,0.0,2.4264203952715836e-07
0.8000000000000006,p3_m0,0,0.05961404501914608,0.06197269986633926,0.0,2.4264203952715836e-07
0.8000000000000006,p3_m1,0,-0.006313746513511982,-0.005875847821806845,0.0,2.4264203952715836e-07
0.8000000000000006,p3_m2,0,0.012875015609938797,0.013139001919062952,0.0,2.4264203952715836e-07
0.8000000000000006,p3_m3,0,-0.09155324662150417,-0.09504587685740723,0.0,2.4264203952715836e-07
0.8100000000000006,p0_m0,8,1.9438953245084716,1.9000129385889883,0.015,3.36283911739231e-07
0.8100000000000006,p0_m1,0,-0.12537502361776093,-0.12457531177093038,0.0,3.36283911739231e-07
0.8100000000000006,p0_m2,0,0.132278440277429,0.13143474287658477,0.0,3.36283911739231e-07
0.8100000000000006,p0_m3,0,-0.18270588363221738,-0.1815026136242649,0.0,3.36283911739231e-07
0.8100000000000006,p1_m0,0,-0.15760958360309088,-0.15643225763936142,0.0,3.36283911739231e-07
0.8100000000000006,p1_m1,0,0.0733179674522914,0.07280090885233143,0.0,3.36283911739231e-07
0.8100000000000006,p1_m2,0,-0.06340662247498996,-0.06302484843523849,0.0,3.36283911739231e-07
0.8100000000000006,p1_m3,0,0.1020693719012795,0.1012477964863283,0.0,3.36283911739231e-07
0.8100000000000006,p2_m0,0,-0.09450228853222328,-0.09392604097816938,0.0,3.36283911739231e-07
0.8100000000000006,p2_m1,0,-0.00845770916013526,-0.00828399731109681,0.0,3.36283911739231e-07
0.8100000000000006,p2_m2,0,0.01821242421446672,0.0179360504473235,0.0,3.36283911739231e-07
0.8100000000000006,p2_m3,0,0.04129765977880905,0.041051851410200145,0.0,3.36283911739231e-07
0.8100000000000006,p3_m0,0,0.10262674260526589,0.10194614678801138,0.0,3.36283911739231e-07
0.8100000000000006,p3_m1,0,-0.007252805941567016,-0.0073207516619665245,0.0,3.36283911739231e-07
0.8100000000000006,p3_m2,0,0.01594229684499353,0.01592563491715694,0.0,3.36283911739231e-07
0.8100000000000006,p3_m3,0,-0.15556140151186862,-0.1545808425240126,0.0,3.36283911739231e-07
0.8200000000000006,p0_m0,8,1.5198384339414546,1.5497183762196722,0.015,4.536486436435605e-07
0.8200000000000006,p0_m1,0,-0.14424837169328336,-0.14380514052768797,0.0,4.536486436435605e-07
0.8200000000000006,p0_m2,0,0.15220389482033406,0.15173684330536708,0.0,4.536486436435605e-07
0.8200000000000006,p0_m3,0,-0.20981889241472124,-0.20894358024392073,0.0,4.536486436435605e-07
0.8200000000000006,p1_m0,0,-0.18201622175557586,-0.1811290783146152,0.0,4.536486436435605e-07
0.8200000000000006,p1_m1,0,0.08471086770411158,0.08441648450708789,0.0,4.536486436435605e-07
0.8200000000000006,p1_m2,0,-0.07419565261031948,-0.07402835055714557,0.0,4.536486436435605e-07
0.8200000000000006,p1_m3,0,0.11748744890789964,0.11682241440593345,0.0,4.536486436435605e-07
0.8200000000000006,p2_m0,0,-0.10846777413878471,-0.10817164372738104,0.0,4.536486436435605e-07
0.8200000000000006,p2_m1,0,-0.008658420461627972,-0.008415891447063685,0.0,4.536486436435605e-07
0.8200000000000006,p2_m2,0,0.020969604912619365,0.02059850641249148,0.0,4.536486436435605e-07
0.8200000000000006,p2_m3,0,0.04720133998491747,0.047086727967794284,0.0,4.536486436435605e-07
0.8200000000000006,p3_m0,0,0.11815709955746703,0.11779812675542792,0.0,4.536486436435605e-07
0.8200000000000006,p3_m1,0,-0.009483432901327691,-0.00966783520459347,0.0,4.536486436435605e-07
0.8200000000000006,p3_m2,0,0.018155078565166512,0.018374814286324266,0.0,4.536486436435605e-07
0.8200000000000006,p3_m3,0,-0.17932578789490544,-0.17878996318140894,0.0,4.536486436435605e-07
0.8300000000000006,p0_m0,8,6.394968158099665,6.161238459728356,0.0032450113625905976,3.267065653287529e-07
0.8300000000000006,p0_m1,0,-0.06650528623542654,-0.06899577470951677,0.0,3.267065653287529e-07
0.8300000000000006,p0_m2,0,0.07015182153808619,0.07278244627929989,0.0,3.267065653287529e-07
0.8300000000000006,p0_m3,0,-0.09611879537626229,-0.09970299894845619,0.0,3.267065653287529e-07
0.8300000000000006,p1_m0,0,-0.07591235962320314,-0.07931689537971208,0.0,3.267065653287529e-07
0.8300000000000006,p1_m1,0,0.036265306708367126,0.037820947209889356,0.0,3.267065653287529e-07
0.8300000000000006,p1_m2,0,-0.031496042590045466,-0.032898990875021634,0.0,3.267065653287529e-07
0.8300000000000006,p1_m3,0,0.04687190891237842,0.04913893190577634,0.0,3.267065653287529e-07
0.8300000000000006,p2_m0,0,-0.052037447814787946,-0.053806182537918405,0.0,3.267065653287529e-07
0.8300000000000006,p2_m1,0,0.0025440534426506133,0.002106085961806825,0.0,3.267065653287529e-07
0.8300000000000006,p2_m2,0,0.0027395666803302497,0.003347927494352064,0.0,3.267065653287529e-07
0.8300000000000006,p2_m3,0,0.023706380621756416,0.024393702241579197,0.0,3.267065653287529e-07
0.8300000000000006,p3_m0,0,0.05337269337132638,0.05545039091496385,0.0,3.267065653287529e-07
0.8300000000000006,p3_m1,0,-0.006503337965168523,-0.006724811088783764,0.0,3.267065653287529e-07
0.8300000000000006,p3_m2,0,0.010533450522915162,0.010898044782259971,0.0,3.267065653287529e-07
0.8300000000000006,p3_m3,0,-0.08254292051320418,-0.08564091006402375,0.0,3.267065653287529e-07
0.8400000000000006,p0_m0,8,3.022457183556303,2.658289892069905,0.014331562974505633,2.467370378640985e-07
0.8400000000000006,p0_m1,0,-0.08929540063121577,-0.09161485371196508,0.0,2.467370378640985e-07
0.8400000000000006,p0_m2,0,0.09419741732209704,0.09664758543276052,0.0,2.467370378640985e-07
0.8400000000000006,p0_m3,0,-0.1294731810622321,-0.1329343454189189,0.0,2.467370378640985e-07
0.8400000000000006,p1_m0,0,-0.10666952088278242,-0.10988183609828854,0.0,2.467370378640985e-07
0.8400000000000006,p1_m1,0,0.05079053668172325,0.052224443323602994,0.0,2.467370378640985e-07
0.8400000000000006,p1_m2,0,-0.045608909759146235,-0.04687714142498688,0.0,2.467370378640985e-07
0.8400000000000006,p1_m3,0,0.06889870524438525,0.07103116194112068,0.0,2.467370378640985e-07
0.8400000000000006,p2_m0,0,-0.06815583039795256,-0.06986680270376758,0.0,2.467370378640985e-07
0.8400000000000006,p2_m1,0,-0.006079762920404534,-0.006022678675301045,0.0,2.467370378640985e-07
0.8400000000000006,p2_m2,0,0.00944080029361093,0.010006873181596826,0.0,2.467370378640985e-07
0.8400000000000006,p2_m3,0,0.030139250988233137,0.030872418452355777,0.0,2.467370378640985e-07
0.8400000000000006,p3_m0,0,0.07246888005563915,0.07441007639056763,0.0,2.467370378640985e-07
0.8400000000000006,p3_m1,0,-0.004827091643592087,-0.00493783130553884,0.0,2.467370378640985e-07
0.8400000000000006,p3_m2,0,0.014644184280010235,0.014714909180282391,0.0,2.467370378640985e-07
0.8400000000000006,p3_m3,0,-0.11056703349739626,-0.11347345736992476,0.0,2.467370378640985e-07
0.8500000000000006,p0_m0,8,1.7214881614019035,1.7111472820333442,0.015,3.8017010879359085e-07
0.8500000000000006,p0_m1,0,-0.13349526570435827,-0.1325226875355522,0.0,3.8017010879359085e-07
0.8500000000000006,p0_m2,0,0.14085399177604035,0.13982769628092304,0.0,3.8017010879359085e-07
0.8500000000000006,p0_m3,0,-0.19455232597988262,-0.1931046040859561,0.0,3.8017010879359085e-07
0.8500000000000006,p1_m0,0,-0.1685828006492506,-0.16714803442716472,0.0,3.8017010879359085e-07
0.8500000000000006,p1_m1,0,0.07830178079737812,0.07767965826885523,0.0,3.8017010879359085e-07
0.8500000000000006,p1_m2,0,-0.06779005214124985,-0.06735735481862472,0.0,3.8017010879359085e-07
0.8500000000000006,p1_m3,0,0.10910304977567997,0.10814627136664466,0.0,3.8017010879359085e-07
0.8500000000000006,p2_m0,0,-0.10045914328333261,-0.09975506255604918,0.0,3.8017010879359085e-07
0.8500000000000006,p2_m1,0,-0.008781943535337587,-0.008660644471905296,0.0,3.8017010879359085e-07
0.8500000000000006,p2_m2,0,0.019786024723384452,0.019489903365061827,0.0,3.8017010879359085e-07
0.8500000000000006,p2_m3,0,0.043806645513035064,0.04350713600095734,0.0,3.8017010879359085e-07
0.8500000000000006,p3_m0,0,0.10934734152523252,0.1085239419751999,0.0,3.8017010879359085e-07
0.8500000000000006,p3_m1,0,-0.008039942583283194,-0.008021589132350166,0.0,3.8017010879359085e-07
0.8500000000000006,p3_m2,0,0.01657784242568439,0.016578611885551077,0.0,3.8017010879359085e-07
0.8500000000000006,p3_m3,0,-0.16575145586799458,-0.16454947211041995,0.0,3.8017010879359085e-07
0.8600000000000007,p0_m0,8,7.660941926414283,8.899431324180323,0.006754638252324208,4.6835450197239663e-07
0.8600000000000007,p0_m1,0,-0.12698191690602498,-0.11956441535640346,0.0,4.6835450197239663e-07
0.8600000000000007,p0_m2,0,0.1339836434817792,0.12615343098736362,0.0,4.6835450197239663e-07
0.8600000000000007,p0_m3,0,-0.1839089832763683,-0.17319682788616092,0.0,4.6835450197239663e-07
0.8600000000000007,p1_m0,0,-0.15746724887434088,-0.14752266571263264,0.0,4.6835450197239663e-07
0.8600000000000007,p1_m1,0,0.07383945855454746,0.06924298713883209,0.0,4.6835450197239663e-07
0.8600000000000007,p1_m2,0,-0.0648860045338125,-0.060742143192051,0.0,4.6835450197239663e-07
0.8600000000000007,p1_m3,0,0.10085170505162393,0.09430331868111552,0.0,4.6835450197239663e-07
0.8600000000000007,p2_m0,0,-0.09605875836041433,-0.09065475783383864,0.0,4.6835450197239663e-07
0.8600000000000007,p2_m1,0,-0.005302973391946405,-0.004409427030997583,0.0,4.6835450197239663e-07
0.8600000000000007,p2_m2,0,0.015972783309743607,0.014411777167495398,0.0,4.6835450197239663e-07
0.8600000000000007,p2_m3,0,0.042114054686812334,0.03986527956325967,0.0,4.6835450197239663e-07
0.8600000000000007,p3_m0,0,0.10377098634611247,0.09759218569076647,0.0,4.6835450197239663e-07
0.8600000000000007,p3_m1,0,-0.009449634830588615,-0.00900461626312631,0.0,4.6835450197239663e-07
0.8600000000000007,p3_m2,0,0.017129505763835047,0.01627431569004532,0.0,4.6835450197239663e-07
0.8600000000000007,p3_m3,0,-0.15787107247569404,-0.14861676574889238,0.0,4.6835450197239663e-07
0.8700000000000007,p0_m0,8,5.030507629699841,4.5781870911195455,0.007651341009577891,2.7423601080033955e-07
0.8700000000000007,p0_m1,0,-0.06360843055480742,-0.06689525222315833,0.0,2.7423601080033955e-07
0.8700000000000007,p0_m2,0,0.06710924347148867,0.07057814457437753,0.0,2.7423601080033955e-07
0.8700000000000007,p0_m3,0,-0.09171415022544296,-0.09644430355898466,0.0,2.7423601080033955e-07
0.8700000000000007,p1_m0,0,-0.07208011993044114,-0.0764929510661075,0.0,2.7423601080033955e-07
0.8700000000000007,p1_m1,0,0.034440348276115966,0.03648441274972953,0.0,2.7423601080033955e-07
0.8700000000000007,p1_m2,0,-0.030100730401695395,-0.03195275722754883,0.0,2.7423601080033955e-07
0.8700000000000007,p1_m3,0,0.04435704984051053,0.047298794770981666,0.0,2.7423601080033955e-07
0.8700000000000007,p2_m0,0,-0.04966921083288236,-0.052031060138588686,0.0,2.7423601080033955e-07
0.8700000000000007,p2_m1,0,0.0017665993998531764,0.0009669247687152482,0.0,2.7423601080033955e-07
0.8700000000000007,p2_m2,0,0.002311130455415716,0.003056351971783029,0.0,2.7423601080033955e-07
0.8700000000000007,p2_m3,0,0.02238113615375316,0.023335432223998465,0.0,2.7423601080033955e-07
0.8700000000000007,p3_m0,0,0.05093402619198726,0.053669135673005686,0.0,2.7423601080033955e-07
0.8700000000000007,p3_m1,0,-0.0071892263790786825,-0.0074764907741459346,0.0,2.7423601080033955e-07
0.8700000000000007,p3_m2,0,0.010967349814539612,0.011440387945668493,0.0,2.7423601080033955e-07
0.8700000000000007,p3_m3,0,-0.07891844662382896,-0.08299875182440017,0.0,2.7423601080033955e-07
0.8800000000000007,p0_m0,8,2.4580086055998427,2.263886883450534,0.015,2.759737438560072e-07
0.8800000000000007,p0_m1,0,-0.10779084311107752,-0.10879781733314349,0.0,2.759737438560072e-07
0.8800000000000007,p0_m2,0,0.11372279799482439,0.11478596316897886,0.0,2.759737438560072e-07
0.8800000000000007,p0_m3,0,-0.15685325541067724,-0.15832249285283634,0.0,2.759737438560072e-07
0.8800000000000007,p1_m0,0,-0.13288279142820397,-0.13443213360124634,0.0,2.759737438560072e-07
0.8800000000000007,p1_m1,0,0.0623796165523269,0.06299711821465168,0.0,2.759737438560072e-07
0.8800000000000007,p1_m2,0,-0.05481608536153495,-0.05506191472770775,0.0,2.759737438560072e-07
0.8800000000000007,p1_m3,0,0.08613308540847213,0.08699977454710908,0.0,2.759737438560072e-07
0.8800000000000007,p2_m0,0,-0.08164856399955522,-0.0823979452031831,0.0,2.759737438560072e-07
0.8800000000000007,p2_m1,0,-0.007533099287739833,-0.007294221772757301,0.0,2.759737438560072e-07
0.8800000000000007,p2_m2,0,0.01415359303629284,0.014340801681612987,0.0,2.759737438560072e-07
0.8800000000000007,p2_m3,0,0.035862080996530925,0.03618751415255406,0.0,2.759737438560072e-07
0.8800000000000007,p3_m0,0,0.08796296367800421,0.08880258844543674,0.0,2.759737438560072e-07
0.8800000000000007,p3_m1,0,-0.005715125306097647,-0.006080543562677035,0.0,2.759737438560072e-07
0.8800000000000007,p3_m2,0,0.015284187327344297,0.015129677700631903,0.0,2.759737438560072e-07
0.8800000000000007,p3_m3,0,-0.13359693594611602,-0.1348674052172201,0.0,2.759737438560072e-07
0.8900000000000007,p0_m0,8,1.573160641291541,1.5736899462981733,0.015,4.170504468274935e-07
0.8900000000000007,p0_m1,0,-0.1390804666471095,-0.13827052028888323,0.0,4.170504468274935e-07
0.8900000000000007,p0_m2,0,0.14675413320485997,0.14589926273803946,0.0,4.170504468274935e-07
0.8900000000000007,p0_m3,0,-0.2026540747021871,-0.2014553725698059,0.0,4.170504468274935e-07
0.8900000000000007,p1_m0,0,-0.17586317262208234,-0.17468349761488408,0.0,4.170504468274935e-07
0.8900000000000007,p1_m1,0,0.08167745204403294,0.08116166251221511,0.0,4.170504468274935e-07
0.8900000000000007,p1_m2,0,-0.07100332405500193,-0.0706280854910512,0.0,4.170504468274935e-07
0.8900000000000007,p1_m3,0,0.1137371206318391,0.1129589547568299,0.0,4.170504468274935e-07
0.8900000000000007,p2_m0,0,-0.10458086015178726,-0.10399487362298068,0.0,4.170504468274935e-07
0.8900000000000007,p2_m1,0,-0.008916810217005453,-0.008833969221647949,0.0,4.170504468274935e-07
0.8900000000000007,p2_m2,0,0.020678396011542123,0.0204489915247427,0.0,4.170504468274935e-07
0.8900000000000007,p2_m3,0,0.045544937821552584,0.045297787409555944,0.0,4.170504468274935e-07
0.8900000000000007,p3_m0,0,0.11393596102766157,0.11325306496364543,0.0,4.170504468274935e-07
0.8900000000000007,p3_m1,0,-0.008618694715318788,-0.00857939090995805,0.0,4.170504468274935e-07
0.8900000000000007,p3_m2,0,0.017175536504027575,0.01716263318881281,0.0,4.170504468274935e-07
0.8900000000000007,p3_m3,0,-0.17278163339511549,-0.17177565025559932,0.0,4.170504468274935e-07
0.9000000000000007,p0_m0,8,8.015582973291517,8.61105139828711,-3.656168456504183e-05,4.228512794295757e-07
0.9000000000000007,p0_m1,0,-0.09297250609147463,-0.09019510988820871,0.0,4.228512794295757e-07
0.9000000000000007,p0_m2,0,0.09808592980157027,0.09515426397236569,0.0,4.228512794295757e-07
0.9000000000000007,p0_m3,0,-0.1345596923922214,-0.13065026070977656,0.0,4.228512794295757e-07
0.9000000000000007,p1_m0,0,-0.1113824305460644,-0.10780536431053493,0.0,4.228512794295757e-07
0.9000000000000007,p1_m1,0,0.05267554005499439,0.050969606075049086,0.0,4.228512794295757e-07
0.9000000000000007,p1_m2,0,-0.046018168097467844,-0.0444514621955899,0.0,4.228512794295757e-07
0.9000000000000007,p1_m3,0,0.07031521553249129,0.06799875399451458,0.0,4.228512794295757e-07
0.9000000000000007,p2_m0,0,-0.07137904563537585,-0.0693451768101944,0.0,4.228512794295757e-07
0.9000000000000007,p2_m1,0,-0.0006211052910692912,-0.00040424385384092064,0.0,4.228512794295757e-07
0.9000000000000007,p2_m2,0,0.008336733415878051,0.007881976994445887,0.0,4.228512794295757e-07
0.9000000000000007,p2_m3,0,0.031884681651089895,0.031033421001813496,0.0,4.228512794295757e-07
0.9000000000000007,p3_m0,0,0.0754024291343171,0.07309075071973538,0.0,4.228512794295757e-07
0.9000000000000007,p3_m1,0,-0.0076940050788708286,-0.0074137408506127584,0.0,4.228512794295757e-07
0.9000000000000007,p3_m2,0,0.013343083299477344,0.012909256592816373,0.0,4.228512794295757e-07
0.9000000000000007,p3_m3,0,-0.1155182764245998,-0.11205099522996963,0.0,4.228512794295757e-07
0.9100000000000007,p0_m0,8,3.9847732517400267,3.522367571899176,0.011101904851514603,2.467439692860267e-07
0.9100000000000007,p0_m1,0,-0.0701487604510505,-0.07312219720514888,0.0,2.467439692860267e-07
0.9100000000000007,p0_m2,0,0.07399529117023394,0.07712845173317387,0.0,2.467439692860267e-07
0.9100000000000007,p0_m3,0,-0.10105256816758719,-0.10540527211367746,0.0,2.467439692860267e-07
0.9100000000000007,p1_m0,0,-0.08092488784311745,-0.08512775518029737,0.0,2.467439692860267e-07
0.9100000000000007,p1_m1,0,0.03868954509296873,0.040584670265240874,0.0,2.467439692860267e-07
0.9100000000000007,p1_m2,0,-0.03427296945143821,-0.03599980907183935,0.0,2.467439692860267e-07
0.9100000000000007,p1_m3,0,0.050631715824043265,0.05340387716373817,0.0,2.467439692860267e-07
0.9100000000000007,p2_m0,0,-0.05428074763387295,-0.05646206358994859,0.0,2.467439692860267e-07
0.9100000000000007,p2_m1,0,-0.0019954628933635146,-0.002631806800525069,0.0,2.467439692860267e-07
0.9100000000000007,p2_m2,0,0.004151570977701331,0.004892868649906819,0.0,2.467439692860267e-07
0.9100000000000007,p2_m3,0,0.024274599159240122,0.025238627843372368,0.0,2.467439692860267e-07
0.9100000000000007,p3_m0,0,0.0564260436468514,0.05891949194011874,0.0,2.467439692860267e-07
0.9100000000000007,p3_m1,0,-0.006983622234015428,-0.006686535525163552,0.0,2.467439692860267e-07
0.9100000000000007,p3_m2,0,0.012330346078254565,0.012628380719122883,0.0,2.467439692860267e-07
0.9100000000000007,p3_m3,0,-0.08687808535032802,-0.09054534701836305,0.0,2.467439692860267e-07
0.9200000000000007,p0_m0,8,2.042992691037491,1.9774125392765882,0.015,3.209106784576619e-07
0.9200000000000007,p0_m1,0,-0.1218581024894019,-0.12129775590007719,0.0,3.209106784576619e-07
0.9200000000000007,p0_m2,0,0.1285746257529815,0.12798346946408426,0.0,3.209106784576619e-07
0.9200000000000007,p0_m3,0,-0.177547736776174,-0.1766952648115633,0.0,3.209106784576619e-07
0.9200000000000007,p1_m0,0,-0.15274212482975563,-0.1519293996616892,0.0,3.209106784576619e-07
0.9200000000000007,p1_m1,0,0.07114885860142178,0.07078166325103456,0.0,3.209106784576619e-07
0.9200000000000007,p1_m2,0,-0.06160289775684032,-0.061293360736120114,0.0,3.209106784576619e-07
0.9200000000000007,p1_m3,0,0.09893923432419975,0.0983362619268696,0.0,3.209106784576619e-07
0.9200000000000007,p2_m0,0,-0.091927232230413,-0.09152682807054525,0.0,3.209106784576619e-07
0.9200000000000007,p2_m1,0,-0.008283310793305245,-0.00808946886834988,0.0,3.209106784576619e-07
0.9200000000000007,p2_m2,0,0.017453983373615502,0.017234242599322856,0.0,3.209106784576619e-07
0.9200000000000007,p2_m3,0,0.040218202206602646,0.04004807528787081,0.0,3.209106784576619e-07
0.9200000000000007,p3_m0,0,0.09971110791835872,0.09923168951131679,0.0,3.209106784576619e-07
0.9200000000000007,p3_m1,0,-0.006923587769783771,-0.007048184759148948,0.0,3.209106784576619e-07
0.9200000000000007,p3_m2,0,0.01574399617385522,0.015703867414489505,0.0,3.209106784576619e-07
0.9200000000000007,p3_m3,0,-0.15115509542687472,-0.15047363330849475,0.0,3.209106784576619e-07
0.9300000000000007,p0_m0,8,1.4704961359440654,1.473875313913736,0.015,4.459736730316623e-07
0.9300000000000007,p0_m1,0,-0.1430606757140688,-0.14245316829033766,0.0,4.459736730316623e-07
0.9300000000000007,p0_m2,0,0.1509598924543762,0.15031853643006735,0.0,4.459736730316623e-07
0.9300000000000007,p0_m3,0,-0.20840091064048294,-0.2075066975838488,0.0,4.459736730316623e-07
0.9300000000000007,p1_m0,0,-0.18087479048350366,-0.18000522285710682,0.0,4.459736730316623e-07
0.9300000000000007,p1_m1,0,0.08403902216807846,0.0836535925136249,0.0,4.459736730316623e-07
0.9300000000000007,p1_m2,0,-0.07338112785459121,-0.07308119997544736,0.0,4.459736730316623e-07
0.9300000000000007,p1_m3,0,0.11689389412006493,0.11632309806932632,0.0,4.459736730316623e-07
0.9300000000000007,p2_m0,0,-0.10754482241670961,-0.10710599699121762,0.0,4.459736730316623e-07
0.9300000000000007,p2_m1,0,-0.008927636524856813,-0.008871839284572225,0.0,4.459736730316623e-07
0.9300000000000007,p2_m2,0,0.0211776239286502,0.02101738646204815,0.0,4.459736730316623e-07
0.9300000000000007,p2_m3,0,0.046805067347147504,0.04662187433226502,0.0,4.459736730316623e-07
0.9300000000000007,p3_m0,0,0.11718310592891222,0.11667310000019758,0.0,4.459736730316623e-07
0.9300000000000007,p3_m1,0,-0.009056733908679563,-0.009017034284873889,0.0,4.459736730316623e-07
0.9300000000000007,p3_m2,0,0.017672586528802745,0.017647392764998594,0.0,4.459736730316623e-07
0.9300000000000007,p3_m3,0,-0.17779886504852974,-0.17704076443260872,0.0,4.459736730316623e-07
0.9400000000000007,p0_m0,8,6.918328773903198,6.843608456573032,0.001653968359501458,3.4986332846394635e-07
0.9400000000000007,p0_m1,0,-0.07031958557556577,-0.07194159210612813,0.0,3.4986332846394635e-07
0.9400000000000007,p0_m2,0,0.0741789827318638,0.07589343210021776,0.0,3.4986332846394635e-07
0.9400000000000007,p0_m3,0,-0.1017149644025179,-0.10405895525548219,0.0,3.4986332846394635e-07
0.9400000000000007,p1_m0,0,-0.08101347524085793,-0.08326348834810926,0.0,3.4986332846394635e-07
0.9400000000000007,p1_m1,0,0.038630362373867334,0.039642943730111194,0.0,3.4986332846394635e-07
0.9400000000000007,p1_m2,0,-0.03354119424376757,-0.034446094642537214,0.0,3.4986332846394635e-07
0.9400000000000007,p1_m3,0,0.050246118444414435,0.05174426324183058,0.0,3.4986332846394635e-07
0.9400000000000007,p2_m0,0,-0.054869685851452195,-0.05601489603468865,0.0,3.4986332846394635e-07
0.9400000000000007,p2_m1,0,0.002171087234972618,0.001859368097636494,0.0,3.4986332846394635e-07
0.9400000000000007,p2_m2,0,0.0035229402614950734,0.0039432820200401295,0.0,3.4986332846394635e-07
0.9400000000000007,p2_m3,0,0.024964277479697306,0.025397720063825704,0.0,3.4986332846394635e-07
0.9400000000000007,p3_m0,0,0.056550333301439173,0.05790687938138015,0.0,3.4986332846394635e-07
0.9400000000000007,p3_m1,0,-0.0065182840071214025,-0.006658762835858166,0.0,3.4986332846394635e-07
0.9400000000000007,p3_m2,0,0.010793334319115448,0.011029229342524195,0.0,3.4986332846394635e-07
0.9400000000000007,p3_m3,0,-0.08729267023349421,-0.0893137228303004,0.0,3.4986332846394635e-07
0.9500000000000007,p0_m0,8,3.2228180737454997,2.829544346597857,0.013654172729115588,2.4290000150540046e-07
0.9500000000000007,p0_m1,0,-0.08357523352119085,-0.08603971239634745,0.0,2.4290000150540046e-07
0.9500000000000007,p0_m2,0,0.08816279562356392,0.09076626871070274,0.0,2.4290000150540046e-07
0.9500000000000007,p0_m3,0,-0.12096374479129438,-0.12465361572020767,0.0,2.4290000150540046e-07
0.9500000000000007,p1_m0,0,-0.09884682194330469,-0.1021056823545889,0.0,2.4290000150540046e-07
0.9500000000000007,p1_m1,0,0.0472024863800798,0.048733116539301666,0.0,2.4290000150540046e-07
0.9500000000000007,p1_m2,0,-0.04229807857863005,-0.04368346156032276,0.0,2.4290000150540046e-07
0.9500000000000007,p1_m3,0,0.06349290043032403,0.06578800148920609,0.0,2.4290000150540046e-07
0.9500000000000007,p2_m0,0,-0.06399338046847756,-0.06580727010781785,0.0,2.4290000150540046e-07
0.9500000000000007,p2_m1,0,-0.00529174727640031,-0.005373816593181716,0.0,2.4290000150540046e-07
0.9500000000000007,p2_m2,0,0.007907220770640972,0.00853615408056367,0.0,2.4290000150540046e-07
0.9500000000000007,p2_m3,0,0.028383070087655518,0.029163235846430977,0.0,2.4290000150540046e-07
0.9500000000000007,p3_m0,0,0.06767926101629224,0.06974125754283671,0.0,2.4290000150540046e-07
0.9500000000000007,p3_m1,0,-0.005050594064803561,-0.004902477301121951,0.0,2.4290000150540046e-07
0.9500000000000007,p3_m2,0,0.014126759682115816,0.014341287688939466,0.0,2.4290000150540046e-07
0.9500000000000007,p3_m3,0,-0.10345717046190314,-0.10653484297140474,0.0,2.4290000150540046e-07
0.9600000000000007,p0_m0,8,1.7854282261162406,1.7676257266571385,0.015,3.66413441827036e-07
0.9600000000000007,p0_m1,0,-0.13115115465832614,-0.13017353456959396,0.0,3.66413441827036e-07
0.9600000000000007,p0_m2,0,0.13838884952294317,0.13735717710170584,0.0,3.66413441827036e-07
0.9600000000000007,p0_m3,0,-0.19113203385260374,-0.189673387916176,0.0,3.66413441827036e-07
0.9600000000000007,p1_m0,0,-0.16545160023638633,-0.1640065393259263,0.0,3.66413441827036e-07
0.9600000000000007,p1_m1,0,0.07687908763224309,0.07625227337122593,0.0,3.66413441827036e-07
0.9600000000000007,p1_m2,0,-0.06648085186668104,-0.06604604824874694,0.0,3.66413441827036e-07
0.9600000000000007,p1_m3,0,0.10709925323478511,0.10612814596203943,0.0,3.66413441827036e-07
0.9600000000000007,p2_m0,0,-0.09873493187365526,-0.09802755349123832,0.0,3.66413441827036e-07
0.9600000000000007,p2_m1,0,-0.00868892025014525,-0.008551930120968913,0.0,3.66413441827036e-07
0.9600000000000007,p2_m2,0,0.019357478494871436,0.019051061291347048,0.0,3.66413441827036e-07
0.9600000000000007,p2_m3,0,0.043089419230464054,0.04278778746447892,0.0,3.66413441827036e-07
0.9600000000000007,p3_m0,0,0.10742239271100533,0.10659345854090305,0.0,3.66413441827036e-07
0.9600000000000007,p3_m1,0,-0.0078044721011797605,-0.007804129373962327,0.0,3.66413441827036e-07
0.9600000000000007,p3_m2,0,0.016361872716387497,0.01636310815801906,0.0,3.66413441827036e-07
0.9600000000000007,p3_m3,0,-0.16280089245375787,-0.1615950532899465,0.0,3.66413441827036e-07
0.9700000000000008,p0_m0,8,5.748489676023196,7.177133365045361,0.015,4.7054840176260283e-07
0.9700000000000008,p0_m1,0,-0.13802770384187432,-0.13152529104293081,0.0,4.7054840176260283e-07
0.9700000000000008,p0_m2,0,0.14565402519563994,0.13878955559889095,0.0,4.7054840176260283e-07
0.9700000000000008,p0_m3,0,-0.2000690953239597,-0.19057611394131074,0.0,4.7054840176260283e-07
0.9700000000000008,p1_m0,0,-0.1726063305208394,-0.1637916751364737,0.0,4.7054840176260283e-07
0.9700000000000008,p1_m1,0,0.08074289561658209,0.07670554263188059,0.0,4.7054840176260283e-07
0.9700000000000008,p1_m2,0,-0.07096274895359994,-0.06736791128799458,0.0,4.7054840176260283e-07
0.9700000000000008,p1_m3,0,0.11093774334691503,0.10510164723558399,0.0,4.7054840176260283e-07
0.9700000000000008,p2_m0,0,-0.1040591817410437,-0.09933069682957278,0.0,4.7054840176260283e-07
0.9700000000000008,p2_m1,0,-0.006954775052096734,-0.006108400158407617,0.0,4.7054840176260283e-07
0.9700000000000008,p2_m2,0,0.018615292603029226,0.01715248482185477,0.0,4.7054840176260283e-07
0.9700000000000008,p2_m3,0,0.045430834323710256,0.04346766788979122,0.0,4.7054840176260283e-07
0.9700000000000008,p3_m0,0,0.11299083151094803,0.10758550101506481,0.0,4.7054840176260283e-07
0.9700000000000008,p3_m1,0,-0.009880420587818054,-0.009560945617804222,0.0,4.7054840176260283e-07
0.9700000000000008,p3_m2,0,0.018213732376681245,0.017554318055617888,0.0,4.7054840176260283e-07
0.9700000000000008,p3_m3,0,-0.1716240765967536,-0.16350670338606005,0.0,4.7054840176260283e-07
0.9800000000000008,p0_m0,8,5.4495523062134374,5.037528968049224,0.006285979377928901,2.890357459900993e-07
0.9800000000000008,p0_m1,0,-0.06335196564825599,-0.06658405254043663,0.0,2.890357459900993e-07
0.9800000000000008,p0_m2,0,0.06683908093546694,0.07025265951761442,0.0,2.890357459900993e-07
0.9800000000000008,p0_m3,0,-0.0914279747111855,-0.09609360249070487,0.0,2.890357459900993e-07
0.9800000000000008,p1_m0,0,-0.07173757221807912,-0.07610737006640235,0.0,2.890357459900993e-07
0.9800000000000008,p1_m1,0,0.034285619571977795,0.03628610953061404,0.0,2.890357459900993e-07
0.9800000000000008,p1_m2,0,-0.029862357492241462,-0.031670797883507705,0.0,2.890357459900993e-07
0.9800000000000008,p1_m3,0,0.044108809012261094,0.047011505570717725,0.0,2.890357459900993e-07
0.9800000000000008,p2_m0,0,-0.04956885883675589,-0.05187685590206556,0.0,2.890357459900993e-07
0.9800000000000008,p2_m1,0,0.002436863959421572,0.0017903450266880537,0.0,2.890357459900993e-07
0.9800000000000008,p2_m2,0,0.0021944978397811497,0.002949104629250265,0.0,2.890357459900993e-07
0.9800000000000008,p2_m3,0,0.02244677580007977,0.02335334343491297,0.0,2.890357459900993e-07
0.9800000000000008,p3_m0,0,0.050731287616221706,0.05341746446788412,0.0,2.890357459900993e-07
0.9800000000000008,p3_m1,0,-0.006852171937735154,-0.007135462236005772,0.0,2.890357459900993e-07
0.9800000000000008,p3_m2,0,0.010645823353265893,0.011113798500871802,0.0,2.890357459900993e-07
0.9800000000000008,p3_m3,0,-0.07861329341517838,-0.08263376843433472,0.0,2.890357459900993e-07
0.9900000000000008,p0_m0,8,2.645096389963919,2.3808351636654463,0.015,2.6364583529901326e-07
0.9900000000000008,p0_m1,0,-0.10187839401285914,-0.10355653160775015,0.0,2.6364583529901326e-07
0.9900000000000008,p0_m2,0,0.10748827727141078,0.10926047633914165,0.0,2.6364583529901326e-07
0.9900000000000008,p0_m3,0,-0.14811668952877377,-0.1505890041942186,0.0,2.6364583529901326e-07
0.9900000000000008,p1_m0,0,-0.12444905307290617,-0.12696460663410408,0.0,2.6364583529901326e-07
0.9900000000000008,p1_m1,0,0.05868261724815975,0.05971997222095398,0.0,2.6364583529901326e-07
0.9900000000000008,p1_m2,0,-0.0520158843913083,-0.05259589308235877,0.0,2.6364583529901326e-07
0.9900000000000008,p1_m3,0,0.08065580281524597,0.08215653372142384,0.0,2.6364583529901326e-07
0.9900000000000008,p2_m0,0,-0.07733238811971324,-0.0785739650158497,0.0,2.6364583529901326e-07
0.9900000000000008,p2_m1,0,-0.007156973672515445,-0.006932094717176186,0.0,2.6364583529901326e-07
0.9900000000000008,p2_m2,0,0.012678685818879267,0.013045532545016118,0.0,2.6364583529901326e-07
0.9900000000000008,p2_m3,0,0.03403402654933218,0.03457025832093978,0.0,2.6364583529901326e-07
0.9900000000000008,p3_m0,0,0.08301918337884817,0.08442294911969625,0.0,2.6364583529901326e-07
0.9900000000000008,p3_m1,0,-0.005286711057615592,-0.005688788541554088,0.0,2.6364583529901326e-07
0.9900000000000008,p3_m2,0,0.015148803401361726,0.014992068092691827,0.0,2.6364583529901326e-07
0.9900000000000008,p3_m3,0,-0.12622902730387958,-0.1283364264730829,0.0,2.6364583529901326e-07
1.0000000000000007,p0_m0,8,1.6165263997074917,1.6147669849911408,0.015,4.0589284900863047e-07
1.0000000000000007,p0_m1,0,-0.13744981616410176,-0.1365729089322759,0.0,4.0589284900863047e-07
1.0000000000000007,p0_m2,0,0.14504281583067977,0.14411723647508726,0.0,4.0589284900863047e-07
1.0000000000000007,p0_m3,0,-0.2002844371590668,-0.19898452276789672,0.0,4.0589284900863047e-07
1.0000000000000007,p1_m0,0,-0.17375848396030255,-0.1724751638274429,0.0,4.0589284900863047e-07
1.0000000000000007,p1_m1,0,0.08070728594823082,0.08014794910715839,0.0,4.0589284900863047e-07
1.0000000000000007,p1_m2,0,-0.07011180091011457,-0.06973425189808058,0.0,4.0589284900863047e-07
1.0000000000000007,p1_m3,0,0.11240130763429967,0.11155256980486657,0.0,4.0589284900863047e-07
1.0000000000000007,p2_m0,0,-0.10337207104621857,-0.1027373555455732,0.0,4.0589284900863047e-07
1.0000000000000007,p2_m1,0,-0.008877225594044327,-0.008783234703574045,0.0,4.0589284900863047e-07
1.0000000000000007,p2_m2,0,0.020435125008381252,0.02018105577884445,0.0,4.0589284900863047e-07
1.0000000000000007,p2_m3,0,0.0450433024198946,0.044774530005230455,0.0,4.0589284900863047e-07
1.0000000000000007,p3_m0,0,0.11261011200368687,0.11186956338593385,0.0,4.0589284900863047e-07
1.0000000000000007,p3_m1,0,-0.008442878396621863,-0.008406816651881706,0.0,4.0589284900863047e-07
1.0000000000000007,p3_m2,0,0.016983204918660327,0.016975536046958204,0.0,4.0589284900863047e-07
1.0000000000000007,p3_m3,0,-0.17072198178184717,-0.16963467405820573,0.0,4.0589284900863047e-07
1.0099999999999996,p0_m0,8,8.01218733644195,8.801651901839888,0.0001639015907005632,4.4320910110853317e-07
1.0099999999999996,p0_m1,0,-0.10356733647679914,-0.09907952494157023,0.0,4.4320910110853317e-07
1.0099999999999996,p0_m2,0,0.10927761203646826,0.10453969741824544,0.0,4.4320910110853317e-07
1.0099999999999996,p0_m3,0,-0.14988047440729027,-0.14348991109843667,0.0,4.4320910110853317e-07
1.0099999999999996,p1_m0,0,-0.12565295295238602,-0.11974525225941131,0.0,4.4320910110853317e-07
1.0099999999999996,p1_m1,0,0.05926620175732715,0.056495805858305805,0.0,4.4320910110853317e-07
1.0099999999999996,p1_m2,0,-0.05191691571559794,-0.0493886784825299,0.0,4.4320910110853317e-07
1.0099999999999996,p1_m3,0,0.07975068744348036,0.07589243470941592,0.0,4.4320910110853317e-07
1.0099999999999996,p2_m0,0,-0.07907019722779096,-0.07579283539005645,0.0,4.4320910110853317e-07
1.0099999999999996,p2_m1,0,-0.0020065964520510605,-0.0015512152259920414,0.0,4.4320910110853317e-07
1.0099999999999996,p2_m2,0,0.010642924192043674,0.009797438101962642,0.0,4.4320910110853317e-07
1.0099999999999996,p2_m3,0,0.03508067801146651,0.033712042662269626,0.0,4.4320910110853317e-07
1.0099999999999996,p3_m0,0,0.08424305726851951,0.08050065448358418,0.0,4.4320910110853317e-07
1.0099999999999996,p3_m1,0,-0.00830269324884507,-0.007949042959528505,0.0,4.4320910110853317e-07
1.0099999999999996,p3_m2,0,0.014583445092762068,0.013978921074905218,0.0,4.4320910110853317e-07
1.0099999999999996,p3_m3,0,-0.12871209485960544,-0.12311607510837329,0.0,4.4320910110853317e-07
1.0199999999999985,p0_m0,8,4.299365985226228,3.8270097075344243,0.01005777854784658,2.53431388862418e-07
1.0199999999999985,p0_m1,0,-0.06711316909024903,-0.07024568345777576,0.0,2.53431388862418e-07
1.0199999999999985,p0_m2,0,0.0708018302839393,0.07410256834694423,0.0,2.53431388862418e-07
1.0199999999999985,p0_m3,0,-0.09664746132572537,-0.10119014769602332,0.0,2.53431388862418e-07
1.0199999999999985,p1_m0,0,-0.07680606145559243,-0.08103076182435635,0.0,2.53431388862418e-07
1.0199999999999985,p1_m1,0,0.036721033985399144,0.03871005379910855,0.0,2.53431388862418e-07
1.0199999999999985,p1_m2,0,-0.032380496217293345,-0.03419493167638829,0.0,2.53431388862418e-07
1.0199999999999985,p1_m3,0,0.04769850785109847,0.050579840146488975,0.0,2.53431388862418e-07
1.0199999999999985,p2_m0,0,-0.05210455029509377,-0.0543907842962499,0.0,2.53431388862418e-07
1.0199999999999985,p2_m1,0,-0.0006832658505782276,-0.0015203203091999887,0.0,2.53431388862418e-07
1.0199999999999985,p2_m2,0,0.003292680751401097,0.004042565084401492,0.0,2.53431388862418e-07
1.0199999999999985,p2_m3,0,0.023341751369772085,0.02433882800233991,0.0,2.53431388862418e-07
1.0199999999999985,p3_m0,0,0.05387639634572108,0.05649923454321036,0.0,2.53431388862418e-07
1.0199999999999985,p3_m1,0,-0.0073539126190195,-0.007258489744715172,0.0,2.53431388862418e-07
1.0199999999999985,p3_m2,0,0.011835179246665233,0.012194457875134289,0.0,2.53431388862418e-07
1.0199999999999985,p3_m3,0,-0.08317347579057048,-0.08703679594327184,0.0,2.53431388862418e-07
1.0299999999999974,p0_m0,8,2.1592604335019736,2.0632804957497624,0.015,3.055008402805355e-07
1.0299999999999974,p0_m1,0,-0.11780294669046247,-0.11762197910650754,0.0,3.055008402805355e-07
1.0299999999999974,p0_m2,0,0.12430194951177569,0.12411116350092433,0.0,3.055008402805355e-07
1.0299999999999974,p0_m3,0,-0.17158977871655562,-0.17129637116745844,0.0,3.055008402805355e-07
1.0299999999999974,p1_m0,0,-0.1470688125850961,-0.14683335109582948,0.0,3.055008402805355e-07
1.0299999999999974,p1_m1,0,0.06863607847420101,0.06850736279850878,0.0,3.055008402805355e-07
1.0299999999999974,p1_m2,0,-0.059593334200235264,-0.05940242099097471,0.0,3.055008402805355e-07
1.0299999999999974,p1_m3,0,0.0952861489851979,0.09503595815032131,0.0,3.055008402805355e-07
1.0299999999999974,p2_m0,0,-0.08896134253985677,-0.08883932750067083,0.0,3.055008402805355e-07
1.0299999999999974,p2_m1,0,-0.008073207285831961,-0.007859012769053073,0.0,3.055008402805355e-07
1.0299999999999974,p2_m2,0,0.016538630328678926,0.01641454060338202,0.0,3.055008402805355e-07
1.0299999999999974,p2_m3,0,0.03897055507640035,0.03892073887341346,0.0,3.055008402805355e-07
1.0299999999999974,p3_m0,0,0.09633955772320198,0.0961795305540457,0.0,3.055008402805355e-07
1.0299999999999974,p3_m1,0,-0.006554294793753038,-0.006752743734809541,0.0,3.055008402805355e-07
1.0299999999999974,p3_m2,0,0.015565543629367833,0.015490419035974305,0.0,3.055008402805355e-07
1.0299999999999974,p3_m3,0,-0.14608310695277946,-0.14587419873752552,0.0,3.055008402805355e-07
1.0399999999999963,p0_m0,8,1.5008196493728134,1.5037032633489045,0.015,4.374884691593157e-07
1.0399999999999963,p0_m1,0,-0.14189401922658262,-0.14122167285225753,0.0,4.374884691593157e-07
1.0399999999999963,p0_m2,0,0.14973904496048343,0.14902919952511726,0.0,4.374884691593157e-07
1.0399999999999963,p0_m3,0,-0.20671047494654096,-0.20571899308125255,0.0,4.374884691593157e-07
1.0399999999999963,p1_m0,0,-0.17941913912699523,-0.17845091538620594,0.0,4.374884691593157e-07
1.0399999999999963,p1_m1,0,0.08336162670514997,0.08293449643055086,0.0,4.374884691593157e-07
1.0399999999999963,p1_m2,0,-0.07296393543070197,-0.07255208207822839,0.0,4.374884691593157e-07
1.0399999999999963,p1_m3,0,0.11598053085629571,0.115344093252502,0.0,4.374884691593157e-07
1.0399999999999963,p2_m0,0,-0.106669818258387,-0.10618406411668425,0.0,4.374884691593157e-07
1.0399999999999963,p2_m1,0,-0.00892334078232155,-0.008859636866204668,0.0,4.374884691593157e-07
1.0399999999999963,p2_m2,0,0.021044267617629623,0.020862473761254097,0.0,4.374884691593157e-07
1.0399999999999963,p2_m3,0,0.04644029045794654,0.04623686945032254,0.0,4.374884691593157e-07
1.0399999999999963,p3_m0,0,0.11624426829129385,0.11567905620551767,0.0,4.374884691593157e-07
1.0399999999999963,p3_m1,0,-0.00892274820944957,-0.008882232572824663,0.0,4.374884691593157e-07
1.0399999999999963,p3_m2,0,0.017516195029914458,0.01749434478723404,0.0,4.374884691593157e-07
1.0399999999999963,p3_m3,0,-0.1763221065708646,-0.17548449057555365,0.0,4.374884691593157e-07
1.0499999999999952,p0_m0,8,7.448676721174905,7.592396231885057,-2.8055376097880115e-05,3.74705831182741e-07
1.0499999999999952,p0_m1,0,-0.07592690242219925,-0.07625308487672706,0.0,3.74705831182741e-07
1.0499999999999952,p0_m2,0,0.08010029865761475,0.080444970796862,0.0,3.74705831182741e-07
1.0499999999999952,p0_m3,0,-0.10988647279192797,-0.1103800736122808,0.0,3.74705831182741e-07
1.0499999999999952,p1_m0,0,-0.08853534308249025,-0.0890814290149645,0.0,3.74705831182741e-07
1.0499999999999952,p1_m1,0,0.04211640499043732,0.04234370655050629,0.0,3.74705831182741e-07
1.0499999999999952,p1_m2,0,-0.036679378121546806,-0.036871146413125784,0.0,3.74705831182741e-07
1.0499999999999952,p1_m3,0,0.05523017529935173,0.055622104482456185,0.0,3.74705831182741e-07
1.0499999999999952,p2_m0,0,-0.05898162562630397,-0.059197007390653165,0.0,3.74705831182741e-07
1.0499999999999952,p2_m1,0,0.0015138852276916496,0.0013577431983186827,0.0,3.74705831182741e-07
1.0499999999999952,p2_m2,0,0.004717407483106838,0.0048859925398734745,0.0,3.74705831182741e-07
1.0499999999999952,p2_m3,0,0.026732096828111274,0.026806601983182916,0.0,3.74705831182741e-07
1.0499999999999952,p3_m0,0,0.06122099353206159,0.06150500653002014,0.0,3.74705831182741e-07
1.0499999999999952,p3_m1,0,-0.006698087944337324,-0.006692751476401644,0.0,3.74705831182741e-07
1.0499999999999952,p3_m2,0,0.011318638528623639,0.01133496235172662,0.0,3.74705831182741e-07
1.0499999999999952,p3_m3,0,-0.09427043758219111,-0.09466948084180929,0.0,3.74705831182741e-07
1.059999999999994,p0_m0,8,3.448613269104205,3.0281419701356342,0.0128943093835714,2.415767337156887e-07
1.059999999999994,p0_m1,0,-0.07846209344043982,-0.0811090997978033,0.0,2.415767337156887e-07
1.059999999999994,p0_m2,0,0.0827685159513116,0.08556436707429069,0.0,2.415767337156887e-07
1.059999999999994,p0_m3,0,-0.1133499061008676,-0.11730229616420991,0.0,2.415767337156887e-07
1.059999999999994,p1_m0,0,-0.09202962166749604,-0.09544068108776291,0.0,2.415767337156887e-07
1.059999999999994,p1_m1,0,0.043981604144022295,0.045632466723329476,0.0,2.415767337156887e-07
1.059999999999994,p1_m2,0,-0.03930144092643634,-0.04080009969845998,0.0,2.415767337156887e-07
1.059999999999994,p1_m3,0,0.05861547485474885,0.06108793238861278,0.0,2.415767337156887e-07
1.059999999999994,p2_m0,0,-0.06028319498541329,-0.06222604301538592,0.0,2.415767337156887e-07
1.059999999999994,p2_m1,0,-0.004332595279127772,-0.0045738557049417655,0.0,2.415767337156887e-07
1.059999999999994,p2_m2,0,0.00649314542918217,0.007174952701068453,0.0,2.415767337156887e-07
1.059999999999994,p2_m3,0,0.026817442592336548,0.02765387013882506,0.0,2.415767337156887e-07
1.059999999999994,p3_m0,0,0.06339773880809596,0.06561057266130788,0.0,2.415767337156887e-07
1.059999999999994,p3_m1,0,-0.005590586793561884,-0.0052257041855425694,0.0,2.415767337156887e-07
1.059999999999994,p3_m2,0,0.013482221222693023,0.013730929353121146,0.0,2.415767337156887e-07
1.059999999999994,p3_m3,0,-0.09711980344060032,-0.10041387510701957,0.0,2.415767337156887e-07
1.069999999999993,p0_m0,8,1.8589375159075534,1.8303883984283773,0.015,3.519301325227152e-07
1.069999999999993,p0_m1,0,-0.12848001413584195,-0.12755116793172827,0.0,3.519301325227152e-07
1.069999999999993,p0_m2,0,0.13557794992578823,0.134597694288641,0.0,3.519301325227152e-07
1.069999999999993,p0_m3,0,-0.18722865962429422,-0.18583840727664233,0.0,3.519301325227152e-07
1.069999999999993,p1_m0,0,-0.1618412819097177,-0.16046838110300327,0.0,3.519301325227152e-07
1.069999999999993,p1_m1,0,0.07524809589791251,0.07465058629309645,0.0,3.519301325227152e-07
1.069999999999993,p1_m2,0,-0.06503533318516536,-0.06461535796346497,0.0,3.519301325227152e-07
1.069999999999993,p1_m3,0,0.10478411211972267,0.10384953120724656,0.0,3.519301325227152e-07
1.069999999999993,p2_m0,0,-0.09677419924172731,-0.09610296203451844,0.0,3.519301325227152e-07
1.069999999999993,p2_m1,0,-0.008572746224523448,-0.008418382173427254,0.0,3.519301325227152e-07
1.069999999999993,p2_m2,0,0.018839217663881188,0.01853685892097172,0.0,3.519301325227152e-07
1.069999999999993,p2_m3,0,0.04227193427672509,0.04198528155610024,0.0,3.519301325227152e-07
1.069999999999993,p3_m0,0,0.10522166411003347,0.10443271670627245,0.0,3.519301325227152e-07
1.069999999999993,p3_m1,0,-0.007542437558212151,-0.00756979554431678,0.0,3.519301325227152e-07
1.069999999999993,p3_m2,0,0.016145554305356528,0.01614192652283128,0.0,3.519301325227152e-07
1.069999999999993,p3_m3,0,-0.1594440232434362,-0.15830110389930416,0.0,3.519301325227152e-07
1.0799999999999919,p0_m0,8,1.5887049491529335,1.6167215628320357,0.015,4.6252895410677006e-07
1.0799999999999919,p0_m1,0,-0.14539597886452657,-0.1449831352857571,0.0,4.6252895410677006e-07
1.0799999999999919,p0_m2,0,0.15344323152405775,0.15300834755385917,0.0,4.6252895410677006e-07
1.0799999999999919,p0_m3,0,-0.21102155290830857,-0.21016030027700952,0.0,4.6252895410677006e-07
1.0799999999999919,p1_m0,0,-0.18292144545055147,-0.18203806333814984,0.0,4.6252895410677006e-07
1.0799999999999919,p1_m1,0,0.08537867367739319,0.08510193657731126,0.0,4.6252895410677006e-07
1.0799999999999919,p1_m2,0,-0.07494691461193143,-0.0748059142200292,0.0,4.6252895410677006e-07
1.0799999999999919,p1_m3,0,0.11788347826628363,0.11721431137571067,0.0,4.6252895410677006e-07
1.0799999999999919,p2_m0,0,-0.10936956248101729,-0.10909840638224623,0.0,4.6252895410677006e-07
1.0799999999999919,p2_m1,0,-0.008237227126294964,-0.00797551797417307,0.0,4.6252895410677006e-07
1.0799999999999919,p2_m2,0,0.0205931922934898,0.020196738767626374,0.0,4.6252895410677006e-07
1.0799999999999919,p2_m3,0,0.0476230956751276,0.04751972340330721,0.0,4.6252895410677006e-07
1.0799999999999919,p3_m0,0,0.11913782350536181,0.11880664735446744,0.0,4.6252895410677006e-07
1.0799999999999919,p3_m1,0,-0.01001044360033334,-0.010217967713893253,0.0,4.6252895410677006e-07
1.0799999999999919,p3_m2,0,0.01877032874566477,0.019032141029403645,0.0,4.6252895410677006e-07
1.0799999999999919,p3_m3,0,-0.18079457729075965,-0.18029851841655456,0.0,4.6252895410677006e-07
1.0899999999999908,p0_m0,8,5.904672655667335,5.562361885367918,0.004815101763805631,3.067439900983418e-07
1.0899999999999908,p0_m1,0,-0.06426081256709833,-0.06724531787606809,0.0,3.067439900983418e-07
1.0899999999999908,p0_m2,0,0.0677971900844808,0.07095059122732145,0.0,3.067439900983418e-07
1.0899999999999908,p0_m3,0,-0.09280642279925402,-0.09712134381866604,0.0,3.067439900983418e-07
1.0899999999999908,p1_m0,0,-0.07292994666990268,-0.07699465392044326,0.0,3.067439900983418e-07
1.0899999999999908,p1_m1,0,0.034866507800469015,0.03671428841210111,0.0,3.067439900983418e-07
1.0899999999999908,p1_m2,0,-0.030293822615685074,-0.03196126335247338,0.0,3.067439900983418e-07
1.0899999999999908,p1_m3,0,0.04489431403035856,0.047592694349440065,0.0,3.067439900983418e-07
1.0899999999999908,p2_m0,0,-0.05032100110682963,-0.052441965052199176,0.0,3.067439900983418e-07
1.0899999999999908,p2_m1,0,0.002676829494826633,0.0021648382794455436,0.0,3.067439900983418e-07
1.0899999999999908,p2_m2,0,0.002318840248533594,0.0030381341101270824,0.0,3.067439900983418e-07
1.0899999999999908,p2_m3,0,0.022885027194305525,0.023703646389731724,0.0,3.067439900983418e-07
1.0899999999999908,p3_m0,0,0.051502726688435176,0.05398381929533805,0.0,3.067439900983418e-07
1.0899999999999908,p3_m1,0,-0.006616324810539018,-0.006875357898138644,0.0,3.067439900983418e-07
1.0899999999999908,p3_m2,0,0.010489166286076214,0.010919902233241517,0.0,3.067439900983418e-07
1.0899999999999908,p3_m3,0,-0.07974636359802838,-0.08346244607557206,0.0,3.067439900983418e-07
1.0999999999999897,p0_m0,8,2.8454091276452376,2.5110641531309823,0.014932574576135947,2.538401714897466e-07
1.0999999999999897,p0_m1,0,-0.09557492926778315,-0.0977363948713452,0.0,2.538401714897466e-07
1.0999999999999897,p0_m2,0,0.1008392364195769,0.10312278884218672,0.0,2.538401714897466e-07
1.0999999999999897,p0_m3,0,-0.13878453787979692,-0.14198899441703594,0.0,2.538401714897466e-07
1.0999999999999897,p1_m0,0,-0.1154889152646682,-0.11862671848286668,0.0,2.538401714897466e-07
1.0999999999999897,p1_m1,0,0.05473530267696377,0.05607251918574997,0.0,2.538401714897466e-07
1.0999999999999897,p1_m2,0,-0.04893106428864516,-0.04989347718964732,0.0,2.538401714897466e-07
1.0999999999999897,p1_m3,0,0.07478021432718332,0.07674300166364098,0.0,2.538401714897466e-07
1.0999999999999897,p2_m0,0,-0.0727337606205277,-0.07432977636374617,0.0,2.538401714897466e-07
1.0999999999999897,p2_m1,0,-0.0066846691668092885,-0.006515428557174582,0.0,2.538401714897466e-07
1.0999999999999897,p2_m2,0,0.011071209957438455,0.01157394828314518,0.0,2.538401714897466e-07
1.0999999999999897,p2_m3,0,0.03208564990075713,0.03277201992086998,0.0,2.538401714897466e-07
1.0999999999999897,p3_m0,0,0.07774331740767744,0.07955311940654584,0.0,2.538401714897466e-07
1.0999999999999897,p3_m1,0,-0.0049441002084461595,-0.005274254827417432,0.0,2.538401714897466e-07
1.0999999999999897,p3_m2,0,0.014961175457792287,0.014876446319186335,0.0,2.538401714897466e-07
1.0999999999999897,p3_m3,0,-0.11837930722378345,-0.12109053851950093,0.0,2.538401714897466e-07
1.1099999999999886,p0_m0,8,1.6656705501692746,1.6604499513093547,0.015,3.9381801673198715e-07
1.1099999999999886,p0_m1,0,-0.13561650336910935,-0.13468195281967815,0.0,3.9381801673198715e-07
1.1099999999999886,p0_m2,0,0.14311711216306602,0.14213063364655992,0.0,3.9381801673198715e-07
1.1099999999999886,p0_m3,0,-0.1976171917799688,-0.19622923646199572,0.0,3.9381801673198715e-07
1.1099999999999886,p1_m0,0,-0.171365561799319,-0.1699919959090865,0.0,3.9381801673198715e-07
1.1099999999999886,p1_m1,0,0.0796086136488699,0.07901157494261433,0.0,3.9381801673198715e-07
1.1099999999999886,p1_m2,0,-0.06896824334979251,-0.06854789118238179,0.0,3.9381801673198715e-07
1.1099999999999886,p1_m3,0,0.11087776452699433,0.10996622025592981,0.0,3.9381801673198715e-07
1.1099999999999886,p2_m0,0,-0.10201745945919173,-0.10134097177066458,0.0,3.9381801673198715e-07
1.1099999999999886,p2_m1,0,-0.008822303549758269,-0.00871567739651034,0.0,3.9381801673198715e-07
1.1099999999999886,p2_m2,0,0.020140837414745164,0.019863507598243457,0.0,3.9381801673198715e-07
1.1099999999999886,p2_m3,0,0.04448115298326902,0.04419383823084604,0.0,3.9381801673198715e-07
1.1099999999999886,p3_m0,0,0.11111458793185981,0.11032421512982572,0.0,3.9381801673198715e-07
1.1099999999999886,p3_m1,0,-0.008249872943002869,-0.008220282142996095,0.0,3.9381801673198715e-07
1.1099999999999886,p3_m2,0,0.01678067604180231,0.01677799614455466,0.0,3.9381801673198715e-07
1.1099999999999886,p3_m3,0,-0.16840896919306175,-0.16725216921592936,0.0,3.9381801673198715e-07
1.1199999999999875,p0_m0,8,7.9453676749184625,8.978592583392025,0.0010171426672111448,4.5922210194780303e-07
1.1199999999999875,p0_m1,0,-0.11509810120700201,-0.10884316396139297,0.0,4.5922210194780303e-07
1.1199999999999875,p0_m2,0,0.12145946565234565,0.11485515258760187,0.0,4.5922210194780303e-07
1.1199999999999875,p0_m3,0,-0.16659810360846197,-0.15762543217409491,0.0,4.5922210194780303e-07
1.1199999999999875,p1_m0,0,-0.1412691534503214,-0.1329444014650344,0.0,4.5922210194780303e-07
1.1199999999999875,p1_m1,0,0.06644933553346491,0.06257821158693186,0.0,4.5922210194780303e-07
1.1199999999999875,p1_m2,0,-0.05852005588954273,-0.05497151397666173,0.0,4.5922210194780303e-07
1.1199999999999875,p1_m3,0,0.09009495739317526,0.08463295254732275,0.0,4.5922210194780303e-07
1.1199999999999875,p2_m0,0,-0.08743656657364306,-0.08287523694424359,0.0,4.5922210194780303e-07
1.1199999999999875,p2_m1,0,-0.003579432981488609,-0.0028722632436393035,0.0,4.5922210194780303e-07
1.1199999999999875,p2_m2,0,0.013224642853399556,0.011965485962894231,0.0,4.5922210194780303e-07
1.1199999999999875,p2_m3,0,0.03855686344867174,0.036654834977286124,0.0,4.5922210194780303e-07
1.1199999999999875,p3_m0,0,0.09387208472674921,0.08865537420207331,0.0,4.5922210194780303e-07
1.1199999999999875,p3_m1,0,-0.00889771854541106,-0.00847613740615223,0.0,4.5922210194780303e-07
1.1199999999999875,p3_m2,0,0.01586474415180202,0.01509335580736154,0.0,4.5922210194780303e-07
1.1199999999999875,p3_m3,0,-0.1430656353406031,-0.13526663358236274,0.0,4.5922210194780303e-07
1.1299999999999863,p0_m0,8,4.647407436277719,4.176894362277137,0.008908479436078417,2.6272380369554327e-07
1.1299999999999863,p0_m1,0,-0.06489891232911657,-0.06812866605739126,0.0,2.6272380369554327e-07
1.1299999999999863,p0_m2,0,0.06847426988446396,0.07187898841454511,0.0,2.6272380369554327e-07
1.1299999999999863,p0_m3,0,-0.09349056523141522,-0.09814136346767725,0.0,2.6272380369554327e-07
1.1299999999999863,p1_m0,0,-0.07380421862174832,-0.07813899206290426,0.0,2.6272380369554327e-07
1.1299999999999863,p1_m1,0,0.035281493679713546,0.03731750453464053,0.0,2.6272380369554327e-07
1.1299999999999863,p1_m2,0,-0.031018668864450264,-0.03287388357750161,0.0,2.6272380369554327e-07
1.1299999999999863,p1_m3,0,0.0455745004644053,0.04850006733141326,0.0,2.6272380369554327e-07
1.1299999999999863,p2_m0,0,-0.05054150066642311,-0.052883293183813976,0.0,2.6272380369554327e-07
1.1299999999999863,p2_m1,0,0.0006318735545017529,-0.00031421621825748807,0.0,2.6272380369554327e-07
1.1299999999999863,p2_m2,0,0.0026726687409388415,0.003415851764782403,0.0,2.6272380369554327e-07
1.1299999999999863,p2_m3,0,0.02269844209245447,0.023690610406897697,0.0,2.6272380369554327e-07
1.1299999999999863,p3_m0,0,0.05201865479654777,0.05471655392751051,0.0,2.6272380369554327e-07
1.1299999999999863,p3_m1,0,-0.007407505620910223,-0.0075396227347992225,0.0,2.6272380369554327e-07
1.1299999999999863,p3_m2,0,0.011373294069298887,0.011795087450614881,0.0,2.6272380369554327e-07
1.1299999999999863,p3_m3,0,-0.08047935573863786,-0.08447101860756097,0.0,2.6272380369554327e-07
1.1399999999999852,p0_m0,8,2.2964041520394676,2.1584728642235267,0.015,2.904829224978213e-07
1.1399999999999852,p0_m1,0,-0.11313717121768163,-0.11348898082045808,0.0,2.904829224978213e-07
1.1399999999999852,p0_m2,0,0.1193838265466095,0.11975548880767861,0.0,2.904829224978213e-07
1.1399999999999852,p0_m3,0,-0.16472243354256397,-0.16521728888124085,0.0,2.904829224978213e-07
1.1399999999999852,p1_m0,0,-0.14048023535000806,-0.14105006192089495,0.0,2.904829224978213e-07
1.1399999999999852,p1_m1,0,0.06573322138400116,0.06593967198790625,0.0,2.904829224978213e-07
1.1399999999999852,p1_m2,0,-0.05736370776156366,-0.057353565151234354,0.0,2.904829224978213e-07
1.1399999999999852,p1_m3,0,0.09103706698706378,0.09128636829160787,0.0,2.904829224978213e-07
1.1399999999999852,p2_m0,0,-0.0855518658786482,-0.08582052780656443,0.0,2.904829224978213e-07
1.1399999999999852,p2_m1,0,-0.00782086190657144,-0.007588907260827682,0.0,2.904829224978213e-07
1.1399999999999852,p2_m2,0,0.015442771095601653,0.015456954204226662,0.0,2.904829224978213e-07
1.1399999999999852,p2_m3,0,0.03753144111560046,0.03765046999134198,0.0,2.904829224978213e-07
1.1399999999999852,p3_m0,0,0.09245065912628389,0.09273921929233399,0.0,2.904829224978213e-07
1.1399999999999852,p3_m1,0,-0.006145467503390547,-0.006430337292381558,0.0,2.904829224978213e-07
1.1399999999999852,p3_m2,0,0.015411548326554763,0.015293785015533015,0.0,2.904829224978213e-07
1.1399999999999852,p3_m3,0,-0.140256747851002,-0.14071083093240902,0.0,2.904829224978213e-07
1.1499999999999841,p0_m0,8,1.5348985117047533,1.53689037007061,0.015,4.281136925637319e-07
1.1499999999999841,p0_m1,0,-0.14059219648495055,-0.1398511542526685,0.0,4.281136925637319e-07
1.1499999999999841,p0_m2,0,0.1483751169747365,0.14759273918255253,0.0,4.281136925637319e-07
1.1499999999999841,p0_m3,0,-0.20482229438391866,-0.2037280418672699,0.0,4.281136925637319e-07
1.1499999999999841,p1_m0,0,-0.17777576688671157,-0.17670291231205867,0.0,4.281136925637319e-07
1.1499999999999841,p1_m1,0,0.08259917562092083,0.08212754084040338,0.0,4.281136925637319e-07
1.1499999999999841,p1_m2,0,-0.07226527041962542,-0.07185557533014618,0.0,4.281136925637319e-07
1.1499999999999841,p1_m3,0,0.11494517512256032,0.11423867142102488,0.0,4.281136925637319e-07
1.1499999999999841,p2_m0,0,-0.10569828879563807,-0.10516244607482701,0.0,4.281136925637319e-07
1.1499999999999841,p2_m1,0,-0.00890860875821422,-0.008836281645211112,0.0,4.281136925637319e-07
1.1499999999999841,p2_m2,0,0.0208794319269935,0.020674619375817428,0.0,4.281136925637319e-07
1.1499999999999841,p2_m3,0,0.04603665788924376,0.04581105772688454,0.0,4.281136925637319e-07
1.1499999999999841,p3_m0,0,0.11519326917118013,0.11456917558353132,0.0,4.281136925637319e-07
1.1499999999999841,p3_m1,0,-0.008776413846416616,-0.008735680432414067,0.0,4.281136925637319e-07
1.1499999999999841,p3_m2,0,0.01734775740225084,0.01732998711930754,0.0,4.281136925637319e-07
1.1499999999999841,p3_m3,0,-0.1746754875557056,-0.1737538711400252,0.0,4.281136925637319e-07
1.159999999999983,p0_m0,8,8.009351754283587,8.455939213950245,-4.6748677507858714e-05,4.002172262248952e-07
1.159999999999983,p0_m1,0,-0.08350066763827231,-0.08213108719658647,0.0,4.002172262248952e-07
1.159999999999983,p0_m2,0,0.08810166937999386,0.08665606055526516,0.0,4.002172262248952e-07
1.159999999999983,p0_m3,0,-0.12087909433698597,-0.11900203617911473,0.0,4.002172262248952e-07
1.159999999999983,p1_m0,0,-0.0986882623649832,-0.09702394949197013,0.0,4.002172262248952e-07
1.159999999999983,p1_m1,0,0.04680688330514652,0.045976504853993815,0.0,4.002172262248952e-07
1.159999999999983,p1_m2,0,-0.040875294557789495,-0.04009891980385346,0.0,4.002172262248952e-07
1.159999999999983,p1_m3,0,0.0619345493147059,0.060881321043833994,0.0,4.002172262248952e-07
1.159999999999983,p2_m0,0,-0.06449758072002683,-0.06348750157143311,0.0,4.002172262248952e-07
1.159999999999983,p2_m1,0,0.0005827374741487036,0.0006063735892852001,0.0,4.002172262248952e-07
1.159999999999983,p2_m2,0,0.006329341386625459,0.006190924651114123,0.0,4.002172262248952e-07
1.159999999999983,p2_m3,0,0.02904088376452069,0.028615633612153527,0.0,4.002172262248952e-07
1.159999999999983,p3_m0,0,0.06752563189011998,0.06639298754764321,0.0,4.002172262248952e-07
1.159999999999983,p3_m1,0,-0.007085989958183911,-0.006871614004287118,0.0,4.002172262248952e-07
1.159999999999983,p3_m2,0,0.012164773978577247,0.011877370058493639,0.0,4.002172262248952e-07
1.159999999999983,p3_m3,0,-0.1037068098685175,-0.10198999368916643,0.0,4.002172262248952e-07
1.169999999999982,p0_m0,8,3.7019001651330448,3.257683625264049,0.01204566804719039,2.43046877424703e-07
1.169999999999982,p0_m1,0,-0.07396739467389328,-0.07678896432096338,0.0,2.43046877424703e-07
1.169999999999982,p0_m2,0,0.07802763166616486,0.08100506213618572,0.0,2.43046877424703e-07
1.169999999999982,p0_m3,0,-0.10667628844290035,-0.11085766039020312,0.0,2.43046877424703e-07
1.169999999999982,p1_m0,0,-0.08611587712100514,-0.08987902272641836,0.0,2.43046877424703e-07
1.169999999999982,p1_m1,0,0.041136619221860994,0.04291399002969906,0.0,2.43046877424703e-07
1.169999999999982,p1_m2,0,-0.036629198232862925,-0.03824776896259053,0.0,2.43046877424703e-07
1.169999999999982,p1_m3,0,0.054307055481539655,0.056947149230557395,0.0,2.43046877424703e-07
1.169999999999982,p2_m0,0,-0.05703347953360497,-0.0591025425887855,0.0,2.43046877424703e-07
1.169999999999982,p2_m1,0,-0.0032261518693723927,-0.0036580203122837775,0.0,2.43046877424703e-07
1.169999999999982,p2_m2,0,0.005230811478663737,0.0059542985183134575,0.0,2.43046877424703e-07
1.169999999999982,p2_m3,0,0.025448341219063576,0.026350442930226706,0.0,2.43046877424703e-07
1.169999999999982,p3_m0,0,0.0596348599521234,0.06199578004491347,0.0,2.43046877424703e-07
1.169999999999982,p3_m1,0,-0.006311304794296213,-0.005874091626484428,0.0,2.43046877424703e-07
1.169999999999982,p3_m2,0,0.012872374211139855,0.013136532535929417,0.0,2.43046877424703e-07
1.169999999999982,p3_m3,0,-0.09156760253329078,-0.09506145167766628,0.0,2.43046877424703e-07
1.1799999999999808,p0_m0,8,1.943987578594724,1.9001031869258729,0.015,3.368723878433461e-07
1.1799999999999808,p0_m1,0,-0.12542054717374304,-0.12462055560660681,0.0,3.368723878433461e-07
1.1799999999999808,p0_m2,0,0.1323564956492576,0.1315121899682203,0.0,3.368723878433461e-07
1.1799999999999808,p0_m3,0,-0.18275058549349113,-0.1815471094804997,0.0,3.368723878433461e-07
1.1799999999999808,p1_m0,0,-0.15765726570325575,-0.15647934188705234,0.0,3.368723878433461e-07
1.1799999999999808,p1_m1,0,0.0733695069620612,0.07285198430171198,0.0,3.368723878433461e-07
1.1799999999999808,p1_m2,0,-0.06342273595879137,-0.06304115343696391,0.0,3.368723878433461e-07
1.1799999999999808,p1_m3,0,0.10209649644825403,0.10127471840202748,0.0,3.368723878433461e-07
1.1799999999999808,p2_m0,0,-0.09453186462043976,-0.09395544866288483,0.0,3.368723878433461e-07
1.1799999999999808,p2_m1,0,-0.008430332737136826,-0.00825692261705306,0.0,3.368723878433461e-07
1.1799999999999808,p2_m2,0,0.018212119754059678,0.017935723110426346,0.0,3.368723878433461e-07
1.1799999999999808,p2_m3,0,0.0413340885850227,0.041087957955952915,0.0,3.368723878433461e-07
1.1799999999999808,p3_m0,0,0.10269253452495995,0.10201135465886448,0.0,3.368723878433461e-07
1.1799999999999808,p3_m1,0,-0.00724910462283441,-0.007317158164476412,0.0,3.368723878433461e-07
1.1799999999999808,p3_m2,0,0.01593483820883691,0.015918320214601173,0.0,3.368723878433461e-07
1.1799999999999808,p3_m3,0,-0.1556053947904835,-0.15462460250732277,0.0,3.368723878433461e-07
1.1899999999999797,p0_m0,8,1.51996137874644,1.5498395989039082,0.015,4.545203208121557e-07
1.1899999999999797,p0_m1,0,-0.14430844118417704,-0.143864346225725,0.0,4.545203208121557e-07
1.1899999999999797,p0_m2,0,0.15230428686636527,0.15183625231698442,0.0,4.545203208121557e-07
1.1899999999999797,p0_m3,0,-0.20987781706379588,-0.20900171665648123,0.0,4.545203208121557e-07
1.1899999999999797,p1_m0,0,-0.18207354390028746,-0.1811855296660806,0.0,4.545203208121557e-07
1.1899999999999797,p1_m1,0,0.08477703600011119,0.08448189944619026,0.0,4.545203208121557e-07
1.1899999999999797,p1_m2,0,-0.07425070702877892,-0.07406380307868636,0.0,4.545203208121557e-07
1.1899999999999797,p1_m3,0,0.11752248673555529,0.11685680163212087,0.0,4.545203208121557e-07
1.1899999999999797,p2_m0,0,-0.10850596949094103,-0.10820944685105752,0.0,4.545203208121557e-07
1.1899999999999797,p2_m1,0,-0.008622028097040362,-0.008380033745596021,0.0,4.545203208121557e-07
1.1899999999999797,p2_m2,0,0.020969029293463854,0.02059772344283791,0.0,4.545203208121557e-07
1.1899999999999797,p2_m3,0,0.0472466297415786,0.04713146224850339,0.0,4.545203208121557e-07
1.1899999999999797,p3_m0,0,0.11823967296713074,0.11787980500142163,0.0,4.545203208121557e-07
1.1899999999999797,p3_m1,0,-0.009481177024100076,-0.009665346676768508,0.0,4.545203208121557e-07
1.1899999999999797,p3_m2,0,0.018146875516704113,0.018366791895973265,0.0,4.545203208121557e-07
1.1899999999999797,p3_m3,0,-0.17938418084350596,-0.17884770200868513,0.0,4.545203208121557e-07
1.1999999999999786,p0_m0,8,6.3949652440523925,6.161234435977765,0.003245018708826553,3.273508932679173e-07
1.1999999999999786,p0_m1,0,-0.06652872238302875,-0.06901925151123076,0.0,3.273508932679173e-07
1.1999999999999786,p0_m2,0,0.07019046843683958,0.07282145209707555,0.0,3.273508932679173e-07
1.1999999999999786,p0_m3,0,-0.09614402298018895,-0.09972842617521313,0.0,3.273508932679173e-07
1.1999999999999786,p1_m0,0,-0.07593279000388717,-0.07933770893678954,0.0,3.273508932679173e-07
1.1999999999999786,p1_m1,0,0.03628869169958508,0.03784457140599996,0.0,3.273508932679173e-07
1.1999999999999786,p1_m2,0,-0.03150907280883715,-0.03291159537822295,0.0,3.273508932679173e-07
1.1999999999999786,p1_m3,0,0.046883379845252086,0.04915067907631162,0.0,3.273508932679173e-07
1.1999999999999786,p2_m0,0,-0.052053572303196474,-0.0538221990961532,0.0,3.273508932679173e-07
1.1999999999999786,p2_m1,0,0.0025589442865162687,0.002120940888366047,0.0,3.273508932679173e-07
1.1999999999999786,p2_m2,0,0.0027374001213168867,0.00334610913316519,0.0,3.273508932679173e-07
1.1999999999999786,p2_m3,0,0.02372384587959119,0.024411243383376285,0.0,3.273508932679173e-07
1.1999999999999786,p3_m0,0,0.053403543688097604,0.05548155391454419,0.0,3.273508932679173e-07
1.1999999999999786,p3_m1,0,-0.006502050996823578,-0.006723170314946614,0.0,3.273508932679173e-07
1.1999999999999786,p3_m2,0,0.010530449165465774,0.010894615549418018,0.0,3.273508932679173e-07
1.1999999999999786,p3_m3,0,-0.08256656723645256,-0.08566452037116364,0.0,3.273508932679173e-07
1.2099999999999775,p0_m0,8,3.02248287277451,2.658320868589086,0.014331505511907297,2.4712080264441515e-07
1.2099999999999775,p0_m1,0,-0.08931326840169004,-0.0916349859841714,0.0,2.4712080264441515e-07
1.2099999999999775,p0_m2,0,0.09423217989730119,0.09668610881398887,0.0,2.4712080264441515e-07
1.2099999999999775,p0_m3,0,-0.12949399251207727,-0.1329571302344661,0.0,2.4712080264441515e-07
1.2099999999999775,p1_m0,0,-0.10670635838650923,-0.1099159490888544,0.0,2.4712080264441515e-07
1.2099999999999775,p1_m1,0,0.050811267916154236,0.0522475035394657,0.0,2.4712080264441515e-07
1.2099999999999775,p1_m2,0,-0.04563197662778458,-0.046901370072684814,0.0,2.4712080264441515e-07
1.2099999999999775,p1_m3,0,0.06890972911394622,0.07104321546582901,0.0,2.4712080264441515e-07
1.2099999999999775,p2_m0,0,-0.06816976276373193,-0.06988200999491052,0.0,2.4712080264441515e-07
1.2099999999999775,p2_m1,0,-0.006075075079703423,-0.0060157388406039845,0.0,2.4712080264441515e-07
1.2099999999999775,p2_m2,0,0.00943994991572243,0.010005837570735874,0.0,2.4712080264441515e-07
1.2099999999999775,p2_m3,0,0.030154528946604846,0.030889549903326735,0.0,2.4712080264441515e-07
1.2099999999999775,p3_m0,0,0.07249933564489622,0.07444343935980027,0.0,2.4712080264441515e-07
1.2099999999999775,p3_m1,0,-0.004819193536296528,-0.004929617955415573,0.0,2.4712080264441515e-07
1.2099999999999775,p3_m2,0,0.01463995192059658,0.014709921674579704,0.0,2.4712080264441515e-07
1.2099999999999775,p3_m3,0,-0.11058624731791983,-0.11349484374721756,0.0,2.4712080264441515e-07
1.2199999999999764,p0_m0,8,1.7215933261265082,1.7112512297343243,0.015,3.808593003914943e-07
1.2199999999999764,p0_m1,0,-0.13354730057760758,-0.1325741049753331,0.0,3.808593003914943e-07
1.2199999999999764,p0_m2,0,0.14094190866729175,0.13991458343478266,0.0,3.808593003914943e-07
1.2199999999999764,p0_m3,0,-0.19460310951448476,-0.19315490653918016,0.0,3.808593003914943e-07
1.2199999999999764,p1_m0,0,-0.16863425723889702,-0.16719913167479833,0.0,3.808593003914943e-07
1.2199999999999764,p1_m1,0,0.0783599971886841,0.07773709774201407,0.0,3.808593003914943e-07
1.2199999999999764,p1_m2,0,-0.0677918562286878,-0.0673591356210667,0.0,3.808593003914943e-07
1.2199999999999764,p1_m3,0,0.10913377645414887,0.10817661710766656,0.0,3.808593003914943e-07
1.2199999999999764,p2_m0,0,-0.10049238700753042,-0.09978797387017253,0.0,3.808593003914943e-07
1.2199999999999764,p2_m1,0,-0.008750129697795053,-0.00862942511027168,0.0,3.808593003914943e-07
1.2199999999999764,p2_m2,0,0.019785750461962757,0.019489592465278326,0.0,3.808593003914943e-07
1.2199999999999764,p2_m3,0,0.04384728663604233,0.04354723170881888,0.0,3.808593003914943e-07
1.2199999999999764,p3_m0,0,0.1094207020329582,0.10859640963996527,0.0,3.808593003914943e-07
1.2199999999999764,p3_m1,0,-0.008037127762142158,-0.008018681449062868,0.0,3.808593003914943e-07
1.2199999999999764,p3_m2,0,0.016569947231070897,0.016570818584961913,0.0,3.808593003914943e-07
1.2199999999999764,p3_m3,0,-0.1658014974641758,-0.16459901063064045,0.0,3.808593003914943e-07
1.2299999999999753,p0_m0,8,7.660956172091826,8.899451751506579,0.0067542643771728045,4.6927149972600634e-07
1.2299999999999753,p0_m1,0,-0.1270339684360666,-0.11961335160866993,0.0,4.6927149972600634e-07
1.2299999999999753,p0_m2,0,0.13407103681568364,0.12623529913375114,0.0,4.6927149972600634e-07
1.2299999999999753,p0_m3,0,-0.18396085680035867,-0.17324571782161094,0.0,4.6927149972600634e-07
1.2299999999999753,p1_m0,0,-0.15751584193881973,-0.14756819853746284,0.0,4.6927149972600634e-07
1.2299999999999753,p1_m1,0,0.07389598471172915,0.0692957557791215,0.0,4.6927149972600634e-07
1.2299999999999753,p1_m2,0,-0.06506503369464565,-0.06088238442638259,0.0,4.6927149972600634e-07
1.2299999999999753,p1_m3,0,0.10088076333202531,0.0943303574547221,0.0,4.6927149972600634e-07
1.2299999999999753,p2_m0,0,-0.09609205861861422,-0.09068624069228054,0.0,4.6927149972600634e-07
1.2299999999999753,p2_m1,0,-0.005271444877737207,-0.004379721968840707,0.0,4.6927149972600634e-07
1.2299999999999753,p2_m2,0,0.015971218723274297,0.014410001859918503,0.0,4.6927149972600634e-07
1.2299999999999753,p2_m3,0,0.04215227999326096,0.03990120623497495,0.0,4.6927149972600634e-07
1.2299999999999753,p3_m0,0,0.10384179382806594,0.09765854051477663,0.0,4.6927149972600634e-07
1.2299999999999753,p3_m1,0,-0.009447631120986129,-0.009002939232491895,0.0,4.6927149972600634e-07
1.2299999999999753,p3_m2,0,0.01712335523597927,0.016268780581953815,0.0,4.6927149972600634e-07
1.2299999999999753,p3_m3,0,-0.15792233554741342,-0.1486650571976549,0.0,4.6927149972600634e-07
1.2399999999999742,p0_m0,8,5.030506630085335,4.578186187537333,0.007651347593670357,2.747593686200378e-07
1.2399999999999742,p0_m1,0,-0.06362456213244794,-0.06691222066625355,0.0,2.747593686200378e-07
1.2399999999999742,p0_m2,0,0.06713612286813551,0.07060633587674037,0.0,2.747593686200378e-07
1.2399999999999742,p0_m3,0,-0.09173296831812032,-0.09646387267701417,0.0,2.747593686200378e-07
1.2399999999999742,p1_m0,0,-0.07209447892402047,-0.07650821466557971,0.0,2.747593686200378e-07
1.2399999999999742,p1_m1,0,0.034455995389051815,0.03650106212185594,0.0,2.747593686200378e-07
1.2399999999999742,p1_m2,0,-0.03014467410780456,-0.03199886539639504,0.0,2.747593686200378e-07
1.2399999999999742,p1_m3,0,0.044365122007164935,0.04730752534097654,0.0,2.747593686200378e-07
1.2399999999999742,p2_m0,0,-0.04968059392909875,-0.052042996574480443,0.0,2.747593686200378e-07
1.2399999999999742,p2_m1,0,0.001776358339377416,0.000977037120814122,0.0,2.747593686200378e-07
1.2399999999999742,p2_m2,0,0.00231001446110305,0.0030553118678078,0.0,2.747593686200378e-07
1.2399999999999742,p2_m3,0,0.022393478742193225,0.023348440777815477,0.0,2.747593686200378e-07
1.2399999999999742,p3_m0,0,0.050955292087062676,0.05369154803890199,0.0,2.747593686200378e-07
1.2399999999999742,p3_m1,0,-0.007186995866827992,-0.007474246021725497,0.0,2.747593686200378e-07
1.2399999999999742,p3_m2,0,0.01096391978591569,0.01143687585458633,0.0,2.747593686200378e-07
1.2399999999999742,p3_m3,0,-0.07893473984382697,-0.0830158529327483,0.0,2.747593686200378e-07
1.2499999999999731,p0_m0,8,2.45807294966129,2.263948668797346,0.015,2.7642287424485645e-07
1.2499999999999731,p0_m1,0,-0.10782217727949733,-0.1088310101986733,0.0,2.7642287424485645e-07
1.2499999999999731,p0_m2,0,0.11377923522133983,0.11484482199086411,0.0,2.7642287424485645e-07
1.2499999999999731,p0_m3,0,-0.15688561322618177,-0.15835641312385865,0.0,2.7642287424485645e-07
1.2499999999999731,p1_m0,0,-0.13292447806446103,-0.1344724800579422,0.0,2.7642287424485645e-07
1.2499999999999731,p1_m1,0,0.062415601081628413,0.06303487428623518,0.0,2.7642287424485645e-07
1.2499999999999731,p1_m2,0,-0.054845362035648625,-0.05508949323361717,0.0,2.7642287424485645e-07
1.2499999999999731,p1_m3,0,0.08615173439964754,0.08701946279583517,0.0,2.7642287424485645e-07
1.2499999999999731,p2_m0,0,-0.08167016567348098,-0.08242047700534855,0.0,2.7642287424485645e-07
1.2499999999999731,p2_m1,0,-0.00751690236720243,-0.007276284350907789,0.0,2.7642287424485645e-07
1.2499999999999731,p2_m2,0,0.014152789990717405,0.014340098638515354,0.0,2.7642287424485645e-07
1.2499999999999731,p2_m3,0,0.03588795855250658,0.03621469877460616,0.0,2.7642287424485645e-07
1.2499999999999731,p3_m0,0,0.08801123133458244,0.0888526999021696,0.0,2.7642287424485645e-07
1.2499999999999731,p3_m1,0,-0.005708560661600999,-0.006074922625920791,0.0,2.7642287424485645e-07
1.2499999999999731,p3_m2,0,0.015277953884889648,0.015123425215843889,0.0,2.7642287424485645e-07
1.2499999999999731,p3_m3,0,-0.13362827819446602,-0.13490025280839937,0.0,2.7642287424485645e-07
1.259999999999972,p0_m0,8,1.5732752678023432,1.5738038083201982,0.015,4.1782780004505987e-07
1.259999999999972,p0_m1,0,-0.13913711153178554,-0.13832661878211794,0.0,4.1782780004505987e-07
1.259999999999972,p0_m2,0,0.14684893183277123,0.1459931731577452,0.0,4.1782780004505987e-07
1.259999999999972,p0_m3,0,-0.20270933833116564,-0.20151019991119468,0.0,4.1782780004505987e-07
1.259999999999972,p1_m0,0,-0.1759178551886933,-0.17473793417247144,0.0,4.1782780004505987e-07
1.259999999999972,p1_m1,0,0.08174020195101218,0.08122375275434324,0.0,4.1782780004505987e-07
1.259999999999972,p1_m2,0,-0.07099559759733137,-0.07061768473667678,0.0,4.1782780004505987e-07
1.259999999999972,p1_m3,0,0.11377036508595405,0.11299187399189727,0.0,4.1782780004505987e-07
1.259999999999972,p2_m0,0,-0.10461697777945722,-0.10403069956594968,0.0,4.1782780004505987e-07
1.259999999999972,p2_m1,0,-0.008882152547114538,-0.008799811958685476,0.0,4.1782780004505987e-07
1.259999999999972,p2_m2,0,0.020677953391225242,0.02044852209079822,0.0,4.1782780004505987e-07
1.259999999999972,p2_m3,0,0.045588520038729284,0.045340912735543304,0.0,4.1782780004505987e-07
1.259999999999972,p3_m0,0,0.11401464324619798,0.11333099908691363,0.0,4.1782780004505987e-07
1.259999999999972,p3_m1,0,-0.008616423406175945,-0.008577023122529098,0.0,4.1782780004505987e-07
1.259999999999972,p3_m2,0,0.017167444292492482,0.017154609457757885,0.0,4.1782780004505987e-07
1.259999999999972,p3_m3,0,-0.17283630128727054,-0.17182986198694258,0.0,4.1782780004505987e-07
