time,motor,target_rad_s,speed_rad_s,commanded_torque_nm,closure_error_m
0.010000000000000002,p0_m0,8,0.1518006806375691,-0.015,4.584544046189933e-09
0.010000000000000002,p0_m1,0,-8.416776093204248e-07,0.0,4.584544046189933e-09
0.010000000000000002,p0_m2,0,8.416777433825636e-07,0.0,4.584544046189933e-09
0.010000000000000002,p0_m3,0,-2.909588155209968e-06,0.0,4.584544046189933e-09
0.010000000000000002,p1_m0,0,-1.379339324971104e-06,0.0,4.584544046189933e-09
0.010000000000000002,p1_m1,0,-2.2246200323857237e-07,0.0,4.584544046189933e-09
0.010000000000000002,p1_m2,0,2.224620149190373e-07,0.0,4.584544046189933e-09
0.010000000000000002,p1_m3,0,1.3793380811775885e-06,0.0,4.584544046189933e-09
0.010000000000000002,p2_m0,0,5.523914499238293e-07,0.0,4.584544046189933e-09
0.010000000000000002,p2_m1,0,-3.910624400293703e-06,0.0,4.584544046189933e-09
0.010000000000000002,p2_m2,0,3.910624271187678e-06,0.0,4.584544046189933e-09
0.010000000000000002,p2_m3,0,-5.523921643062039e-07,0.0,4.584544046189933e-09
0.010000000000000002,p3_m0,0,2.18012159375408e-06,0.0,4.584544046189933e-09
0.010000000000000002,p3_m1,0,2.2155453354710274e-06,0.0,4.584544046189933e-09
0.010000000000000002,p3_m2,0,-2.2155448849879026e-06,0.0,4.584544046189933e-09
0.010000000000000002,p3_m3,0,-2.1801233738643604e-06,0.0,4.584544046189933e-09
0.02000000000000001,p0_m0,8,-0.20406182057560765,-0.015,2.1010631117395883e-09
0.02000000000000001,p0_m1,0,7.275953126450987e-06,0.0,2.1010631117395883e-09
0.02000000000000001,p0_m2,0,-7.2759527970984295e-06,0.0,2.1010631117395883e-09
0.02000000000000001,p0_m3,0,1.2449808003028066e-05,0.0,2.1010631117395883e-09
0.02000000000000001,p1_m0,0,-1.4016955573161203e-05,0.0,2.1010631117395883e-09
0.02000000000000001,p1_m1,0,6.365135186435127e-06,0.0,2.1010631117395883e-09
0.02000000000000001,p1_m2,0,-6.36513562717787e-06,0.0,2.1010631117395883e-09
0.02000000000000001,p1_m3,0,1.4016951501482876e-05,0.0,2.1010631117395883e-09
0.02000000000000001,p2_m0,0,-1.3032849335598407e-05,0.0,2.1010631117395883e-09
0.02000000000000001,p2_m1,0,4.4349618721522504e-06,0.0,2.1010631117395883e-09
0.02000000000000001,p2_m2,0,-4.434962338009316e-06,0.0,2.1010631117395883e-09
0.02000000000000001,p2_m3,0,1.3032846665407647e-05,0.0,2.1010631117395883e-09
0.02000000000000001,p3_m0,0,8.581025715201649e-06,0.0,2.1010631117395883e-09
0.02000000000000001,p3_m1,0,-1.227237701326862e-05,0.0,2.1010631117395883e-09
0.02000000000000001,p3_m2,0,1.227237865686167e-05,0.0,2.1010631117395883e-09
0.02000000000000001,p3_m3,0,-8.581030822404065e-06,0.0,2.1010631117395883e-09
0.03000000000000002,p0_m0,8,-0.45087315464394606,-0.015,9.103997482416498e-06
0.03000000000000002,p0_m1,0,-0.10467912558635686,0.0,9.103997482416498e-06
0.03000000000000002,p0_m2,0,0.10467910754300448,0.0,9.103997482416498e-06
0.03000000000000002,p0_m3,0,-0.14621070953574208,0.0,9.103997482416498e-06
0.03000000000000002,p1_m0,0,-0.044823349377364145,0.0,9.103997482416498e-06
0.03000000000000002,p1_m1,0,0.043208686798759235,0.0,9.103997482416498e-06
0.03000000000000002,p1_m2,0,-0.04320865063990749,0.0,9.103997482416498e-06
0.03000000000000002,p1_m3,0,0.044823345817125854,0.0,9.103997482416498e-06
0.03000000000000002,p2_m0,0,0.03539978972941118,0.0,9.103997482416498e-06
0.03000000000000002,p2_m1,0,-0.09702344337126277,0.0,9.103997482416498e-06
0.03000000000000002,p2_m2,0,0.09702346387418515,0.0,9.103997482416498e-06
0.03000000000000002,p2_m3,0,-0.035399801962331216,0.0,9.103997482416498e-06
0.03000000000000002,p3_m0,0,0.05193266127918962,0.0,9.103997482416498e-06
0.03000000000000002,p3_m1,0,0.06603526213858871,0.0,9.103997482416498e-06
0.03000000000000002,p3_m2,0,-0.06603533701820362,0.0,9.103997482416498e-06
0.03000000000000002,p3_m3,0,-5.785523697257217,0.0,9.103997482416498e-06
0.04000000000000003,p0_m0,8,-0.41122694651483677,-0.01466890120588573,1.046882008586341e-05
0.04000000000000003,p0_m1,0,-0.1629531649861677,0.0,1.046882008586341e-05
0.04000000000000003,p0_m2,0,0.16295313613204182,0.0,1.046882008586341e-05
0.04000000000000003,p0_m3,0,-0.22354746968585193,0.0,1.046882008586341e-05
0.04000000000000003,p1_m0,0,-0.08480416358769836,0.0,1.046882008586341e-05
0.04000000000000003,p1_m1,0,0.07632269736844345,0.0,1.046882008586341e-05
0.04000000000000003,p1_m2,0,-0.07632263928481087,0.0,1.046882008586341e-05
0.04000000000000003,p1_m3,0,0.08480415535470921,0.0,1.046882008586341e-05
0.04000000000000003,p2_m0,0,0.04466904416249209,0.0,1.046882008586341e-05
0.04000000000000003,p2_m1,0,-0.14900033621579645,0.0,1.046882008586341e-05
0.04000000000000003,p2_m2,0,0.1490003689482349,0.0,1.046882008586341e-05
0.04000000000000003,p2_m3,0,-0.044669065836492085,0.0,1.046882008586341e-05
0.04000000000000003,p3_m0,0,0.08978064750067745,0.0,1.046882008586341e-05
0.04000000000000003,p3_m1,0,0.09376067599646785,0.0,1.046882008586341e-05
0.04000000000000003,p3_m2,0,-0.09376079605521674,0.0,1.046882008586341e-05
0.04000000000000003,p3_m3,0,-9.889229339735063,0.0,1.046882008586341e-05
0.05000000000000004,p0_m0,8,-0.5658294618284813,-0.015,1.7980295561168673e-05
0.05000000000000004,p0_m1,0,-0.19556461393127061,0.0,1.7980295561168673e-05
0.05000000000000004,p0_m2,0,0.19556456999114885,0.0,1.7980295561168673e-05
0.05000000000000004,p0_m3,0,-0.22249859766143212,0.0,1.7980295561168673e-05
0.05000000000000004,p1_m0,0,-0.2093621097660978,0.0,1.7980295561168673e-05
0.05000000000000004,p1_m1,0,0.1750518231870179,0.0,1.7980295561168673e-05
0.05000000000000004,p1_m2,0,-0.175051739925076,0.0,1.7980295561168673e-05
0.05000000000000004,p1_m3,0,0.20936208469800016,0.0,1.7980295561168673e-05
0.05000000000000004,p2_m0,0,-0.007519210223654752,0.0,1.7980295561168673e-05
0.05000000000000004,p2_m1,0,-0.18305402848313068,0.0,1.7980295561168673e-05
0.05000000000000004,p2_m2,0,0.18305409432506095,0.0,1.7980295561168673e-05
0.05000000000000004,p2_m3,0,0.007519163544527259,0.0,1.7980295561168673e-05
0.05000000000000004,p3_m0,0,0.18984726016829176,0.0,1.7980295561168673e-05
0.05000000000000004,p3_m1,0,0.020139912289316025,0.0,1.7980295561168673e-05
0.05000000000000004,p3_m2,0,-0.02014008501590078,0.0,1.7980295561168673e-05
0.05000000000000004,p3_m3,0,-10.160992113812393,0.0,1.7980295561168673e-05
0.060000000000000046,p0_m0,8,-0.5942887134362073,-0.015,2.042807242009326e-05
0.060000000000000046,p0_m1,0,-0.21959183964541523,0.0,2.042807242009326e-05
0.060000000000000046,p0_m2,0,0.21959178616017447,0.0,2.042807242009326e-05
0.060000000000000046,p0_m3,0,-0.21829895907633357,0.0,2.042807242009326e-05
0.060000000000000046,p1_m0,0,-0.2967390131548901,0.0,2.042807242009326e-05
0.060000000000000046,p1_m1,0,0.24809929238853248,0.0,2.042807242009326e-05
0.060000000000000046,p1_m2,0,-0.24809919281348042,0.0,2.042807242009326e-05
0.060000000000000046,p1_m3,0,0.29673897800106075,0.0,2.042807242009326e-05
0.060000000000000046,p2_m0,0,-0.04313756280453366,0.0,2.042807242009326e-05
0.060000000000000046,p2_m1,0,-0.20608707267482768,0.0,2.042807242009326e-05
0.060000000000000046,p2_m2,0,0.20608716403764124,0.0,2.042807242009326e-05
0.060000000000000046,p2_m3,0,0.043137499312632215,0.0,2.042807242009326e-05
0.060000000000000046,p3_m0,0,0.26056412593522776,0.0,2.042807242009326e-05
0.060000000000000046,p3_m1,0,-0.03569336813265504,0.0,2.042807242009326e-05
0.060000000000000046,p3_m2,0,0.03569315904314845,0.0,2.042807242009326e-05
0.060000000000000046,p3_m3,0,-9.685589719294267,0.0,2.042807242009326e-05
0.07000000000000005,p0_m0,8,-0.7335255893606774,-0.015,1.586474860540531e-05
0.07000000000000005,p0_m1,0,-0.23658481044561247,0.0,1.586474860540531e-05
0.07000000000000005,p0_m2,0,0.23658475302970092,0.0,1.586474860540531e-05
0.07000000000000005,p0_m3,0,-0.21788883708340775,0.0,1.586474860540531e-05
0.07000000000000005,p1_m0,0,-0.34333403407113916,0.0,1.586474860540531e-05
0.07000000000000005,p1_m1,0,0.28946321050991586,0.0,1.586474860540531e-05
0.07000000000000005,p1_m2,0,-0.28946310241349654,0.0,1.586474860540531e-05
0.07000000000000005,p1_m3,0,0.3433339948476333,0.0,1.586474860540531e-05
0.07000000000000005,p2_m0,0,-0.05867667438446878,0.0,1.586474860540531e-05
0.07000000000000005,p2_m1,0,-0.22265029843938644,0.0,1.586474860540531e-05
0.07000000000000005,p2_m2,0,0.2226504059560527,0.0,1.586474860540531e-05
0.07000000000000005,p2_m3,0,0.058676602222893136,0.0,1.586474860540531e-05
0.07000000000000005,p3_m0,0,0.30208116954275954,0.0,1.586474860540531e-05
0.07000000000000005,p3_m1,0,-0.0671937675136441,0.0,1.586474860540531e-05
0.07000000000000005,p3_m2,0,0.06719353679690387,0.0,1.586474860540531e-05
0.07000000000000005,p3_m3,0,-9.213114263021298,0.0,1.586474860540531e-05
0.08000000000000006,p0_m0,8,-0.5381527874907163,-0.01476439268544834,1.1842291982347178e-05
0.08000000000000006,p0_m1,0,-0.25094704146772806,0.0,1.1842291982347178e-05
0.08000000000000006,p0_m2,0,0.2509469829230153,0.0,1.1842291982347178e-05
0.08000000000000006,p0_m3,0,-0.21964062481947466,0.0,1.1842291982347178e-05
0.08000000000000006,p1_m0,0,-0.3710202475126681,0.0,1.1842291982347178e-05
0.08000000000000006,p1_m1,0,0.3164852789188531,0.0,1.1842291982347178e-05
0.08000000000000006,p1_m2,0,-0.3164851659873071,0.0,1.1842291982347178e-05
0.08000000000000006,p1_m3,0,0.37102020718991846,0.0,1.1842291982347178e-05
0.08000000000000006,p2_m0,0,-0.06470275900919853,0.0,1.1842291982347178e-05
0.08000000000000006,p2_m1,0,-0.23649988620940332,0.0,1.1842291982347178e-05
0.08000000000000006,p2_m2,0,0.23650000561776138,0.0,1.1842291982347178e-05
0.08000000000000006,p2_m3,0,0.06470268192069462,0.0,1.1842291982347178e-05
0.08000000000000006,p3_m0,0,0.3301138057079928,0.0,1.1842291982347178e-05
0.08000000000000006,p3_m1,0,-0.08719184316502945,0.0,1.1842291982347178e-05
0.08000000000000006,p3_m2,0,0.087191597527057,0.0,1.1842291982347178e-05
0.08000000000000006,p3_m3,0,-8.755320375096055,0.0,1.1842291982347178e-05
0.09000000000000007,p0_m0,8,-0.6511740663770981,-0.015,1.3485538788582928e-05
0.09000000000000007,p0_m1,0,-0.18538523501452606,0.0,1.3485538788582928e-05
0.09000000000000007,p0_m2,0,-1.273265407078398,0.0,1.3485538788582928e-05
0.09000000000000007,p0_m3,0,-0.09149655955451366,0.0,1.3485538788582928e-05
0.09000000000000007,p1_m0,0,-0.5586633541217805,0.0,1.3485538788582928e-05
0.09000000000000007,p1_m1,0,0.4144471392279099,0.0,1.3485538788582928e-05
0.09000000000000007,p1_m2,0,-0.41444704136284466,0.0,1.3485538788582928e-05
0.09000000000000007,p1_m3,0,0.5586632683527971,0.0,1.3485538788582928e-05
0.09000000000000007,p2_m0,0,-0.23429209353959138,0.0,1.3485538788582928e-05
0.09000000000000007,p2_m1,0,-0.1752588058537335,0.0,1.3485538788582928e-05
0.09000000000000007,p2_m2,0,0.1752589506538857,0.0,1.3485538788582928e-05
0.09000000000000007,p2_m3,0,0.23429198278781985,0.0,1.3485538788582928e-05
0.09000000000000007,p3_m0,0,0.43388729138457033,0.0,1.3485538788582928e-05
0.09000000000000007,p3_m1,0,-1.3271813286152554,0.0,1.3485538788582928e-05
0.09000000000000007,p3_m2,0,0.2337183455945453,0.0,1.3485538788582928e-05
0.09000000000000007,p3_m3,0,-8.399762068213917,0.0,1.3485538788582928e-05
0.10000000000000007,p0_m0,8,1.3890309156583878,0.015,5.390573427318909e-05
0.10000000000000007,p0_m1,0,0.26581809611365725,0.0,5.390573427318909e-05
0.10000000000000007,p0_m2,0,-8.06567227922032,0.0,5.390573427318909e-05
0.10000000000000007,p0_m3,0,0.3020981881413026,0.0,5.390573427318909e-05
0.10000000000000007,p1_m0,0,-1.4106039726072601,0.0,5.390573427318909e-05
0.10000000000000007,p1_m1,0,0.29514598006167075,0.0,5.390573427318909e-05
0.10000000000000007,p1_m2,0,-0.29514604803455025,0.0,5.390573427318909e-05
0.10000000000000007,p1_m3,0,0.7960965567625674,0.0,5.390573427318909e-05
0.10000000000000007,p2_m0,0,-0.7814017456387113,0.0,5.390573427318909e-05
0.10000000000000007,p2_m1,0,0.26933788440953843,0.0,5.390573427318909e-05
0.10000000000000007,p2_m2,0,-0.26933780720317674,0.0,5.390573427318909e-05
0.10000000000000007,p2_m3,0,0.7814015882286106,0.0,5.390573427318909e-05
0.10000000000000007,p3_m0,0,0.3012457382537477,0.0,5.390573427318909e-05
0.10000000000000007,p3_m1,0,-6.958697206372261,0.0,5.390573427318909e-05
0.10000000000000007,p3_m2,0,0.3172627219268801,0.0,5.390573427318909e-05
0.10000000000000007,p3_m3,0,-7.832832927717452,0.0,5.390573427318909e-05
0.11000000000000008,p0_m0,8,-1.7535853283650173,0.015,3.310496820988209e-05
0.11000000000000008,p0_m1,0,0.43571496647794367,0.0,3.310496820988209e-05
0.11000000000000008,p0_m2,0,-3.9687636096463343,0.0,3.310496820988209e-05
0.11000000000000008,p0_m3,0,0.46933627625246144,0.0,3.310496820988209e-05
0.11000000000000008,p1_m0,0,-3.2844948908791225,0.0,3.310496820988209e-05
0.11000000000000008,p1_m1,0,0.24170563692062777,0.0,3.310496820988209e-05
0.11000000000000008,p1_m2,0,-0.24170579912838258,0.0,3.310496820988209e-05
0.11000000000000008,p1_m3,0,0.8750155706791993,0.0,3.310496820988209e-05
0.11000000000000008,p2_m0,0,-0.9808703248472522,0.0,3.310496820988209e-05
0.11000000000000008,p2_m1,0,0.44138064703690466,0.0,3.310496820988209e-05
0.11000000000000008,p2_m2,0,-0.4413805742015747,0.0,3.310496820988209e-05
0.11000000000000008,p2_m3,0,0.980870163563563,0.0,3.310496820988209e-05
0.11000000000000008,p3_m0,0,0.24100902522544107,0.0,3.310496820988209e-05
0.11000000000000008,p3_m1,0,-13.055342857159545,0.0,3.310496820988209e-05
0.11000000000000008,p3_m2,0,0.3640194303164726,0.0,3.310496820988209e-05
0.11000000000000008,p3_m3,0,-7.361984697261002,0.0,3.310496820988209e-05
0.12000000000000009,p0_m0,8,-4.417308929244591,0.015,6.752865484292997e-06
0.12000000000000009,p0_m1,0,0.49658230435689543,0.0,6.752865484292997e-06
0.12000000000000009,p0_m2,0,-3.2316344682046303,0.0,6.752865484292997e-06
0.12000000000000009,p0_m3,0,0.6593561380296679,0.0,6.752865484292997e-06
0.12000000000000009,p1_m0,0,-3.18142826401399,0.0,6.752865484292997e-06
0.12000000000000009,p1_m1,0,0.1973725581254918,0.0,6.752865484292997e-06
0.12000000000000009,p1_m2,0,-0.197372776022378,0.0,6.752865484292997e-06
0.12000000000000009,p1_m3,0,0.8755376514100646,0.0,6.752865484292997e-06
0.12000000000000009,p2_m0,0,-1.0351040772433473,0.0,6.752865484292997e-06
0.12000000000000009,p2_m1,0,0.49917706774437737,0.0,6.752865484292997e-06
0.12000000000000009,p2_m2,0,-0.49917697792708865,0.0,6.752865484292997e-06
0.12000000000000009,p2_m3,0,1.0351039237464594,0.0,6.752865484292997e-06
0.12000000000000009,p3_m0,0,0.19376919228931797,0.0,6.752865484292997e-06
0.12000000000000009,p3_m1,0,-15.832583316097288,0.0,6.752865484292997e-06
0.12000000000000009,p3_m2,0,0.35820879682314616,0.0,6.752865484292997e-06
0.12000000000000009,p3_m3,0,-6.926519320178965,0.0,6.752865484292997e-06
0.1300000000000001,p0_m0,8,-1.4304815743575403,0.015,9.320621033212703e-06
0.1300000000000001,p0_m1,0,0.45788920839636665,0.0,9.320621033212703e-06
0.1300000000000001,p0_m2,0,-3.0465518948797143,0.0,9.320621033212703e-06
0.1300000000000001,p0_m3,0,2.123967493139181,0.0,9.320621033212703e-06
0.1300000000000001,p1_m0,0,-3.0583131019991145,0.0,9.320621033212703e-06
0.1300000000000001,p1_m1,0,0.1811714113464516,0.0,9.320621033212703e-06
0.1300000000000001,p1_m2,0,-0.1811716655341711,0.0,9.320621033212703e-06
0.1300000000000001,p1_m3,0,0.8783840837412813,0.0,9.320621033212703e-06
0.1300000000000001,p2_m0,0,-1.0548970478290578,0.0,9.320621033212703e-06
0.1300000000000001,p2_m1,0,0.5141748719128709,0.0,9.320621033212703e-06
0.1300000000000001,p2_m2,0,-0.5141747537222197,0.0,9.320621033212703e-06
0.1300000000000001,p2_m3,0,1.9623158679173418,0.0,9.320621033212703e-06
0.1300000000000001,p3_m0,0,0.8445549175714083,0.0,9.320621033212703e-06
0.1300000000000001,p3_m1,0,-13.223308632233207,0.0,9.320621033212703e-06
0.1300000000000001,p3_m2,0,0.23053692539850584,0.0,9.320621033212703e-06
0.1300000000000001,p3_m3,0,-6.482105386642872,0.0,9.320621033212703e-06
0.1400000000000001,p0_m0,8,5.105956667433142,0.007496691616982693,4.63329073008936e-05
0.1400000000000001,p0_m1,0,0.11622932320383342,0.0,4.63329073008936e-05
0.1400000000000001,p0_m2,0,-1.4054143247351802,0.0,4.63329073008936e-05
0.1400000000000001,p0_m3,0,0.3954748356849519,0.0,4.63329073008936e-05
0.1400000000000001,p1_m0,0,-1.6874362973334143,0.0,4.63329073008936e-05
0.1400000000000001,p1_m1,0,0.42555011111872604,0.0,4.63329073008936e-05
0.1400000000000001,p1_m2,0,-0.15194654129788193,0.0,4.63329073008936e-05
0.1400000000000001,p1_m3,0,-0.03157781720659681,0.0,4.63329073008936e-05
0.1400000000000001,p2_m0,0,-0.12166766988495772,0.0,4.63329073008936e-05
0.1400000000000001,p2_m1,0,0.12057134141416172,0.0,4.63329073008936e-05
0.1400000000000001,p2_m2,0,-0.040656487728985134,0.0,4.63329073008936e-05
0.1400000000000001,p2_m3,0,0.5085058878686827,0.0,4.63329073008936e-05
0.1400000000000001,p3_m0,0,0.7080950288055887,0.0,4.63329073008936e-05
0.1400000000000001,p3_m1,0,-6.402751212917304,0.0,4.63329073008936e-05
0.1400000000000001,p3_m2,0,0.9975390399559079,0.0,4.63329073008936e-05
0.1400000000000001,p3_m3,0,-3.745867734558387,0.0,4.63329073008936e-05
0.1500000000000001,p0_m0,8,3.885827349734948,0.012247472672650842,0.00010284679514618357
0.1500000000000001,p0_m1,0,-0.030575944839428763,0.0,0.00010284679514618357
0.1500000000000001,p0_m2,0,-0.804225098943357,0.0,0.00010284679514618357
0.1500000000000001,p0_m3,0,-0.4346401169249438,0.0,0.00010284679514618357
0.1500000000000001,p1_m0,0,-0.811466735942501,0.0,0.00010284679514618357
0.1500000000000001,p1_m1,0,-0.14368505403936202,0.0,0.00010284679514618357
0.1500000000000001,p1_m2,0,0.04387045143959445,0.0,0.00010284679514618357
0.1500000000000001,p1_m3,0,-1.1001641469711456,0.0,0.00010284679514618357
0.1500000000000001,p2_m0,0,1.4631415492825712,0.0,0.00010284679514618357
0.1500000000000001,p2_m1,0,-0.3789528933576971,0.0,0.00010284679514618357
0.1500000000000001,p2_m2,0,0.8283019048267236,0.0,0.00010284679514618357
0.1500000000000001,p2_m3,0,-0.5740845826271066,0.0,0.00010284679514618357
0.1500000000000001,p3_m0,0,0.5586856965624176,0.0,0.00010284679514618357
0.1500000000000001,p3_m1,0,-2.2681876644224297,0.0,0.00010284679514618357
0.1500000000000001,p3_m2,0,-0.07110910811086724,0.0,0.00010284679514618357
0.1500000000000001,p3_m3,0,-2.1486992046171407,0.0,0.00010284679514618357
0.16000000000000011,p0_m0,8,14.107577187800095,0.015,9.61623955930431e-05
0.16000000000000011,p0_m1,0,-0.03355412337416376,0.0,9.61623955930431e-05
0.16000000000000011,p0_m2,0,-0.6999163157139456,0.0,9.61623955930431e-05
0.16000000000000011,p0_m3,0,-0.9163722936999222,0.0,9.61623955930431e-05
0.16000000000000011,p1_m0,0,-0.6257912413885999,0.0,9.61623955930431e-05
0.16000000000000011,p1_m1,0,-0.5176437396474962,0.0,9.61623955930431e-05
0.16000000000000011,p1_m2,0,0.0837360570247395,0.0,9.61623955930431e-05
0.16000000000000011,p1_m3,0,-1.9933470488271292,0.0,9.61623955930431e-05
0.16000000000000011,p2_m0,0,2.39692726788443,0.0,9.61623955930431e-05
0.16000000000000011,p2_m1,0,-0.4392978393907061,0.0,9.61623955930431e-05
0.16000000000000011,p2_m2,0,1.0698243043545028,0.0,9.61623955930431e-05
0.16000000000000011,p2_m3,0,-0.7235901653405218,0.0,9.61623955930431e-05
0.16000000000000011,p3_m0,0,0.5162404905418224,0.0,9.61623955930431e-05
0.16000000000000011,p3_m1,0,-2.1231156310215993,0.0,9.61623955930431e-05
0.16000000000000011,p3_m2,0,-0.5587187782304842,0.0,9.61623955930431e-05
0.16000000000000011,p3_m3,0,-1.5835160900519565,0.0,9.61623955930431e-05
0.17000000000000012,p0_m0,8,14.059936532993756,0.015,6.734833880789724e-05
0.17000000000000012,p0_m1,0,0.0137660498620129,0.0,6.734833880789724e-05
0.17000000000000012,p0_m2,0,-0.6437421082937522,0.0,6.734833880789724e-05
0.17000000000000012,p0_m3,0,-1.082654374928632,0.0,6.734833880789724e-05
0.17000000000000012,p1_m0,0,-0.5566882738152814,0.0,6.734833880789724e-05
0.17000000000000012,p1_m1,0,-0.7038331068690357,0.0,6.734833880789724e-05
0.17000000000000012,p1_m2,0,0.13657752843075135,0.0,6.734833880789724e-05
0.17000000000000012,p1_m3,0,-2.051571357626205,0.0,6.734833880789724e-05
0.17000000000000012,p2_m0,0,2.1472340243626316,0.0,6.734833880789724e-05
0.17000000000000012,p2_m1,0,-0.4468161586881239,0.0,6.734833880789724e-05
0.17000000000000012,p2_m2,0,1.0695866285267892,0.0,6.734833880789724e-05
0.17000000000000012,p2_m3,0,-0.7266070704308133,0.0,6.734833880789724e-05
0.17000000000000012,p3_m0,0,0.40431083765589704,0.0,6.734833880789724e-05
0.17000000000000012,p3_m1,0,-1.9995558902684463,0.0,6.734833880789724e-05
0.17000000000000012,p3_m2,0,-0.6893132292714126,0.0,6.734833880789724e-05
0.17000000000000012,p3_m3,0,-1.0509909079314634,0.0,6.734833880789724e-05
0.18000000000000013,p0_m0,8,13.50188552337192,0.015,4.1647302588282274e-05
0.18000000000000013,p0_m1,0,-0.04892277819588427,0.0,4.1647302588282274e-05
0.18000000000000013,p0_m2,0,-0.6057016569084746,0.0,4.1647302588282274e-05
0.18000000000000013,p0_m3,0,-1.1681970848927365,0.0,4.1647302588282274e-05
0.18000000000000013,p1_m0,0,-0.5306704149751773,0.0,4.1647302588282274e-05
0.18000000000000013,p1_m1,0,-0.7835799744044176,0.0,4.1647302588282274e-05
0.18000000000000013,p1_m2,0,0.27458975580110445,0.0,4.1647302588282274e-05
0.18000000000000013,p1_m3,0,-1.9352286318354261,0.0,4.1647302588282274e-05
0.18000000000000013,p2_m0,0,2.0258712610312095,0.0,4.1647302588282274e-05
0.18000000000000013,p2_m1,0,-0.437874668085401,0.0,4.1647302588282274e-05
0.18000000000000013,p2_m2,0,0.9850013168393503,0.0,4.1647302588282274e-05
0.18000000000000013,p2_m3,0,-0.8230148473417598,0.0,4.1647302588282274e-05
0.18000000000000013,p3_m0,0,0.1064798493763719,0.0,4.1647302588282274e-05
0.18000000000000013,p3_m1,0,-1.8898251538550914,0.0,4.1647302588282274e-05
0.18000000000000013,p3_m2,0,-0.5494748509111814,0.0,4.1647302588282274e-05
0.18000000000000013,p3_m3,0,-0.5636310361582543,0.0,4.1647302588282274e-05
0.19000000000000014,p0_m0,8,13.332651090409026,0.015,2.422508866855124e-05
0.19000000000000014,p0_m1,0,-0.11316083846224044,0.0,2.422508866855124e-05
0.19000000000000014,p0_m2,0,-0.579292649791113,0.0,2.422508866855124e-05
0.19000000000000014,p0_m3,0,-1.0181435038054878,0.0,2.422508866855124e-05
0.19000000000000014,p1_m0,0,-0.5229353526800068,0.0,2.422508866855124e-05
0.19000000000000014,p1_m1,0,-0.699377653202325,0.0,2.422508866855124e-05
0.19000000000000014,p1_m2,0,0.3926508879504603,0.0,2.422508866855124e-05
0.19000000000000014,p1_m3,0,-1.6386444265986815,0.0,2.422508866855124e-05
0.19000000000000014,p2_m0,0,1.6977959312213766,0.0,2.422508866855124e-05
0.19000000000000014,p2_m1,0,-0.30296360187386573,0.0,2.422508866855124e-05
0.19000000000000014,p2_m2,0,0.7013750306145992,0.0,2.422508866855124e-05
0.19000000000000014,p2_m3,0,-0.6815158162124614,0.0,2.422508866855124e-05
0.19000000000000014,p3_m0,0,-0.0951075257000597,0.0,2.422508866855124e-05
0.19000000000000014,p3_m1,0,-1.7919747921209566,0.0,2.422508866855124e-05
0.19000000000000014,p3_m2,0,-0.45810485301520243,0.0,2.422508866855124e-05
0.19000000000000014,p3_m3,0,-0.28351573529573254,0.0,2.422508866855124e-05
0.20000000000000015,p0_m0,8,13.009608564109932,0.015,1.3329032129481466e-05
0.20000000000000015,p0_m1,0,-0.1329651307258004,0.0,1.3329032129481466e-05
0.20000000000000015,p0_m2,0,-0.5567222097962793,0.0,1.3329032129481466e-05
0.20000000000000015,p0_m3,0,-0.7877676150641458,0.0,1.3329032129481466e-05
0.20000000000000015,p1_m0,0,-0.5186397812890567,0.0,1.3329032129481466e-05
0.20000000000000015,p1_m1,0,-0.5435480726947304,0.0,1.3329032129481466e-05
0.20000000000000015,p1_m2,0,0.42166302194664107,0.0,1.3329032129481466e-05
0.20000000000000015,p1_m3,0,-0.9896311752904591,0.0,1.3329032129481466e-05
0.20000000000000015,p2_m0,0,0.9870248076585715,0.0,1.3329032129481466e-05
0.20000000000000015,p2_m1,0,-0.13378270075639018,0.0,1.3329032129481466e-05
0.20000000000000015,p2_m2,0,0.3926998302854805,0.0,1.3329032129481466e-05
0.20000000000000015,p2_m3,0,-0.47401510511909867,0.0,1.3329032129481466e-05
0.20000000000000015,p3_m0,0,-0.15300893851748967,0.0,1.3329032129481466e-05
0.20000000000000015,p3_m1,0,-1.701001937887508,0.0,1.3329032129481466e-05
0.20000000000000015,p3_m2,0,-0.39813039922233895,0.0,1.3329032129481466e-05
0.20000000000000015,p3_m3,0,-0.1292687059081338,0.0,1.3329032129481466e-05
0.21000000000000016,p0_m0,8,13.119513120975983,0.015,6.994375187287843e-06
0.21000000000000016,p0_m1,0,-0.10483565023108589,0.0,6.994375187287843e-06
0.21000000000000016,p0_m2,0,-0.5339907113113376,0.0,6.994375187287843e-06
0.21000000000000016,p0_m3,0,-0.5546630750728212,0.0,6.994375187287843e-06
0.21000000000000016,p1_m0,0,-0.5112845336633961,0.0,6.994375187287843e-06
0.21000000000000016,p1_m1,0,-0.37807084636932603,0.0,6.994375187287843e-06
0.21000000000000016,p1_m2,0,0.33367952133311884,0.0,6.994375187287843e-06
0.21000000000000016,p1_m3,0,-0.5765871496419824,0.0,6.994375187287843e-06
0.21000000000000016,p2_m0,0,0.5814705199685051,0.0,6.994375187287843e-06
0.21000000000000016,p2_m1,0,-0.06979145146368994,0.0,6.994375187287843e-06
0.21000000000000016,p2_m2,0,0.19892949486307127,0.0,6.994375187287843e-06
0.21000000000000016,p2_m3,0,-0.3151124214783146,0.0,6.994375187287843e-06
0.21000000000000016,p3_m0,0,-0.13488451560180828,0.0,6.994375187287843e-06
0.21000000000000016,p3_m1,0,-1.6141586810508308,0.0,6.994375187287843e-06
0.21000000000000016,p3_m2,0,-0.3281460423316874,0.0,6.994375187287843e-06
0.21000000000000016,p3_m3,0,-0.043648860830627155,0.0,6.994375187287843e-06
0.22000000000000017,p0_m0,8,12.86610712536847,0.015,3.547186755836089e-06
0.22000000000000017,p0_m1,0,-0.07493576080229487,0.0,3.547186755836089e-06
0.22000000000000017,p0_m2,0,-0.5105115338870885,0.0,3.547186755836089e-06
0.22000000000000017,p0_m3,0,-0.36747659183041914,0.0,3.547186755836089e-06
0.22000000000000017,p1_m0,0,-0.49958893093735685,0.0,3.547186755836089e-06
0.22000000000000017,p1_m1,0,-0.2489457872288753,0.0,3.547186755836089e-06
0.22000000000000017,p1_m2,0,0.23276632095798314,0.0,3.547186755836089e-06
0.22000000000000017,p1_m3,0,-0.3429772407646853,0.0,3.547186755836089e-06
0.22000000000000017,p2_m0,0,0.3659240014728306,0.0,3.547186755836089e-06
0.22000000000000017,p2_m1,0,-0.05422043719227147,0.0,3.547186755836089e-06
0.22000000000000017,p2_m2,0,0.1067066051081733,0.0,3.547186755836089e-06
0.22000000000000017,p2_m3,0,-0.21443811935105425,0.0,3.547186755836089e-06
0.22000000000000017,p3_m0,0,-0.09956005125462389,0.0,3.547186755836089e-06
0.22000000000000017,p3_m1,0,-1.5307089650577974,0.0,3.547186755836089e-06
0.22000000000000017,p3_m2,0,-0.23994228936377016,0.0,3.547186755836089e-06
0.22000000000000017,p3_m3,0,-0.004383711073259395,0.0,3.547186755836089e-06
0.23000000000000018,p0_m0,8,5.802056630197344,0.015,1.7535772959336348e-06
0.23000000000000018,p0_m1,0,-0.06510578544368349,0.0,1.7535772959336348e-06
0.23000000000000018,p0_m2,0,-0.4869255052465194,0.0,1.7535772959336348e-06
0.23000000000000018,p0_m3,0,-0.23752061101023905,0.0,1.7535772959336348e-06
0.23000000000000018,p1_m0,0,-0.259911878125783,0.0,1.7535772959336348e-06
0.23000000000000018,p1_m1,0,-0.14049246112135486,0.0,1.7535772959336348e-06
0.23000000000000018,p1_m2,0,0.13622794844490071,0.0,1.7535772959336348e-06
0.23000000000000018,p1_m3,0,-0.19253939704437692,0.0,1.7535772959336348e-06
0.23000000000000018,p2_m0,0,0.21718177032865352,0.0,1.7535772959336348e-06
0.23000000000000018,p2_m1,0,-0.06253163255395404,0.0,1.7535772959336348e-06
0.23000000000000018,p2_m2,0,0.08656709520341967,0.0,1.7535772959336348e-06
0.23000000000000018,p2_m3,0,-0.15213768440802317,0.0,1.7535772959336348e-06
0.23000000000000018,p3_m0,0,-0.05039062189225685,0.0,1.7535772959336348e-06
0.23000000000000018,p3_m1,0,-1.3397662296342114,0.0,1.7535772959336348e-06
0.23000000000000018,p3_m2,0,-0.15534093244888986,0.0,1.7535772959336348e-06
0.23000000000000018,p3_m3,0,-0.004920779518314003,0.0,1.7535772959336348e-06
0.24000000000000019,p0_m0,8,1.4890189496990462,0.015,8.938171499568678e-07
0.24000000000000019,p0_m1,0,-0.160472413716986,0.0,8.938171499568678e-07
0.24000000000000019,p0_m2,0,-0.46339175955389966,0.0,8.938171499568678e-07
0.24000000000000019,p0_m3,0,-0.32071736507057225,0.0,8.938171499568678e-07
0.24000000000000019,p1_m0,0,-0.1910126171146801,0.0,8.938171499568678e-07
0.24000000000000019,p1_m1,0,-0.026467259696920747,0.0,8.938171499568678e-07
0.24000000000000019,p1_m2,0,0.06724589467575985,0.0,8.938171499568678e-07
0.24000000000000019,p1_m3,0,-0.014159093852436577,0.0,8.938171499568678e-07
0.24000000000000019,p2_m0,0,0.07083140530459699,0.0,8.938171499568678e-07
0.24000000000000019,p2_m1,0,-0.05896569933527219,0.0,8.938171499568678e-07
0.24000000000000019,p2_m2,0,0.11123448818567976,0.0,8.938171499568678e-07
0.24000000000000019,p2_m3,0,-0.10586871719866735,0.0,8.938171499568678e-07
0.24000000000000019,p3_m0,0,0.06297548525608218,0.0,8.938171499568678e-07
0.24000000000000019,p3_m1,0,-0.3923316064330929,0.0,8.938171499568678e-07
0.24000000000000019,p3_m2,0,-0.08987179313505952,0.0,8.938171499568678e-07
0.24000000000000019,p3_m3,0,-0.14687376289927573,0.0,8.938171499568678e-07
0.25000000000000017,p0_m0,8,1.2852627637901006,0.015,4.7655933141015986e-07
0.25000000000000017,p0_m1,0,-0.17271568014921634,0.0,4.7655933141015986e-07
0.25000000000000017,p0_m2,0,-0.026433180152891853,0.0,4.7655933141015986e-07
0.25000000000000017,p0_m3,0,-0.2980148645948805,0.0,4.7655933141015986e-07
0.25000000000000017,p1_m0,0,-0.1658447892118554,0.0,4.7655933141015986e-07
0.25000000000000017,p1_m1,0,0.024079116982156753,0.0,4.7655933141015986e-07
0.25000000000000017,p1_m2,0,0.0076363309954822906,0.0,4.7655933141015986e-07
0.25000000000000017,p1_m3,0,0.04764050271020176,0.0,4.7655933141015986e-07
0.25000000000000017,p2_m0,0,0.020708658191933498,0.0,4.7655933141015986e-07
0.25000000000000017,p2_m1,0,-0.07660353930331142,0.0,4.7655933141015986e-07
0.25000000000000017,p2_m2,0,0.11111853863499954,0.0,4.7655933141015986e-07
0.25000000000000017,p2_m3,0,-0.07584005459482429,0.0,4.7655933141015986e-07
0.25000000000000017,p3_m0,0,0.1020730281266714,0.0,4.7655933141015986e-07
0.25000000000000017,p3_m1,0,-0.1160120487062962,0.0,4.7655933141015986e-07
0.25000000000000017,p3_m2,0,-0.04257949481728195,0.0,4.7655933141015986e-07
0.25000000000000017,p3_m3,0,-0.18059874030634165,0.0,4.7655933141015986e-07
0.2600000000000002,p0_m0,8,1.2600332236244065,0.015,2.8106292225645597e-07
0.2600000000000002,p0_m1,0,-0.17545340023956926,0.0,2.8106292225645597e-07
0.2600000000000002,p0_m2,0,0.11597545574090778,0.0,2.8106292225645597e-07
0.2600000000000002,p0_m3,0,-0.28077311425388285,0.0,2.8106292225645597e-07
0.2600000000000002,p1_m0,0,-0.16968818492226415,0.0,2.8106292225645597e-07
0.2600000000000002,p1_m1,0,0.0496422443334334,0.0,2.8106292225645597e-07
0.2600000000000002,p1_m2,0,-0.03020742533155732,0.0,2.8106292225645597e-07
0.2600000000000002,p1_m3,0,0.07929417426831745,0.0,2.8106292225645597e-07
0.2600000000000002,p2_m0,0,-0.005699136271153952,0.0,2.8106292225645597e-07
0.2600000000000002,p2_m1,0,-0.08614377314446708,0.0,2.8106292225645597e-07
0.2600000000000002,p2_m2,0,0.10532193322792685,0.0,2.8106292225645597e-07
0.2600000000000002,p2_m3,0,-0.05677410486825721,0.0,2.8106292225645597e-07
0.2600000000000002,p3_m0,0,0.12032993554177378,0.0,2.8106292225645597e-07
0.2600000000000002,p3_m1,0,-0.03760825439995457,0.0,2.8106292225645597e-07
0.2600000000000002,p3_m2,0,-0.013876200861792429,0.0,2.8106292225645597e-07
0.2600000000000002,p3_m3,0,-0.19696827981290566,0.0,2.8106292225645597e-07
0.2700000000000002,p0_m0,8,1.2500499107490928,0.015,1.7715908776564436e-07
0.2700000000000002,p0_m1,0,-0.17563886203768087,0.0,1.7715908776564436e-07
0.2700000000000002,p0_m2,0,0.1620457899602637,0.0,1.7715908776564436e-07
0.2700000000000002,p0_m3,0,-0.27022493636740774,0.0,1.7715908776564436e-07
0.2700000000000002,p1_m0,0,-0.17914621839695072,0.0,1.7715908776564436e-07
0.2700000000000002,p1_m1,0,0.06333833123651458,0.0,1.7715908776564436e-07
0.2700000000000002,p1_m2,0,-0.04996522033756261,0.0,1.7715908776564436e-07
0.2700000000000002,p1_m3,0,0.09722716425710363,0.0,1.7715908776564436e-07
0.2700000000000002,p2_m0,0,-0.021461364301861963,0.0,1.7715908776564436e-07
0.2700000000000002,p2_m1,0,-0.08608957469413323,0.0,1.7715908776564436e-07
0.2700000000000002,p2_m2,0,0.09930887140224434,0.0,1.7715908776564436e-07
0.2700000000000002,p2_m3,0,-0.043948069507644606,0.0,1.7715908776564436e-07
0.2700000000000002,p3_m0,0,0.12920699200559185,0.0,1.7715908776564436e-07
0.2700000000000002,p3_m1,0,-0.01806669635670632,0.0,1.7715908776564436e-07
0.2700000000000002,p3_m2,0,0.002648219308202707,0.0,1.7715908776564436e-07
0.2700000000000002,p3_m3,0,-0.20539720131119496,0.0,1.7715908776564436e-07
0.2800000000000002,p0_m0,8,1.243897013226926,0.015,1.1458527732135125e-07
0.2800000000000002,p0_m1,0,-0.17498028684018188,0.0,1.1458527732135125e-07
0.2800000000000002,p0_m2,0,0.17676383675678445,0.0,1.1458527732135125e-07
0.2800000000000002,p0_m3,0,-0.26355593583216547,0.0,1.1458527732135125e-07
0.2800000000000002,p1_m0,0,-0.18718460085934263,0.0,1.1458527732135125e-07
0.2800000000000002,p1_m1,0,0.07093963265873461,0.0,1.1458527732135125e-07
0.2800000000000002,p1_m2,0,-0.05968091254560664,0.0,1.1458527732135125e-07
0.2800000000000002,p1_m3,0,0.10768551659732564,0.0,1.1458527732135125e-07
0.2800000000000002,p2_m0,0,-0.03118568463059519,0.0,1.1458527732135125e-07
0.2800000000000002,p2_m1,0,-0.08328745316040206,0.0,1.1458527732135125e-07
0.2800000000000002,p2_m2,0,0.09444412539587983,0.0,1.1458527732135125e-07
0.2800000000000002,p2_m3,0,-0.035309030172527504,0.0,1.1458527732135125e-07
0.2800000000000002,p3_m0,0,0.1335448924876813,0.0,1.1458527732135125e-07
0.2800000000000002,p3_m1,0,-0.015302336241880087,0.0,1.1458527732135125e-07
0.2800000000000002,p3_m2,0,0.012244297317107713,0.0,1.1458527732135125e-07
0.2800000000000002,p3_m3,0,-0.209660358073005,0.0,1.1458527732135125e-07
0.2900000000000002,p0_m0,8,1.2395279889002229,0.015,7.966112424557709e-08
0.2900000000000002,p0_m1,0,-0.17415069208392497,0.0,7.966112424557709e-08
0.2900000000000002,p0_m2,0,0.18111519282273014,0.0,7.966112424557709e-08
0.2900000000000002,p0_m3,0,-0.25918083333652847,0.0,7.966112424557709e-08
0.2900000000000002,p1_m0,0,-0.19279865559447926,0.0,7.966112424557709e-08
0.2900000000000002,p1_m1,0,0.0752969778223953,0.0,7.966112424557709e-08
0.2900000000000002,p1_m2,0,-0.06491152301425616,0.0,7.966112424557709e-08
0.2900000000000002,p1_m3,0,0.11390943896906443,0.0,7.966112424557709e-08
0.2900000000000002,p2_m0,0,-0.03729217114783577,0.0,7.966112424557709e-08
0.2900000000000002,p2_m1,0,-0.08044012074236641,0.0,7.966112424557709e-08
0.2900000000000002,p2_m2,0,0.09084040769020808,0.0,7.966112424557709e-08
0.2900000000000002,p2_m3,0,-0.02952024302750245,0.0,7.966112424557709e-08
0.2900000000000002,p3_m0,0,0.1356839994497672,0.0,7.966112424557709e-08
0.2900000000000002,p3_m1,0,-0.016637085290406847,0.0,7.966112424557709e-08
0.2900000000000002,p3_m2,0,0.017972953949933854,0.0,7.966112424557709e-08
0.2900000000000002,p3_m3,0,-0.21180222038053803,0.0,7.966112424557709e-08
0.3000000000000002,p0_m0,8,1.2363249685320128,0.015,6.213690795674823e-08
0.3000000000000002,p0_m1,0,-0.17340130865006723,0.0,6.213690795674823e-08
0.3000000000000002,p0_m2,0,0.18212340113660538,0.0,6.213690795674823e-08
0.3000000000000002,p0_m3,0,-0.25624226771880987,0.0,6.213690795674823e-08
0.3000000000000002,p1_m0,0,-0.1964844236969049,0.0,6.213690795674823e-08
0.3000000000000002,p1_m1,0,0.07788318189037348,0.0,6.213690795674823e-08
0.3000000000000002,p1_m2,0,-0.06773446660920593,0.0,6.213690795674823e-08
0.3000000000000002,p1_m3,0,0.1177029964974421,0.0,6.213690795674823e-08
0.3000000000000002,p2_m0,0,-0.04119128897680286,0.0,6.213690795674823e-08
0.3000000000000002,p2_m1,0,-0.07817511246758971,0.0,6.213690795674823e-08
0.3000000000000002,p2_m2,0,0.08827719282430799,0.0,6.213690795674823e-08
0.3000000000000002,p2_m3,0,-0.025643139998172325,0.0,6.213690795674823e-08
0.3000000000000002,p3_m0,0,0.13675971422947703,0.0,6.213690795674823e-08
0.3000000000000002,p3_m1,0,-0.018489620669567632,0.0,6.213690795674823e-08
0.3000000000000002,p3_m2,0,0.0214981456412104,0.0,6.213690795674823e-08
0.3000000000000002,p3_m3,0,-0.2128837453922617,0.0,6.213690795674823e-08
0.3100000000000002,p0_m0,8,5.720470904452476,0.015,7.1471030473594e-08
0.3100000000000002,p0_m1,0,-0.09616250708981637,0.0,7.1471030473594e-08
0.3100000000000002,p0_m2,0,0.10113626191414089,0.0,7.1471030473594e-08
0.3100000000000002,p0_m3,0,-0.14176859396875932,0.0,7.1471030473594e-08
0.3100000000000002,p1_m0,0,-0.10059798430223658,0.0,7.1471030473594e-08
0.3100000000000002,p1_m1,0,0.03991042503290469,0.0,7.1471030473594e-08
0.3100000000000002,p1_m2,0,-0.034323805202657105,0.0,7.1471030473594e-08
0.3100000000000002,p1_m3,0,0.05771304442495133,0.0,7.1471030473594e-08
0.3100000000000002,p2_m0,0,-0.015438466906601625,0.0,7.1471030473594e-08
0.3100000000000002,p2_m1,0,-0.04628193672981304,0.0,7.1471030473594e-08
0.3100000000000002,p2_m2,0,0.051918892039506497,0.0,7.1471030473594e-08
0.3100000000000002,p2_m3,0,-0.021335155646873636,0.0,7.1471030473594e-08
0.3100000000000002,p3_m0,0,0.07469811037427335,0.0,7.1471030473594e-08
0.3100000000000002,p3_m1,0,-0.0097060994174241,0.0,7.1471030473594e-08
0.3100000000000002,p3_m2,0,0.012899511700950779,0.0,7.1471030473594e-08
0.3100000000000002,p3_m3,0,-0.11692858306259941,0.0,7.1471030473594e-08
0.32000000000000023,p0_m0,8,2.2053592927809023,0.015,5.0250930667966075e-08
0.32000000000000023,p0_m1,0,-0.13066621749538615,0.0,5.0250930667966075e-08
0.32000000000000023,p0_m2,0,0.13787911788979573,0.0,5.0250930667966075e-08
0.32000000000000023,p0_m3,0,-0.19204958106915002,0.0,5.0250930667966075e-08
0.32000000000000023,p1_m0,0,-0.14737531235767162,0.0,5.0250930667966075e-08
0.32000000000000023,p1_m1,0,0.059251666533895644,0.0,5.0250930667966075e-08
0.32000000000000023,p1_m2,0,-0.05178297283180562,0.0,5.0250930667966075e-08
0.32000000000000023,p1_m3,0,0.08905874057375156,0.0,5.0250930667966075e-08
0.32000000000000023,p2_m0,0,-0.03169328769668173,0.0,5.0250930667966075e-08
0.32000000000000023,p2_m1,0,-0.05805238296417241,0.0,5.0250930667966075e-08
0.32000000000000023,p2_m2,0,0.06556215134055368,0.0,5.0250930667966075e-08
0.32000000000000023,p2_m3,0,-0.017609702933921476,0.0,5.0250930667966075e-08
0.32000000000000023,p3_m0,0,0.10357463656162585,0.0,5.0250930667966075e-08
0.32000000000000023,p3_m1,0,-0.013838957309941842,0.0,5.0250930667966075e-08
0.32000000000000023,p3_m2,0,0.02186615248800024,0.0,5.0250930667966075e-08
0.32000000000000023,p3_m3,0,-0.16124898819495725,0.0,5.0250930667966075e-08
0.33000000000000024,p0_m0,0,0.30583876315644226,0.0,2.5955823294317788e-06
0.33000000000000024,p0_m1,8,1.5734817768568177,0.015,2.5955823294317788e-06
0.33000000000000024,p0_m2,0,-0.16993997174145695,0.0,2.5955823294317788e-06
0.33000000000000024,p0_m3,0,0.12473100843494857,0.0,2.5955823294317788e-06
0.33000000000000024,p1_m0,0,0.08041537473213575,0.0,2.5955823294317788e-06
0.33000000000000024,p1_m1,0,-0.07749731060312812,0.0,2.5955823294317788e-06
0.33000000000000024,p1_m2,0,0.0678165801999369,0.0,2.5955823294317788e-06
0.33000000000000024,p1_m3,0,-0.015055197668063385,0.0,2.5955823294317788e-06
0.33000000000000024,p2_m0,0,-0.05330102592189473,0.0,2.5955823294317788e-06
0.33000000000000024,p2_m1,0,0.06291315522248221,0.0,2.5955823294317788e-06
0.33000000000000024,p2_m2,0,-0.0725934211719061,0.0,2.5955823294317788e-06
0.33000000000000024,p2_m3,0,0.12193997713527793,0.0,2.5955823294317788e-06
0.33000000000000024,p3_m0,0,-0.13595108663880856,0.0,2.5955823294317788e-06
0.33000000000000024,p3_m1,0,0.13836069775390122,0.0,2.5955823294317788e-06
0.33000000000000024,p3_m2,0,-0.15482305541355929,0.0,2.5955823294317788e-06
0.33000000000000024,p3_m3,0,0.2120934140618644,0.0,2.5955823294317788e-06
0.34000000000000025,p0_m0,0,0.05472794627901995,0.0,5.058237194665275e-06
0.34000000000000025,p0_m1,8,1.91840496660972,0.015,5.058237194665275e-06
0.34000000000000025,p0_m2,0,-0.31291264499817273,0.0,5.058237194665275e-06
0.34000000000000025,p0_m3,0,0.2697747947057502,0.0,5.058237194665275e-06
0.34000000000000025,p1_m0,0,0.1777145404143727,0.0,5.058237194665275e-06
0.34000000000000025,p1_m1,0,-0.13902444721140195,0.0,5.058237194665275e-06
0.34000000000000025,p1_m2,0,0.12117645272960874,0.0,5.058237194665275e-06
0.34000000000000025,p1_m3,0,-0.05753882920884693,0.0,5.058237194665275e-06
0.34000000000000025,p2_m0,0,-0.06726453301657803,0.0,5.058237194665275e-06
0.34000000000000025,p2_m1,0,0.1171211482651397,0.0,5.058237194665275e-06
0.34000000000000025,p2_m2,0,-0.13496373814206392,0.0,5.058237194665275e-06
0.34000000000000025,p2_m3,0,0.1887349713726021,0.0,5.058237194665275e-06
0.34000000000000025,p3_m0,0,-0.24405895558446766,0.0,5.058237194665275e-06
0.34000000000000025,p3_m1,0,0.2125062868421397,0.0,5.058237194665275e-06
0.34000000000000025,p3_m2,0,-0.24712180703584852,0.0,5.058237194665275e-06
0.34000000000000025,p3_m3,0,0.38321916299947,0.0,5.058237194665275e-06
0.35000000000000026,p0_m0,0,-0.09812445028816646,0.0,5.928919771699791e-06
0.35000000000000026,p0_m1,8,2.1102494181221183,0.015,5.928919771699791e-06
0.35000000000000026,p0_m2,0,-0.37527173320675034,0.0,5.928919771699791e-06
0.35000000000000026,p0_m3,0,0.33516490786301945,0.0,5.928919771699791e-06
0.35000000000000026,p1_m0,0,0.2192507710854493,0.0,5.928919771699791e-06
0.35000000000000026,p1_m1,0,-0.16493381251067743,0.0,5.928919771699791e-06
0.35000000000000026,p1_m2,0,0.14347869623351045,0.0,5.928919771699791e-06
0.35000000000000026,p1_m3,0,-0.07376404919264393,0.0,5.928919771699791e-06
0.35000000000000026,p2_m0,0,-0.07493902881754967,0.0,5.928919771699791e-06
0.35000000000000026,p2_m1,0,0.14025864115900888,0.0,5.928919771699791e-06
0.35000000000000026,p2_m2,0,-0.16169575260536623,0.0,5.928919771699791e-06
0.35000000000000026,p2_m3,0,0.219219236962555,0.0,5.928919771699791e-06
0.35000000000000026,p3_m0,0,-0.289284810094216,0.0,5.928919771699791e-06
0.35000000000000026,p3_m1,0,0.24594754628006538,0.0,5.928919771699791e-06
0.35000000000000026,p3_m2,0,-0.28853521400350113,0.0,5.928919771699791e-06
0.35000000000000026,p3_m3,0,0.4563201645163717,0.0,5.928919771699791e-06
0.36000000000000026,p0_m0,0,-0.15581543946707144,0.0,6.198358557545448e-06
0.36000000000000026,p0_m1,8,2.1854803330000125,0.015,6.198358557545448e-06
0.36000000000000026,p0_m2,0,-0.403196530707536,0.0,6.198358557545448e-06
0.36000000000000026,p0_m3,0,0.36555956563330655,0.0,6.198358557545448e-06
0.36000000000000026,p1_m0,0,0.2371188212019365,0.0,6.198358557545448e-06
0.36000000000000026,p1_m1,0,-0.17599780130788217,0.0,6.198358557545448e-06
0.36000000000000026,p1_m2,0,0.15293763128755733,0.0,6.198358557545448e-06
0.36000000000000026,p1_m3,0,-0.07992137324468253,0.0,6.198358557545448e-06
0.36000000000000026,p2_m0,0,-0.07913136451491042,0.0,6.198358557545448e-06
0.36000000000000026,p2_m1,0,0.15046821677107908,0.0,6.198358557545448e-06
0.36000000000000026,p2_m2,0,-0.17350218942909146,0.0,6.198358557545448e-06
0.36000000000000026,p2_m3,0,0.23378045560975944,0.0,6.198358557545448e-06
0.36000000000000026,p3_m0,0,-0.3085566520370786,0.0,6.198358557545448e-06
0.36000000000000026,p3_m1,0,0.26052224329374163,0.0,6.198358557545448e-06
0.36000000000000026,p3_m2,0,-0.3064525415254489,0.0,6.198358557545448e-06
0.36000000000000026,p3_m3,0,0.48781550106089205,0.0,6.198358557545448e-06
0.3700000000000003,p0_m0,0,-0.17764036991386986,0.0,6.285900422463789e-06
0.3700000000000003,p0_m1,8,2.214108517886791,0.015,6.285900422463789e-06
0.3700000000000003,p0_m2,0,-0.41580959281549945,0.0,6.285900422463789e-06
0.3700000000000003,p0_m3,0,0.37980261868809956,0.0,6.285900422463789e-06
0.3700000000000003,p1_m0,0,0.2446263588367481,0.0,6.285900422463789e-06
0.3700000000000003,p1_m1,0,-0.18064097718119845,0.0,6.285900422463789e-06
0.3700000000000003,p1_m2,0,0.1568772981116811,0.0,6.285900422463789e-06
0.3700000000000003,p1_m3,0,-0.08210153006232852,0.0,6.285900422463789e-06
0.3700000000000003,p2_m0,0,-0.08141573718231465,0.0,6.285900422463789e-06
0.3700000000000003,p2_m1,0,0.1550253168263637,0.0,6.285900422463789e-06
0.3700000000000003,p2_m2,0,-0.17875990864991434,0.0,6.285900422463789e-06
0.3700000000000003,p2_m3,0,0.2409383013771977,0.0,6.285900422463789e-06
0.3700000000000003,p3_m0,0,-0.3165267826215245,0.0,6.285900422463789e-06
0.3700000000000003,p3_m1,0,0.26639270590466985,0.0,6.285900422463789e-06
0.3700000000000003,p3_m2,0,-0.3136956349095435,0.0,6.285900422463789e-06
0.3700000000000003,p3_m3,0,0.5010930725676978,0.0,6.285900422463789e-06
0.3800000000000003,p0_m0,0,-0.10828215602289933,0.0,5.0157625487948875e-06
0.3800000000000003,p0_m1,8,10.321089448722704,-7.10888755683623e-05,5.0157625487948875e-06
0.3800000000000003,p0_m2,0,-0.24221544882953164,0.0,5.0157625487948875e-06
0.3800000000000003,p0_m3,0,0.22522407411324005,0.0,5.0157625487948875e-06
0.3800000000000003,p1_m0,0,0.14142091399175488,0.0,5.0157625487948875e-06
0.3800000000000003,p1_m1,0,-0.10527183355345837,0.0,5.0157625487948875e-06
0.3800000000000003,p1_m2,0,0.09137414643066685,0.0,5.0157625487948875e-06
0.3800000000000003,p1_m3,0,-0.04814084423227517,0.0,5.0157625487948875e-06
0.3800000000000003,p2_m0,0,-0.04586847473779171,0.0,5.0157625487948875e-06
0.3800000000000003,p2_m1,0,0.08757652899703111,0.0,5.0157625487948875e-06
0.3800000000000003,p2_m2,0,-0.10145581680277209,0.0,5.0157625487948875e-06
0.3800000000000003,p2_m3,0,0.1373262959166121,0.0,5.0157625487948875e-06
0.3800000000000003,p3_m0,0,-0.1800603530878994,0.0,5.0157625487948875e-06
0.3800000000000003,p3_m1,0,0.15138787418231323,0.0,5.0157625487948875e-06
0.3800000000000003,p3_m2,0,-0.18057233055491093,0.0,5.0157625487948875e-06
0.3800000000000003,p3_m3,0,0.28709282894290283,0.0,5.0157625487948875e-06
0.3900000000000003,p0_m0,0,-0.05986215438337166,0.0,2.2148274300671093e-06
0.3900000000000003,p0_m1,8,4.930650317654319,0.008324255014718094,2.2148274300671093e-06
0.3900000000000003,p0_m2,0,-0.130563082782702,0.0,2.2148274300671093e-06
0.3900000000000003,p0_m3,0,0.11940079331688831,0.0,2.2148274300671093e-06
0.3900000000000003,p1_m0,0,0.07822962561263258,0.0,2.2148274300671093e-06
0.3900000000000003,p1_m1,0,-0.05686695554228377,0.0,2.2148274300671093e-06
0.3900000000000003,p1_m2,0,0.04941321542404217,0.0,2.2148274300671093e-06
0.3900000000000003,p1_m3,0,-0.025833579266913036,0.0,2.2148274300671093e-06
0.3900000000000003,p2_m0,0,-0.02430181384317878,0.0,2.2148274300671093e-06
0.3900000000000003,p2_m1,0,0.045964917577258936,0.0,2.2148274300671093e-06
0.3900000000000003,p2_m2,0,-0.05341183092544448,0.0,2.2148274300671093e-06
0.3900000000000003,p2_m3,0,0.07612076279047589,0.0,2.2148274300671093e-06
0.3900000000000003,p3_m0,0,-0.09450900167556917,0.0,2.2148274300671093e-06
0.3900000000000003,p3_m1,0,0.08149647885864147,0.0,2.2148274300671093e-06
0.3900000000000003,p3_m2,0,-0.09328397328102546,0.0,2.2148274300671093e-06
0.3900000000000003,p3_m3,0,0.15174085657925787,0.0,2.2148274300671093e-06
0.4000000000000003,p0_m0,0,-0.10445674870757789,0.0,3.051685352768358e-06
0.4000000000000003,p0_m1,8,3.0199901415359287,0.01464047383596442,3.051685352768358e-06
0.4000000000000003,p0_m2,0,-0.24185311775165982,0.0,3.051685352768358e-06
0.4000000000000003,p0_m3,0,0.2122567964907772,0.0,3.051685352768358e-06
0.4000000000000003,p1_m0,0,0.14353387526469197,0.0,3.051685352768358e-06
0.4000000000000003,p1_m1,0,-0.10610191223496233,0.0,3.051685352768358e-06
0.4000000000000003,p1_m2,0,0.09257818023246996,0.0,3.051685352768358e-06
0.4000000000000003,p1_m3,0,-0.048131820168553274,0.0,3.051685352768358e-06
0.4000000000000003,p2_m0,0,-0.04831895796487344,0.0,3.051685352768358e-06
0.4000000000000003,p2_m1,0,0.0918191380206764,0.0,3.051685352768358e-06
0.4000000000000003,p2_m2,0,-0.10534501384620135,0.0,3.051685352768358e-06
0.4000000000000003,p2_m3,0,0.14342543112415734,0.0,3.051685352768358e-06
0.4000000000000003,p3_m0,0,-0.1830404520238874,0.0,3.051685352768358e-06
0.4000000000000003,p3_m1,0,0.15034801700931422,0.0,3.051685352768358e-06
0.4000000000000003,p3_m2,0,-0.16484158621533213,0.0,3.051685352768358e-06
0.4000000000000003,p3_m3,0,0.2882130102289993,0.0,3.051685352768358e-06
0.4100000000000003,p0_m0,0,-0.15467904332614177,0.0,5.099822630145317e-06
0.4100000000000003,p0_m1,8,2.360255092099768,0.015,5.099822630145317e-06
0.4100000000000003,p0_m2,0,-0.34931846154607854,0.0,5.099822630145317e-06
0.4100000000000003,p0_m3,0,0.3159943850292044,0.0,5.099822630145317e-06
0.4100000000000003,p1_m0,0,0.20354019947814816,0.0,5.099822630145317e-06
0.4100000000000003,p1_m1,0,-0.15131221672033465,0.0,5.099822630145317e-06
0.4100000000000003,p1_m2,0,0.1315948124108316,0.0,5.099822630145317e-06
0.4100000000000003,p1_m3,0,-0.06837600730696887,0.0,5.099822630145317e-06
0.4100000000000003,p2_m0,0,-0.06956004985115476,0.0,5.099822630145317e-06
0.4100000000000003,p2_m1,0,0.13191443313089332,0.0,5.099822630145317e-06
0.4100000000000003,p2_m2,0,-0.15161613291611686,0.0,5.099822630145317e-06
0.4100000000000003,p2_m3,0,0.20367172389217236,0.0,5.099822630145317e-06
0.4100000000000003,p3_m0,0,-0.26535261388971265,0.0,5.099822630145317e-06
0.4100000000000003,p3_m1,0,0.21911529190681153,0.0,5.099822630145317e-06
0.4100000000000003,p3_m2,0,-0.25350533468106934,0.0,5.099822630145317e-06
0.4100000000000003,p3_m3,0,0.4190010703145357,0.0,5.099822630145317e-06
0.4200000000000003,p0_m0,0,-0.17577911533771548,0.0,5.972546774500064e-06
0.4200000000000003,p0_m1,8,2.257992167223286,0.015,5.972546774500064e-06
0.4200000000000003,p0_m2,0,-0.39280246805882113,0.0,5.972546774500064e-06
0.4200000000000003,p0_m3,0,0.3581766404619858,0.0,5.972546774500064e-06
0.4200000000000003,p1_m0,0,0.22891910629673498,0.0,5.972546774500064e-06
0.4200000000000003,p1_m1,0,-0.16942548733214094,0.0,5.972546774500064e-06
0.4200000000000003,p1_m2,0,0.14715849234057188,0.0,5.972546774500064e-06
0.4200000000000003,p1_m3,0,-0.07637504519770368,0.0,5.972546774500064e-06
0.4200000000000003,p2_m0,0,-0.0780488817040082,0.0,5.972546774500064e-06
0.4200000000000003,p2_m1,0,0.14768049479968662,0.0,5.972546774500064e-06
0.4200000000000003,p2_m2,0,-0.16992668442209533,0.0,5.972546774500064e-06
0.4200000000000003,p2_m3,0,0.22813957014113986,0.0,5.972546774500064e-06
0.4200000000000003,p3_m0,0,-0.29775587860225244,0.0,5.972546774500064e-06
0.4200000000000003,p3_m1,0,0.24735473256666007,0.0,5.972546774500064e-06
0.4200000000000003,p3_m2,0,-0.289939449198786,0.0,5.972546774500064e-06
0.4200000000000003,p3_m3,0,0.471214741398708,0.0,5.972546774500064e-06
0.4300000000000003,p0_m0,0,-0.17242365481138766,0.0,6.222983222044206e-06
0.4300000000000003,p0_m1,8,13.428075119630464,0.015,6.222983222044206e-06
0.4300000000000003,p0_m2,0,-0.38115972124516356,0.0,6.222983222044206e-06
0.4300000000000003,p0_m3,0,0.3491286374074685,0.0,6.222983222044206e-06
0.4300000000000003,p1_m0,0,0.2219941878415267,0.0,6.222983222044206e-06
0.4300000000000003,p1_m1,0,-0.1643158060198765,0.0,6.222983222044206e-06
0.4300000000000003,p1_m2,0,0.14271470260900534,0.0,6.222983222044206e-06
0.4300000000000003,p1_m3,0,-0.07401230042564169,0.0,6.222983222044206e-06
0.4300000000000003,p2_m0,0,-0.07541790164642442,0.0,6.222983222044206e-06
0.4300000000000003,p2_m1,0,0.1424856895395182,0.0,6.222983222044206e-06
0.4300000000000003,p2_m2,0,-0.16407074826191123,0.0,6.222983222044206e-06
0.4300000000000003,p2_m3,0,0.2206413827959891,0.0,6.222983222044206e-06
0.4300000000000003,p3_m0,0,-0.28731642177029837,0.0,6.222983222044206e-06
0.4300000000000003,p3_m1,0,0.23921117114560886,0.0,6.222983222044206e-06
0.4300000000000003,p3_m2,0,-0.28118001711324725,0.0,6.222983222044206e-06
0.4300000000000003,p3_m3,0,0.455258265249909,0.0,6.222983222044206e-06
0.44000000000000034,p0_m0,0,-0.059828915820595414,0.0,3.0354878581355585e-06
0.44000000000000034,p0_m1,8,7.025165367100388,0.0025353665528425767,3.0354878581355585e-06
0.44000000000000034,p0_m2,0,-0.12609745612609435,0.0,3.0354878581355585e-06
0.44000000000000034,p0_m3,0,0.11839929669836068,0.0,3.0354878581355585e-06
0.44000000000000034,p1_m0,0,0.0719052567509323,0.0,3.0354878581355585e-06
0.44000000000000034,p1_m1,0,-0.054282801663395996,0.0,3.0354878581355585e-06
0.44000000000000034,p1_m2,0,0.04709266938406024,0.0,3.0354878581355585e-06
0.44000000000000034,p1_m3,0,-0.024185746569354447,0.0,3.0354878581355585e-06
0.44000000000000034,p2_m0,0,-0.024000615398030917,0.0,3.0354878581355585e-06
0.44000000000000034,p2_m1,0,0.044504757186549324,0.0,3.0354878581355585e-06
0.44000000000000034,p2_m2,0,-0.051690950263708776,0.0,3.0354878581355585e-06
0.44000000000000034,p2_m3,0,0.07084388348545019,0.0,3.0354878581355585e-06
0.44000000000000034,p3_m0,0,-0.09002307637346278,0.0,3.0354878581355585e-06
0.44000000000000034,p3_m1,0,0.0746693788201506,0.0,3.0354878581355585e-06
0.44000000000000034,p3_m2,0,-0.08933756985700453,0.0,3.0354878581355585e-06
0.44000000000000034,p3_m3,0,0.14503946277863322,0.0,3.0354878581355585e-06
0.45000000000000034,p0_m0,0,-0.07777316470079845,0.0,2.278897127877719e-06
0.45000000000000034,p0_m1,8,3.550807250540728,0.012847898154348943,2.278897127877719e-06
0.45000000000000034,p0_m2,0,-0.17861404391849156,0.0,2.278897127877719e-06
0.45000000000000034,p0_m3,0,0.1536357200265614,0.0,2.278897127877719e-06
0.45000000000000034,p1_m0,0,0.10719919529080915,0.0,2.278897127877719e-06
0.45000000000000034,p1_m1,0,-0.07796997704022011,0.0,2.278897127877719e-06
0.45000000000000034,p1_m2,0,0.06801586943104182,0.0,2.278897127877719e-06
0.45000000000000034,p1_m3,0,-0.03467094040580225,0.0,2.278897127877719e-06
0.45000000000000034,p2_m0,0,-0.03618113314930855,0.0,2.278897127877719e-06
0.45000000000000034,p2_m1,0,0.0673919654088977,0.0,2.278897127877719e-06
0.45000000000000034,p2_m2,0,-0.07735107224204446,0.0,2.278897127877719e-06
0.45000000000000034,p2_m3,0,0.10813592909040376,0.0,2.278897127877719e-06
0.45000000000000034,p3_m0,0,-0.133074567974131,0.0,2.278897127877719e-06
0.45000000000000034,p3_m1,0,0.11140893510332862,0.0,2.278897127877719e-06
0.45000000000000034,p3_m2,0,-0.1170577474961217,0.0,2.278897127877719e-06
0.45000000000000034,p3_m3,0,0.21036170326501308,0.0,2.278897127877719e-06
0.46000000000000035,p0_m0,0,-0.1388484812238681,0.0,4.358434832057175e-06
0.46000000000000035,p0_m1,8,2.5023621448597124,0.015,4.358434832057175e-06
0.46000000000000035,p0_m2,0,-0.3147178105296833,0.0,4.358434832057175e-06
0.46000000000000035,p0_m3,0,0.28335041965905855,0.0,4.358434832057175e-06
0.46000000000000035,p1_m0,0,0.18310065888794808,0.0,4.358434832057175e-06
0.46000000000000035,p1_m1,0,-0.13632487460658974,0.0,4.358434832057175e-06
0.46000000000000035,p1_m2,0,0.11864817260041458,0.0,4.358434832057175e-06
0.46000000000000035,p1_m3,0,-0.061273280960626474,0.0,4.358434832057175e-06
0.46000000000000035,p2_m0,0,-0.06333836523000408,0.0,4.358434832057175e-06
0.46000000000000035,p2_m1,0,0.11953530291263344,0.0,4.358434832057175e-06
0.46000000000000035,p2_m2,0,-0.13721148934268898,0.0,4.358434832057175e-06
0.46000000000000035,p2_m3,0,0.18472391699615198,0.0,4.358434832057175e-06
0.46000000000000035,p3_m0,0,-0.23896961554314705,0.0,4.358434832057175e-06
0.46000000000000035,p3_m1,0,0.19612682719638708,0.0,4.358434832057175e-06
0.46000000000000035,p3_m2,0,-0.22381431983395786,0.0,4.358434832057175e-06
0.46000000000000035,p3_m3,0,0.37673447829596596,0.0,4.358434832057175e-06
0.47000000000000036,p0_m0,0,-0.1690942579377796,0.0,5.720939299608401e-06
0.47000000000000036,p0_m1,8,2.2816528434160523,0.015,5.720939299608401e-06
0.47000000000000036,p0_m2,0,-0.3784057457229498,0.0,5.720939299608401e-06
0.47000000000000036,p0_m3,0,0.34426806620058426,0.0,5.720939299608401e-06
0.47000000000000036,p1_m0,0,0.2199314535989137,0.0,5.720939299608401e-06
0.47000000000000036,p1_m1,0,-0.16308722749101415,0.0,5.720939299608401e-06
0.47000000000000036,p1_m2,0,0.14169766756426205,0.0,5.720939299608401e-06
0.47000000000000036,p1_m3,0,-0.07330827187503947,0.0,5.720939299608401e-06
0.47000000000000036,p2_m0,0,-0.07563578658338511,0.0,5.720939299608401e-06
0.47000000000000036,p2_m1,0,0.14277527226117645,0.0,5.720939299608401e-06
0.47000000000000036,p2_m2,0,-0.16416287527510406,0.0,5.720939299608401e-06
0.47000000000000036,p2_m3,0,0.2201903752598193,0.0,5.720939299608401e-06
0.47000000000000036,p3_m0,0,-0.2869909909360542,0.0,5.720939299608401e-06
0.47000000000000036,p3_m1,0,0.23755847571211608,0.0,5.720939299608401e-06
0.47000000000000036,p3_m2,0,-0.2774754173327181,0.0,5.720939299608401e-06
0.47000000000000036,p3_m3,0,0.45381288430423883,0.0,5.720939299608401e-06
0.48000000000000037,p0_m0,0,-0.1822226823408873,0.0,6.160550666071133e-06
0.48000000000000037,p0_m1,8,2.2415306772716335,0.015,6.160550666071133e-06
0.48000000000000037,p0_m2,0,-0.40527772579469196,0.0,6.160550666071133e-06
0.48000000000000037,p0_m3,0,0.3708921311461397,0.0,6.160550666071133e-06
0.48000000000000037,p1_m0,0,0.23593846255744075,0.0,6.160550666071133e-06
0.48000000000000037,p1_m1,0,-0.1743340476184608,0.0,6.160550666071133e-06
0.48000000000000037,p1_m2,0,0.15135661245961524,0.0,6.160550666071133e-06
0.48000000000000037,p1_m3,0,-0.07827657678681207,0.0,6.160550666071133e-06
0.48000000000000037,p2_m0,0,-0.08078350974845293,0.0,6.160550666071133e-06
0.48000000000000037,p2_m1,0,0.15230003819209964,0.0,6.160550666071133e-06
0.48000000000000037,p2_m2,0,-0.17528049935645443,0.0,6.160550666071133e-06
0.48000000000000037,p2_m3,0,0.23562210302294462,0.0,6.160550666071133e-06
0.48000000000000037,p3_m0,0,-0.306761280411773,0.0,6.160550666071133e-06
0.48000000000000037,p3_m1,0,0.2551818180500883,0.0,6.160550666071133e-06
0.48000000000000037,p3_m2,0,-0.2998628214267586,0.0,6.160550666071133e-06
0.48000000000000037,p3_m3,0,0.4858217203171203,0.0,6.160550666071133e-06
0.4900000000000004,p0_m0,0,-0.13646003853694785,0.0,4.993385920979066e-06
0.4900000000000004,p0_m1,8,3.804760599253485,0.010775671938837971,4.993385920979066e-06
0.4900000000000004,p0_m2,0,-0.30428489157224975,0.0,4.993385920979066e-06
0.4900000000000004,p0_m3,0,0.27325058575518824,0.0,4.993385920979066e-06
0.4900000000000004,p1_m0,0,0.17765869369613893,0.0,4.993385920979066e-06
0.4900000000000004,p1_m1,0,-0.13208288422507478,0.0,4.993385920979066e-06
0.4900000000000004,p1_m2,0,0.11495568007010745,0.0,4.993385920979066e-06
0.4900000000000004,p1_m3,0,-0.059288137590519825,0.0,4.993385920979066e-06
0.4900000000000004,p2_m0,0,-0.060780913851507835,0.0,4.993385920979066e-06
0.4900000000000004,p2_m1,0,0.1142598426374575,0.0,4.993385920979066e-06
0.4900000000000004,p2_m2,0,-0.13139965262232833,0.0,4.993385920979066e-06
0.4900000000000004,p2_m3,0,0.1777883768928509,0.0,4.993385920979066e-06
0.4900000000000004,p3_m0,0,-0.2278370031129569,0.0,4.993385920979066e-06
0.4900000000000004,p3_m1,0,0.18886598360136184,0.0,4.993385920979066e-06
0.4900000000000004,p3_m2,0,-0.2142745622749339,0.0,4.993385920979066e-06
0.4900000000000004,p3_m3,0,0.36062721094150463,0.0,4.993385920979066e-06
0.5000000000000003,p0_m0,0,-0.1558067562450072,0.0,4.88073689844292e-06
0.5000000000000003,p0_m1,8,2.775516433518811,0.015,4.88073689844292e-06
0.5000000000000003,p0_m2,0,-0.35044720876506885,0.0,4.88073689844292e-06
0.5000000000000003,p0_m3,0,0.3174614036479884,0.0,4.88073689844292e-06
0.5000000000000003,p1_m0,0,0.20308600937210436,0.0,4.88073689844292e-06
0.5000000000000003,p1_m1,0,-0.15187519928850857,0.0,4.88073689844292e-06
0.5000000000000003,p1_m2,0,0.1321340101071738,0.0,4.88073689844292e-06
0.5000000000000003,p1_m3,0,-0.0683243012096412,0.0,4.88073689844292e-06
0.5000000000000003,p2_m0,0,-0.07024237145191212,0.0,4.88073689844292e-06
0.5000000000000003,p2_m1,0,0.13254044049629785,0.0,4.88073689844292e-06
0.5000000000000003,p2_m2,0,-0.15229997642138518,0.0,4.88073689844292e-06
0.5000000000000003,p2_m3,0,0.2043371510605969,0.0,4.88073689844292e-06
0.5000000000000003,p3_m0,0,-0.26469998994942434,0.0,4.88073689844292e-06
0.5000000000000003,p3_m1,0,0.21692176162133098,0.0,4.88073689844292e-06
0.5000000000000003,p3_m2,0,-0.24864667211051547,0.0,4.88073689844292e-06
0.5000000000000003,p3_m3,0,0.4181097137801469,0.0,4.88073689844292e-06
0.5100000000000003,p0_m0,0,-0.09481903058321016,0.0,4.864834192040762e-06
0.5100000000000003,p0_m1,8,8.970889267123322,-0.001447029199672082,4.864834192040762e-06
0.5100000000000003,p0_m2,0,-0.20767684856309787,0.0,4.864834192040762e-06
0.5100000000000003,p0_m3,0,0.19157001435355417,0.0,4.864834192040762e-06
0.5100000000000003,p1_m0,0,0.11835600752919023,0.0,4.864834192040762e-06
0.5100000000000003,p1_m1,0,-0.08961039549898166,0.0,4.864834192040762e-06
0.5100000000000003,p1_m2,0,0.0778181399212938,0.0,4.864834192040762e-06
0.5100000000000003,p1_m3,0,-0.040080640191037395,0.0,4.864834192040762e-06
0.5100000000000003,p2_m0,0,-0.04099753632455193,0.0,4.864834192040762e-06
0.5100000000000003,p2_m1,0,0.07669152159769464,0.0,4.864834192040762e-06
0.5100000000000003,p2_m2,0,-0.08849961980617795,0.0,4.864834192040762e-06
0.5100000000000003,p2_m3,0,0.11834984034239264,0.0,4.864834192040762e-06
0.5100000000000003,p3_m0,0,-0.1538221406798707,0.0,4.864834192040762e-06
0.5100000000000003,p3_m1,0,0.12599180601572324,0.0,4.864834192040762e-06
0.5100000000000003,p3_m2,0,-0.14902627452817727,0.0,4.864834192040762e-06
0.5100000000000003,p3_m3,0,0.2447896526879734,0.0,4.864834192040762e-06
0.5200000000000004,p0_m0,0,-0.06412956152619087,0.0,2.5417168870161607e-06
0.5200000000000004,p0_m1,8,4.564944628202555,0.009498542209699002,2.5417168870161607e-06
0.5200000000000004,p0_m2,0,-0.13873684341738415,0.0,2.5417168870161607e-06
0.5200000000000004,p0_m3,0,0.12403790330268838,0.0,2.5417168870161607e-06
0.5200000000000004,p1_m0,0,0.08222360279066804,0.0,2.5417168870161607e-06
0.5200000000000004,p1_m1,0,-0.05968615738628284,0.0,2.5417168870161607e-06
0.5200000000000004,p1_m2,0,0.051869971236078206,0.0,2.5417168870161607e-06
0.5200000000000004,p1_m3,0,-0.026239025638813387,0.0,2.5417168870161607e-06
0.5200000000000004,p2_m0,0,-0.027415289693310235,0.0,2.5417168870161607e-06
0.5200000000000004,p2_m1,0,0.05039039830758195,0.0,2.5417168870161607e-06
0.5200000000000004,p2_m2,0,-0.05821486905344739,0.0,2.5417168870161607e-06
0.5200000000000004,p2_m3,0,0.08311424106141004,0.0,2.5417168870161607e-06
0.5200000000000004,p3_m0,0,-0.10074405810164518,0.0,2.5417168870161607e-06
0.5200000000000004,p3_m1,0,0.08591722473163028,0.0,2.5417168870161607e-06
0.5200000000000004,p3_m2,0,-0.0948635412932846,0.0,2.5417168870161607e-06
0.5200000000000004,p3_m3,0,0.16104530215235752,0.0,2.5417168870161607e-06
0.5300000000000004,p0_m0,0,-0.1139008574895155,0.0,3.499431631256164e-06
0.5300000000000004,p0_m1,8,2.9216659808554595,0.014983796123906224,3.499431631256164e-06
0.5300000000000004,p0_m2,0,-0.26069521884133307,0.0,3.499431631256164e-06
0.5300000000000004,p0_m3,0,0.23072402074136913,0.0,3.499431631256164e-06
0.5300000000000004,p1_m0,0,0.15281816755444144,0.0,3.499431631256164e-06
0.5300000000000004,p1_m1,0,-0.11349748695402011,0.0,3.499431631256164e-06
0.5300000000000004,p1_m2,0,0.09894967680593329,0.0,3.499431631256164e-06
0.5300000000000004,p1_m3,0,-0.05089176101294797,0.0,3.499431631256164e-06
0.5300000000000004,p2_m0,0,-0.052861881926673196,0.0,3.499431631256164e-06
0.5300000000000004,p2_m1,0,0.09945958869254878,0.0,3.499431631256164e-06
0.5300000000000004,p2_m2,0,-0.1140232772745536,0.0,3.499431631256164e-06
0.5300000000000004,p2_m3,0,0.1546500158299254,0.0,3.499431631256164e-06
0.5300000000000004,p3_m0,0,-0.19719453827933908,0.0,3.499431631256164e-06
0.5300000000000004,p3_m1,0,0.16112503027342143,0.0,3.499431631256164e-06
0.5300000000000004,p3_m2,0,-0.1783997464440222,0.0,3.499431631256164e-06
0.5300000000000004,p3_m3,0,0.31052308953425806,0.0,3.499431631256164e-06
0.5400000000000004,p0_m0,0,-0.1589335359070789,0.0,5.3172190066111065e-06
0.5400000000000004,p0_m1,8,2.3394485429686,0.015,5.3172190066111065e-06
0.5400000000000004,p0_m2,0,-0.3571219943821005,0.0,5.3172190066111065e-06
0.5400000000000004,p0_m3,0,0.3237029106655606,0.0,5.3172190066111065e-06
0.5400000000000004,p1_m0,0,0.20725656031908632,0.0,5.3172190066111065e-06
0.5400000000000004,p1_m1,0,-0.15413084228049412,0.0,5.3172190066111065e-06
0.5400000000000004,p1_m2,0,0.13401149891317415,0.0,5.3172190066111065e-06
0.5400000000000004,p1_m3,0,-0.06920316223003294,0.0,5.3172190066111065e-06
0.5400000000000004,p2_m0,0,-0.07163450335651858,0.0,5.3172190066111065e-06
0.5400000000000004,p2_m1,0,0.13506453019207498,0.0,5.3172190066111065e-06
0.5400000000000004,p2_m2,0,-0.15521115638371985,0.0,5.3172190066111065e-06
0.5400000000000004,p2_m3,0,0.20853194605888983,0.0,5.3172190066111065e-06
0.5400000000000004,p3_m0,0,-0.27076556478348013,0.0,5.3172190066111065e-06
0.5400000000000004,p3_m1,0,0.22347295036596224,0.0,5.3172190066111065e-06
0.5400000000000004,p3_m2,0,-0.25909074800877524,0.0,5.3172190066111065e-06
0.5400000000000004,p3_m3,0,0.4279227638157869,0.0,5.3172190066111065e-06
0.5500000000000004,p0_m0,0,-0.17774757102401792,0.0,6.039581855375237e-06
0.5500000000000004,p0_m1,8,2.2543688428811977,0.015,6.039581855375237e-06
0.5500000000000004,p0_m2,0,-0.39614716170232095,0.0,6.039581855375237e-06
0.5500000000000004,p0_m3,0,0.36172639783432753,0.0,6.039581855375237e-06
0.5500000000000004,p1_m0,0,0.2302936441926323,0.0,6.039581855375237e-06
0.5500000000000004,p1_m1,0,-0.1704901918368498,0.0,6.039581855375237e-06
0.5500000000000004,p1_m2,0,0.14807688667397373,0.0,6.039581855375237e-06
0.5500000000000004,p1_m3,0,-0.07650701666888006,0.0,6.039581855375237e-06
0.5500000000000004,p2_m0,0,-0.07911161849100036,0.0,6.039581855375237e-06
0.5500000000000004,p2_m1,0,0.14906281610764982,0.0,6.039581855375237e-06
0.5500000000000004,p2_m2,0,-0.17151408831072004,0.0,6.039581855375237e-06
0.5500000000000004,p2_m3,0,0.23047162085103037,0.0,6.039581855375237e-06
0.5500000000000004,p3_m0,0,-0.2999081291380608,0.0,6.039581855375237e-06
0.5500000000000004,p3_m1,0,0.24910176784494786,0.0,6.039581855375237e-06
0.5500000000000004,p3_m2,0,-0.2920829571898916,0.0,6.039581855375237e-06
0.5500000000000004,p3_m3,0,0.4748599801793339,0.0,6.039581855375237e-06
0.5600000000000004,p0_m0,0,-0.15847681780546388,0.0,6.044405966226084e-06
0.5600000000000004,p0_m1,8,0.18053920263213288,-0.015,6.044405966226084e-06
0.5600000000000004,p0_m2,0,-0.3474666616518661,0.0,6.044405966226084e-06
0.5600000000000004,p0_m3,0,0.3190598364864408,0.0,6.044405966226084e-06
0.5600000000000004,p1_m0,0,0.2016315654227895,0.0,6.044405966226084e-06
0.5600000000000004,p1_m1,0,-0.1495736928067449,0.0,6.044405966226084e-06
0.5600000000000004,p1_m2,0,0.12994155921850248,0.0,6.044405966226084e-06
0.5600000000000004,p1_m3,0,-0.06715341636478887,0.0,6.044405966226084e-06
0.5600000000000004,p2_m0,0,-0.06865634991725397,0.0,6.044405966226084e-06
0.5600000000000004,p2_m1,0,0.12921132067570723,0.0,6.044405966226084e-06
0.5600000000000004,p2_m2,0,-0.14888413358879266,0.0,6.044405966226084e-06
0.5600000000000004,p2_m3,0,0.20077105589289793,0.0,6.044405966226084e-06
0.5600000000000004,p3_m0,0,-0.26028670157654504,0.0,6.044405966226084e-06
0.5600000000000004,p3_m1,0,0.21674597201753204,0.0,6.044405966226084e-06
0.5600000000000004,p3_m2,0,-0.254706868768703,0.0,6.044405966226084e-06
0.5600000000000004,p3_m3,0,0.41303676510890824,0.0,6.044405966226084e-06
0.5700000000000004,p0_m0,0,-0.05882992614066668,0.0,2.7426379074665883e-06
0.5700000000000004,p0_m1,8,5.826612220731716,0.0035939220215207676,2.7426379074665883e-06
0.5700000000000004,p0_m2,0,-0.12321508876754278,0.0,2.7426379074665883e-06
0.5700000000000004,p0_m3,0,0.1155480957760986,0.0,2.7426379074665883e-06
0.5700000000000004,p1_m0,0,0.07040752682438009,0.0,2.7426379074665883e-06
0.5700000000000004,p1_m1,0,-0.052821244591373835,0.0,2.7426379074665883e-06
0.5700000000000004,p1_m2,0,0.04582271294502939,0.0,2.7426379074665883e-06
0.5700000000000004,p1_m3,0,-0.023312073898256135,0.0,2.7426379074665883e-06
0.5700000000000004,p2_m0,0,-0.023644524559982703,0.0,2.7426379074665883e-06
0.5700000000000004,p2_m1,0,0.04345417865417534,0.0,2.7426379074665883e-06
0.5700000000000004,p2_m2,0,-0.0504670382761643,0.0,2.7426379074665883e-06
0.5700000000000004,p2_m3,0,0.06999598776958631,0.0,2.7426379074665883e-06
0.5700000000000004,p3_m0,0,-0.08758113353802804,0.0,2.7426379074665883e-06
0.5700000000000004,p3_m1,0,0.0729758873241213,0.0,2.7426379074665883e-06
0.5700000000000004,p3_m2,0,-0.08654726310668656,0.0,2.7426379074665883e-06
0.5700000000000004,p3_m3,0,0.1412703296716718,0.0,2.7426379074665883e-06
0.5800000000000004,p0_m0,0,-0.08457361157526279,0.0,2.439727557297457e-06
0.5800000000000004,p0_m1,8,3.378560449449595,0.013394890571991874,2.439727557297457e-06
0.5800000000000004,p0_m2,0,-0.19460297151983463,0.0,2.439727557297457e-06
0.5800000000000004,p0_m3,0,0.16798323467529722,0.0,2.439727557297457e-06
0.5800000000000004,p1_m0,0,0.1161417969423244,0.0,2.439727557297457e-06
0.5800000000000004,p1_m1,0,-0.08495588145209042,0.0,2.439727557297457e-06
0.5800000000000004,p1_m2,0,0.07413193927561923,0.0,2.439727557297457e-06
0.5800000000000004,p1_m3,0,-0.037783015346222706,0.0,2.439727557297457e-06
0.5800000000000004,p2_m0,0,-0.03964881672560537,0.0,2.439727557297457e-06
0.5800000000000004,p2_m1,0,0.0739115764605275,0.0,2.439727557297457e-06
0.5800000000000004,p2_m2,0,-0.08474839634009881,0.0,2.439727557297457e-06
0.5800000000000004,p2_m3,0,0.11747705778444535,0.0,2.439727557297457e-06
0.5800000000000004,p3_m0,0,-0.14557115028072928,0.0,2.439727557297457e-06
0.5800000000000004,p3_m1,0,0.12072755671533611,0.0,2.439727557297457e-06
0.5800000000000004,p3_m2,0,-0.12791885667565936,0.0,2.439727557297457e-06
0.5800000000000004,p3_m3,0,0.22974377000974397,0.0,2.439727557297457e-06
0.5900000000000004,p0_m0,0,-0.1437813359860072,0.0,4.576978999238361e-06
0.5900000000000004,p0_m1,8,2.452800528320006,0.015,4.576978999238361e-06
0.5900000000000004,p0_m2,0,-0.3252145953288826,0.0,4.576978999238361e-06
0.5900000000000004,p0_m3,0,0.2933684718591808,0.0,4.576978999238361e-06
0.5900000000000004,p1_m0,0,0.18885996827763493,0.0,4.576978999238361e-06
0.5900000000000004,p1_m1,0,-0.14066430540946928,0.0,4.576978999238361e-06
0.5900000000000004,p1_m2,0,0.12240219510171345,0.0,4.576978999238361e-06
0.5900000000000004,p1_m3,0,-0.06309435865093506,0.0,4.576978999238361e-06
0.5900000000000004,p2_m0,0,-0.06553869821230834,0.0,4.576978999238361e-06
0.5900000000000004,p2_m1,0,0.12344663298798852,0.0,4.576978999238361e-06
0.5900000000000004,p2_m2,0,-0.14174697517381069,0.0,4.576978999238361e-06
0.5900000000000004,p2_m3,0,0.19078026139996562,0.0,4.576978999238361e-06
0.5900000000000004,p3_m0,0,-0.24687630040834543,0.0,4.576978999238361e-06
0.5900000000000004,p3_m1,0,0.20291139208240314,0.0,4.576978999238361e-06
0.5900000000000004,p3_m2,0,-0.23253212504049064,0.0,4.576978999238361e-06
0.5900000000000004,p3_m3,0,0.3894483733122871,0.0,4.576978999238361e-06
0.6000000000000004,p0_m0,0,-0.17111809564046462,0.0,5.800089470735276e-06
0.6000000000000004,p0_m1,8,2.274140954755344,0.015,5.800089470735276e-06
0.6000000000000004,p0_m2,0,-0.382674450324973,0.0,5.800089470735276e-06
0.6000000000000004,p0_m3,0,0.3484402762367631,0.0,5.800089470735276e-06
0.6000000000000004,p1_m0,0,0.22223871401389314,0.0,5.800089470735276e-06
0.6000000000000004,p1_m1,0,-0.16481298137923983,0.0,5.800089470735276e-06
0.6000000000000004,p1_m2,0,0.14320309326772993,0.0,5.800089470735276e-06
0.6000000000000004,p1_m3,0,-0.07394489742109382,0.0,5.800089470735276e-06
0.6000000000000004,p2_m0,0,-0.07661653180501851,0.0,5.800089470735276e-06
0.6000000000000004,p2_m1,0,0.14434446881153493,0.0,5.800089470735276e-06
0.6000000000000004,p2_m2,0,-0.16601137414771325,0.0,5.800089470735276e-06
0.6000000000000004,p2_m3,0,0.2229295467059586,0.0,5.800089470735276e-06
0.6000000000000004,p3_m0,0,-0.2902363403867054,0.0,5.800089470735276e-06
0.6000000000000004,p3_m1,0,0.2404528222139629,0.0,5.800089470735276e-06
0.6000000000000004,p3_m2,0,-0.28108254440505304,0.0,5.800089470735276e-06
0.6000000000000004,p3_m3,0,0.4589729467155116,0.0,5.800089470735276e-06
0.6100000000000004,p0_m0,0,-0.18306476032612484,0.0,6.1834005356387356e-06
0.6100000000000004,p0_m1,8,2.2400162004171613,0.015,6.1834005356387356e-06
0.6100000000000004,p0_m2,0,-0.4070844768506935,0.0,6.1834005356387356e-06
0.6100000000000004,p0_m3,0,0.37272924371511085,0.0,6.1834005356387356e-06
0.6100000000000004,p1_m0,0,0.236823947938747,0.0,6.1834005356387356e-06
0.6100000000000004,p1_m1,0,-0.1750438431187424,0.0,6.1834005356387356e-06
0.6100000000000004,p1_m2,0,0.1519943443702328,0.0,6.1834005356387356e-06
0.6100000000000004,p1_m3,0,-0.0784633865933004,0.0,6.1834005356387356e-06
0.6100000000000004,p2_m0,0,-0.08128329404853406,0.0,6.1834005356387356e-06
0.6100000000000004,p2_m1,0,0.15296593792094687,0.0,6.1834005356387356e-06
0.6100000000000004,p2_m2,0,-0.17608740648024274,0.0,6.1834005356387356e-06
0.6100000000000004,p2_m3,0,0.23697898184061533,0.0,6.1834005356387356e-06
0.6100000000000004,p3_m0,0,-0.3080936449281012,0.0,6.1834005356387356e-06
0.6100000000000004,p3_m1,0,0.25650735099670796,0.0,6.1834005356387356e-06
0.6100000000000004,p3_m2,0,-0.30141033246095994,0.0,6.1834005356387356e-06
0.6100000000000004,p3_m3,0,0.48801909463320836,0.0,6.1834005356387356e-06
0.6200000000000004,p0_m0,0,-0.08374191170514764,0.0,4.291601989509345e-06
0.6200000000000004,p0_m1,8,8.582523659511695,-0.0013143122551348173,4.291601989509345e-06
0.6200000000000004,p0_m2,0,-0.17975748103397818,0.0,4.291601989509345e-06
0.6200000000000004,p0_m3,0,0.16840887734741397,0.0,4.291601989509345e-06
0.6200000000000004,p1_m0,0,0.10237317408453471,0.0,4.291601989509345e-06
0.6200000000000004,p1_m1,0,-0.0772395397168771,0.0,4.291601989509345e-06
0.6200000000000004,p1_m2,0,0.0669913832753448,0.0,4.291601989509345e-06
0.6200000000000004,p1_m3,0,-0.03448176267845192,0.0,4.291601989509345e-06
0.6200000000000004,p2_m0,0,-0.034978663703218164,0.0,4.291601989509345e-06
0.6200000000000004,p2_m1,0,0.06519572100953104,0.0,4.291601989509345e-06
0.6200000000000004,p2_m2,0,-0.07548219650119893,0.0,4.291601989509345e-06
0.6200000000000004,p2_m3,0,0.10157568194688141,0.0,4.291601989509345e-06
0.6200000000000004,p3_m0,0,-0.13146305073419176,0.0,4.291601989509345e-06
0.6200000000000004,p3_m1,0,0.10852363455477697,0.0,4.291601989509345e-06
0.6200000000000004,p3_m2,0,-0.13047437452974947,0.0,4.291601989509345e-06
0.6200000000000004,p3_m3,0,0.2104266495892736,0.0,4.291601989509345e-06
0.6300000000000004,p0_m0,0,-0.06267798898620897,0.0,2.043896196387463e-06
0.6300000000000004,p0_m1,8,4.419399553075724,0.010114521507699068,2.043896196387463e-06
0.6300000000000004,p0_m2,0,-0.13621081710710492,0.0,2.043896196387463e-06
0.6300000000000004,p0_m3,0,0.12101062993045046,0.0,2.043896196387463e-06
0.6300000000000004,p1_m0,0,0.08122063897917922,0.0,2.043896196387463e-06
0.6300000000000004,p1_m1,0,-0.05854165214118233,0.0,2.043896196387463e-06
0.6300000000000004,p1_m2,0,0.05086593985615359,0.0,2.043896196387463e-06
0.6300000000000004,p1_m3,0,-0.02567255571923093,0.0,2.043896196387463e-06
0.6300000000000004,p2_m0,0,-0.0269526765973246,0.0,2.043896196387463e-06
0.6300000000000004,p2_m1,0,0.049431537108069294,0.0,2.043896196387463e-06
0.6300000000000004,p2_m2,0,-0.05712211560198397,0.0,2.043896196387463e-06
0.6300000000000004,p2_m3,0,0.08201612189957491,0.0,2.043896196387463e-06
0.6300000000000004,p3_m0,0,-0.09882440187706924,0.0,2.043896196387463e-06
0.6300000000000004,p3_m1,0,0.0846429854994673,0.0,2.043896196387463e-06
0.6300000000000004,p3_m2,0,-0.09297996328485615,0.0,2.043896196387463e-06
0.6300000000000004,p3_m3,0,0.15813895016505297,0.0,2.043896196387463e-06
0.6400000000000005,p0_m0,0,0.14723777876332364,0.0,1.3153220080395246e-06
0.6400000000000005,p0_m1,0,0.753564305159518,0.0,1.3153220080395246e-06
0.6400000000000005,p0_m2,8,1.7709858818124544,0.015,1.3153220080395246e-06
0.6400000000000005,p0_m3,0,-0.2858494730104552,0.0,1.3153220080395246e-06
0.6400000000000005,p1_m0,0,-0.21753148597565983,0.0,1.3153220080395246e-06
0.6400000000000005,p1_m1,0,0.027970839821330345,0.0,1.3153220080395246e-06
0.6400000000000005,p1_m2,0,-0.09368371186531917,0.0,1.3153220080395246e-06
0.6400000000000005,p1_m3,0,0.05406479816748303,0.0,1.3153220080395246e-06
0.6400000000000005,p2_m0,0,0.05077473814061721,0.0,1.3153220080395246e-06
0.6400000000000005,p2_m1,0,-0.10585900211403698,0.0,1.3153220080395246e-06
0.6400000000000005,p2_m2,0,0.12267507191005178,0.0,1.3153220080395246e-06
0.6400000000000005,p2_m3,0,-0.17910421081180655,0.0,1.3153220080395246e-06
0.6400000000000005,p3_m0,0,0.22402304299732143,0.0,1.3153220080395246e-06
0.6400000000000005,p3_m1,0,-0.19683668554434727,0.0,1.3153220080395246e-06
0.6400000000000005,p3_m2,0,0.1995355179917622,0.0,1.3153220080395246e-06
0.6400000000000005,p3_m3,0,-0.35604373541542306,0.0,1.3153220080395246e-06
0.6500000000000005,p0_m0,0,0.27588288907044217,0.0,5.741745835039152e-07
0.6500000000000005,p0_m1,0,-0.12278262340285863,0.0,5.741745835039152e-07
0.6500000000000005,p0_m2,8,2.3152568705953662,0.015,5.741745835039152e-07
0.6500000000000005,p0_m3,0,-0.5369040949175777,0.0,5.741745835039152e-07
0.6500000000000005,p1_m0,0,-0.3939262610061897,0.0,5.741745835039152e-07
0.6500000000000005,p1_m1,0,0.0540981579109396,0.0,5.741745835039152e-07
0.6500000000000005,p1_m2,0,-0.17765957466819443,0.0,5.741745835039152e-07
0.6500000000000005,p1_m3,0,0.1008158600211372,0.0,5.741745835039152e-07
0.6500000000000005,p2_m0,0,0.09510860948250476,0.0,5.741745835039152e-07
0.6500000000000005,p2_m1,0,-0.19500899381837566,0.0,5.741745835039152e-07
0.6500000000000005,p2_m2,0,0.22605895223543462,0.0,5.741745835039152e-07
0.6500000000000005,p2_m3,0,-0.33374033095192823,0.0,5.741745835039152e-07
0.6500000000000005,p3_m0,0,0.40842694595319257,0.0,5.741745835039152e-07
0.6500000000000005,p3_m1,0,-0.36300416075697356,0.0,5.741745835039152e-07
0.6500000000000005,p3_m2,0,0.37311675218081075,0.0,5.741745835039152e-07
0.6500000000000005,p3_m3,0,-0.6505430957795469,0.0,5.741745835039152e-07
0.6600000000000005,p0_m0,0,0.10544583050613779,0.0,2.616063145438997e-07
0.6600000000000005,p0_m1,0,-0.06348403360596205,0.0,2.616063145438997e-07
0.6600000000000005,p0_m2,8,0.6468444250635389,-0.015,2.616063145438997e-07
0.6600000000000005,p0_m3,0,-0.20285114382073835,0.0,2.616063145438997e-07
0.6600000000000005,p1_m0,0,-0.2892547131309915,0.0,2.616063145438997e-07
0.6600000000000005,p1_m1,0,0.02933476876117777,0.0,2.616063145438997e-07
0.6600000000000005,p1_m2,0,-0.06846218145170457,0.0,2.616063145438997e-07
0.6600000000000005,p1_m3,0,0.039202090275271356,0.0,2.616063145438997e-07
0.6600000000000005,p2_m0,0,0.03311151248446903,0.0,2.616063145438997e-07
0.6600000000000005,p2_m1,0,-0.06854156941008537,0.0,2.616063145438997e-07
0.6600000000000005,p2_m2,0,0.08037679912721558,0.0,2.616063145438997e-07
0.6600000000000005,p2_m3,0,-0.12168217491643603,0.0,2.616063145438997e-07
0.6600000000000005,p3_m0,0,0.14630839993385036,0.0,2.616063145438997e-07
0.6600000000000005,p3_m1,0,-0.13001942573013536,0.0,2.616063145438997e-07
0.6600000000000005,p3_m2,0,0.13542229811346515,0.0,2.616063145438997e-07
0.6600000000000005,p3_m3,0,-0.23735481396709746,0.0,2.616063145438997e-07
0.6700000000000005,p0_m0,0,0.09286123542451939,0.0,1.98421743432162e-07
0.6700000000000005,p0_m1,0,-0.13273801458301593,0.0,1.98421743432162e-07
0.6700000000000005,p0_m2,8,3.0830514926068644,0.011765874654880182,1.98421743432162e-07
0.6700000000000005,p0_m3,0,-0.17844062103151298,0.0,1.98421743432162e-07
0.6700000000000005,p1_m0,0,-0.19965618925874723,0.0,1.98421743432162e-07
0.6700000000000005,p1_m1,0,0.048316683534986526,0.0,1.98421743432162e-07
0.6700000000000005,p1_m2,0,-0.06428352300805941,0.0,1.98421743432162e-07
0.6700000000000005,p1_m3,0,0.036627838123461716,0.0,1.98421743432162e-07
0.6700000000000005,p2_m0,0,0.03056244672538239,0.0,1.98421743432162e-07
0.6700000000000005,p2_m1,0,-0.06320681534336706,0.0,1.98421743432162e-07
0.6700000000000005,p2_m2,0,0.07409614747211067,0.0,1.98421743432162e-07
0.6700000000000005,p2_m3,0,-0.11043699593312496,0.0,1.98421743432162e-07
0.6700000000000005,p3_m0,0,0.1363539861162371,0.0,1.98421743432162e-07
0.6700000000000005,p3_m1,0,-0.11810386519208131,0.0,1.98421743432162e-07
0.6700000000000005,p3_m2,0,0.12115512751728387,0.0,1.98421743432162e-07
0.6700000000000005,p3_m3,0,-0.22085907713823405,0.0,1.98421743432162e-07
0.6800000000000005,p0_m0,0,0.19682448618543233,0.0,1.8117527036883868e-07
0.6800000000000005,p0_m1,0,-0.339623286257071,0.0,1.8117527036883868e-07
0.6800000000000005,p0_m2,8,0.34858714800773133,-0.015,1.8117527036883868e-07
0.6800000000000005,p0_m3,0,-0.3807100353046379,0.0,1.8117527036883868e-07
0.6800000000000005,p1_m0,0,-0.301695889802515,0.0,1.8117527036883868e-07
0.6800000000000005,p1_m1,0,0.05700344751278067,0.0,1.8117527036883868e-07
0.6800000000000005,p1_m2,0,-0.12940784440693814,0.0,1.8117527036883868e-07
0.6800000000000005,p1_m3,0,0.07352227566483129,0.0,1.8117527036883868e-07
0.6800000000000005,p2_m0,0,0.0658853540956023,0.0,1.8117527036883868e-07
0.6800000000000005,p2_m1,0,-0.135571839063417,0.0,1.8117527036883868e-07
0.6800000000000005,p2_m2,0,0.15773805288573198,0.0,1.8117527036883868e-07
0.6800000000000005,p2_m3,0,-0.23427083231651352,0.0,1.8117527036883868e-07
0.6800000000000005,p3_m0,0,0.28685790983847537,0.0,1.8117527036883868e-07
0.6800000000000005,p3_m1,0,-0.25313738592940566,0.0,1.8117527036883868e-07
0.6800000000000005,p3_m2,0,0.26057759186946483,0.0,1.8117527036883868e-07
0.6800000000000005,p3_m3,0,-0.45977428372380413,0.0,1.8117527036883868e-07
0.6900000000000005,p0_m0,0,0.06433102206556093,0.0,8.510534047744284e-08
0.6900000000000005,p0_m1,0,-0.10763934213229437,0.0,8.510534047744284e-08
0.6900000000000005,p0_m2,8,7.859344586587373,-0.015,8.510534047744284e-08
0.6900000000000005,p0_m3,0,-0.12349920307661948,0.0,8.510534047744284e-08
0.6900000000000005,p1_m0,0,-0.096904048386891,0.0,8.510534047744284e-08
0.6900000000000005,p1_m1,0,0.01983511598305817,0.0,8.510534047744284e-08
0.6900000000000005,p1_m2,0,-0.04188578611655645,0.0,8.510534047744284e-08
0.6900000000000005,p1_m3,0,0.02490847322786921,0.0,8.510534047744284e-08
0.6900000000000005,p2_m0,0,0.017759671919691997,0.0,8.510534047744284e-08
0.6900000000000005,p2_m1,0,-0.03875625439892083,0.0,8.510534047744284e-08
0.6900000000000005,p2_m2,0,0.04591011938461998,0.0,8.510534047744284e-08
0.6900000000000005,p2_m3,0,-0.0703216614825067,0.0,8.510534047744284e-08
0.6900000000000005,p3_m0,0,0.08557913014878747,0.0,8.510534047744284e-08
0.6900000000000005,p3_m1,0,-0.07595292438845686,0.0,8.510534047744284e-08
0.6900000000000005,p3_m2,0,0.07900205657662385,0.0,8.510534047744284e-08
0.6900000000000005,p3_m3,0,-0.140461547776506,0.0,8.510534047744284e-08
0.7000000000000005,p0_m0,0,0.04312400270256295,0.0,1.600337464998476e-07
0.7000000000000005,p0_m1,0,-0.08083447966917039,0.0,1.600337464998476e-07
0.7000000000000005,p0_m2,8,5.008802844036803,0.008457289460881437,1.600337464998476e-07
0.7000000000000005,p0_m3,0,-0.08478051723432752,0.0,1.600337464998476e-07
0.7000000000000005,p1_m0,0,-0.06210616967754951,0.0,1.600337464998476e-07
0.7000000000000005,p1_m1,0,0.02625300000504758,0.0,1.600337464998476e-07
0.7000000000000005,p1_m2,0,-0.030707851116623268,0.0,1.600337464998476e-07
0.7000000000000005,p1_m3,0,0.01740012084948899,0.0,1.600337464998476e-07
0.7000000000000005,p2_m0,0,0.013518718486526651,0.0,1.600337464998476e-07
0.7000000000000005,p2_m1,0,-0.02778587899071524,0.0,1.600337464998476e-07
0.7000000000000005,p2_m2,0,0.03297690712408907,0.0,1.600337464998476e-07
0.7000000000000005,p2_m3,0,-0.05284834624578158,0.0,1.600337464998476e-07
0.7000000000000005,p3_m0,0,0.06249636130037675,0.0,1.600337464998476e-07
0.7000000000000005,p3_m1,0,-0.05702625762988926,0.0,1.600337464998476e-07
0.7000000000000005,p3_m2,0,0.06058325814039055,0.0,1.600337464998476e-07
0.7000000000000005,p3_m3,0,-0.1026479953292226,0.0,1.600337464998476e-07
0.7100000000000005,p0_m0,0,0.15217399482548485,0.0,7.940146009984749e-08
0.7100000000000005,p0_m1,0,-0.28634843641778585,0.0,7.940146009984749e-08
0.7100000000000005,p0_m2,8,3.116178783148593,0.014407377772123099,7.940146009984749e-08
0.7100000000000005,p0_m3,0,-0.2928159307639874,0.0,7.940146009984749e-08
0.7100000000000005,p1_m0,0,-0.2177522998015114,0.0,7.940146009984749e-08
0.7100000000000005,p1_m1,0,0.08066178679557835,0.0,7.940146009984749e-08
0.7100000000000005,p1_m2,0,-0.1054306098214465,0.0,7.940146009984749e-08
0.7100000000000005,p1_m3,0,0.05901023982371627,0.0,7.940146009984749e-08
0.7100000000000005,p2_m0,0,0.05378915638974427,0.0,7.940146009984749e-08
0.7100000000000005,p2_m1,0,-0.10912887618523495,0.0,7.940146009984749e-08
0.7100000000000005,p2_m2,0,0.12695553763098608,0.0,7.940146009984749e-08
0.7100000000000005,p2_m3,0,-0.18540743010364313,0.0,7.940146009984749e-08
0.7100000000000005,p3_m0,0,0.23161559135615117,0.0,7.940146009984749e-08
0.7100000000000005,p3_m1,0,-0.199678303629501,0.0,7.940146009984749e-08
0.7100000000000005,p3_m2,0,0.20354177251599043,0.0,7.940146009984749e-08
0.7100000000000005,p3_m3,0,-0.37131495286622895,0.0,7.940146009984749e-08
0.7200000000000005,p0_m0,0,0.1997274258245079,0.0,1.7635736091031272e-07
0.7200000000000005,p0_m1,0,-0.35784690911351974,0.0,1.7635736091031272e-07
0.7200000000000005,p0_m2,8,14.22397866566382,0.015,1.7635736091031272e-07
0.7200000000000005,p0_m3,0,-0.3849826376873027,0.0,1.7635736091031272e-07
0.7200000000000005,p1_m0,0,-0.33289847993639327,0.0,1.7635736091031272e-07
0.7200000000000005,p1_m1,0,0.06403944773607455,0.0,1.7635736091031272e-07
0.7200000000000005,p1_m2,0,-0.13138067238700568,0.0,1.7635736091031272e-07
0.7200000000000005,p1_m3,0,0.07400180880683697,0.0,1.7635736091031272e-07
0.7200000000000005,p2_m0,0,0.06704734509942466,0.0,1.7635736091031272e-07
0.7200000000000005,p2_m1,0,-0.13669246244640612,0.0,1.7635736091031272e-07
0.7200000000000005,p2_m2,0,0.15905457834744383,0.0,1.7635736091031272e-07
0.7200000000000005,p2_m3,0,-0.23691105158945602,0.0,1.7635736091031272e-07
0.7200000000000005,p3_m0,0,0.28829838781908884,0.0,1.7635736091031272e-07
0.7200000000000005,p3_m1,0,-0.25424913796396204,0.0,1.7635736091031272e-07
0.7200000000000005,p3_m2,0,0.26235676251364903,0.0,1.7635736091031272e-07
0.7200000000000005,p3_m3,0,-0.4627897907052925,0.0,1.7635736091031272e-07
0.7300000000000005,p0_m0,0,0.08547133332575389,0.0,3.419757741325089e-07
0.7300000000000005,p0_m1,0,-0.1530143362736922,0.0,3.419757741325089e-07
0.7300000000000005,p0_m2,8,6.2055042255678226,0.015,3.419757741325089e-07
0.7300000000000005,p0_m3,0,-0.1612905091144279,0.0,3.419757741325089e-07
0.7300000000000005,p1_m0,0,-0.2549770224693961,0.0,3.419757741325089e-07
0.7300000000000005,p1_m1,0,0.03908345698451427,0.0,3.419757741325089e-07
0.7300000000000005,p1_m2,0,-0.05743316808825143,0.0,3.419757741325089e-07
0.7300000000000005,p1_m3,0,0.03247773477313411,0.0,3.419757741325089e-07
0.7300000000000005,p2_m0,0,0.02573257422283711,0.0,3.419757741325089e-07
0.7300000000000005,p2_m1,0,-0.052852810291466885,0.0,3.419757741325089e-07
0.7300000000000005,p2_m2,0,0.06232410444820286,0.0,3.419757741325089e-07
0.7300000000000005,p2_m3,0,-0.09521396106030384,0.0,3.419757741325089e-07
0.7300000000000005,p3_m0,0,0.11411270576451109,0.0,3.419757741325089e-07
0.7300000000000005,p3_m1,0,-0.09902735560106325,0.0,3.419757741325089e-07
0.7300000000000005,p3_m2,0,0.10284093526947453,0.0,3.419757741325089e-07
0.7300000000000005,p3_m3,0,-0.18724628320600992,0.0,3.419757741325089e-07
0.7400000000000005,p0_m0,0,0.2116518350992965,0.0,2.951735884801843e-07
0.7400000000000005,p0_m1,0,-0.38245213631519814,0.0,2.951735884801843e-07
0.7400000000000005,p0_m2,8,2.8121554156123714,0.015,2.951735884801843e-07
0.7400000000000005,p0_m3,0,-0.407473440025611,0.0,2.951735884801843e-07
0.7400000000000005,p1_m0,0,-0.34252304572420805,0.0,2.951735884801843e-07
0.7400000000000005,p1_m1,0,0.07175446155601357,0.0,2.951735884801843e-07
0.7400000000000005,p1_m2,0,-0.1405449307476615,0.0,2.951735884801843e-07
0.7400000000000005,p1_m3,0,0.07901669379984448,0.0,2.951735884801843e-07
0.7400000000000005,p2_m0,0,0.07173024327003832,0.0,2.951735884801843e-07
0.7400000000000005,p2_m1,0,-0.14616263412946964,0.0,2.951735884801843e-07
0.7400000000000005,p2_m2,0,0.16991993902927585,0.0,2.951735884801843e-07
0.7400000000000005,p2_m3,0,-0.25130247105609294,0.0,2.951735884801843e-07
0.7400000000000005,p3_m0,0,0.3084472015875404,0.0,2.951735884801843e-07
0.7400000000000005,p3_m1,0,-0.2699374639599402,0.0,2.951735884801843e-07
0.7400000000000005,p3_m2,0,0.2772173224305961,0.0,2.951735884801843e-07
0.7400000000000005,p3_m3,0,-0.49447767154115596,0.0,2.951735884801843e-07
0.7500000000000006,p0_m0,0,0.0971136549443705,0.0,2.039380803608091e-07
0.7500000000000006,p0_m1,0,-0.17265467928941022,0.0,2.039380803608091e-07
0.7500000000000006,p0_m2,8,14.585083328840193,0.015,2.039380803608091e-07
0.7500000000000006,p0_m3,0,-0.18478841205562224,0.0,2.039380803608091e-07
0.7500000000000006,p1_m0,0,-0.2054744077425529,0.0,2.039380803608091e-07
0.7500000000000006,p1_m1,0,0.03629584084734372,0.0,2.039380803608091e-07
0.7500000000000006,p1_m2,0,-0.06440637161256672,0.0,2.039380803608091e-07
0.7500000000000006,p1_m3,0,0.03682226428634937,0.0,2.039380803608091e-07
0.7500000000000006,p2_m0,0,0.02917394399205168,0.0,2.039380803608091e-07
0.7500000000000006,p2_m1,0,-0.060642993942643,0.0,2.039380803608091e-07
0.7500000000000006,p2_m2,0,0.07139810946977283,0.0,2.039380803608091e-07
0.7500000000000006,p2_m3,0,-0.10909122819846226,0.0,2.039380803608091e-07
0.7500000000000006,p3_m0,0,0.13112902120268735,0.0,2.039380803608091e-07
0.7500000000000006,p3_m1,0,-0.11515968285003826,0.0,2.039380803608091e-07
0.7500000000000006,p3_m2,0,0.11989962444518973,0.0,2.039380803608091e-07
0.7500000000000006,p3_m3,0,-0.2143193353204731,0.0,2.039380803608091e-07
0.7600000000000006,p0_m0,0,0.044534402032817125,0.0,2.466429021744427e-08
0.7600000000000006,p0_m1,0,-0.08140324858897399,0.0,2.466429021744427e-08
0.7600000000000006,p0_m2,8,5.384578280151643,0.007053217120121136,2.466429021744427e-08
0.7600000000000006,p0_m3,0,-0.08552365299432582,0.0,2.466429021744427e-08
0.7600000000000006,p1_m0,0,-0.08268264338863128,0.0,2.466429021744427e-08
0.7600000000000006,p1_m1,0,0.02335830442272529,0.0,2.466429021744427e-08
0.7600000000000006,p1_m2,0,-0.03094995584059834,0.0,2.466429021744427e-08
0.7600000000000006,p1_m3,0,0.017490355297652235,0.0,2.466429021744427e-08
0.7600000000000006,p2_m0,0,0.013184008520087397,0.0,2.466429021744427e-08
0.7600000000000006,p2_m1,0,-0.027090617304075016,0.0,2.466429021744427e-08
0.7600000000000006,p2_m2,0,0.0321557734176281,0.0,2.466429021744427e-08
0.7600000000000006,p2_m3,0,-0.050928824268402596,0.0,2.466429021744427e-08
0.7600000000000006,p3_m0,0,0.06024515467000418,0.0,2.466429021744427e-08
0.7600000000000006,p3_m1,0,-0.05425996372926002,0.0,2.466429021744427e-08
0.7600000000000006,p3_m2,0,0.057622020069891366,0.0,2.466429021744427e-08
0.7600000000000006,p3_m3,0,-0.09930074269881334,0.0,2.466429021744427e-08
0.7700000000000006,p0_m0,0,0.13579983256376096,0.0,1.2569380847428856e-07
0.7700000000000006,p0_m1,0,-0.25878964389255066,0.0,1.2569380847428856e-07
0.7700000000000006,p0_m2,8,3.2140303816720133,0.01405429186210623,1.2569380847428856e-07
0.7700000000000006,p0_m3,0,-0.26046724294978213,0.0,1.2569380847428856e-07
0.7700000000000006,p1_m0,0,-0.20012274052183013,0.0,1.2569380847428856e-07
0.7700000000000006,p1_m1,0,0.0805830343210172,0.0,1.2569380847428856e-07
0.7700000000000006,p1_m2,0,-0.09550219732196835,0.0,1.2569380847428856e-07
0.7700000000000006,p1_m3,0,0.05332367787479235,0.0,1.2569380847428856e-07
0.7700000000000006,p2_m0,0,0.04807228921924326,0.0,1.2569380847428856e-07
0.7700000000000006,p2_m1,0,-0.09734403350331397,0.0,1.2569380847428856e-07
0.7700000000000006,p2_m2,0,0.11336479284441879,0.0,1.2569380847428856e-07
0.7700000000000006,p2_m3,0,-0.16557718025655513,0.0,1.2569380847428856e-07
0.7700000000000006,p3_m0,0,0.20725743914222874,0.0,1.2569380847428856e-07
0.7700000000000006,p3_m1,0,-0.17776157538592477,0.0,1.2569380847428856e-07
0.7700000000000006,p3_m2,0,0.18103474480702644,0.0,1.2569380847428856e-07
0.7700000000000006,p3_m3,0,-0.33286860965798043,0.0,1.2569380847428856e-07
0.7800000000000006,p0_m0,0,0.22031421214533442,0.0,1.891733505781557e-07
0.7800000000000006,p0_m1,0,-0.3953519762753943,0.0,1.891733505781557e-07
0.7800000000000006,p0_m2,8,0.5439445518299681,-0.015,1.891733505781557e-07
0.7800000000000006,p0_m3,0,-0.42498285236083155,0.0,1.891733505781557e-07
0.7800000000000006,p1_m0,0,-0.33678614670381296,0.0,1.891733505781557e-07
0.7800000000000006,p1_m1,0,0.06817883976839051,0.0,1.891733505781557e-07
0.7800000000000006,p1_m2,0,-0.14502756721599994,0.0,1.891733505781557e-07
0.7800000000000006,p1_m3,0,0.08167391677017628,0.0,1.891733505781557e-07
0.7800000000000006,p2_m0,0,0.07439918180768798,0.0,1.891733505781557e-07
0.7800000000000006,p2_m1,0,-0.15172179560923918,0.0,1.891733505781557e-07
0.7800000000000006,p2_m2,0,0.17635169888835325,0.0,1.891733505781557e-07
0.7800000000000006,p2_m3,0,-0.2621969230212217,0.0,1.891733505781557e-07
0.7800000000000006,p3_m0,0,0.31975912836187115,0.0,1.891733505781557e-07
0.7800000000000006,p3_m1,0,-0.28195578827573503,0.0,1.891733505781557e-07
0.7800000000000006,p3_m2,0,0.29054993804963286,0.0,1.891733505781557e-07
0.7800000000000006,p3_m3,0,-0.5124536240901968,0.0,1.891733505781557e-07
0.7900000000000006,p0_m0,0,0.08283251513167006,0.0,3.534213781076713e-07
0.7900000000000006,p0_m1,0,-0.14583758541347527,0.0,3.534213781076713e-07
0.7900000000000006,p0_m2,8,0.9055214823463101,-0.015,3.534213781076713e-07
0.7900000000000006,p0_m3,0,-0.15598884926348222,0.0,3.534213781076713e-07
0.7900000000000006,p1_m0,0,-0.269167257772123,0.0,3.534213781076713e-07
0.7900000000000006,p1_m1,0,0.032568851339310215,0.0,3.534213781076713e-07
0.7900000000000006,p1_m2,0,-0.05493540886154509,0.0,3.534213781076713e-07
0.7900000000000006,p1_m3,0,0.031095694665113617,0.0,3.534213781076713e-07
0.7900000000000006,p2_m0,0,0.024126698250151964,0.0,3.534213781076713e-07
0.7900000000000006,p2_m1,0,-0.04964465846796977,0.0,3.534213781076713e-07
0.7900000000000006,p2_m2,0,0.0586394665432613,0.0,3.534213781076713e-07
0.7900000000000006,p2_m3,0,-0.09084248869681151,0.0,3.534213781076713e-07
0.7900000000000006,p3_m0,0,0.10737712024581957,0.0,3.534213781076713e-07
0.7900000000000006,p3_m1,0,-0.09426182497762924,0.0,3.534213781076713e-07
0.7900000000000006,p3_m2,0,0.098613064863086,0.0,3.534213781076713e-07
0.7900000000000006,p3_m3,0,-0.17675897151650796,0.0,3.534213781076713e-07
0.8000000000000006,p0_m0,0,0.19615124501974399,0.0,3.0268885577415513e-07
0.8000000000000006,p0_m1,0,-0.35604547558062494,0.0,3.0268885577415513e-07
0.8000000000000006,p0_m2,8,2.8952636410400903,0.014971031019509898,3.0268885577415513e-07
0.8000000000000006,p0_m3,0,-0.37711032445983783,0.0,3.0268885577415513e-07
0.8000000000000006,p1_m0,0,-0.3261445507276191,0.0,3.0268885577415513e-07
0.8000000000000006,p1_m1,0,0.07204042348093555,0.0,3.0268885577415513e-07
0.8000000000000006,p1_m2,0,-0.13105818806793076,0.0,3.0268885577415513e-07
0.8000000000000006,p1_m3,0,0.07366654873618485,0.0,3.0268885577415513e-07
0.8000000000000006,p2_m0,0,0.06636525739884572,0.0,3.0268885577415513e-07
0.8000000000000006,p2_m1,0,-0.13525018875689496,0.0,3.0268885577415513e-07
0.8000000000000006,p2_m2,0,0.1573159184496762,0.0,3.0268885577415513e-07
0.8000000000000006,p2_m3,0,-0.23251100799108418,0.0,3.0268885577415513e-07
0.8000000000000006,p3_m0,0,0.2859707620677267,0.0,3.0268885577415513e-07
0.8000000000000006,p3_m1,0,-0.24947696383467066,0.0,3.0268885577415513e-07
0.8000000000000006,p3_m2,0,0.25603618040913906,0.0,3.0268885577415513e-07
0.8000000000000006,p3_m3,0,-0.45888258474539523,0.0,3.0268885577415513e-07
0.8100000000000006,p0_m0,0,0.1252639342959537,0.0,3.0529096606742235e-07
0.8100000000000006,p0_m1,0,-0.22254108411910933,0.0,3.0529096606742235e-07
0.8100000000000006,p0_m2,8,14.60991798699327,0.015,3.0529096606742235e-07
0.8100000000000006,p0_m3,0,-0.23877569181885766,0.0,3.0529096606742235e-07
0.8100000000000006,p1_m0,0,-0.3360911324671489,0.0,3.0529096606742235e-07
0.8100000000000006,p1_m1,0,0.04365706174678237,0.0,3.0529096606742235e-07
0.8100000000000006,p1_m2,0,-0.08269232446136232,0.0,3.0529096606742235e-07
0.8100000000000006,p1_m3,0,0.046683676121198364,0.0,3.0529096606742235e-07
0.8100000000000006,p2_m0,0,0.039169038782676684,0.0,3.0529096606742235e-07
0.8100000000000006,p2_m1,0,-0.0801695868725006,0.0,3.0529096606742235e-07
0.8100000000000006,p2_m2,0,0.09396932315709862,0.0,3.0529096606742235e-07
0.8100000000000006,p2_m3,0,-0.1425800663305748,0.0,3.0529096606742235e-07
0.8100000000000006,p3_m0,0,0.17129221135741307,0.0,3.0529096606742235e-07
0.8100000000000006,p3_m1,0,-0.15052240424194857,0.0,3.0529096606742235e-07
0.8100000000000006,p3_m2,0,0.15645138273570558,0.0,3.0529096606742235e-07
0.8100000000000006,p3_m3,0,-0.2784314960575893,0.0,3.0529096606742235e-07
0.8200000000000006,p0_m0,0,0.14606499281314855,0.0,2.957687474714599e-07
0.8200000000000006,p0_m1,0,-0.2691827052000103,0.0,2.957687474714599e-07
0.8200000000000006,p0_m2,8,3.3023361165605074,0.01440968919703664,2.957687474714599e-07
0.8200000000000006,p0_m3,0,-0.2794415265605809,0.0,2.957687474714599e-07
0.8200000000000006,p1_m0,0,-0.2719509829476223,0.0,2.957687474714599e-07
0.8200000000000006,p1_m1,0,0.06976306193619006,0.0,2.957687474714599e-07
0.8200000000000006,p1_m2,0,-0.09929314014075047,0.0,2.957687474714599e-07
0.8200000000000006,p1_m3,0,0.05613943410095813,0.0,2.957687474714599e-07
0.8200000000000006,p2_m0,0,0.04843743068145708,0.0,2.957687474714599e-07
0.8200000000000006,p2_m1,0,-0.09937205601372794,0.0,2.957687474714599e-07
0.8200000000000006,p2_m2,0,0.11607026090323835,0.0,2.957687474714599e-07
0.8200000000000006,p2_m3,0,-0.17187515383246157,0.0,2.957687474714599e-07
0.8200000000000006,p3_m0,0,0.21255046676780617,0.0,2.957687474714599e-07
0.8200000000000006,p3_m1,0,-0.18343165182743068,0.0,2.957687474714599e-07
0.8200000000000006,p3_m2,0,0.18782444518001318,0.0,2.957687474714599e-07
0.8200000000000006,p3_m3,0,-0.3430983363659,0.0,2.957687474714599e-07
0.8300000000000006,p0_m0,0,0.14239655696372833,0.0,1.6661959055319792e-07
0.8300000000000006,p0_m1,0,-0.2555110261695244,0.0,1.6661959055319792e-07
0.8300000000000006,p0_m2,8,14.30142357126595,0.015,1.6661959055319792e-07
0.8300000000000006,p0_m3,0,-0.2735801934338049,0.0,1.6661959055319792e-07
0.8300000000000006,p1_m0,0,-0.22146473312899748,0.0,1.6661959055319792e-07
0.8300000000000006,p1_m1,0,0.04946008906859909,0.0,1.6661959055319792e-07
0.8300000000000006,p1_m2,0,-0.09422062822197252,0.0,1.6661959055319792e-07
0.8300000000000006,p1_m3,0,0.0538947725049486,0.0,1.6661959055319792e-07
0.8300000000000006,p2_m0,0,0.045268551333674044,0.0,1.6661959055319792e-07
0.8300000000000006,p2_m1,0,-0.09396101166252836,0.0,1.6661959055319792e-07
0.8300000000000006,p2_m2,0,0.1099264801846495,0.0,1.6661959055319792e-07
0.8300000000000006,p2_m3,0,-0.1652451234556361,0.0,1.6661959055319792e-07
0.8300000000000006,p3_m0,0,0.20142040804565223,0.0,1.6661959055319792e-07
0.8300000000000006,p3_m1,0,-0.1770110481906116,0.0,1.6661959055319792e-07
0.8300000000000006,p3_m2,0,0.1830750552784593,0.0,1.6661959055319792e-07
0.8300000000000006,p3_m3,0,-0.32580029913868713,0.0,1.6661959055319792e-07
0.8400000000000006,p0_m0,0,0.1178205069531841,0.0,8.37293217203491e-09
0.8400000000000006,p0_m1,0,-0.2181906824197985,0.0,8.37293217203491e-09
0.8400000000000006,p0_m2,8,3.63013488188099,0.014284270830007524,8.37293217203491e-09
0.8400000000000006,p0_m3,0,-0.22563353802884206,0.0,8.37293217203491e-09
0.8400000000000006,p1_m0,0,-0.17260741347513037,0.0,8.37293217203491e-09
0.8400000000000006,p1_m1,0,0.060351937432445574,0.0,8.37293217203491e-09
0.8400000000000006,p1_m2,0,-0.08086752265114908,0.0,8.37293217203491e-09
0.8400000000000006,p1_m3,0,0.04596771610997385,0.0,8.37293217203491e-09
0.8400000000000006,p2_m0,0,0.03839888840901549,0.0,8.37293217203491e-09
0.8400000000000006,p2_m1,0,-0.07929417328275547,0.0,8.37293217203491e-09
0.8400000000000006,p2_m2,0,0.09285121294700785,0.0,8.37293217203491e-09
0.8400000000000006,p2_m3,0,-0.13800607489459557,0.0,8.37293217203491e-09
0.8400000000000006,p3_m0,0,0.17092721263191263,0.0,8.37293217203491e-09
0.8400000000000006,p3_m1,0,-0.1474954269572405,0.0,8.37293217203491e-09
0.8400000000000006,p3_m2,0,0.15116405991825058,0.0,8.37293217203491e-09
0.8400000000000006,p3_m3,0,-0.2767066670791718,0.0,8.37293217203491e-09
0.8500000000000006,p0_m0,0,0.15169099780141135,0.0,8.299131786066888e-08
0.8500000000000006,p0_m1,0,-0.27230182599008584,0.0,8.299131786066888e-08
0.8500000000000006,p0_m2,8,0.8441452019185747,-0.015,8.299131786066888e-08
0.8500000000000006,p0_m3,0,-0.29106883287693475,0.0,8.299131786066888e-08
0.8500000000000006,p1_m0,0,-0.2587174870282771,0.0,8.299131786066888e-08
0.8500000000000006,p1_m1,0,0.05293990206514311,0.0,8.299131786066888e-08
0.8500000000000006,p1_m2,0,-0.10054613068667258,0.0,8.299131786066888e-08
0.8500000000000006,p1_m3,0,0.05703430493005733,0.0,8.299131786066888e-08
0.8500000000000006,p2_m0,0,0.049070926053884106,0.0,8.299131786066888e-08
0.8500000000000006,p2_m1,0,-0.10096198821837132,0.0,8.299131786066888e-08
0.8500000000000006,p2_m2,0,0.11788251915196717,0.0,8.299131786066888e-08
0.8500000000000006,p2_m3,0,-0.1764446129925855,0.0,8.299131786066888e-08
0.8500000000000006,p3_m0,0,0.21521314141842107,0.0,8.299131786066888e-08
0.8500000000000006,p3_m1,0,-0.18877828621833512,0.0,8.299131786066888e-08
0.8500000000000006,p3_m2,0,0.1946715820772352,0.0,8.299131786066888e-08
0.8500000000000006,p3_m3,0,-0.3473061836285604,0.0,8.299131786066888e-08
0.8600000000000007,p0_m0,0,0.1368745127369847,0.0,1.7545015659150705e-07
0.8600000000000007,p0_m1,0,-0.25366412389974413,0.0,1.7545015659150705e-07
0.8600000000000007,p0_m2,8,3.215473589589948,0.012586333222715188,1.7545015659150705e-07
0.8600000000000007,p0_m3,0,-0.26231311507109206,0.0,1.7545015659150705e-07
0.8600000000000007,p1_m0,0,-0.22885964520607596,0.0,1.7545015659150705e-07
0.8600000000000007,p1_m1,0,0.06898363255985737,0.0,1.7545015659150705e-07
0.8600000000000007,p1_m2,0,-0.09355374103712799,0.0,1.7545015659150705e-07
0.8600000000000007,p1_m3,0,0.052905200342469934,0.0,1.7545015659150705e-07
0.8600000000000007,p2_m0,0,0.04539954702034411,0.0,1.7545015659150705e-07
0.8600000000000007,p2_m1,0,-0.09313044319031642,0.0,1.7545015659150705e-07
0.8600000000000007,p2_m2,0,0.1088798888261314,0.0,1.7545015659150705e-07
0.8600000000000007,p2_m3,0,-0.16142933713522073,0.0,1.7545015659150705e-07
0.8600000000000007,p3_m0,0,0.199708855822379,0.0,1.7545015659150705e-07
0.8600000000000007,p3_m1,0,-0.17206853854570456,0.0,1.7545015659150705e-07
0.8600000000000007,p3_m2,0,0.17616748411313543,0.0,1.7545015659150705e-07
0.8600000000000007,p3_m3,0,-0.3227740572482695,0.0,1.7545015659150705e-07
0.8700000000000007,p0_m0,0,0.13602498533500085,0.0,2.094169670420873e-07
0.8700000000000007,p0_m1,0,-0.24457377657402576,0.0,2.094169670420873e-07
0.8700000000000007,p0_m2,8,14.391786139606808,0.015,2.094169670420873e-07
0.8700000000000007,p0_m3,0,-0.2603036987927555,0.0,2.094169670420873e-07
0.8700000000000007,p1_m0,0,-0.2685964458738882,0.0,2.094169670420873e-07
0.8700000000000007,p1_m1,0,0.05197097414506135,0.0,2.094169670420873e-07
0.8700000000000007,p1_m2,0,-0.09032822357426676,0.0,2.094169670420873e-07
0.8700000000000007,p1_m3,0,0.0511686706918257,0.0,2.094169670420873e-07
0.8700000000000007,p2_m0,0,0.043396626539023216,0.0,2.094169670420873e-07
0.8700000000000007,p2_m1,0,-0.08913535573243879,0.0,2.094169670420873e-07
0.8700000000000007,p2_m2,0,0.10432593160701609,0.0,2.094169670420873e-07
0.8700000000000007,p2_m3,0,-0.15695186984190218,0.0,2.094169670420873e-07
0.8700000000000007,p3_m0,0,0.19076185345081276,0.0,2.094169670420873e-07
0.8700000000000007,p3_m1,0,-0.16681259930807904,0.0,2.094169670420873e-07
0.8700000000000007,p3_m2,0,0.17248323035354615,0.0,2.094169670420873e-07
0.8700000000000007,p3_m3,0,-0.3091403688463386,0.0,2.094169670420873e-07
0.8800000000000007,p0_m0,0,0.14850171377345203,0.0,1.955724002799571e-07
0.8800000000000007,p0_m1,0,-0.27494233435711185,0.0,1.955724002799571e-07
0.8800000000000007,p0_m2,8,3.371468057334168,0.01428035239885358,1.955724002799571e-07
0.8800000000000007,p0_m3,0,-0.2847508901378538,0.0,1.955724002799571e-07
0.8800000000000007,p1_m0,0,-0.23739417626805076,0.0,1.955724002799571e-07
0.8800000000000007,p1_m1,0,0.07331019982070905,0.0,1.955724002799571e-07
0.8800000000000007,p1_m2,0,-0.10122802749588777,0.0,1.955724002799571e-07
0.8800000000000007,p1_m3,0,0.057219456780978444,0.0,1.955724002799571e-07
0.8800000000000007,p2_m0,0,0.04961690366207877,0.0,1.955724002799571e-07
0.8800000000000007,p2_m1,0,-0.1017131321204077,0.0,1.955724002799571e-07
0.8800000000000007,p2_m2,0,0.1187832786941255,0.0,1.955724002799571e-07
0.8800000000000007,p2_m3,0,-0.17562737023159078,0.0,1.955724002799571e-07
0.8800000000000007,p3_m0,0,0.2176331185296566,0.0,1.955724002799571e-07
0.8800000000000007,p3_m1,0,-0.1876663933841898,0.0,1.955724002799571e-07
0.8800000000000007,p3_m2,0,0.1920081238889846,0.0,1.955724002799571e-07
0.8800000000000007,p3_m3,0,-0.3511789234595055,0.0,1.955724002799571e-07
0.8900000000000007,p0_m0,0,0.12136443464813171,0.0,1.6318693733860923e-07
0.8900000000000007,p0_m1,0,-0.21826105803147713,0.0,1.6318693733860923e-07
0.8900000000000007,p0_m2,8,1.1196645588532126,-0.015,1.6318693733860923e-07
0.8900000000000007,p0_m3,0,-0.23189422309899171,0.0,1.6318693733860923e-07
0.8900000000000007,p1_m0,0,-0.22248191465656453,0.0,1.6318693733860923e-07
0.8900000000000007,p1_m1,0,0.04775467544401143,0.0,1.6318693733860923e-07
0.8900000000000007,p1_m2,0,-0.08086758769007714,0.0,1.6318693733860923e-07
0.8900000000000007,p1_m3,0,0.04601902502845873,0.0,1.6318693733860923e-07
0.8900000000000007,p2_m0,0,0.03815120915177951,0.0,1.6318693733860923e-07
0.8900000000000007,p2_m1,0,-0.07879739184698827,0.0,1.6318693733860923e-07
0.8900000000000007,p2_m2,0,0.09236428548507136,0.0,1.6318693733860923e-07
0.8900000000000007,p2_m3,0,-0.1392529251355271,0.0,1.6318693733860923e-07
0.8900000000000007,p3_m0,0,0.16925878668958197,0.0,1.6318693733860923e-07
0.8900000000000007,p3_m1,0,-0.14797747981220635,0.0,1.6318693733860923e-07
0.8900000000000007,p3_m2,0,0.15308557939774617,0.0,1.6318693733860923e-07
0.8900000000000007,p3_m3,0,-0.27484082987115765,0.0,1.6318693733860923e-07
0.9000000000000007,p0_m0,0,0.16159183403594113,0.0,1.453206779551686e-07
0.9000000000000007,p0_m1,0,-0.2982178257622498,0.0,1.453206779551686e-07
0.9000000000000007,p0_m2,8,3.0961988735598984,0.013883030739210853,1.453206779551686e-07
0.9000000000000007,p0_m3,0,-0.3101763093838149,0.0,1.453206779551686e-07
0.9000000000000007,p1_m0,0,-0.24578491822652945,0.0,1.453206779551686e-07
0.9000000000000007,p1_m1,0,0.07586843275532913,0.0,1.453206779551686e-07
0.9000000000000007,p1_m2,0,-0.1097559628382774,0.0,1.453206779551686e-07
0.9000000000000007,p1_m3,0,0.061979764212575277,0.0,1.453206779551686e-07
0.9000000000000007,p2_m0,0,0.05436754972722524,0.0,1.453206779551686e-07
0.9000000000000007,p2_m1,0,-0.11133222510740635,0.0,1.453206779551686e-07
0.9000000000000007,p2_m2,0,0.1298342308160028,0.0,1.453206779551686e-07
0.9000000000000007,p2_m3,0,-0.19151866208531504,0.0,1.453206779551686e-07
0.9000000000000007,p3_m0,0,0.2374388167080439,0.0,1.453206779551686e-07
0.9000000000000007,p3_m1,0,-0.20518391534891348,0.0,1.453206779551686e-07
0.9000000000000007,p3_m2,0,0.20980326284148726,0.0,1.453206779551686e-07
0.9000000000000007,p3_m3,0,-0.382356510295246,0.0,1.453206779551686e-07
0.9100000000000007,p0_m0,0,0.10936620750093236,0.0,1.8301309864007449e-07
0.9100000000000007,p0_m1,0,-0.1963364100459999,0.0,1.8301309864007449e-07
0.9100000000000007,p0_m2,8,14.580953253732133,0.015,1.8301309864007449e-07
0.9100000000000007,p0_m3,0,-0.20855233269662304,0.0,1.8301309864007449e-07
0.9100000000000007,p1_m0,0,-0.21763156341183312,0.0,1.8301309864007449e-07
0.9100000000000007,p1_m1,0,0.04450090986003964,0.0,1.8301309864007449e-07
0.9100000000000007,p1_m2,0,-0.07279624862441551,0.0,1.8301309864007449e-07
0.9100000000000007,p1_m3,0,0.04147016912447161,0.0,1.8301309864007449e-07
0.9100000000000007,p2_m0,0,0.03371650128637826,0.0,1.8301309864007449e-07
0.9100000000000007,p2_m1,0,-0.06974011797984385,0.0,1.8301309864007449e-07
0.9100000000000007,p2_m2,0,0.08193811214103805,0.0,1.8301309864007449e-07
0.9100000000000007,p2_m3,0,-0.12429473382567897,0.0,1.8301309864007449e-07
0.9100000000000007,p3_m0,0,0.15052914608273887,0.0,1.8301309864007449e-07
0.9100000000000007,p3_m1,0,-0.1315093721931905,0.0,1.8301309864007449e-07
0.9100000000000007,p3_m2,0,0.1363210475922279,0.0,1.8301309864007449e-07
0.9100000000000007,p3_m3,0,-0.24533293393306588,0.0,1.8301309864007449e-07
0.9200000000000007,p0_m0,0,0.17786424352909877,0.0,1.797595160294689e-07
0.9200000000000007,p0_m1,0,-0.3262496072684145,0.0,1.797595160294689e-07
0.9200000000000007,p0_m2,8,3.094879077970398,0.014745199782062,1.797595160294689e-07
0.9200000000000007,p0_m3,0,-0.34184199694277506,0.0,1.797595160294689e-07
0.9200000000000007,p1_m0,0,-0.2721567328610173,0.0,1.797595160294689e-07
0.9200000000000007,p1_m1,0,0.07653722367783491,0.0,1.797595160294689e-07
0.9200000000000007,p1_m2,0,-0.11989712149123184,0.0,1.797595160294689e-07
0.9200000000000007,p1_m3,0,0.06763562242063989,0.0,1.797595160294689e-07
0.9200000000000007,p2_m0,0,0.060005296569295166,0.0,1.797595160294689e-07
0.9200000000000007,p2_m1,0,-0.12271512108149829,0.0,1.797595160294689e-07
0.9200000000000007,p2_m2,0,0.1429465671831213,0.0,1.797595160294689e-07
0.9200000000000007,p2_m3,0,-0.21097439260661277,0.0,1.797595160294689e-07
0.9200000000000007,p3_m0,0,0.2609434625040262,0.0,1.797595160294689e-07
0.9200000000000007,p3_m1,0,-0.22628718696091077,0.0,1.797595160294689e-07
0.9200000000000007,p3_m2,0,0.23161774810069832,0.0,1.797595160294689e-07
0.9200000000000007,p3_m3,0,-0.41958164080213933,0.0,1.797595160294689e-07
0.9300000000000007,p0_m0,0,0.0995031660601997,0.0,1.4959426391503628e-07
0.9300000000000007,p0_m1,0,-0.17835036459796497,0.0,1.4959426391503628e-07
0.9300000000000007,p0_m2,8,1.127228434290914,-0.015,1.4959426391503628e-07
0.9300000000000007,p0_m3,0,-0.18956622418233482,0.0,1.4959426391503628e-07
0.9300000000000007,p1_m0,0,-0.18186366308133967,0.0,1.4959426391503628e-07
0.9300000000000007,p1_m1,0,0.04037908716499155,0.0,1.4959426391503628e-07
0.9300000000000007,p1_m2,0,-0.06633699028127571,0.0,1.4959426391503628e-07
0.9300000000000007,p1_m3,0,0.03798586370839538,0.0,1.4959426391503628e-07
0.9300000000000007,p2_m0,0,0.03015540188721849,0.0,1.4959426391503628e-07
0.9300000000000007,p2_m1,0,-0.06278977811570365,0.0,1.4959426391503628e-07
0.9300000000000007,p2_m2,0,0.07387941601391546,0.0,1.4959426391503628e-07
0.9300000000000007,p2_m3,0,-0.11242022781331276,0.0,1.4959426391503628e-07
0.9300000000000007,p3_m0,0,0.1360422505361816,0.0,1.4959426391503628e-07
0.9300000000000007,p3_m1,0,-0.11897267915283408,0.0,1.4959426391503628e-07
0.9300000000000007,p3_m2,0,0.12345426697592446,0.0,1.4959426391503628e-07
0.9300000000000007,p3_m3,0,-0.22213117757939704,0.0,1.4959426391503628e-07
0.9400000000000007,p0_m0,0,0.19259817945925586,0.0,1.574272822294208e-07
0.9400000000000007,p0_m1,0,-0.3515848598612119,0.0,1.574272822294208e-07
0.9400000000000007,p0_m2,8,2.970945268415691,0.014686005119749698,1.574272822294208e-07
0.9400000000000007,p0_m3,0,-0.3705461542053613,0.0,1.574272822294208e-07
0.9400000000000007,p1_m0,0,-0.28654894130381864,0.0,1.574272822294208e-07
0.9400000000000007,p1_m1,0,0.07680254537901647,0.0,1.574272822294208e-07
0.9400000000000007,p1_m2,0,-0.12916093643293095,0.0,1.574272822294208e-07
0.9400000000000007,p1_m3,0,0.07282079409424388,0.0,1.574272822294208e-07
0.9400000000000007,p2_m0,0,0.06513349959295904,0.0,1.574272822294208e-07
0.9400000000000007,p2_m1,0,-0.1331107609213295,0.0,1.574272822294208e-07
0.9400000000000007,p2_m2,0,0.15490331132639804,0.0,1.574272822294208e-07
0.9400000000000007,p2_m3,0,-0.22868082156998934,0.0,1.574272822294208e-07
0.9400000000000007,p3_m0,0,0.2823151167177612,0.0,1.574272822294208e-07
0.9400000000000007,p3_m1,0,-0.24560706150462214,0.0,1.574272822294208e-07
0.9400000000000007,p3_m2,0,0.25156069321607744,0.0,1.574272822294208e-07
0.9400000000000007,p3_m3,0,-0.4533276288764691,0.0,1.574272822294208e-07
0.9500000000000007,p0_m0,0,-0.176746226654269,0.0,5.3892346327887125e-06
0.9500000000000007,p0_m1,0,-0.004090542567433725,0.0,5.3892346327887125e-06
0.9500000000000007,p0_m2,0,0.8359026581230391,0.0,5.3892346327887125e-06
0.9500000000000007,p0_m3,8,3.1386808127604846,0.015,5.3892346327887125e-06
0.9500000000000007,p1_m0,0,-0.06573211508937185,0.0,5.3892346327887125e-06
0.9500000000000007,p1_m1,0,0.08655729477195717,0.0,5.3892346327887125e-06
0.9500000000000007,p1_m2,0,-0.0872237781335807,0.0,5.3892346327887125e-06
0.9500000000000007,p1_m3,0,-0.05379784442185544,0.0,5.3892346327887125e-06
0.9500000000000007,p2_m0,0,0.14818944046393226,0.0,5.3892346327887125e-06
0.9500000000000007,p2_m1,0,-0.10136457977118982,0.0,5.3892346327887125e-06
0.9500000000000007,p2_m2,0,0.07337847361269291,0.0,5.3892346327887125e-06
0.9500000000000007,p2_m3,0,0.07100300988125816,0.0,5.3892346327887125e-06
0.9500000000000007,p3_m0,0,-0.08430830078233988,0.0,5.3892346327887125e-06
0.9500000000000007,p3_m1,0,0.10612270225582741,0.0,5.3892346327887125e-06
0.9500000000000007,p3_m2,0,-0.22237582962327512,0.0,5.3892346327887125e-06
0.9500000000000007,p3_m3,0,0.1917572623661912,0.0,5.3892346327887125e-06
0.9600000000000007,p0_m0,0,-0.06788429402029546,0.0,2.050583940229792e-06
0.9600000000000007,p0_m1,0,0.00636259255480902,0.0,2.050583940229792e-06
0.9600000000000007,p0_m2,0,0.8665873134393657,0.0,2.050583940229792e-06
0.9600000000000007,p0_m3,8,1.0541709743279277,-0.015,2.050583940229792e-06
0.9600000000000007,p1_m0,0,-0.03802349912892253,0.0,2.050583940229792e-06
0.9600000000000007,p1_m1,0,0.03477725358002736,0.0,2.050583940229792e-06
0.9600000000000007,p1_m2,0,-0.03545844820431597,0.0,2.050583940229792e-06
0.9600000000000007,p1_m3,0,-0.012980974704744125,0.0,2.050583940229792e-06
0.9600000000000007,p2_m0,0,0.04470248906905253,0.0,2.050583940229792e-06
0.9600000000000007,p2_m1,0,-0.02761133812537729,0.0,2.050583940229792e-06
0.9600000000000007,p2_m2,0,0.017588036565763958,0.0,2.050583940229792e-06
0.9600000000000007,p2_m3,0,0.03507498555704829,0.0,2.050583940229792e-06
0.9600000000000007,p3_m0,0,-0.03767915008298917,0.0,2.050583940229792e-06
0.9600000000000007,p3_m1,0,0.04342602551730937,0.0,2.050583940229792e-06
0.9600000000000007,p3_m2,0,-0.08356443404038681,0.0,2.050583940229792e-06
0.9600000000000007,p3_m3,0,0.08016523789093337,0.0,2.050583940229792e-06
0.9700000000000008,p0_m0,0,-0.12317526306632912,0.0,3.8263705852514297e-07
0.9700000000000008,p0_m1,0,0.04382241735766604,0.0,3.8263705852514297e-07
0.9700000000000008,p0_m2,0,0.428926372326587,0.0,3.8263705852514297e-07
0.9700000000000008,p0_m3,8,3.4788642024159597,0.012109620192375653,3.8263705852514297e-07
0.9700000000000008,p1_m0,0,0.1372446735437493,0.0,3.8263705852514297e-07
0.9700000000000008,p1_m1,0,0.014519882609408827,0.0,3.8263705852514297e-07
0.9700000000000008,p1_m2,0,-0.01770745469379824,0.0,3.8263705852514297e-07
0.9700000000000008,p1_m3,0,-0.04944463633077369,0.0,3.8263705852514297e-07
0.9700000000000008,p2_m0,0,0.05063980474072862,0.0,3.8263705852514297e-07
0.9700000000000008,p2_m1,0,-0.015034693429925942,0.0,3.8263705852514297e-07
0.9700000000000008,p2_m2,0,-0.0022717541070580026,0.0,3.8263705852514297e-07
0.9700000000000008,p2_m3,0,0.08078105454666572,0.0,3.8263705852514297e-07
0.9700000000000008,p3_m0,0,-0.10328395543939663,0.0,3.8263705852514297e-07
0.9700000000000008,p3_m1,0,0.09387799966178706,0.0,3.8263705852514297e-07
0.9700000000000008,p3_m2,0,-0.13623272379958698,0.0,3.8263705852514297e-07
0.9700000000000008,p3_m3,0,0.20867620947394697,0.0,3.8263705852514297e-07
0.9800000000000008,p0_m0,0,-0.09188781890134658,0.0,2.9554665594170187e-06
0.9800000000000008,p0_m1,0,0.05282843538098718,0.0,2.9554665594170187e-06
0.9800000000000008,p0_m2,0,0.09554864617568688,0.0,2.9554665594170187e-06
0.9800000000000008,p0_m3,8,14.027503136448523,0.015,2.9554665594170187e-06
0.9800000000000008,p1_m0,0,0.10707868440216173,0.0,2.9554665594170187e-06
0.9800000000000008,p1_m1,0,0.010388475272642339,0.0,2.9554665594170187e-06
0.9800000000000008,p1_m2,0,-0.008340012255413162,0.0,2.9554665594170187e-06
0.9800000000000008,p1_m3,0,-0.030430958268325602,0.0,2.9554665594170187e-06
0.9800000000000008,p2_m0,0,0.02635718563583858,0.0,2.9554665594170187e-06
0.9800000000000008,p2_m1,0,-0.0051168255105870355,0.0,2.9554665594170187e-06
0.9800000000000008,p2_m2,0,-0.006909354930886291,0.0,2.9554665594170187e-06
0.9800000000000008,p2_m3,0,0.06324179990577602,0.0,2.9554665594170187e-06
0.9800000000000008,p3_m0,0,-0.0758550564531802,0.0,2.9554665594170187e-06
0.9800000000000008,p3_m1,0,0.06856415303126671,0.0,2.9554665594170187e-06
0.9800000000000008,p3_m2,0,-0.10132770744625631,0.0,2.9554665594170187e-06
0.9800000000000008,p3_m3,0,0.14438382270893738,0.0,2.9554665594170187e-06
0.9900000000000008,p0_m0,0,-0.03696917803341871,0.0,9.872883928135276e-07
0.9900000000000008,p0_m1,0,0.03644160878417851,0.0,9.872883928135276e-07
0.9900000000000008,p0_m2,0,0.017551465760557963,0.0,9.872883928135276e-07
0.9900000000000008,p0_m3,8,5.747397388618986,0.004091099773004518,9.872883928135276e-07
0.9900000000000008,p1_m0,0,0.040249025677888094,0.0,9.872883928135276e-07
0.9900000000000008,p1_m1,0,0.002183250732233448,0.0,9.872883928135276e-07
0.9900000000000008,p1_m2,0,-0.0023910440491912155,0.0,9.872883928135276e-07
0.9900000000000008,p1_m3,0,-0.008565399021355774,0.0,9.872883928135276e-07
0.9900000000000008,p2_m0,0,0.005868818135104627,0.0,9.872883928135276e-07
0.9900000000000008,p2_m1,0,0.0015906314621095584,0.0,9.872883928135276e-07
0.9900000000000008,p2_m2,0,-0.006297419284098114,0.0,9.872883928135276e-07
0.9900000000000008,p2_m3,0,0.029580402750643504,0.0,9.872883928135276e-07
0.9900000000000008,p3_m0,0,-0.031119948364849867,0.0,9.872883928135276e-07
0.9900000000000008,p3_m1,0,0.02751669932776316,0.0,9.872883928135276e-07
0.9900000000000008,p3_m2,0,-0.03966537231308375,0.0,9.872883928135276e-07
0.9900000000000008,p3_m3,0,0.060011137731782516,0.0,9.872883928135276e-07
1.0000000000000007,p0_m0,0,-0.13659121100378407,0.0,3.088764826041438e-06
1.0000000000000007,p0_m1,0,0.1349904018605572,0.0,3.088764826041438e-06
1.0000000000000007,p0_m2,0,-0.13636483358217213,0.0,3.088764826041438e-06
1.0000000000000007,p0_m3,8,3.836154714659712,0.012212197735373114,3.088764826041438e-06
1.0000000000000007,p1_m0,0,0.18902393721342461,0.0,3.088764826041438e-06
1.0000000000000007,p1_m1,0,-0.014740300935300543,0.0,3.088764826041438e-06
1.0000000000000007,p1_m2,0,0.0009661746261365998,0.0,3.088764826041438e-06
1.0000000000000007,p1_m3,0,-0.06157669840472827,0.0,3.088764826041438e-06
1.0000000000000007,p2_m0,0,0.04453615249587017,0.0,3.088764826041438e-06
1.0000000000000007,p2_m1,0,-0.0008926538260410743,0.0,3.088764826041438e-06
1.0000000000000007,p2_m2,0,-0.016873847262133625,0.0,3.088764826041438e-06
1.0000000000000007,p2_m3,0,0.09308668997993066,0.0,3.088764826041438e-06
1.0000000000000007,p3_m0,0,-0.12074372297237652,0.0,3.088764826041438e-06
1.0000000000000007,p3_m1,0,0.10572048453441064,0.0,3.088764826041438e-06
1.0000000000000007,p3_m2,0,-0.13019555757390125,0.0,3.088764826041438e-06
1.0000000000000007,p3_m3,0,0.2528800398073932,0.0,3.088764826041438e-06
1.0099999999999996,p0_m0,0,-0.1497021179243411,0.0,5.803894380850257e-06
1.0099999999999996,p0_m1,0,0.1346012825478059,0.0,5.803894380850257e-06
1.0099999999999996,p0_m2,0,-0.13893142653177418,0.0,5.803894380850257e-06
1.0099999999999996,p0_m3,8,0.2915112509604531,-0.015,5.803894380850257e-06
1.0099999999999996,p1_m0,0,0.20663264509860532,0.0,5.803894380850257e-06
1.0099999999999996,p1_m1,0,-0.001577445136404486,0.0,5.803894380850257e-06
1.0099999999999996,p1_m2,0,-0.0010791856520180672,0.0,5.803894380850257e-06
1.0099999999999996,p1_m3,0,-0.05804957852744314,0.0,5.803894380850257e-06
1.0099999999999996,p2_m0,0,0.04146130696552339,0.0,5.803894380850257e-06
1.0099999999999996,p2_m1,0,-0.0038506373144669252,0.0,5.803894380850257e-06
1.0099999999999996,p2_m2,0,-0.01593354999788959,0.0,5.803894380850257e-06
1.0099999999999996,p2_m3,0,0.10593873019015691,0.0,5.803894380850257e-06
1.0099999999999996,p3_m0,0,-0.13238272373738244,0.0,5.803894380850257e-06
1.0099999999999996,p3_m1,0,0.11926873572951624,0.0,5.803894380850257e-06
1.0099999999999996,p3_m2,0,-0.16833219124777427,0.0,5.803894380850257e-06
1.0099999999999996,p3_m3,0,0.25155255186235853,0.0,5.803894380850257e-06
1.0199999999999985,p0_m0,0,-0.0787033986121437,0.0,1.0182910687321237e-06
1.0199999999999985,p0_m1,0,0.06790296753218504,0.0,1.0182910687321237e-06
1.0199999999999985,p0_m2,0,-0.0773338811022563,0.0,1.0182910687321237e-06
1.0199999999999985,p0_m3,8,2.3083411618642966,0.00401912969532281,1.0182910687321237e-06
1.0199999999999985,p1_m0,0,0.10056874895950177,0.0,1.0182910687321237e-06
1.0199999999999985,p1_m1,0,-0.004148430670755001,0.0,1.0182910687321237e-06
1.0199999999999985,p1_m2,0,-0.00042353821788304136,0.0,1.0182910687321237e-06
1.0199999999999985,p1_m3,0,-0.02768476995445128,0.0,1.0182910687321237e-06
1.0199999999999985,p2_m0,0,0.01744445800189957,0.0,1.0182910687321237e-06
1.0199999999999985,p2_m1,0,0.002524288292521868,0.0,1.0182910687321237e-06
1.0199999999999985,p2_m2,0,-0.012373379362237601,0.0,1.0182910687321237e-06
1.0199999999999985,p2_m3,0,0.05732712594121155,0.0,1.0182910687321237e-06
1.0199999999999985,p3_m0,0,-0.06678934835625573,0.0,1.0182910687321237e-06
1.0199999999999985,p3_m1,0,0.05788471741707154,0.0,1.0182910687321237e-06
1.0199999999999985,p3_m2,0,-0.07537404848915338,0.0,1.0182910687321237e-06
1.0199999999999985,p3_m3,0,0.13315945307430968,0.0,1.0182910687321237e-06
1.0299999999999974,p0_m0,0,-0.08835049119101661,0.0,2.7203160117507822e-06
1.0299999999999974,p0_m1,0,0.05697735284757287,0.0,2.7203160117507822e-06
1.0299999999999974,p0_m2,0,-0.07375890043192043,0.0,2.7203160117507822e-06
1.0299999999999974,p0_m3,8,0.7767248762237957,-0.015,2.7203160117507822e-06
1.0299999999999974,p1_m0,0,0.11474321576676405,0.0,2.7203160117507822e-06
1.0299999999999974,p1_m1,0,-0.0001338771941607482,0.0,2.7203160117507822e-06
1.0299999999999974,p1_m2,0,-0.0028314620771158574,0.0,2.7203160117507822e-06
1.0299999999999974,p1_m3,0,-0.029990376053712128,0.0,2.7203160117507822e-06
1.0299999999999974,p2_m0,0,0.020966402912381953,0.0,2.7203160117507822e-06
1.0299999999999974,p2_m1,0,-0.0005786477432915908,0.0,2.7203160117507822e-06
1.0299999999999974,p2_m2,0,-0.010657463873592649,0.0,2.7203160117507822e-06
1.0299999999999974,p2_m3,0,0.0625548994380651,0.0,2.7203160117507822e-06
1.0299999999999974,p3_m0,0,-0.07410612050056246,0.0,2.7203160117507822e-06
1.0299999999999974,p3_m1,0,0.06527346138986144,0.0,2.7203160117507822e-06
1.0299999999999974,p3_m2,0,-0.0921887886266546,0.0,2.7203160117507822e-06
1.0299999999999974,p3_m3,0,0.1426088677457432,0.0,2.7203160117507822e-06
1.0399999999999963,p0_m0,0,-0.032237137450153844,0.0,1.413533639474757e-06
1.0399999999999963,p0_m1,0,0.03414917632942227,0.0,1.413533639474757e-06
1.0399999999999963,p0_m2,0,-0.034791739630506045,0.0,1.413533639474757e-06
1.0399999999999963,p0_m3,8,5.322205950151352,0.0030881563896739666,1.413533639474757e-06
1.0399999999999963,p1_m0,0,0.037974335619393104,0.0,1.413533639474757e-06
1.0399999999999963,p1_m1,0,-0.0009183075067189312,0.0,1.413533639474757e-06
1.0399999999999963,p1_m2,0,-0.00043090239864751,0.0,1.413533639474757e-06
1.0399999999999963,p1_m3,0,-0.00704792184884617,0.0,1.413533639474757e-06
1.0399999999999963,p2_m0,0,0.003179221371249907,0.0,1.413533639474757e-06
1.0399999999999963,p2_m1,0,0.0028878162400478484,0.0,1.413533639474757e-06
1.0399999999999963,p2_m2,0,-0.006861459972128184,0.0,1.413533639474757e-06
1.0399999999999963,p2_m3,0,0.02652094888526085,0.0,1.413533639474757e-06
1.0399999999999963,p3_m0,0,-0.027290692993574794,0.0,1.413533639474757e-06
1.0399999999999963,p3_m1,0,0.0236388577022508,0.0,1.413533639474757e-06
1.0399999999999963,p3_m2,0,-0.032755245523947145,0.0,1.413533639474757e-06
1.0399999999999963,p3_m3,0,0.052444292070689735,0.0,1.413533639474757e-06
1.0499999999999952,p0_m0,0,-0.13960615914166488,0.0,3.4329970951181824e-06
1.0499999999999952,p0_m1,0,0.13638558126857914,0.0,3.4329970951181824e-06
1.0499999999999952,p0_m2,0,-0.15648808620920213,0.0,3.4329970951181824e-06
1.0499999999999952,p0_m3,8,3.8005192078313517,0.012322298578288019,3.4329970951181824e-06
1.0499999999999952,p1_m0,0,0.1951114464562773,0.0,3.4329970951181824e-06
1.0499999999999952,p1_m1,0,-0.014876554187434157,0.0,3.4329970951181824e-06
1.0499999999999952,p1_m2,0,0.0013061890491483997,0.0,3.4329970951181824e-06
1.0499999999999952,p1_m3,0,-0.06317550204928489,0.0,3.4329970951181824e-06
1.0499999999999952,p2_m0,0,0.04547163934913894,0.0,3.4329970951181824e-06
1.0499999999999952,p2_m1,0,-0.0011891463700723765,0.0,3.4329970951181824e-06
1.0499999999999952,p2_m2,0,-0.0169713684740889,0.0,3.4329970951181824e-06
1.0499999999999952,p2_m3,0,0.09482224706302524,0.0,3.4329970951181824e-06
1.0499999999999952,p3_m0,0,-0.12331107462119438,0.0,3.4329970951181824e-06
1.0499999999999952,p3_m1,0,0.10792537105248003,0.0,3.4329970951181824e-06
1.0499999999999952,p3_m2,0,-0.1339815317968805,0.0,3.4329970951181824e-06
1.0499999999999952,p3_m3,0,0.2574048453360653,0.0,3.4329970951181824e-06
1.059999999999994,p0_m0,0,-0.12998283366472155,0.0,5.28372192632982e-06
1.059999999999994,p0_m1,0,0.11653120278869235,0.0,5.28372192632982e-06
1.059999999999994,p0_m2,0,-0.12651658159862467,0.0,5.28372192632982e-06
1.059999999999994,p0_m3,8,13.761820521055041,0.015,5.28372192632982e-06
1.059999999999994,p1_m0,0,0.17547450388266153,0.0,5.28372192632982e-06
1.059999999999994,p1_m1,0,-0.004895937544312179,0.0,5.28372192632982e-06
1.059999999999994,p1_m2,0,-0.0012596160154968877,0.0,5.28372192632982e-06
1.059999999999994,p1_m3,0,-0.04980819949381228,0.0,5.28372192632982e-06
1.059999999999994,p2_m0,0,0.03545386097578905,0.0,5.28372192632982e-06
1.059999999999994,p2_m1,0,-0.0025562299116328163,0.0,5.28372192632982e-06
1.059999999999994,p2_m2,0,-0.014240055348799262,0.0,5.28372192632982e-06
1.059999999999994,p2_m3,0,0.09006956978797535,0.0,5.28372192632982e-06
1.059999999999994,p3_m0,0,-0.11239624282514411,0.0,5.28372192632982e-06
1.059999999999994,p3_m1,0,0.1002877365039251,0.0,5.28372192632982e-06
1.059999999999994,p3_m2,0,-0.13996645626867477,0.0,5.28372192632982e-06
1.059999999999994,p3_m3,0,0.21664505899656633,0.0,5.28372192632982e-06
1.069999999999993,p0_m0,0,-0.029353577813938228,0.0,1.1965363682097752e-06
1.069999999999993,p0_m1,0,0.04101184159167143,0.0,1.1965363682097752e-06
1.069999999999993,p0_m2,0,-0.03197660489154994,0.0,1.1965363682097752e-06
1.069999999999993,p0_m3,8,8.36872752559552,0.0010397930044471631,1.1965363682097752e-06
1.069999999999993,p1_m0,0,0.03427810854909473,0.0,1.1965363682097752e-06
1.069999999999993,p1_m1,0,0.0005251204596462864,0.0,1.1965363682097752e-06
1.069999999999993,p1_m2,0,-0.0008723731076575044,0.0,1.1965363682097752e-06
1.069999999999993,p1_m3,0,-0.006157288282116462,0.0,1.1965363682097752e-06
1.069999999999993,p2_m0,0,0.002188265125829816,0.0,1.1965363682097752e-06
1.069999999999993,p2_m1,0,0.002324437961952311,0.0,1.1965363682097752e-06
1.069999999999993,p2_m2,0,-0.00599578588891074,0.0,1.1965363682097752e-06
1.069999999999993,p2_m3,0,0.024636006732082334,0.0,1.1965363682097752e-06
1.069999999999993,p3_m0,0,-0.024702393645844114,0.0,1.1965363682097752e-06
1.069999999999993,p3_m1,0,0.021341844429519904,0.0,1.1965363682097752e-06
1.069999999999993,p3_m2,0,-0.033087610572044304,0.0,1.1965363682097752e-06
1.069999999999993,p3_m3,0,0.04543509930252838,0.0,1.1965363682097752e-06
1.0799999999999919,p0_m0,0,-0.08274834968196919,0.0,1.4048843616079984e-06
1.0799999999999919,p0_m1,0,0.1020973850656674,0.0,1.4048843616079984e-06
1.0799999999999919,p0_m2,0,-0.1108337606866525,0.0,1.4048843616079984e-06
1.0799999999999919,p0_m3,8,4.341434511899222,0.010265185040887461,1.4048843616079984e-06
1.0799999999999919,p1_m0,0,0.1108675180657813,0.0,1.4048843616079984e-06
1.0799999999999919,p1_m1,0,-0.01202260534945383,0.0,1.4048843616079984e-06
1.0799999999999919,p1_m2,0,0.0026121091862697345,0.0,1.4048843616079984e-06
1.0799999999999919,p1_m3,0,-0.03241055046827363,0.0,1.4048843616079984e-06
1.0799999999999919,p2_m0,0,0.021708642279341273,0.0,1.4048843616079984e-06
1.0799999999999919,p2_m1,0,0.0036088324416072353,0.0,1.4048843616079984e-06
1.0799999999999919,p2_m2,0,-0.014118120161069668,0.0,1.4048843616079984e-06
1.0799999999999919,p2_m3,0,0.05993999957047536,0.0,1.4048843616079984e-06
1.0799999999999919,p3_m0,0,-0.07350336557221616,0.0,1.4048843616079984e-06
1.0799999999999919,p3_m1,0,0.06411162651755128,0.0,1.4048843616079984e-06
1.0799999999999919,p3_m2,0,-0.06993939688988042,0.0,1.4048843616079984e-06
1.0799999999999919,p3_m3,0,0.15274720474937514,0.0,1.4048843616079984e-06
1.0899999999999908,p0_m0,0,-0.2064189983013526,0.0,5.61165841464224e-06
1.0899999999999908,p0_m1,0,0.18379662637160352,0.0,5.61165841464224e-06
1.0899999999999908,p0_m2,0,-0.1989022530633111,0.0,5.61165841464224e-06
1.0899999999999908,p0_m3,8,3.5919191709215066,0.013167460606267126,5.61165841464224e-06
1.0899999999999908,p1_m0,0,0.29636935878674847,0.0,5.61165841464224e-06
1.0899999999999908,p1_m1,0,-0.009656295163506455,0.0,5.61165841464224e-06
1.0899999999999908,p1_m2,0,-0.002925805735503902,0.0,5.61165841464224e-06
1.0899999999999908,p1_m3,0,-0.08794368154951396,0.0,5.61165841464224e-06
1.0899999999999908,p2_m0,0,0.06708935116971024,0.0,5.61165841464224e-06
1.0899999999999908,p2_m1,0,-0.010810774357515311,0.0,5.61165841464224e-06
1.0899999999999908,p2_m2,0,-0.017094943470221065,0.0,5.61165841464224e-06
1.0899999999999908,p2_m3,0,0.14101333071848443,0.0,5.61165841464224e-06
1.0899999999999908,p3_m0,0,-0.18359986042528428,0.0,5.61165841464224e-06
1.0899999999999908,p3_m1,0,0.1643690546773084,0.0,5.61165841464224e-06
1.0899999999999908,p3_m2,0,-0.23107942548750673,0.0,5.61165841464224e-06
1.0899999999999908,p3_m3,0,0.35451248938649876,0.0,5.61165841464224e-06
1.0999999999999897,p0_m0,0,-0.08111118388743287,0.0,2.674689533717352e-06
1.0999999999999897,p0_m1,0,0.07469113040947255,0.0,2.674689533717352e-06
1.0999999999999897,p0_m2,0,-0.08020640822505108,0.0,2.674689533717352e-06
1.0999999999999897,p0_m3,8,0.5158689839042525,-0.015,2.674689533717352e-06
1.0999999999999897,p1_m0,0,0.10146785615457506,0.0,2.674689533717352e-06
1.0999999999999897,p1_m1,0,-0.003951890998705683,0.0,2.674689533717352e-06
1.0999999999999897,p1_m2,0,-0.0009364744472084723,0.0,2.674689533717352e-06
1.0999999999999897,p1_m3,0,-0.026447373162500624,0.0,2.674689533717352e-06
1.0999999999999897,p2_m0,0,0.01666768314260234,0.0,2.674689533717352e-06
1.0999999999999897,p2_m1,0,0.0017296533372969545,0.0,2.674689533717352e-06
1.0999999999999897,p2_m2,0,-0.011741013726444633,0.0,2.674689533717352e-06
1.0999999999999897,p2_m3,0,0.05820812786904869,0.0,2.674689533717352e-06
1.0999999999999897,p3_m0,0,-0.06767339535928879,0.0,2.674689533717352e-06
1.0999999999999897,p3_m1,0,0.05940951489568942,0.0,2.674689533717352e-06
1.0999999999999897,p3_m2,0,-0.08292653767520874,0.0,2.674689533717352e-06
1.0999999999999897,p3_m3,0,0.1304960974676951,0.0,2.674689533717352e-06
1.1099999999999886,p0_m0,0,-0.03983214443992763,0.0,7.710723654514038e-07
1.1099999999999886,p0_m1,0,0.05338621715012977,0.0,7.710723654514038e-07
1.1099999999999886,p0_m2,0,-0.05097753955847333,0.0,7.710723654514038e-07
1.1099999999999886,p0_m3,8,5.759296516263373,0.006987906451939337,7.710723654514038e-07
1.1099999999999886,p1_m0,0,0.04825835407940184,0.0,7.710723654514038e-07
1.1099999999999886,p1_m1,0,-0.00366094537341623,0.0,7.710723654514038e-07
1.1099999999999886,p1_m2,0,0.0004200818534518187,0.0,7.710723654514038e-07
1.1099999999999886,p1_m3,0,-0.010212426109552156,0.0,7.710723654514038e-07
1.1099999999999886,p2_m0,0,0.005261284651629931,0.0,7.710723654514038e-07
1.1099999999999886,p2_m1,0,0.0037352443331199973,0.0,7.710723654514038e-07
1.1099999999999886,p2_m2,0,-0.00865181073371548,0.0,7.710723654514038e-07
1.1099999999999886,p2_m3,0,0.032072498850694756,0.0,7.710723654514038e-07
1.1099999999999886,p3_m0,0,-0.034363090541467994,0.0,7.710723654514038e-07
1.1099999999999886,p3_m1,0,0.02954143204542802,0.0,7.710723654514038e-07
1.1099999999999886,p3_m2,0,-0.03824923194392279,0.0,7.710723654514038e-07
1.1099999999999886,p3_m3,0,0.06788054350317746,0.0,7.710723654514038e-07
1.1199999999999875,p0_m0,0,-0.1480743924611256,0.0,3.439179681327636e-06
1.1199999999999875,p0_m1,0,0.14558819022598302,0.0,3.439179681327636e-06
1.1199999999999875,p0_m2,0,-0.16455343195556388,0.0,3.439179681327636e-06
1.1199999999999875,p0_m3,8,3.769804368041645,0.012483777230819346,3.439179681327636e-06
1.1199999999999875,p1_m0,0,0.20766989370861824,0.0,3.439179681327636e-06
1.1199999999999875,p1_m1,0,-0.015598324762186637,0.0,3.439179681327636e-06
1.1199999999999875,p1_m2,0,0.0010501277341763298,0.0,3.439179681327636e-06
1.1199999999999875,p1_m3,0,-0.06681890773226766,0.0,3.439179681327636e-06
1.1199999999999875,p2_m0,0,0.048329196174802025,0.0,3.439179681327636e-06
1.1199999999999875,p2_m1,0,-0.0017938532438429866,0.0,3.439179681327636e-06
1.1199999999999875,p2_m2,0,-0.017550398593463606,0.0,3.439179681327636e-06
1.1199999999999875,p2_m3,0,0.10061325926697466,0.0,3.439179681327636e-06
1.1199999999999875,p3_m0,0,-0.1310157478151874,0.0,3.439179681327636e-06
1.1199999999999875,p3_m1,0,0.11477954746302257,0.0,3.439179681327636e-06
1.1199999999999875,p3_m2,0,-0.14466869838107216,0.0,3.439179681327636e-06
1.1199999999999875,p3_m3,0,0.27189107016783126,0.0,3.439179681327636e-06
1.1299999999999863,p0_m0,0,-0.11501956644765723,0.0,4.62686897042461e-06
1.1299999999999863,p0_m1,0,0.10521826355176848,0.0,4.62686897042461e-06
1.1299999999999863,p0_m2,0,-0.11411450471604466,0.0,4.62686897042461e-06
1.1299999999999863,p0_m3,8,0.565699273679131,-0.015,4.62686897042461e-06
1.1299999999999863,p1_m0,0,0.15263945893837794,0.0,4.62686897042461e-06
1.1299999999999863,p1_m1,0,-0.007637225141313506,0.0,4.62686897042461e-06
1.1299999999999863,p1_m2,0,-0.0009146760969561691,0.0,4.62686897042461e-06
1.1299999999999863,p1_m3,0,-0.04309616836832723,0.0,4.62686897042461e-06
1.1299999999999863,p2_m0,0,0.02986298089092697,0.0,4.62686897042461e-06
1.1299999999999863,p2_m1,0,-0.0008355494306846757,0.0,4.62686897042461e-06
1.1299999999999863,p2_m2,0,-0.013844132044527956,0.0,4.62686897042461e-06
1.1299999999999863,p2_m3,0,0.08015803148432472,0.0,4.62686897042461e-06
1.1299999999999863,p3_m0,0,-0.09883865962740591,0.0,4.62686897042461e-06
1.1299999999999863,p3_m1,0,0.08779074041762325,0.0,4.62686897042461e-06
1.1299999999999863,p3_m2,0,-0.12131469154463084,0.0,4.62686897042461e-06
1.1299999999999863,p3_m3,0,0.19186159676743877,0.0,4.62686897042461e-06
1.1399999999999852,p0_m0,0,-0.1506854977660394,0.0,2.835542009043193e-06
1.1399999999999852,p0_m1,0,0.10017205375638082,0.0,2.835542009043193e-06
1.1399999999999852,p0_m2,0,-0.12943772025547548,0.0,2.835542009043193e-06
1.1399999999999852,p0_m3,8,3.401666027050022,0.012437395507404402,2.835542009043193e-06
1.1399999999999852,p1_m0,0,0.21429603664561003,0.0,2.835542009043193e-06
1.1399999999999852,p1_m1,0,-0.008564118064794951,0.0,2.835542009043193e-06
1.1399999999999852,p1_m2,0,-0.004129682425239047,0.0,2.835542009043193e-06
1.1399999999999852,p1_m3,0,-0.06219074921874136,0.0,2.835542009043193e-06
1.1399999999999852,p2_m0,0,0.04771811876254898,0.0,2.835542009043193e-06
1.1399999999999852,p2_m1,0,-0.006859983430799211,0.0,2.835542009043193e-06
1.1399999999999852,p2_m2,0,-0.013454954351338729,0.0,2.835542009043193e-06
1.1399999999999852,p2_m3,0,0.10390120064672487,0.0,2.835542009043193e-06
1.1399999999999852,p3_m0,0,-0.132634285698618,0.0,2.835542009043193e-06
1.1399999999999852,p3_m1,0,0.11752994115790204,0.0,2.835542009043193e-06
1.1399999999999852,p3_m2,0,-0.1633445561989397,0.0,2.835542009043193e-06
1.1399999999999852,p3_m3,0,0.2582939143236277,0.0,2.835542009043193e-06
1.1499999999999841,p0_m0,0,-0.0364549309139655,0.0,2.047671080560188e-06
1.1499999999999841,p0_m1,0,0.03497769031088837,0.0,2.047671080560188e-06
1.1499999999999841,p0_m2,0,-0.032086203082548725,0.0,2.047671080560188e-06
1.1499999999999841,p0_m3,8,8.197477862310258,-0.006592901268459921,2.047671080560188e-06
1.1499999999999841,p1_m0,0,0.04594606906177047,0.0,2.047671080560188e-06
1.1499999999999841,p1_m1,0,-0.00040916168703169484,0.0,2.047671080560188e-06
1.1499999999999841,p1_m2,0,-0.0016306619818417505,0.0,2.047671080560188e-06
1.1499999999999841,p1_m3,0,-0.009477951071532384,0.0,2.047671080560188e-06
1.1499999999999841,p2_m0,0,0.005453769177174252,0.0,2.047671080560188e-06
1.1499999999999841,p2_m1,0,0.0010826321579685395,0.0,2.047671080560188e-06
1.1499999999999841,p2_m2,0,-0.00582292010449417,0.0,2.047671080560188e-06
1.1499999999999841,p2_m3,0,0.029074494784101325,0.0,2.047671080560188e-06
1.1499999999999841,p3_m0,0,-0.03139927729464418,0.0,2.047671080560188e-06
1.1499999999999841,p3_m1,0,0.02765357762808813,0.0,2.047671080560188e-06
1.1499999999999841,p3_m2,0,-0.041774128880415325,0.0,2.047671080560188e-06
1.1499999999999841,p3_m3,0,0.05762697341830962,0.0,2.047671080560188e-06
1.159999999999983,p0_m0,0,-0.06686015208562437,0.0,1.5713379887706433e-06
1.159999999999983,p0_m1,0,0.0819425817436325,0.0,1.5713379887706433e-06
1.159999999999983,p0_m2,0,-0.0895958266973484,0.0,1.5713379887706433e-06
1.159999999999983,p0_m3,8,4.566734467138282,0.009109878420752244,1.5713379887706433e-06
1.159999999999983,p1_m0,0,0.08771582421359142,0.0,1.5713379887706433e-06
1.159999999999983,p1_m1,0,-0.009485993301989213,0.0,1.5713379887706433e-06
1.159999999999983,p1_m2,0,0.001961619833524217,0.0,1.5713379887706433e-06
1.159999999999983,p1_m3,0,-0.023446810772226732,0.0,1.5713379887706433e-06
1.159999999999983,p2_m0,0,0.015616979129189506,0.0,1.5713379887706433e-06
1.159999999999983,p2_m1,0,0.003746854673695982,0.0,1.5713379887706433e-06
1.159999999999983,p2_m2,0,-0.012163746263624127,0.0,1.5713379887706433e-06
1.159999999999983,p2_m3,0,0.04946236199645592,0.0,1.5713379887706433e-06
1.159999999999983,p3_m0,0,-0.05910422197778378,0.0,1.5713379887706433e-06
1.159999999999983,p3_m1,0,0.05143176190201658,0.0,1.5713379887706433e-06
1.159999999999983,p3_m2,0,-0.056111098560263736,0.0,1.5713379887706433e-06
1.159999999999983,p3_m3,0,0.1212165938133293,0.0,1.5713379887706433e-06
1.169999999999982,p0_m0,0,-0.19086003792610773,0.0,5.1907392828675245e-06
1.169999999999982,p0_m1,0,0.17066723921341442,0.0,5.1907392828675245e-06
1.169999999999982,p0_m2,0,-0.18899041572769237,0.0,5.1907392828675245e-06
1.169999999999982,p0_m3,8,3.6174267155884006,0.013056140248078342,5.1907392828675245e-06
1.169999999999982,p1_m0,0,0.2726689090652169,0.0,5.1907392828675245e-06
1.169999999999982,p1_m1,0,-0.016098153000636665,0.0,5.1907392828675245e-06
1.169999999999982,p1_m2,0,-0.0020228201988046436,0.0,5.1907392828675245e-06
1.169999999999982,p1_m3,0,-0.08282721769563463,0.0,5.1907392828675245e-06
1.169999999999982,p2_m0,0,0.06264475323137313,0.0,5.1907392828675245e-06
1.169999999999982,p2_m1,0,-0.008566592623478562,0.0,5.1907392828675245e-06
1.169999999999982,p2_m2,0,-0.017018956445901283,0.0,5.1907392828675245e-06
1.169999999999982,p2_m3,0,0.12957957990745295,0.0,5.1907392828675245e-06
1.169999999999982,p3_m0,0,-0.16913696257807284,0.0,5.1907392828675245e-06
1.169999999999982,p3_m1,0,0.15067084189328947,0.0,5.1907392828675245e-06
1.169999999999982,p3_m2,0,-0.20694070230992406,0.0,5.1907392828675245e-06
1.169999999999982,p3_m3,0,0.33315864814632645,0.0,5.1907392828675245e-06
1.1799999999999808,p0_m0,0,-0.0876362302773978,0.0,3.200857394787606e-06
1.1799999999999808,p0_m1,0,0.07989543169308001,0.0,3.200857394787606e-06
1.1799999999999808,p0_m2,0,-0.0865440952589293,0.0,3.200857394787606e-06
1.1799999999999808,p0_m3,8,14.23428464400696,0.015,3.200857394787606e-06
1.1799999999999808,p1_m0,0,0.11112236641629251,0.0,3.200857394787606e-06
1.1799999999999808,p1_m1,0,-0.006844244830510564,0.0,3.200857394787606e-06
1.1799999999999808,p1_m2,0,-0.0009044795054013856,0.0,3.200857394787606e-06
1.1799999999999808,p1_m3,0,-0.029692537102861495,0.0,3.200857394787606e-06
1.1799999999999808,p2_m0,0,0.01924969642396647,0.0,3.200857394787606e-06
1.1799999999999808,p2_m1,0,0.001214995598054233,0.0,3.200857394787606e-06
1.1799999999999808,p2_m2,0,-0.012102575127253861,0.0,3.200857394787606e-06
1.1799999999999808,p2_m3,0,0.06223684603022805,0.0,3.200857394787606e-06
1.1799999999999808,p3_m0,0,-0.0734852918826356,0.0,3.200857394787606e-06
1.1799999999999808,p3_m1,0,0.06472069866889579,0.0,3.200857394787606e-06
1.1799999999999808,p3_m2,0,-0.08993704857577316,0.0,3.200857394787606e-06
1.1799999999999808,p3_m3,0,0.1421729942149602,0.0,3.200857394787606e-06
1.1899999999999797,p0_m0,0,-0.03182784040637995,0.0,8.128428469220915e-07
1.1899999999999797,p0_m1,0,0.04313198878691558,0.0,8.128428469220915e-07
1.1899999999999797,p0_m2,0,-0.03915467501552633,0.0,8.128428469220915e-07
1.1899999999999797,p0_m3,8,5.6777164118696195,0.0031246329085612584,8.128428469220915e-07
1.1899999999999797,p1_m0,0,0.036889625288130466,0.0,8.128428469220915e-07
1.1899999999999797,p1_m1,0,-0.002926501751268917,0.0,8.128428469220915e-07
1.1899999999999797,p1_m2,0,5.4238274032068736e-05,0.0,8.128428469220915e-07
1.1899999999999797,p1_m3,0,-0.006893195995788461,0.0,8.128428469220915e-07
1.1899999999999797,p2_m0,0,0.002476245844391041,0.0,8.128428469220915e-07
1.1899999999999797,p2_m1,0,0.003556590961648534,0.0,8.128428469220915e-07
1.1899999999999797,p2_m2,0,-0.007448268461454938,0.0,8.128428469220915e-07
1.1899999999999797,p2_m3,0,0.026746233648901132,0.0,8.128428469220915e-07
1.1899999999999797,p3_m0,0,-0.027114925838687288,0.0,8.128428469220915e-07
1.1899999999999797,p3_m1,0,0.02329107548490479,0.0,8.128428469220915e-07
1.1899999999999797,p3_m2,0,-0.032332422810486317,0.0,8.128428469220915e-07
1.1899999999999797,p3_m3,0,0.05240862255685933,0.0,8.128428469220915e-07
1.1999999999999786,p0_m0,0,-0.13254447361364818,0.0,2.9147322276513128e-06
1.1999999999999786,p0_m1,0,0.1358741822294393,0.0,2.9147322276513128e-06
1.1999999999999786,p0_m2,0,-0.15381362895871212,0.0,2.9147322276513128e-06
1.1999999999999786,p0_m3,8,3.8494790150017604,0.012151873721925773,2.9147322276513128e-06
1.1999999999999786,p1_m0,0,0.18446317826497735,0.0,2.9147322276513128e-06
1.1999999999999786,p1_m1,0,-0.017489586288085675,0.0,2.9147322276513128e-06
1.1999999999999786,p1_m2,0,0.0019508235822120203,0.0,2.9147322276513128e-06
1.1999999999999786,p1_m3,0,-0.060038756831616316,0.0,2.9147322276513128e-06
1.1999999999999786,p2_m0,0,0.04252419908049447,0.0,2.9147322276513128e-06
1.1999999999999786,p2_m1,0,8.905255398131025e-05,0.0,2.9147322276513128e-06
1.1999999999999786,p2_m2,0,-0.017270304712819953,0.0,2.9147322276513128e-06
1.1999999999999786,p2_m3,0,0.09067622227308876,0.0,2.9147322276513128e-06
1.1999999999999786,p3_m0,0,-0.11742030559527068,0.0,2.9147322276513128e-06
1.1999999999999786,p3_m1,0,0.10251321969581699,0.0,2.9147322276513128e-06
1.1999999999999786,p3_m2,0,-0.12452483942991395,0.0,2.9147322276513128e-06
1.1999999999999786,p3_m3,0,0.24665642331231466,0.0,2.9147322276513128e-06
1.2099999999999775,p0_m0,0,-0.1470591634468897,0.0,5.708387580020136e-06
1.2099999999999775,p0_m1,0,0.1324162554814296,0.0,5.708387580020136e-06
1.2099999999999775,p0_m2,0,-0.14238018053623372,0.0,5.708387580020136e-06
1.2099999999999775,p0_m3,8,0.43100677843769475,-0.015,5.708387580020136e-06
1.2099999999999775,p1_m0,0,0.20200955501379367,0.0,5.708387580020136e-06
1.2099999999999775,p1_m1,0,-0.013988446905203164,0.0,5.708387580020136e-06
1.2099999999999775,p1_m2,0,-0.0015870963503888814,0.0,5.708387580020136e-06
1.2099999999999775,p1_m3,0,-0.05767054298927764,0.0,5.708387580020136e-06
1.2099999999999775,p2_m0,0,0.04179633516992854,0.0,5.708387580020136e-06
1.2099999999999775,p2_m1,0,-0.0041839372399056565,0.0,5.708387580020136e-06
1.2099999999999775,p2_m2,0,-0.015089420623528143,0.0,5.708387580020136e-06
1.2099999999999775,p2_m3,0,0.10178000603307034,0.0,5.708387580020136e-06
1.2099999999999775,p3_m0,0,-0.12840654238427027,0.0,5.708387580020136e-06
1.2099999999999775,p3_m1,0,0.11491187192566218,0.0,5.708387580020136e-06
1.2099999999999775,p3_m2,0,-0.16124806423113625,0.0,5.708387580020136e-06
1.2099999999999775,p3_m3,0,0.24637193473136268,0.0,5.708387580020136e-06
1.2199999999999764,p0_m0,0,-0.07732558254893149,0.0,9.840422529072614e-07
1.2199999999999764,p0_m1,0,0.06641499405485003,0.0,9.840422529072614e-07
1.2199999999999764,p0_m2,0,-0.07773573569873235,0.0,9.840422529072614e-07
1.2199999999999764,p0_m3,8,2.3531586199259378,0.0036991088373485833,9.840422529072614e-07
1.2199999999999764,p1_m0,0,0.09858049043359907,0.0,9.840422529072614e-07
1.2199999999999764,p1_m1,0,-0.00786639261182325,0.0,9.840422529072614e-07
1.2199999999999764,p1_m2,0,-0.0006161045485523577,0.0,9.840422529072614e-07
1.2199999999999764,p1_m3,0,-0.027460100186556074,0.0,9.840422529072614e-07
1.2199999999999764,p2_m0,0,0.01748938567695202,0.0,9.840422529072614e-07
1.2199999999999764,p2_m1,0,0.0023667330798503405,0.0,9.840422529072614e-07
1.2199999999999764,p2_m2,0,-0.012000142641758417,0.0,9.840422529072614e-07
1.2199999999999764,p2_m3,0,0.05565275183232511,0.0,9.840422529072614e-07
1.2199999999999764,p3_m0,0,-0.06519008867673602,0.0,9.840422529072614e-07
1.2199999999999764,p3_m1,0,0.056250422026817515,0.0,9.840422529072614e-07
1.2199999999999764,p3_m2,0,-0.07304654868367909,0.0,9.840422529072614e-07
1.2199999999999764,p3_m3,0,0.13073412879432506,0.0,9.840422529072614e-07
1.2299999999999753,p0_m0,0,-0.10655677924653943,0.0,3.50368919078415e-06
1.2299999999999753,p0_m1,0,0.06862561270196663,0.0,3.50368919078415e-06
1.2299999999999753,p0_m2,0,-0.08775409478938115,0.0,3.50368919078415e-06
1.2299999999999753,p0_m3,8,13.70303155269533,0.015,3.50368919078415e-06
1.2299999999999753,p1_m0,0,0.1417560139687317,0.0,3.50368919078415e-06
1.2299999999999753,p1_m1,0,-0.008267944432602764,0.0,3.50368919078415e-06
1.2299999999999753,p1_m2,0,-0.0036524267955862968,0.0,3.50368919078415e-06
1.2299999999999753,p1_m3,0,-0.037862005803385106,0.0,3.50368919078415e-06
1.2299999999999753,p2_m0,0,0.027995852089154415,0.0,3.50368919078415e-06
1.2299999999999753,p2_m1,0,-0.0028713735741329053,0.0,3.50368919078415e-06
1.2299999999999753,p2_m2,0,-0.0110115968929727,0.0,3.50368919078415e-06
1.2299999999999753,p2_m3,0,0.07472619683546568,0.0,3.50368919078415e-06
1.2299999999999753,p3_m0,0,-0.09069063514339071,0.0,3.50368919078415e-06
1.2299999999999753,p3_m1,0,0.08081073385108799,0.0,3.50368919078415e-06
1.2299999999999753,p3_m2,0,-0.11576177965797853,0.0,3.50368919078415e-06
1.2299999999999753,p3_m3,0,0.1721203825939746,0.0,3.50368919078415e-06
1.2399999999999742,p0_m0,0,-0.03244727862682027,0.0,1.061409637044243e-06
1.2399999999999742,p0_m1,0,0.031783263658335455,0.0,1.061409637044243e-06
1.2399999999999742,p0_m2,0,-0.03061647903222231,0.0,1.061409637044243e-06
1.2399999999999742,p0_m3,8,7.254341037422053,0.003708097887267211,1.061409637044243e-06
1.2399999999999742,p1_m0,0,0.03775927127603065,0.0,1.061409637044243e-06
1.2399999999999742,p1_m1,0,-0.0021048529154492515,0.0,1.061409637044243e-06
1.2399999999999742,p1_m2,0,-0.0013270861347874914,0.0,1.061409637044243e-06
1.2399999999999742,p1_m3,0,-0.006916477911269715,0.0,1.061409637044243e-06
1.2399999999999742,p2_m0,0,0.0032181394638488552,0.0,1.061409637044243e-06
1.2399999999999742,p2_m1,0,0.0022186086748601425,0.0,1.061409637044243e-06
1.2399999999999742,p2_m2,0,-0.006262165648031397,0.0,1.061409637044243e-06
1.2399999999999742,p2_m3,0,0.0265558331950351,0.0,1.061409637044243e-06
1.2399999999999742,p3_m0,0,-0.02687584588855159,0.0,1.061409637044243e-06
1.2399999999999742,p3_m1,0,0.02326540745876256,0.0,1.061409637044243e-06
1.2399999999999742,p3_m2,0,-0.03498778525894882,0.0,1.061409637044243e-06
1.2399999999999742,p3_m3,0,0.05036209222153748,0.0,1.061409637044243e-06
1.2499999999999731,p0_m0,0,-0.1117205297102492,0.0,2.2576814783431592e-06
1.2499999999999731,p0_m1,0,0.11994426351107469,0.0,2.2576814783431592e-06
1.2499999999999731,p0_m2,0,-0.13660171765299603,0.0,2.2576814783431592e-06
1.2499999999999731,p0_m3,8,4.027843822899281,0.011521017455521535,2.2576814783431592e-06
1.2499999999999731,p1_m0,0,0.15338984766426916,0.0,2.2576814783431592e-06
1.2499999999999731,p1_m1,0,-0.01655449704052842,0.0,2.2576814783431592e-06
1.2499999999999731,p1_m2,0,0.0024408616147030557,0.0,2.2576814783431592e-06
1.2499999999999731,p1_m3,0,-0.04909027593542696,0.0,2.2576814783431592e-06
1.2499999999999731,p2_m0,0,0.033892852508438175,0.0,2.2576814783431592e-06
1.2499999999999731,p2_m1,0,0.0019169143883008611,0.0,2.2576814783431592e-06
1.2499999999999731,p2_m2,0,-0.016282421682754244,0.0,2.2576814783431592e-06
1.2499999999999731,p2_m3,0,0.07791147334692548,0.0,2.2576814783431592e-06
1.2499999999999731,p3_m0,0,-0.09912262246902741,0.0,2.2576814783431592e-06
1.2499999999999731,p3_m1,0,0.08656143275755315,0.0,2.2576814783431592e-06
1.2499999999999731,p3_m2,0,-0.10029074806739602,0.0,2.2576814783431592e-06
1.2499999999999731,p3_m3,0,0.208344586727565,0.0,2.2576814783431592e-06
1.259999999999972,p0_m0,0,-0.15926441991683513,0.0,7.968276538034522e-07
1.259999999999972,p0_m1,0,0.24361005666795665,0.0,7.968276538034522e-07
1.259999999999972,p0_m2,0,-0.14828668408209383,0.0,7.968276538034522e-07
1.259999999999972,p0_m3,0,1.3024821007871774,0.0,7.968276538034522e-07
1.259999999999972,p1_m0,8,1.570404996724674,0.015,7.968276538034522e-07
1.259999999999972,p1_m1,0,-0.022862814336679655,0.0,7.968276538034522e-07
1.259999999999972,p1_m2,0,0.0384312590660921,0.0,7.968276538034522e-07
1.259999999999972,p1_m3,0,-0.12059306393597513,0.0,7.968276538034522e-07
1.259999999999972,p2_m0,0,0.0644574641776869,0.0,7.968276538034522e-07
1.259999999999972,p2_m1,0,0.03438630587677863,0.0,7.968276538034522e-07
1.259999999999972,p2_m2,0,-0.05473989958293945,0.0,7.968276538034522e-07
1.259999999999972,p2_m3,0,0.09419125542052234,0.0,7.968276538034522e-07
1.259999999999972,p3_m0,0,-0.1663424925098821,0.0,7.968276538034522e-07
1.259999999999972,p3_m1,0,0.09509907533867909,0.0,7.968276538034522e-07
1.259999999999972,p3_m2,0,-0.08693394785039903,0.0,7.968276538034522e-07
1.259999999999972,p3_m3,0,0.3245119823579682,0.0,7.968276538034522e-07
1.269999999999971,p0_m0,0,-0.17036026808602353,0.0,2.4181893888323e-06
1.269999999999971,p0_m1,0,0.2505695350115033,0.0,2.4181893888323e-06
1.269999999999971,p0_m2,0,-0.14187869629851763,0.0,2.4181893888323e-06
1.269999999999971,p0_m3,0,0.7266348631976546,0.0,2.4181893888323e-06
1.269999999999971,p1_m0,8,0.025628172670556712,-0.014542836227357327,2.4181893888323e-06
1.269999999999971,p1_m1,0,-0.023287024030067684,0.0,2.4181893888323e-06
1.269999999999971,p1_m2,0,0.04632808260712694,0.0,2.4181893888323e-06
1.269999999999971,p1_m3,0,-0.12850653516057883,0.0,2.4181893888323e-06
1.269999999999971,p2_m0,0,0.06294096602574888,0.0,2.4181893888323e-06
1.269999999999971,p2_m1,0,0.045147950215727366,0.0,2.4181893888323e-06
1.269999999999971,p2_m2,0,-0.06489271659070918,0.0,2.4181893888323e-06
1.269999999999971,p2_m3,0,0.09221971019245333,0.0,2.4181893888323e-06
1.269999999999971,p3_m0,0,-0.17209439024727813,0.0,2.4181893888323e-06
1.269999999999971,p3_m1,0,0.09195928729986229,0.0,2.4181893888323e-06
1.269999999999971,p3_m2,0,-0.07815484646451382,0.0,2.4181893888323e-06
1.269999999999971,p3_m3,0,0.32605567678969005,0.0,2.4181893888323e-06
1.2799999999999698,p0_m0,0,-0.05371066117402937,0.0,1.372278354923817e-06
1.2799999999999698,p0_m1,0,0.08244266036856311,0.0,1.372278354923817e-06
1.2799999999999698,p0_m2,0,-0.13239045354807666,0.0,1.372278354923817e-06
1.2799999999999698,p0_m3,0,0.24346858065950935,0.0,1.372278354923817e-06
1.2799999999999698,p1_m0,8,0.4070088696656558,-0.015,1.372278354923817e-06
1.2799999999999698,p1_m1,0,-0.006635364713024584,0.0,1.372278354923817e-06
1.2799999999999698,p1_m2,0,0.013003073120206045,0.0,1.372278354923817e-06
1.2799999999999698,p1_m3,0,-0.041351157725017205,0.0,1.372278354923817e-06
1.2799999999999698,p2_m0,0,0.018437453548218408,0.0,1.372278354923817e-06
1.2799999999999698,p2_m1,0,0.01982557605618096,0.0,1.372278354923817e-06
1.2799999999999698,p2_m2,0,-0.02682486758044921,0.0,1.372278354923817e-06
1.2799999999999698,p2_m3,0,0.03593769717702035,0.0,1.372278354923817e-06
1.2799999999999698,p3_m0,0,-0.06594172235156501,0.0,1.372278354923817e-06
1.2799999999999698,p3_m1,0,0.03927395094421459,0.0,1.372278354923817e-06
1.2799999999999698,p3_m2,0,-0.03588422569343333,0.0,1.372278354923817e-06
1.2799999999999698,p3_m3,0,0.12050751316149878,0.0,1.372278354923817e-06
1.2899999999999687,p0_m0,0,-0.018253377364453413,0.0,4.0108283535317394e-07
1.2899999999999687,p0_m1,0,0.0287623957573665,0.0,4.0108283535317394e-07
1.2899999999999687,p0_m2,0,-0.05569157361424375,0.0,4.0108283535317394e-07
1.2899999999999687,p0_m3,0,0.08290155673974896,0.0,4.0108283535317394e-07
1.2899999999999687,p1_m0,8,6.604882279903671,0.0025015165585365188,4.0108283535317394e-07
1.2899999999999687,p1_m1,0,-0.0023055614557638965,0.0,4.0108283535317394e-07
1.2899999999999687,p1_m2,0,0.004236654503650501,0.0,4.0108283535317394e-07
1.2899999999999687,p1_m3,0,-0.013335677071177813,0.0,4.0108283535317394e-07
1.2899999999999687,p2_m0,0,0.004316552160833286,0.0,4.0108283535317394e-07
1.2899999999999687,p2_m1,0,0.00937534103844963,0.0,4.0108283535317394e-07
1.2899999999999687,p2_m2,0,-0.011868056677137317,0.0,4.0108283535317394e-07
1.2899999999999687,p2_m3,0,0.014835976593882803,0.0,4.0108283535317394e-07
1.2899999999999687,p3_m0,0,-0.0256970873107138,0.0,4.0108283535317394e-07
1.2899999999999687,p3_m1,0,0.016313391719246735,0.0,4.0108283535317394e-07
1.2899999999999687,p3_m2,0,-0.015319774727126216,0.0,4.0108283535317394e-07
1.2899999999999687,p3_m3,0,0.04510201568622097,0.0,4.0108283535317394e-07
1.2999999999999676,p0_m0,0,-0.0974557741758147,0.0,8.613763903193318e-07
1.2999999999999676,p0_m1,0,0.11112068638562289,0.0,8.613763903193318e-07
1.2999999999999676,p0_m2,0,-0.11559317164266798,0.0,8.613763903193318e-07
1.2999999999999676,p0_m3,0,0.17501232333822092,0.0,8.613763903193318e-07
1.2999999999999676,p1_m0,8,3.3140721890295435,0.013551730871225192,8.613763903193318e-07
1.2999999999999676,p1_m1,0,-0.02407368719476479,0.0,8.613763903193318e-07
1.2999999999999676,p1_m2,0,0.022438810510387076,0.0,8.613763903193318e-07
1.2999999999999676,p1_m3,0,-0.05102749722249935,0.0,8.613763903193318e-07
1.2999999999999676,p2_m0,0,0.024768064637962658,0.0,8.613763903193318e-07
1.2999999999999676,p2_m1,0,0.023849998183807553,0.0,8.613763903193318e-07
1.2999999999999676,p2_m2,0,-0.032328144156698616,0.0,8.613763903193318e-07
1.2999999999999676,p2_m3,0,0.037740405012505834,0.0,8.613763903193318e-07
1.2999999999999676,p3_m0,0,-0.07922817952872488,0.0,8.613763903193318e-07
1.2999999999999676,p3_m1,0,0.03854094067647036,0.0,8.613763903193318e-07
1.2999999999999676,p3_m2,0,-0.04673293230504809,0.0,8.613763903193318e-07
1.2999999999999676,p3_m3,0,0.14546285055037547,0.0,8.613763903193318e-07
1.3099999999999665,p0_m0,0,-0.16012979883024603,0.0,2.6836265828318555e-06
1.3099999999999665,p0_m1,0,0.24419487982297014,0.0,2.6836265828318555e-06
1.3099999999999665,p0_m2,0,-0.13238317868215352,0.0,2.6836265828318555e-06
1.3099999999999665,p0_m3,0,0.35900530565104927,0.0,2.6836265828318555e-06
1.3099999999999665,p1_m0,8,2.258939868264959,0.015,2.6836265828318555e-06
1.3099999999999665,p1_m1,0,-0.03059817404046717,0.0,2.6836265828318555e-06
1.3099999999999665,p1_m2,0,0.05155002486970122,0.0,2.6836265828318555e-06
1.3099999999999665,p1_m3,0,-0.12643949257698975,0.0,2.6836265828318555e-06
1.3099999999999665,p2_m0,0,0.06078776175000953,0.0,2.6836265828318555e-06
1.3099999999999665,p2_m1,0,0.04718858595350086,0.0,2.6836265828318555e-06
1.3099999999999665,p2_m2,0,-0.06553081555714162,0.0,2.6836265828318555e-06
1.3099999999999665,p2_m3,0,0.08249470036500116,0.0,2.6836265828318555e-06
1.3099999999999665,p3_m0,0,-0.16598714409551346,0.0,2.6836265828318555e-06
1.3099999999999665,p3_m1,0,0.08340065200653224,0.0,2.6836265828318555e-06
1.3099999999999665,p3_m2,0,-0.07534075324881931,0.0,2.6836265828318555e-06
1.3099999999999665,p3_m3,0,0.30921400659142145,0.0,2.6836265828318555e-06
1.3199999999999654,p0_m0,0,-0.06151272437652149,0.0,2.161422293628822e-06
1.3199999999999654,p0_m1,0,0.0985113103739935,0.0,2.161422293628822e-06
1.3199999999999654,p0_m2,0,-0.05535657833635702,0.0,2.161422293628822e-06
1.3199999999999654,p0_m3,0,0.1433442592339308,0.0,2.161422293628822e-06
1.3199999999999654,p1_m0,8,14.045329770263095,0.015,2.161422293628822e-06
1.3199999999999654,p1_m1,0,-0.01383206859487285,0.0,2.161422293628822e-06
1.3199999999999654,p1_m2,0,0.02131582397598273,0.0,2.161422293628822e-06
1.3199999999999654,p1_m3,0,-0.051189413808148815,0.0,2.161422293628822e-06
1.3199999999999654,p2_m0,0,0.02308124624677089,0.0,2.161422293628822e-06
1.3199999999999654,p2_m1,0,0.02178671930226402,0.0,2.161422293628822e-06
1.3199999999999654,p2_m2,0,-0.029456294217499665,0.0,2.161422293628822e-06
1.3199999999999654,p2_m3,0,0.03635941390901774,0.0,2.161422293628822e-06
1.3199999999999654,p3_m0,0,-0.07250413400848472,0.0,2.161422293628822e-06
1.3199999999999654,p3_m1,0,0.04014637661896071,0.0,2.161422293628822e-06
1.3199999999999654,p3_m2,0,-0.03749999293276268,0.0,2.161422293628822e-06
1.3199999999999654,p3_m3,0,0.13231940602808664,0.0,2.161422293628822e-06
1.3299999999999643,p0_m0,0,-0.01834796420861649,0.0,5.059326976515998e-07
1.3299999999999643,p0_m1,0,0.03246438605141042,0.0,5.059326976515998e-07
1.3299999999999643,p0_m2,0,-0.018665242818947683,0.0,5.059326976515998e-07
1.3299999999999643,p0_m3,0,0.04732749911773115,0.0,5.059326976515998e-07
1.3299999999999643,p1_m0,8,14.028473634383946,0.015,5.059326976515998e-07
1.3299999999999643,p1_m1,0,-0.004694554593397033,0.0,5.059326976515998e-07
1.3299999999999643,p1_m2,0,0.006853094897391309,0.0,5.059326976515998e-07
1.3299999999999643,p1_m3,0,-0.018089747517770118,0.0,5.059326976515998e-07
1.3299999999999643,p2_m0,0,0.007815634799073759,0.0,5.059326976515998e-07
1.3299999999999643,p2_m1,0,0.009214752712684232,0.0,5.059326976515998e-07
1.3299999999999643,p2_m2,0,-0.01200169564209296,0.0,5.059326976515998e-07
1.3299999999999643,p2_m3,0,0.013533868079264075,0.0,5.059326976515998e-07
1.3299999999999643,p3_m0,0,-0.029413767121030384,0.0,5.059326976515998e-07
1.3299999999999643,p3_m1,0,0.018929267272409737,0.0,5.059326976515998e-07
1.3299999999999643,p3_m2,0,-0.018400494491122913,0.0,5.059326976515998e-07
1.3299999999999643,p3_m3,0,0.051110512327809075,0.0,5.059326976515998e-07
1.3399999999999632,p0_m0,0,-0.02526309450813094,0.0,2.174304754381121e-07
1.3399999999999632,p0_m1,0,0.03335102765330027,0.0,2.174304754381121e-07
1.3399999999999632,p0_m2,0,-0.03047579766291922,0.0,2.174304754381121e-07
1.3399999999999632,p0_m3,0,0.048378496185533665,0.0,2.174304754381121e-07
1.3399999999999632,p1_m0,8,5.093680650842284,0.008077190696225537,2.174304754381121e-07
1.3399999999999632,p1_m1,0,-0.008309707218226286,0.0,2.174304754381121e-07
1.3399999999999632,p1_m2,0,0.007297708989910878,0.0,2.174304754381121e-07
1.3399999999999632,p1_m3,0,-0.016618606300977338,0.0,2.174304754381121e-07
1.3399999999999632,p2_m0,0,0.007025298017599407,0.0,2.174304754381121e-07
1.3399999999999632,p2_m1,0,0.009318668128181086,0.0,2.174304754381121e-07
1.3399999999999632,p2_m2,0,-0.011988540896358603,0.0,2.174304754381121e-07
1.3399999999999632,p2_m3,0,0.013718565059810924,0.0,2.174304754381121e-07
1.3399999999999632,p3_m0,0,-0.028322253645942475,0.0,2.174304754381121e-07
1.3399999999999632,p3_m1,0,0.017714580989539142,0.0,2.174304754381121e-07
1.3399999999999632,p3_m2,0,-0.019204003749688024,0.0,2.174304754381121e-07
1.3399999999999632,p3_m3,0,0.04916657534943014,0.0,2.174304754381121e-07
1.3499999999999621,p0_m0,0,-0.12115751758950714,0.0,1.3152821931162822e-06
1.3499999999999621,p0_m1,0,0.15580059051272294,0.0,1.3152821931162822e-06
1.3499999999999621,p0_m2,0,-0.11325365422128551,0.0,1.3152821931162822e-06
1.3499999999999621,p0_m3,0,0.22293346318797064,0.0,1.3152821931162822e-06
1.3499999999999621,p1_m0,8,2.9050597384465386,0.014962997413285294,1.3152821931162822e-06
1.3499999999999621,p1_m1,0,-0.02681490317669085,0.0,1.3152821931162822e-06
1.3499999999999621,p1_m2,0,0.0329022706135542,0.0,1.3152821931162822e-06
1.3499999999999621,p1_m3,0,-0.07729521964887594,0.0,1.3152821931162822e-06
1.3499999999999621,p2_m0,0,0.038404166071724796,0.0,1.3152821931162822e-06
1.3499999999999621,p2_m1,0,0.031278427456300134,0.0,1.3152821931162822e-06
1.3499999999999621,p2_m2,0,-0.04306312689507226,0.0,1.3152821931162822e-06
1.3499999999999621,p2_m3,0,0.0502789472186902,0.0,1.3152821931162822e-06
1.3499999999999621,p3_m0,0,-0.10915293864638749,0.0,1.3152821931162822e-06
1.3499999999999621,p3_m1,0,0.05339423770206949,0.0,1.3152821931162822e-06
1.3499999999999621,p3_m2,0,-0.057368765160611346,0.0,1.3152821931162822e-06
1.3499999999999621,p3_m3,0,0.20124319638866364,0.0,1.3152821931162822e-06
1.359999999999961,p0_m0,0,-0.10237908621891459,0.0,2.7374874607317995e-06
1.359999999999961,p0_m1,0,0.159474333656129,0.0,2.7374874607317995e-06
1.359999999999961,p0_m2,0,-0.0863954950699705,0.0,2.7374874607317995e-06
1.359999999999961,p0_m3,0,0.23045768572678568,0.0,2.7374874607317995e-06
1.359999999999961,p1_m0,8,0.4118353098461392,-0.015,2.7374874607317995e-06
1.359999999999961,p1_m1,0,-0.022700875251048542,0.0,2.7374874607317995e-06
1.359999999999961,p1_m2,0,0.03419134307248396,0.0,2.7374874607317995e-06
1.359999999999961,p1_m3,0,-0.08338056666790059,0.0,2.7374874607317995e-06
1.359999999999961,p2_m0,0,0.03966615824704946,0.0,2.7374874607317995e-06
1.359999999999961,p2_m1,0,0.03219698474288591,0.0,2.7374874607317995e-06
1.359999999999961,p2_m2,0,-0.04437760292340205,0.0,2.7374874607317995e-06
1.359999999999961,p2_m3,0,0.05497748679653596,0.0,2.7374874607317995e-06
1.359999999999961,p3_m0,0,-0.11233811487444599,0.0,2.7374874607317995e-06
1.359999999999961,p3_m1,0,0.0588105430943384,0.0,2.7374874607317995e-06
1.359999999999961,p3_m2,0,-0.05458984327815705,0.0,2.7374874607317995e-06
1.359999999999961,p3_m3,0,0.20742936155299374,0.0,2.7374874607317995e-06
1.36999999999996,p0_m0,0,-0.031177290504186817,0.0,1.1472655901657837e-06
1.36999999999996,p0_m1,0,0.05218336277971764,0.0,1.1472655901657837e-06
1.36999999999996,p0_m2,0,-0.02982560996278377,0.0,1.1472655901657837e-06
1.36999999999996,p0_m3,0,0.07496228906475343,0.0,1.1472655901657837e-06
1.36999999999996,p1_m0,8,0.4424891952821769,-0.015,1.1472655901657837e-06
1.36999999999996,p1_m1,0,-0.00818421659468232,0.0,1.1472655901657837e-06
1.36999999999996,p1_m2,0,0.011304292146358167,0.0,1.1472655901657837e-06
1.36999999999996,p1_m3,0,-0.02839849645932195,0.0,1.1472655901657837e-06
1.36999999999996,p2_m0,0,0.012853125559773979,0.0,1.1472655901657837e-06
1.36999999999996,p2_m1,0,0.01288806844828836,0.0,1.1472655901657837e-06
1.36999999999996,p2_m2,0,-0.017168472131590326,0.0,1.1472655901657837e-06
1.36999999999996,p2_m3,0,0.019988118230095366,0.0,1.1472655901657837e-06
1.36999999999996,p3_m0,0,-0.0428801128216313,0.0,1.1472655901657837e-06
1.36999999999996,p3_m1,0,0.025811052262882942,0.0,1.1472655901657837e-06
1.36999999999996,p3_m2,0,-0.025061805662593886,0.0,1.1472655901657837e-06
1.36999999999996,p3_m3,0,0.07624780380285757,0.0,1.1472655901657837e-06
1.3799999999999588,p0_m0,0,-0.006965176283917505,0.0,3.0066053718126006e-07
1.3799999999999588,p0_m1,0,0.014467252307374086,0.0,3.0066053718126006e-07
1.3799999999999588,p0_m2,0,-0.006965543437206304,0.0,3.0066053718126006e-07
1.3799999999999588,p0_m3,0,0.020522530832065143,0.0,3.0066053718126006e-07
1.3799999999999588,p1_m0,8,6.898354235487285,0.002775045563916498,3.0066053718126006e-07
1.3799999999999588,p1_m1,0,-0.0020309151277536756,0.0,3.0066053718126006e-07
1.3799999999999588,p1_m2,0,0.003160690330730058,0.0,3.0066053718126006e-07
1.3799999999999588,p1_m3,0,-0.008614839218376021,0.0,3.0066053718126006e-07
1.3799999999999588,p2_m0,0,0.0032485706258658575,0.0,3.0066053718126006e-07
1.3799999999999588,p2_m1,0,0.005335724700168138,0.0,3.0066053718126006e-07
1.3799999999999588,p2_m2,0,-0.006655769270288672,0.0,3.0066053718126006e-07
1.3799999999999588,p2_m3,0,0.006776859429641967,0.0,3.0066053718126006e-07
1.3799999999999588,p3_m0,0,-0.01566010795133845,0.0,3.0066053718126006e-07
1.3799999999999588,p3_m1,0,0.011147358830696188,0.0,3.0066053718126006e-07
1.3799999999999588,p3_m2,0,-0.010645962125059421,0.0,3.0066053718126006e-07
1.3799999999999588,p3_m3,0,0.025924836694075224,0.0,3.0066053718126006e-07
1.3899999999999577,p0_m0,0,-0.09033298530093292,0.0,8.133610089073915e-07
1.3899999999999577,p0_m1,0,0.10298681481326026,0.0,8.133610089073915e-07
1.3899999999999577,p0_m2,0,-0.09698545970239035,0.0,8.133610089073915e-07
1.3899999999999577,p0_m3,0,0.1498493797710462,0.0,8.133610089073915e-07
1.3899999999999577,p1_m0,8,3.3357903098272517,0.01348951953942792,8.133610089073915e-07
1.3899999999999577,p1_m1,0,-0.023937486409402506,0.0,8.133610089073915e-07
1.3899999999999577,p1_m2,0,0.021488651776254718,0.0,8.133610089073915e-07
1.3899999999999577,p1_m3,0,-0.049067578382189725,0.0,8.133610089073915e-07
1.3899999999999577,p2_m0,0,0.02478512543741524,0.0,8.133610089073915e-07
1.3899999999999577,p2_m1,0,0.02170351932962537,0.0,8.133610089073915e-07
1.3899999999999577,p2_m2,0,-0.02961177434836002,0.0,8.133610089073915e-07
1.3899999999999577,p2_m3,0,0.033401678423891086,0.0,8.133610089073915e-07
1.3899999999999577,p3_m0,0,-0.07493778784317995,0.0,8.133610089073915e-07
1.3899999999999577,p3_m1,0,0.037066447166230115,0.0,8.133610089073915e-07
1.3899999999999577,p3_m2,0,-0.04554280665903576,0.0,8.133610089073915e-07
1.3899999999999577,p3_m3,0,0.1367586118883912,0.0,8.133610089073915e-07
1.3999999999999566,p0_m0,0,-0.1408795093397432,0.0,2.6578104693721223e-06
1.3999999999999566,p0_m1,0,0.2163293387639277,0.0,2.6578104693721223e-06
1.3999999999999566,p0_m2,0,-0.11522152868231506,0.0,2.6578104693721223e-06
1.3999999999999566,p0_m3,0,0.31359913760452374,0.0,2.6578104693721223e-06
1.3999999999999566,p1_m0,8,13.284048606975256,0.015,2.6578104693721223e-06
1.3999999999999566,p1_m1,0,-0.030675312043724038,0.0,2.6578104693721223e-06
1.3999999999999566,p1_m2,0,0.04588026992928094,0.0,2.6578104693721223e-06
1.3999999999999566,p1_m3,0,-0.11329376900932152,0.0,2.6578104693721223e-06
1.3999999999999566,p2_m0,0,0.0551204208171536,0.0,2.6578104693721223e-06
1.3999999999999566,p2_m1,0,0.04184003818744157,0.0,2.6578104693721223e-06
1.3999999999999566,p2_m2,0,-0.058207377445496866,0.0,2.6578104693721223e-06
1.3999999999999566,p2_m3,0,0.07232791229728061,0.0,2.6578104693721223e-06
1.3999999999999566,p3_m0,0,-0.14913314185513105,0.0,2.6578104693721223e-06
1.3999999999999566,p3_m1,0,0.07577969147127704,0.0,2.6578104693721223e-06
1.3999999999999566,p3_m2,0,-0.06964664006998826,0.0,2.6578104693721223e-06
1.3999999999999566,p3_m3,0,0.2769308880643571,0.0,2.6578104693721223e-06
1.4099999999999555,p0_m0,0,-0.04407246915018741,0.0,1.6393717526023412e-06
1.4099999999999555,p0_m1,0,0.07172487744675332,0.0,1.6393717526023412e-06
1.4099999999999555,p0_m2,0,-0.04077227551702643,0.0,1.6393717526023412e-06
1.4099999999999555,p0_m3,0,0.10303171164220723,0.0,1.6393717526023412e-06
1.4099999999999555,p1_m0,8,14.423137559460592,0.015,1.6393717526023412e-06
1.4099999999999555,p1_m1,0,-0.011451025338228659,0.0,1.6393717526023412e-06
1.4099999999999555,p1_m2,0,0.015571834840777265,0.0,1.6393717526023412e-06
1.4099999999999555,p1_m3,0,-0.0383795072025115,0.0,1.6393717526023412e-06
1.4099999999999555,p2_m0,0,0.017662193268304486,0.0,1.6393717526023412e-06
1.4099999999999555,p2_m1,0,0.01648981468260142,0.0,1.6393717526023412e-06
1.4099999999999555,p2_m2,0,-0.022227418619475765,0.0,1.6393717526023412e-06
1.4099999999999555,p2_m3,0,0.026470574401771127,0.0,1.6393717526023412e-06
1.4099999999999555,p3_m0,0,-0.0557732433853357,0.0,1.6393717526023412e-06
1.4099999999999555,p3_m1,0,0.0321326485450708,0.0,1.6393717526023412e-06
1.4099999999999555,p3_m2,0,-0.030954361763860832,0.0,1.6393717526023412e-06
1.4099999999999555,p3_m3,0,0.10051842046085865,0.0,1.6393717526023412e-06
1.4199999999999544,p0_m0,0,-0.002872292079442832,0.0,3.924225526901188e-07
1.4199999999999544,p0_m1,0,0.011463549424005135,0.0,3.924225526901188e-07
1.4199999999999544,p0_m2,0,-0.0005566557650934514,0.0,3.924225526901188e-07
1.4199999999999544,p0_m3,0,0.016205664518106323,0.0,3.924225526901188e-07
1.4199999999999544,p1_m0,8,8.335899849845712,0.0011397615739383565,3.924225526901188e-07
1.4199999999999544,p1_m1,0,-0.0002167453990729314,0.0,3.924225526901188e-07
1.4199999999999544,p1_m2,0,0.002307818316639747,0.0,3.924225526901188e-07
1.4199999999999544,p1_m3,0,-0.0076017981490412315,0.0,3.924225526901188e-07
1.4199999999999544,p2_m0,0,0.0029031620392380034,0.0,3.924225526901188e-07
1.4199999999999544,p2_m1,0,0.004447409448690125,0.0,3.924225526901188e-07
1.4199999999999544,p2_m2,0,-0.005589576921700568,0.0,3.924225526901188e-07
1.4199999999999544,p2_m3,0,0.005605272197528433,0.0,3.924225526901188e-07
1.4199999999999544,p3_m0,0,-0.013570106777348339,0.0,3.924225526901188e-07
1.4199999999999544,p3_m1,0,0.01014001322922871,0.0,3.924225526901188e-07
1.4199999999999544,p3_m2,0,-0.008794112300572261,0.0,3.924225526901188e-07
1.4199999999999544,p3_m3,0,0.022418650278865505,0.0,3.924225526901188e-07
1.4299999999999533,p0_m0,0,-0.05448802354565025,0.0,4.957108131825142e-07
1.4299999999999533,p0_m1,0,0.06515071990195699,0.0,4.957108131825142e-07
1.4299999999999533,p0_m2,0,-0.0662146500267021,0.0,4.957108131825142e-07
1.4299999999999533,p0_m3,0,0.09663428418118623,0.0,4.957108131825142e-07
1.4299999999999533,p1_m0,8,3.9257433907359407,0.011329614373022512,4.957108131825142e-07
1.4299999999999533,p1_m1,0,-0.016967334725279993,0.0,4.957108131825142e-07
1.4299999999999533,p1_m2,0,0.012924186542636785,0.0,4.957108131825142e-07
1.4299999999999533,p1_m3,0,-0.03137179689258675,0.0,4.957108131825142e-07
1.4299999999999533,p2_m0,0,0.015982879292343134,0.0,4.957108131825142e-07
1.4299999999999533,p2_m1,0,0.014015280925190327,0.0,4.957108131825142e-07
1.4299999999999533,p2_m2,0,-0.019177299741094746,0.0,4.957108131825142e-07
1.4299999999999533,p2_m3,0,0.023373550257394723,0.0,4.957108131825142e-07
1.4299999999999533,p3_m0,0,-0.04957662136515044,0.0,4.957108131825142e-07
1.4299999999999533,p3_m1,0,0.027449879285317093,0.0,4.957108131825142e-07
1.4299999999999533,p3_m2,0,-0.03333194148256584,0.0,4.957108131825142e-07
1.4299999999999533,p3_m3,0,0.08991676563546992,0.0,4.957108131825142e-07
1.4399999999999522,p0_m0,0,-0.14135020070556994,0.0,2.0849923544223873e-06
1.4399999999999522,p0_m1,0,0.2085052793547355,0.0,2.0849923544223873e-06
1.4399999999999522,p0_m2,0,-0.11938874193862832,0.0,2.0849923544223873e-06
1.4399999999999522,p0_m3,0,0.30145217225898496,0.0,2.0849923544223873e-06
1.4399999999999522,p1_m0,8,2.443722213066384,0.015,2.0849923544223873e-06
1.4399999999999522,p1_m1,0,-0.031669036217101994,0.0,2.0849923544223873e-06
1.4399999999999522,p1_m2,0,0.04384832456891823,0.0,2.0849923544223873e-06
1.4399999999999522,p1_m3,0,-0.10818334902121436,0.0,2.0849923544223873e-06
1.4399999999999522,p2_m0,0,0.0533944507852914,0.0,2.0849923544223873e-06
1.4399999999999522,p2_m1,0,0.04005728205611995,0.0,2.0849923544223873e-06
1.4399999999999522,p2_m2,0,-0.05583107458421413,0.0,2.0849923544223873e-06
1.4399999999999522,p2_m3,0,0.06840271450170646,0.0,2.0849923544223873e-06
1.4399999999999522,p3_m0,0,-0.14365110558017072,0.0,2.0849923544223873e-06
1.4399999999999522,p3_m1,0,0.07179236955583895,0.0,2.0849923544223873e-06
1.4399999999999522,p3_m2,0,-0.06845833582136485,0.0,2.0849923544223873e-06
1.4399999999999522,p3_m3,0,0.2668235798955266,0.0,2.0849923544223873e-06
1.449999999999951,p0_m0,0,-0.06284128129377842,0.0,2.167218379210473e-06
1.449999999999951,p0_m1,0,0.10001554807450794,0.0,2.167218379210473e-06
1.449999999999951,p0_m2,0,-0.05603567166101898,0.0,2.167218379210473e-06
1.449999999999951,p0_m3,0,0.14390875115868762,0.0,2.167218379210473e-06
1.449999999999951,p1_m0,8,0.6450451831656714,-0.015,2.167218379210473e-06
1.449999999999951,p1_m1,0,-0.01614072764348993,0.0,2.167218379210473e-06
1.449999999999951,p1_m2,0,0.02164704284992493,0.0,2.167218379210473e-06
1.449999999999951,p1_m3,0,-0.05281819645289029,0.0,2.167218379210473e-06
1.449999999999951,p2_m0,0,0.024662266489664384,0.0,2.167218379210473e-06
1.449999999999951,p2_m1,0,0.021613874963632443,0.0,2.167218379210473e-06
1.449999999999951,p2_m2,0,-0.029442035543934715,0.0,2.167218379210473e-06
1.449999999999951,p2_m3,0,0.03575779616349283,0.0,2.167218379210473e-06
1.449999999999951,p3_m0,0,-0.07413305364467568,0.0,2.167218379210473e-06
1.449999999999951,p3_m1,0,0.04090671291045937,0.0,2.167218379210473e-06
1.449999999999951,p3_m2,0,-0.03891627035605529,0.0,2.167218379210473e-06
1.449999999999951,p3_m3,0,0.13519727107054702,0.0,2.167218379210473e-06
1.45999999999995,p0_m0,0,-0.011085961436203514,0.0,5.729071711553516e-07
1.45999999999995,p0_m1,0,0.02390774388807799,0.0,5.729071711553516e-07
1.45999999999995,p0_m2,0,-0.00924149173705846,0.0,5.729071711553516e-07
1.45999999999995,p0_m3,0,0.0337378982311379,0.0,5.729071711553516e-07
1.45999999999995,p1_m0,8,7.696815174036657,-0.015,5.729071711553516e-07
1.45999999999995,p1_m1,0,-0.0031618421432711733,0.0,5.729071711553516e-07
1.45999999999995,p1_m2,0,0.00537697526600247,0.0,5.729071711553516e-07
1.45999999999995,p1_m3,0,-0.014166846769626274,0.0,5.729071711553516e-07
1.45999999999995,p2_m0,0,0.005814965363981109,0.0,5.729071711553516e-07
1.45999999999995,p2_m1,0,0.0073474317322169535,0.0,5.729071711553516e-07
1.45999999999995,p2_m2,0,-0.009444148970391057,0.0,5.729071711553516e-07
1.45999999999995,p2_m3,0,0.010109969111821519,0.0,5.729071711553516e-07
1.45999999999995,p3_m0,0,-0.023017515499592432,0.0,5.729071711553516e-07
1.45999999999995,p3_m1,0,0.015520880068086731,0.0,5.729071711553516e-07
1.45999999999995,p3_m2,0,-0.014221598976569475,0.0,5.729071711553516e-07
1.45999999999995,p3_m3,0,0.03932174882841867,0.0,5.729071711553516e-07
1.469999999999949,p0_m0,0,-0.027917494616952594,0.0,3.159956081408626e-07
1.469999999999949,p0_m1,0,0.036283698921349555,0.0,3.159956081408626e-07
1.469999999999949,p0_m2,0,-0.03360369310980037,0.0,3.159956081408626e-07
1.469999999999949,p0_m3,0,0.05279876291478848,0.0,3.159956081408626e-07
1.469999999999949,p1_m0,8,4.8954088573668315,0.008869534646016157,3.159956081408626e-07
1.469999999999949,p1_m1,0,-0.009244876443272146,0.0,3.159956081408626e-07
1.469999999999949,p1_m2,0,0.007765891115779583,0.0,3.159956081408626e-07
1.469999999999949,p1_m3,0,-0.01832112202899153,0.0,3.159956081408626e-07
1.469999999999949,p2_m0,0,0.008346648851043163,0.0,3.159956081408626e-07
1.469999999999949,p2_m1,0,0.00947841525000093,0.0,3.159956081408626e-07
1.469999999999949,p2_m2,0,-0.01240843398100421,0.0,3.159956081408626e-07
1.469999999999949,p2_m3,0,0.014462840592473073,0.0,3.159956081408626e-07
1.469999999999949,p3_m0,0,-0.030492239614427694,0.0,3.159956081408626e-07
1.469999999999949,p3_m1,0,0.01908598061279981,0.0,3.159956081408626e-07
1.469999999999949,p3_m2,0,-0.020848104673783303,0.0,3.159956081408626e-07
1.469999999999949,p3_m3,0,0.05337541301472697,0.0,3.159956081408626e-07
1.4799999999999478,p0_m0,0,-0.1242030774415084,0.0,1.4594429900928715e-06
1.4799999999999478,p0_m1,0,0.16515141324965937,0.0,1.4594429900928715e-06
1.4799999999999478,p0_m2,0,-0.11343772733039918,0.0,1.4594429900928715e-06
1.4799999999999478,p0_m3,0,0.23679445686659614,0.0,1.4594429900928715e-06
1.4799999999999478,p1_m0,8,2.807550443258931,0.015,1.4594429900928715e-06
1.4799999999999478,p1_m1,0,-0.029004027696417366,0.0,1.4594429900928715e-06
1.4799999999999478,p1_m2,0,0.034797431845459414,0.0,1.4594429900928715e-06
1.4799999999999478,p1_m3,0,-0.08316833601866433,0.0,1.4594429900928715e-06
1.4799999999999478,p2_m0,0,0.041485316734687194,0.0,1.4594429900928715e-06
1.4799999999999478,p2_m1,0,0.032656562055989886,0.0,1.4594429900928715e-06
1.4799999999999478,p2_m2,0,-0.045174399004174214,0.0,1.4594429900928715e-06
1.4799999999999478,p2_m3,0,0.05324822292274007,0.0,1.4594429900928715e-06
1.4799999999999478,p3_m0,0,-0.11544984787493315,0.0,1.4594429900928715e-06
1.4799999999999478,p3_m1,0,0.05679939798265541,0.0,1.4594429900928715e-06
1.4799999999999478,p3_m2,0,-0.05940811517989957,0.0,1.4594429900928715e-06
1.4799999999999478,p3_m3,0,0.21322755045097677,0.0,1.4594429900928715e-06
1.4899999999999467,p0_m0,0,-0.08939800332618267,0.0,2.597090964841626e-06
1.4899999999999467,p0_m1,0,0.13974060992849524,0.0,2.597090964841626e-06
1.4899999999999467,p0_m2,0,-0.07677376561016087,0.0,2.597090964841626e-06
1.4899999999999467,p0_m3,0,0.2016334055670483,0.0,2.597090964841626e-06
1.4899999999999467,p1_m0,8,13.805616046774913,0.015,2.597090964841626e-06
1.4899999999999467,p1_m1,0,-0.02261922865626679,0.0,2.597090964841626e-06
1.4899999999999467,p1_m2,0,0.030027921496426115,0.0,2.597090964841626e-06
1.4899999999999467,p1_m3,0,-0.07331674240418788,0.0,2.597090964841626e-06
1.4899999999999467,p2_m0,0,0.034841490269458285,0.0,2.597090964841626e-06
1.4899999999999467,p2_m1,0,0.02861043437634775,0.0,2.597090964841626e-06
1.4899999999999467,p2_m2,0,-0.039361990303384525,0.0,2.597090964841626e-06
1.4899999999999467,p2_m3,0,0.048446642551160636,0.0,2.597090964841626e-06
1.4899999999999467,p3_m0,0,-0.09975527373367674,0.0,2.597090964841626e-06
1.4899999999999467,p3_m1,0,0.05291032346558794,0.0,2.597090964841626e-06
1.4899999999999467,p3_m2,0,-0.049624330177793496,0.0,2.597090964841626e-06
1.4899999999999467,p3_m3,0,0.18364237588609186,0.0,2.597090964841626e-06
1.4999999999999456,p0_m0,0,-0.02693918930355176,0.0,9.754064160636964e-07
1.4999999999999456,p0_m1,0,0.04569979246701125,0.0,9.754064160636964e-07
1.4999999999999456,p0_m2,0,-0.02625611820513213,0.0,9.754064160636964e-07
1.4999999999999456,p0_m3,0,0.06564220450044272,0.0,9.754064160636964e-07
1.4999999999999456,p1_m0,8,14.25754247044824,0.015,9.754064160636964e-07
1.4999999999999456,p1_m1,0,-0.007974715096508447,0.0,9.754064160636964e-07
1.4999999999999456,p1_m2,0,0.009900528848301123,0.0,9.754064160636964e-07
1.4999999999999456,p1_m3,0,-0.02528612664473338,0.0,9.754064160636964e-07
1.4999999999999456,p2_m0,0,0.01151452931680457,0.0,9.754064160636964e-07
1.4999999999999456,p2_m1,0,0.01158199381435351,0.0,9.754064160636964e-07
1.4999999999999456,p2_m2,0,-0.015389461113327296,0.0,9.754064160636964e-07
1.4999999999999456,p2_m3,0,0.017625885895768568,0.0,9.754064160636964e-07
1.4999999999999456,p3_m0,0,-0.03871241279841542,0.0,9.754064160636964e-07
1.4999999999999456,p3_m1,0,0.023783993631473956,0.0,9.754064160636964e-07
1.4999999999999456,p3_m2,0,-0.023248616656093544,0.0,9.754064160636964e-07
1.4999999999999456,p3_m3,0,0.0683785838388165,0.0,9.754064160636964e-07
1.5099999999999445,p0_m0,0,-0.009055363688686117,0.0,2.841657455206063e-07
1.5099999999999445,p0_m1,0,0.016377799219289942,0.0,2.841657455206063e-07
1.5099999999999445,p0_m2,0,-0.010102415177907423,0.0,2.841657455206063e-07
1.5099999999999445,p0_m3,0,0.02309673910116357,0.0,2.841657455206063e-07
1.5099999999999445,p1_m0,8,5.6120941107586795,0.0031222434150177795,2.841657455206063e-07
1.5099999999999445,p1_m1,0,-0.0033570362283614993,0.0,2.841657455206063e-07
1.5099999999999445,p1_m2,0,0.003821969216301919,0.0,2.841657455206063e-07
1.5099999999999445,p1_m3,0,-0.009489552605950607,0.0,2.841657455206063e-07
1.5099999999999445,p2_m0,0,0.0035701739680726353,0.0,2.841657455206063e-07
1.5099999999999445,p2_m1,0,0.005891406956243839,0.0,2.841657455206063e-07
1.5099999999999445,p2_m2,0,-0.007328054198423246,0.0,2.841657455206063e-07
1.5099999999999445,p2_m3,0,0.007420524461404984,0.0,2.841657455206063e-07
1.5099999999999445,p3_m0,0,-0.017078892658723817,0.0,2.841657455206063e-07
1.5099999999999445,p3_m1,0,0.011915741733209573,0.0,2.841657455206063e-07
1.5099999999999445,p3_m2,0,-0.01174881470357566,0.0,2.841657455206063e-07
1.5099999999999445,p3_m3,0,0.028263933713290827,0.0,2.841657455206063e-07
1.5199999999999434,p0_m0,0,-0.10040002666702641,0.0,9.401024206947079e-07
1.5199999999999434,p0_m1,0,0.11616940992825617,0.0,9.401024206947079e-07
1.5199999999999434,p0_m2,0,-0.10287997206243558,0.0,9.401024206947079e-07
1.5199999999999434,p0_m3,0,0.16715924249597397,0.0,9.401024206947079e-07
1.5199999999999434,p1_m0,8,3.1894405028665065,0.013946636239629884,9.401024206947079e-07
1.5199999999999434,p1_m1,0,-0.025676202514287264,0.0,9.401024206947079e-07
1.5199999999999434,p1_m2,0,0.024576354108588827,0.0,9.401024206947079e-07
1.5199999999999434,p1_m3,0,-0.05577652468523425,0.0,9.401024206947079e-07
1.5199999999999434,p2_m0,0,0.02804099605501802,0.0,9.401024206947079e-07
1.5199999999999434,p2_m1,0,0.024299519993175266,0.0,9.401024206947079e-07
1.5199999999999434,p2_m2,0,-0.033160258276335335,0.0,9.401024206947079e-07
1.5199999999999434,p2_m3,0,0.03732002018307889,0.0,9.401024206947079e-07
1.5199999999999434,p3_m0,0,-0.08367540732735831,0.0,9.401024206947079e-07
1.5199999999999434,p3_m1,0,0.04101527304793905,0.0,9.401024206947079e-07
1.5199999999999434,p3_m2,0,-0.04889814079356124,0.0,9.401024206947079e-07
1.5199999999999434,p3_m3,0,0.15292583347822675,0.0,9.401024206947079e-07
1.5299999999999423,p0_m0,0,-0.14653801650772189,0.0,2.8078415064129896e-06
1.5299999999999423,p0_m1,0,0.22355455344059402,0.0,2.8078415064129896e-06
1.5299999999999423,p0_m2,0,-0.11821435340375896,0.0,2.8078415064129896e-06
1.5299999999999423,p0_m3,0,0.3225495495877118,0.0,2.8078415064129896e-06
1.5299999999999423,p1_m0,8,13.364638837959273,0.015,2.8078415064129896e-06
1.5299999999999423,p1_m1,0,-0.035780304384511546,0.0,2.8078415064129896e-06
1.5299999999999423,p1_m2,0,0.04862074494120099,0.0,2.8078415064129896e-06
1.5299999999999423,p1_m3,0,-0.11658628903090329,0.0,2.8078415064129896e-06
1.5299999999999423,p2_m0,0,0.05567047848716584,0.0,2.8078415064129896e-06
1.5299999999999423,p2_m1,0,0.04441796320955725,0.0,2.8078415064129896e-06
1.5299999999999423,p2_m2,0,-0.061227471060653925,0.0,2.8078415064129896e-06
1.5299999999999423,p2_m3,0,0.07544840794446636,0.0,2.8078415064129896e-06
1.5299999999999423,p3_m0,0,-0.15448204635150387,0.0,2.8078415064129896e-06
1.5299999999999423,p3_m1,0,0.07891669175143451,0.0,2.8078415064129896e-06
1.5299999999999423,p3_m2,0,-0.07182373313180446,0.0,2.8078415064129896e-06
1.5299999999999423,p3_m3,0,0.2856736699166853,0.0,2.8078415064129896e-06
1.5399999999999412,p0_m0,0,-0.04595305922182491,0.0,1.6874319259297942e-06
1.5399999999999412,p0_m1,0,0.07420593079852217,0.0,1.6874319259297942e-06
1.5399999999999412,p0_m2,0,-0.041949737836690065,0.0,1.6874319259297942e-06
1.5399999999999412,p0_m3,0,0.10603443729075926,0.0,1.6874319259297942e-06
1.5399999999999412,p1_m0,8,14.500731451919068,0.015,1.6874319259297942e-06
1.5399999999999412,p1_m1,0,-0.01315106949154867,0.0,1.6874319259297942e-06
1.5399999999999412,p1_m2,0,0.01654409893070042,0.0,1.6874319259297942e-06
1.5399999999999412,p1_m3,0,-0.0395286373279591,0.0,1.6874319259297942e-06
1.5399999999999412,p2_m0,0,0.017815173615501913,0.0,1.6874319259297942e-06
1.5399999999999412,p2_m1,0,0.01746551708612973,0.0,1.6874319259297942e-06
1.5399999999999412,p2_m2,0,-0.02336328603452633,0.0,1.6874319259297942e-06
1.5399999999999412,p2_m3,0,0.02760238626360739,0.0,1.6874319259297942e-06
1.5399999999999412,p3_m0,0,-0.05780961651416811,0.0,1.6874319259297942e-06
1.5399999999999412,p3_m1,0,0.03343217438460511,0.0,1.6874319259297942e-06
1.5399999999999412,p3_m2,0,-0.031974628649343716,0.0,1.6874319259297942e-06
1.5399999999999412,p3_m3,0,0.1037721020885629,0.0,1.6874319259297942e-06
1.54999999999994,p0_m0,0,-0.004913638402339415,0.0,3.063704950999114e-07
1.54999999999994,p0_m1,0,0.014409369166100984,0.0,3.063704950999114e-07
1.54999999999994,p0_m2,0,-0.0032249144360126983,0.0,3.063704950999114e-07
1.54999999999994,p0_m3,0,0.01992055343649366,0.0,3.063704950999114e-07
1.54999999999994,p1_m0,8,9.86048217022118,0.0018562129264841946,3.063704950999114e-07
1.54999999999994,p1_m1,0,-0.0017708842337321035,0.0,3.063704950999114e-07
1.54999999999994,p1_m2,0,0.0034619949772901272,0.0,3.063704950999114e-07
1.54999999999994,p1_m3,0,-0.009315163641846265,0.0,3.063704950999114e-07
1.54999999999994,p2_m0,0,0.0033658890138462978,0.0,3.063704950999114e-07
1.54999999999994,p2_m1,0,0.005677626320790235,0.0,3.063704950999114e-07
1.54999999999994,p2_m2,0,-0.007033152324727088,0.0,3.063704950999114e-07
1.54999999999994,p2_m3,0,0.006749839713653399,0.0,3.063704950999114e-07
1.54999999999994,p3_m0,0,-0.01654690936317082,0.0,3.063704950999114e-07
1.54999999999994,p3_m1,0,0.012079386343673351,0.0,3.063704950999114e-07
1.54999999999994,p3_m2,0,-0.01086198208759792,0.0,3.063704950999114e-07
1.54999999999994,p3_m3,0,0.02705370659006197,0.0,3.063704950999114e-07
1.559999999999939,p0_m0,0,-0.03749847856726664,0.0,2.9719552059856355e-07
1.559999999999939,p0_m1,0,0.046187084056503666,0.0,2.9719552059856355e-07
1.559999999999939,p0_m2,0,-0.04564973972327102,0.0,2.9719552059856355e-07
1.559999999999939,p0_m3,0,0.06785790636594144,0.0,2.9719552059856355e-07
1.559999999999939,p1_m0,8,4.417106006456661,0.00961424077391401,2.9719552059856355e-07
1.559999999999939,p1_m1,0,-0.012190439781845523,0.0,2.9719552059856355e-07
1.559999999999939,p1_m2,0,0.009538416114201448,0.0,2.9719552059856355e-07
1.559999999999939,p1_m3,0,-0.02270384251373302,0.0,2.9719552059856355e-07
1.559999999999939,p2_m0,0,0.010940951909730996,0.0,2.9719552059856355e-07
1.559999999999939,p2_m1,0,0.011062034219573576,0.0,2.9719552059856355e-07
1.559999999999939,p2_m2,0,-0.014757901238319627,0.0,2.9719552059856355e-07
1.559999999999939,p2_m3,0,0.017829192919343612,0.0,2.9719552059856355e-07
1.559999999999939,p3_m0,0,-0.03714416168102793,0.0,2.9719552059856355e-07
1.559999999999939,p3_m1,0,0.022407665625868975,0.0,2.9719552059856355e-07
1.559999999999939,p3_m2,0,-0.02549606990948781,0.0,2.9719552059856355e-07
1.559999999999939,p3_m3,0,0.06601355882905148,0.0,2.9719552059856355e-07
1.569999999999938,p0_m0,0,-0.1313676812663446,0.0,1.6818827209839284e-06
1.569999999999938,p0_m1,0,0.1835223465536827,0.0,1.6818827209839284e-06
1.569999999999938,p0_m2,0,-0.11603016366674775,0.0,1.6818827209839284e-06
1.569999999999938,p0_m3,0,0.26398357266636724,0.0,1.6818827209839284e-06
1.569999999999938,p1_m0,8,2.636606898434541,0.015,1.6818827209839284e-06
1.569999999999938,p1_m1,0,-0.03238034707340722,0.0,1.6818827209839284e-06
1.569999999999938,p1_m2,0,0.0386003675559328,0.0,1.6818827209839284e-06
1.569999999999938,p1_m3,0,-0.09376494552009981,0.0,1.6818827209839284e-06
1.569999999999938,p2_m0,0,0.0465772649312074,0.0,1.6818827209839284e-06
1.569999999999938,p2_m1,0,0.035733027773299585,0.0,1.6818827209839284e-06
1.569999999999938,p2_m2,0,-0.04963303862071919,0.0,1.6818827209839284e-06
1.569999999999938,p2_m3,0,0.05954730253155971,0.0,1.6818827209839284e-06
1.569999999999938,p3_m0,0,-0.1273030714915505,0.0,1.6818827209839284e-06
1.569999999999938,p3_m1,0,0.06300592332515226,0.0,1.6818827209839284e-06
1.569999999999938,p3_m2,0,-0.06313883313468571,0.0,1.6818827209839284e-06
1.569999999999938,p3_m3,0,0.23581413212033817,0.0,1.6818827209839284e-06
1.5799999999999368,p0_m0,0,-0.022961847790997872,0.0,3.1104731941282663e-06
1.5799999999999368,p0_m1,0,-0.016792523878399766,0.0,3.1104731941282663e-06
1.5799999999999368,p0_m2,0,0.007974619788516688,0.0,3.1104731941282663e-06
1.5799999999999368,p0_m3,0,0.11776277803581522,0.0,3.1104731941282663e-06
1.5799999999999368,p1_m0,0,0.6088177786017491,0.0,3.1104731941282663e-06
1.5799999999999368,p1_m1,8,1.6835300193388778,0.015,3.1104731941282663e-06
1.5799999999999368,p1_m2,0,-0.12929133233012427,0.0,3.1104731941282663e-06
1.5799999999999368,p1_m3,0,0.028702287119913926,0.0,3.1104731941282663e-06
1.5799999999999368,p2_m0,0,0.10020997622461958,0.0,3.1104731941282663e-06
1.5799999999999368,p2_m1,0,-0.1388639002362273,0.0,3.1104731941282663e-06
1.5799999999999368,p2_m2,0,0.12741199216349863,0.0,3.1104731941282663e-06
1.5799999999999368,p2_m3,0,-0.007322094314591934,0.0,3.1104731941282663e-06
1.5799999999999368,p3_m0,0,0.06149901797363062,0.0,3.1104731941282663e-06
1.5799999999999368,p3_m1,0,0.00017476006559370984,0.0,3.1104731941282663e-06
1.5799999999999368,p3_m2,0,0.0018842266396254521,0.0,3.1104731941282663e-06
1.5799999999999368,p3_m3,0,0.026428615660826816,0.0,3.1104731941282663e-06
1.5899999999999357,p0_m0,0,0.02288766584320644,0.0,3.5682456643856287e-06
1.5899999999999357,p0_m1,0,-0.10924450203952382,0.0,3.5682456643856287e-06
1.5899999999999357,p0_m2,0,0.08333426509646776,0.0,3.5682456643856287e-06
1.5899999999999357,p0_m3,0,0.06074373708956272,0.0,3.5682456643856287e-06
1.5899999999999357,p1_m0,0,0.6560242431636398,0.0,3.5682456643856287e-06
1.5899999999999357,p1_m1,8,2.028499776642597,0.015,3.5682456643856287e-06
1.5899999999999357,p1_m2,0,-0.21133304126478109,0.0,3.5682456643856287e-06
1.5899999999999357,p1_m3,0,0.08432197104941555,0.0,3.5682456643856287e-06
1.5899999999999357,p2_m0,0,0.13355166707764624,0.0,3.5682456643856287e-06
1.5899999999999357,p2_m1,0,-0.2217922157994489,0.0,3.5682456643856287e-06
1.5899999999999357,p2_m2,0,0.21131226134985348,0.0,3.5682456643856287e-06
1.5899999999999357,p2_m3,0,-0.037522052024825635,0.0,3.5682456643856287e-06
1.5899999999999357,p3_m0,0,0.14847108709008133,0.0,3.5682456643856287e-06
1.5899999999999357,p3_m1,0,-0.0288773439620901,0.0,3.5682456643856287e-06
1.5899999999999357,p3_m2,0,0.03586708025098997,0.0,3.5682456643856287e-06
1.5899999999999357,p3_m3,0,-0.06715261150629072,0.0,3.5682456643856287e-06
1.5999999999999346,p0_m0,0,0.019060929790186813,0.0,1.3113048557785365e-06
1.5999999999999346,p0_m1,0,-0.06065182787952451,0.0,1.3113048557785365e-06
1.5999999999999346,p0_m2,0,0.05072693148369021,0.0,1.3113048557785365e-06
1.5999999999999346,p0_m3,0,0.013329418267830417,0.0,1.3113048557785365e-06
1.5999999999999346,p1_m0,0,0.6243124005782261,0.0,1.3113048557785365e-06
1.5999999999999346,p1_m1,8,5.916388841794231,0.015,1.3113048557785365e-06
1.5999999999999346,p1_m2,0,-0.10011434696319463,0.0,1.3113048557785365e-06
1.5999999999999346,p1_m3,0,0.04114743393928225,0.0,1.3113048557785365e-06
1.5999999999999346,p2_m0,0,0.05502251100903502,0.0,1.3113048557785365e-06
1.5999999999999346,p2_m1,0,-0.09527263905087621,0.0,1.3113048557785365e-06
1.5999999999999346,p2_m2,0,0.091367964051969,0.0,1.3113048557785365e-06
1.5999999999999346,p2_m3,0,-0.017792653324848192,0.0,1.3113048557785365e-06
1.5999999999999346,p3_m0,0,0.06529064910263452,0.0,1.3113048557785365e-06
1.5999999999999346,p3_m1,0,-0.013409637963051821,0.0,1.3113048557785365e-06
1.5999999999999346,p3_m2,0,0.015851235780625028,0.0,1.3113048557785365e-06
1.5999999999999346,p3_m3,0,-0.03272379607867257,0.0,1.3113048557785365e-06
1.6099999999999335,p0_m0,0,0.03152411764963976,0.0,1.39939435520209e-06
1.6099999999999335,p0_m1,0,-0.10687729051030097,0.0,1.39939435520209e-06
1.6099999999999335,p0_m2,0,0.06619712421313366,0.0,1.39939435520209e-06
1.6099999999999335,p0_m3,0,0.025282906864424453,0.0,1.39939435520209e-06
1.6099999999999335,p1_m0,0,0.2350542819701353,0.0,1.39939435520209e-06
1.6099999999999335,p1_m1,8,2.5624747758856214,0.015,1.39939435520209e-06
1.6099999999999335,p1_m2,0,-0.17965556792626516,0.0,1.39939435520209e-06
1.6099999999999335,p1_m3,0,0.07966329986446317,0.0,1.39939435520209e-06
1.6099999999999335,p2_m0,0,0.10158898219001011,0.0,1.39939435520209e-06
1.6099999999999335,p2_m1,0,-0.184889555219243,0.0,1.39939435520209e-06
1.6099999999999335,p2_m2,0,0.177505542364195,0.0,1.39939435520209e-06
1.6099999999999335,p2_m3,0,-0.0370297640945523,0.0,1.39939435520209e-06
1.6099999999999335,p3_m0,0,0.13276878296302064,0.0,1.39939435520209e-06
1.6099999999999335,p3_m1,0,-0.030896376926287532,0.0,1.39939435520209e-06
1.6099999999999335,p3_m2,0,0.03489662768447706,0.0,1.39939435520209e-06
1.6099999999999335,p3_m3,0,-0.07529335077441869,0.0,1.39939435520209e-06
1.6199999999999324,p0_m0,0,0.025605988396067248,0.0,2.4476408139689233e-06
1.6199999999999324,p0_m1,0,-0.07840520736978135,0.0,2.4476408139689233e-06
1.6199999999999324,p0_m2,0,0.044474204120421974,0.0,2.4476408139689233e-06
1.6199999999999324,p0_m3,0,0.016368562866869142,0.0,2.4476408139689233e-06
1.6199999999999324,p1_m0,0,0.06214891570198138,0.0,2.4476408139689233e-06
1.6199999999999324,p1_m1,8,13.935988399628062,0.015,2.4476408139689233e-06
1.6199999999999324,p1_m2,0,-0.12887275022142677,0.0,2.4476408139689233e-06
1.6199999999999324,p1_m3,0,0.06003707717385349,0.0,2.4476408139689233e-06
1.6199999999999324,p2_m0,0,0.07003081872204586,0.0,2.4476408139689233e-06
1.6199999999999324,p2_m1,0,-0.12775055438290256,0.0,2.4476408139689233e-06
1.6199999999999324,p2_m2,0,0.1229106504701987,0.0,2.4476408139689233e-06
1.6199999999999324,p2_m3,0,-0.023321051324842426,0.0,2.4476408139689233e-06
1.6199999999999324,p3_m0,0,0.09321268882167472,0.0,2.4476408139689233e-06
1.6199999999999324,p3_m1,0,-0.02209658063316299,0.0,2.4476408139689233e-06
1.6199999999999324,p3_m2,0,0.02582547295418046,0.0,2.4476408139689233e-06
1.6199999999999324,p3_m3,0,-0.05374651401011885,0.0,2.4476408139689233e-06
1.6299999999999313,p0_m0,0,0.026777856888053005,0.0,1.4663059762747664e-06
1.6299999999999313,p0_m1,0,-0.08520600667691784,0.0,1.4663059762747664e-06
1.6299999999999313,p0_m2,0,0.06096505089119405,0.0,1.4663059762747664e-06
1.6299999999999313,p0_m3,0,0.008601784140098297,0.0,1.4663059762747664e-06
1.6299999999999313,p1_m0,0,0.0034384050775062,0.0,1.4663059762747664e-06
1.6299999999999313,p1_m1,8,3.1308056110201385,0.014858584836234054,1.4663059762747664e-06
1.6299999999999313,p1_m2,0,-0.13548980872262847,0.0,1.4663059762747664e-06
1.6299999999999313,p1_m3,0,0.060734556915269695,0.0,1.4663059762747664e-06
1.6299999999999313,p2_m0,0,0.06902737811687086,0.0,1.4663059762747664e-06
1.6299999999999313,p2_m1,0,-0.13592852247778378,0.0,1.4663059762747664e-06
1.6299999999999313,p2_m2,0,0.13098558742322752,0.0,1.4663059762747664e-06
1.6299999999999313,p2_m3,0,-0.028422080208473692,0.0,1.4663059762747664e-06
1.6299999999999313,p3_m0,0,0.10151848190018567,0.0,1.4663059762747664e-06
1.6299999999999313,p3_m1,0,-0.026429673085561246,0.0,1.4663059762747664e-06
1.6299999999999313,p3_m2,0,0.028292365787254952,0.0,1.4663059762747664e-06
1.6299999999999313,p3_m3,0,-0.06250680810194134,0.0,1.4663059762747664e-06
1.6399999999999302,p0_m0,0,0.026146804836521608,0.0,2.443468750016413e-06
1.6399999999999302,p0_m1,0,-0.08024688955390567,0.0,2.443468750016413e-06
1.6399999999999302,p0_m2,0,0.045993390868019374,0.0,2.443468750016413e-06
1.6399999999999302,p0_m3,0,0.01453870659911915,0.0,2.443468750016413e-06
1.6399999999999302,p1_m0,0,-0.015808651608116408,0.0,2.443468750016413e-06
1.6399999999999302,p1_m1,8,0.556851316036276,-0.015,2.443468750016413e-06
1.6399999999999302,p1_m2,0,-0.1309815297992542,0.0,2.443468750016413e-06
1.6399999999999302,p1_m3,0,0.06153171024720935,0.0,2.443468750016413e-06
1.6399999999999302,p2_m0,0,0.06936819723607116,0.0,2.443468750016413e-06
1.6399999999999302,p2_m1,0,-0.13009900713013284,0.0,2.443468750016413e-06
1.6399999999999302,p2_m2,0,0.12521093258433447,0.0,2.443468750016413e-06
1.6399999999999302,p2_m3,0,-0.02406489479404115,0.0,2.443468750016413e-06
1.6399999999999302,p3_m0,0,0.09624617341258507,0.0,2.443468750016413e-06
1.6399999999999302,p3_m1,0,-0.023724466993598085,0.0,2.443468750016413e-06
1.6399999999999302,p3_m2,0,0.02719777907921393,0.0,2.443468750016413e-06
1.6399999999999302,p3_m3,0,-0.05702506783721199,0.0,2.443468750016413e-06
1.649999999999929,p0_m0,0,0.008122398622995446,0.0,1.094791119537015e-06
1.649999999999929,p0_m1,0,-0.023441609364692046,0.0,1.094791119537015e-06
1.649999999999929,p0_m2,0,0.012953872270599699,0.0,1.094791119537015e-06
1.649999999999929,p0_m3,0,0.003120363362439467,0.0,1.094791119537015e-06
1.649999999999929,p1_m0,0,-0.006111836154570912,0.0,1.094791119537015e-06
1.649999999999929,p1_m1,8,6.772190049512488,0.0017632127376819228,1.094791119537015e-06
1.649999999999929,p1_m2,0,-0.037143516737494345,0.0,1.094791119537015e-06
1.649999999999929,p1_m3,0,0.019201920778992035,0.0,1.094791119537015e-06
1.649999999999929,p2_m0,0,0.016865672507148287,0.0,1.094791119537015e-06
1.649999999999929,p2_m1,0,-0.0318958572487968,0.0,1.094791119537015e-06
1.649999999999929,p2_m2,0,0.03080832184621623,0.0,1.094791119537015e-06
1.649999999999929,p2_m3,0,-0.004061203358022213,0.0,1.094791119537015e-06
1.649999999999929,p3_m0,0,0.023423922009210833,0.0,1.094791119537015e-06
1.649999999999929,p3_m1,0,-0.005159692691158284,0.0,1.094791119537015e-06
1.649999999999929,p3_m2,0,0.006540098299965191,0.0,1.094791119537015e-06
1.649999999999929,p3_m3,0,-0.013150988090500264,0.0,1.094791119537015e-06
1.659999999999928,p0_m0,0,0.021567352057805602,0.0,1.020936563460544e-06
1.659999999999928,p0_m1,0,-0.05917049268361839,0.0,1.020936563460544e-06
1.659999999999928,p0_m2,0,0.053765737835327274,0.0,1.020936563460544e-06
1.659999999999928,p0_m3,0,-0.00814001144281952,0.0,1.020936563460544e-06
1.659999999999928,p1_m0,0,-0.01727143007531572,0.0,1.020936563460544e-06
1.659999999999928,p1_m1,8,3.6146343446640614,0.01253552340950781,1.020936563460544e-06
1.659999999999928,p1_m2,0,-0.08274969725322667,0.0,1.020936563460544e-06
1.659999999999928,p1_m3,0,0.03474963744930412,0.0,1.020936563460544e-06
1.659999999999928,p2_m0,0,0.037026400346132506,0.0,1.020936563460544e-06
1.659999999999928,p2_m1,0,-0.08155280463979948,0.0,1.020936563460544e-06
1.659999999999928,p2_m2,0,0.07921489600641053,0.0,1.020936563460544e-06
1.659999999999928,p2_m3,0,-0.02214944878969624,0.0,1.020936563460544e-06
1.659999999999928,p3_m0,0,0.06558826051346937,0.0,1.020936563460544e-06
1.659999999999928,p3_m1,0,-0.02103070828731971,0.0,1.020936563460544e-06
1.659999999999928,p3_m2,0,0.020185559364953122,0.0,1.020936563460544e-06
1.659999999999928,p3_m3,0,-0.04740114255082916,0.0,1.020936563460544e-06
1.6699999999999269,p0_m0,0,0.034000806281940014,0.0,2.463911704235462e-06
1.6699999999999269,p0_m1,0,-0.1100621938389392,0.0,2.463911704235462e-06
1.6699999999999269,p0_m2,0,0.06697698929249903,0.0,2.463911704235462e-06
1.6699999999999269,p0_m3,0,0.02084321507855173,0.0,2.463911704235462e-06
1.6699999999999269,p1_m0,0,-0.031087841802686155,0.0,2.463911704235462e-06
1.6699999999999269,p1_m1,8,2.6020521538557504,0.015,2.463911704235462e-06
1.6699999999999269,p1_m2,0,-0.18084850508747793,0.0,2.463911704235462e-06
1.6699999999999269,p1_m3,0,0.08184030131150145,0.0,2.463911704235462e-06
1.6699999999999269,p2_m0,0,0.09891640709796808,0.0,2.463911704235462e-06
1.6699999999999269,p2_m1,0,-0.18786299583086924,0.0,2.463911704235462e-06
1.6699999999999269,p2_m2,0,0.180678025856669,0.0,2.463911704235462e-06
1.6699999999999269,p2_m3,0,-0.03758657950047102,0.0,2.463911704235462e-06
1.6699999999999269,p3_m0,0,0.13924907869479433,0.0,2.463911704235462e-06
1.6699999999999269,p3_m1,0,-0.03442664536861252,0.0,2.463911704235462e-06
1.6699999999999269,p3_m2,0,0.03884960505645076,0.0,2.463911704235462e-06
1.6699999999999269,p3_m3,0,-0.0842623934489772,0.0,2.463911704235462e-06
1.6799999999999258,p0_m0,0,0.029379644015588766,0.0,3.2295556081516404e-06
1.6799999999999258,p0_m1,0,-0.08954690577309295,0.0,3.2295556081516404e-06
1.6799999999999258,p0_m2,0,0.04930075381047205,0.0,3.2295556081516404e-06
1.6799999999999258,p0_m3,0,0.01840778071764669,0.0,3.2295556081516404e-06
1.6799999999999258,p1_m0,0,-0.027912120243309087,0.0,3.2295556081516404e-06
1.6799999999999258,p1_m1,8,0.5611203383030169,-0.015,3.2295556081516404e-06
1.6799999999999258,p1_m2,0,-0.14650179229515806,0.0,3.2295556081516404e-06
1.6799999999999258,p1_m3,0,0.06887114071225638,0.0,3.2295556081516404e-06
1.6799999999999258,p2_m0,0,0.07936502700493867,0.0,3.2295556081516404e-06
1.6799999999999258,p2_m1,0,-0.14756295722646678,0.0,3.2295556081516404e-06
1.6799999999999258,p2_m2,0,0.14206138837001772,0.0,3.2295556081516404e-06
1.6799999999999258,p2_m3,0,-0.026940244082479293,0.0,3.2295556081516404e-06
1.6799999999999258,p3_m0,0,0.10966343498159015,0.0,3.2295556081516404e-06
1.6799999999999258,p3_m1,0,-0.026920202309490958,0.0,3.2295556081516404e-06
1.6799999999999258,p3_m2,0,0.031662264393005034,0.0,3.2295556081516404e-06
1.6799999999999258,p3_m3,0,-0.06561580291082121,0.0,3.2295556081516404e-06
1.6899999999999247,p0_m0,0,0.008254112286052688,0.0,1.1973872938410668e-06
1.6899999999999247,p0_m1,0,-0.024753652175269356,0.0,1.1973872938410668e-06
1.6899999999999247,p0_m2,0,0.012407654422390644,0.0,1.1973872938410668e-06
1.6899999999999247,p0_m3,0,0.0045961922199053845,0.0,1.1973872938410668e-06
1.6899999999999247,p1_m0,0,-0.010070322936476845,0.0,1.1973872938410668e-06
1.6899999999999247,p1_m1,8,7.426902637415116,-0.0013486788510428465,1.1973872938410668e-06
1.6899999999999247,p1_m2,0,-0.03979607206249162,0.0,1.1973872938410668e-06
1.6899999999999247,p1_m3,0,0.02090914331786379,0.0,1.1973872938410668e-06
1.6899999999999247,p2_m0,0,0.018092661243167472,0.0,1.1973872938410668e-06
1.6899999999999247,p2_m1,0,-0.0341431476190694,0.0,1.1973872938410668e-06
1.6899999999999247,p2_m2,0,0.03298427352039263,0.0,1.1973872938410668e-06
1.6899999999999247,p2_m3,0,-0.003715874494018308,0.0,1.1973872938410668e-06
1.6899999999999247,p3_m0,0,0.025188476252871763,0.0,1.1973872938410668e-06
1.6899999999999247,p3_m1,0,-0.005478326359323484,0.0,1.1973872938410668e-06
1.6899999999999247,p3_m2,0,0.007363770882261665,0.0,1.1973872938410668e-06
1.6899999999999247,p3_m3,0,-0.014055366278332142,0.0,1.1973872938410668e-06
1.6999999999999236,p0_m0,0,0.020062896870089362,0.0,8.248013922670109e-07
1.6999999999999236,p0_m1,0,-0.0506139200490965,0.0,8.248013922670109e-07
1.6999999999999236,p0_m2,0,0.045134437838958125,0.0,8.248013922670109e-07
1.6999999999999236,p0_m3,0,-0.008377305000743133,0.0,8.248013922670109e-07
1.6999999999999236,p1_m0,0,-0.016927609723916354,0.0,8.248013922670109e-07
1.6999999999999236,p1_m1,8,3.9304693752034514,0.01148215799389619,8.248013922670109e-07
1.6999999999999236,p1_m2,0,-0.06933655840876732,0.0,8.248013922670109e-07
1.6999999999999236,p1_m3,0,0.030277311567558137,0.0,8.248013922670109e-07
1.6999999999999236,p2_m0,0,0.031332993509744014,0.0,8.248013922670109e-07
1.6999999999999236,p2_m1,0,-0.06673434854022671,0.0,8.248013922670109e-07
1.6999999999999236,p2_m2,0,0.06494001216607319,0.0,8.248013922670109e-07
1.6999999999999236,p2_m3,0,-0.018339192482947103,0.0,8.248013922670109e-07
1.6999999999999236,p3_m0,0,0.054492667803265164,0.0,8.248013922670109e-07
1.6999999999999236,p3_m1,0,-0.01781211959082583,0.0,8.248013922670109e-07
1.6999999999999236,p3_m2,0,0.017136770180081164,0.0,8.248013922670109e-07
1.6999999999999236,p3_m3,0,-0.04025891088482945,0.0,8.248013922670109e-07
1.7099999999999225,p0_m0,0,0.03207846450770927,0.0,2.148007922496033e-06
1.7099999999999225,p0_m1,0,-0.10346767756144629,0.0,2.148007922496033e-06
1.7099999999999225,p0_m2,0,0.06783882751631565,0.0,2.148007922496033e-06
1.7099999999999225,p0_m3,0,0.015809632698190863,0.0,2.148007922496033e-06
1.7099999999999225,p1_m0,0,-0.029779993646690393,0.0,2.148007922496033e-06
1.7099999999999225,p1_m1,8,2.707122744097558,0.015,2.148007922496033e-06
1.7099999999999225,p1_m2,0,-0.16778993096267678,0.0,2.148007922496033e-06
1.7099999999999225,p1_m3,0,0.07534449801878594,0.0,2.148007922496033e-06
1.7099999999999225,p2_m0,0,0.08963207846707477,0.0,2.148007922496033e-06
1.7099999999999225,p2_m1,0,-0.17354908379688186,0.0,2.148007922496033e-06
1.7099999999999225,p2_m2,0,0.16701918424564338,0.0,2.148007922496033e-06
1.7099999999999225,p2_m3,0,-0.03568595454270218,0.0,2.148007922496033e-06
1.7099999999999225,p3_m0,0,0.1295350973375854,0.0,2.148007922496033e-06
1.7099999999999225,p3_m1,0,-0.032910525600332245,0.0,2.148007922496033e-06
1.7099999999999225,p3_m2,0,0.03637995873469985,0.0,2.148007922496033e-06
1.7099999999999225,p3_m3,0,-0.07967411167875102,0.0,2.148007922496033e-06
1.7199999999999214,p0_m0,0,0.034784736452638874,0.0,3.470644654905267e-06
1.7199999999999214,p0_m1,0,-0.10970805294957983,0.0,3.470644654905267e-06
1.7199999999999214,p0_m2,0,0.058202793419404125,0.0,3.470644654905267e-06
1.7199999999999214,p0_m3,0,0.02629539345301919,0.0,3.470644654905267e-06
1.7199999999999214,p1_m0,0,-0.032791168793955154,0.0,3.470644654905267e-06
1.7199999999999214,p1_m1,8,0.2132355927795757,-0.015,3.470644654905267e-06
1.7199999999999214,p1_m2,0,-0.18229604698113155,0.0,3.470644654905267e-06
1.7199999999999214,p1_m3,0,0.08483496804900263,0.0,3.470644654905267e-06
1.7199999999999214,p2_m0,0,0.10158864002374876,0.0,3.470644654905267e-06
1.7199999999999214,p2_m1,0,-0.18737804939833885,0.0,3.470644654905267e-06
1.7199999999999214,p2_m2,0,0.18018667485697337,0.0,3.470644654905267e-06
1.7199999999999214,p2_m3,0,-0.03468001511072118,0.0,3.470644654905267e-06
1.7199999999999214,p3_m0,0,0.13832455047663494,0.0,3.470644654905267e-06
1.7199999999999214,p3_m1,0,-0.033198648351882735,0.0,3.470644654905267e-06
1.7199999999999214,p3_m2,0,0.03924609059384652,0.0,3.470644654905267e-06
1.7199999999999214,p3_m3,0,-0.08203136779557725,0.0,3.470644654905267e-06
1.7299999999999203,p0_m0,0,0.019230826149246046,0.0,1.4119369196194991e-06
1.7299999999999203,p0_m1,0,-0.052370360396631274,0.0,1.4119369196194991e-06
1.7299999999999203,p0_m2,0,0.03595578320756841,0.0,1.4119369196194991e-06
1.7299999999999203,p0_m3,0,0.00151770006362241,0.0,1.4119369196194991e-06
1.7299999999999203,p1_m0,0,-0.0194624497803818,0.0,1.4119369196194991e-06
1.7299999999999203,p1_m1,8,2.1401623587150542,0.0024661350612210395,1.4119369196194991e-06
1.7299999999999203,p1_m2,0,-0.07900090616989548,0.0,1.4119369196194991e-06
1.7299999999999203,p1_m3,0,0.037674398232212386,0.0,1.4119369196194991e-06
1.7299999999999203,p2_m0,0,0.036660604997957084,0.0,1.4119369196194991e-06
1.7299999999999203,p2_m1,0,-0.07284907593663176,0.0,1.4119369196194991e-06
1.7299999999999203,p2_m2,0,0.07051210769603193,0.0,1.4119369196194991e-06
1.7299999999999203,p2_m3,0,-0.013917193348703224,0.0,1.4119369196194991e-06
1.7299999999999203,p3_m0,0,0.0565035515309367,0.0,1.4119369196194991e-06
1.7299999999999203,p3_m1,0,-0.01563961602348963,0.0,1.4119369196194991e-06
1.7299999999999203,p3_m2,0,0.017244733619905278,0.0,1.4119369196194991e-06
1.7299999999999203,p3_m3,0,-0.036488725159142026,0.0,1.4119369196194991e-06
1.7399999999999192,p0_m0,0,0.03230188175772775,0.0,1.9914214153339673e-06
1.7399999999999192,p0_m1,0,-0.10649531104834621,0.0,1.9914214153339673e-06
1.7399999999999192,p0_m2,0,0.05893348411740308,0.0,1.9914214153339673e-06
1.7399999999999192,p0_m3,0,0.024135419450107325,0.0,1.9914214153339673e-06
1.7399999999999192,p1_m0,0,-0.03175456029458806,0.0,1.9914214153339673e-06
1.7399999999999192,p1_m1,8,2.478176278765863,0.015,1.9914214153339673e-06
1.7399999999999192,p1_m2,0,-0.17825128710610477,0.0,1.9914214153339673e-06
1.7399999999999192,p1_m3,0,0.08227671201777012,0.0,1.9914214153339673e-06
1.7399999999999192,p2_m0,0,0.09772277103232677,0.0,1.9914214153339673e-06
1.7399999999999192,p2_m1,0,-0.1829543389050536,0.0,1.9914214153339673e-06
1.7399999999999192,p2_m2,0,0.17577013694414942,0.0,1.9914214153339673e-06
1.7399999999999192,p2_m3,0,-0.03499611777453333,0.0,1.9914214153339673e-06
1.7399999999999192,p3_m0,0,0.13435046149772698,0.0,1.9914214153339673e-06
1.7399999999999192,p3_m1,0,-0.03251418666230846,0.0,1.9914214153339673e-06
1.7399999999999192,p3_m2,0,0.0369983542137745,0.0,1.9914214153339673e-06
1.7399999999999192,p3_m3,0,-0.07896190440849334,0.0,1.9914214153339673e-06
1.749999999999918,p0_m0,0,0.02090682455106489,0.0,2.1304102578299138e-06
1.749999999999918,p0_m1,0,-0.06145474999335362,0.0,2.1304102578299138e-06
1.749999999999918,p0_m2,0,0.03557831315201153,0.0,2.1304102578299138e-06
1.749999999999918,p0_m3,0,0.009369052694370966,0.0,2.1304102578299138e-06
1.749999999999918,p1_m0,0,-0.021403828342499903,0.0,2.1304102578299138e-06
1.749999999999918,p1_m1,8,14.336292995687984,0.015,2.1304102578299138e-06
1.749999999999918,p1_m2,0,-0.09896909578443384,0.0,2.1304102578299138e-06
1.749999999999918,p1_m3,0,0.047935613271454604,0.0,2.1304102578299138e-06
1.749999999999918,p2_m0,0,0.04956157397202663,0.0,2.1304102578299138e-06
1.749999999999918,p2_m1,0,-0.09419931233044529,0.0,2.1304102578299138e-06
1.749999999999918,p2_m2,0,0.09076180052998022,0.0,2.1304102578299138e-06
1.749999999999918,p2_m3,0,-0.015992962180258044,0.0,2.1304102578299138e-06
1.749999999999918,p3_m0,0,0.07042057255771059,0.0,2.1304102578299138e-06
1.749999999999918,p3_m1,0,-0.017646759883725,0.0,2.1304102578299138e-06
1.749999999999918,p3_m2,0,0.0203868710649861,0.0,2.1304102578299138e-06
1.749999999999918,p3_m3,0,-0.041862420056609485,0.0,2.1304102578299138e-06
1.759999999999917,p0_m0,0,0.02876531208909222,0.0,1.6508777133560824e-06
1.759999999999917,p0_m1,0,-0.0933501398305692,0.0,1.6508777133560824e-06
1.759999999999917,p0_m2,0,0.06290025482948433,0.0,1.6508777133560824e-06
1.759999999999917,p0_m3,0,0.012769935666394679,0.0,1.6508777133560824e-06
1.759999999999917,p1_m0,0,-0.02805248514064283,0.0,1.6508777133560824e-06
1.759999999999917,p1_m1,8,2.8870263112907635,0.015,1.6508777133560824e-06
1.759999999999917,p1_m2,0,-0.15115706482618488,0.0,1.6508777133560824e-06
1.759999999999917,p1_m3,0,0.06857313973922201,0.0,1.6508777133560824e-06
1.759999999999917,p2_m0,0,0.07827204724622899,0.0,1.6508777133560824e-06
1.759999999999917,p2_m1,0,-0.15300286976601066,0.0,1.6508777133560824e-06
1.759999999999917,p2_m2,0,0.1472756095273605,0.0,1.6508777133560824e-06
1.759999999999917,p2_m3,0,-0.03094613045344486,0.0,1.6508777133560824e-06
1.759999999999917,p3_m0,0,0.11409840083200873,0.0,1.6508777133560824e-06
1.759999999999917,p3_m1,0,-0.029347803957732826,0.0,1.6508777133560824e-06
1.759999999999917,p3_m2,0,0.03189929609045859,0.0,1.6508777133560824e-06
1.759999999999917,p3_m3,0,-0.0695820932129737,0.0,1.6508777133560824e-06
1.7699999999999159,p0_m0,0,0.02433531649623349,0.0,2.4156500220312917e-06
1.7699999999999159,p0_m1,0,-0.07366698401239967,0.0,2.4156500220312917e-06
1.7699999999999159,p0_m2,0,0.042671425539974606,0.0,2.4156500220312917e-06
1.7699999999999159,p0_m3,0,0.012456643587341587,0.0,2.4156500220312917e-06
1.7699999999999159,p1_m0,0,-0.024331402931376523,0.0,2.4156500220312917e-06
1.7699999999999159,p1_m1,8,14.00319869694477,0.015,2.4156500220312917e-06
1.7699999999999159,p1_m2,0,-0.11954302657892467,0.0,2.4156500220312917e-06
1.7699999999999159,p1_m3,0,0.05681251643218631,0.0,2.4156500220312917e-06
1.7699999999999159,p2_m0,0,0.061909536840523895,0.0,2.4156500220312917e-06
1.7699999999999159,p2_m1,0,-0.11712605423654295,0.0,2.4156500220312917e-06
1.7699999999999159,p2_m2,0,0.11278516855304754,0.0,2.4156500220312917e-06
1.7699999999999159,p2_m3,0,-0.02110495892365893,0.0,2.4156500220312917e-06
1.7699999999999159,p3_m0,0,0.08727553854694696,0.0,2.4156500220312917e-06
1.7699999999999159,p3_m1,0,-0.02190610490903802,0.0,2.4156500220312917e-06
1.7699999999999159,p3_m2,0,0.02512857405841283,0.0,2.4156500220312917e-06
1.7699999999999159,p3_m3,0,-0.052095821549938096,0.0,2.4156500220312917e-06
1.7799999999999148,p0_m0,0,0.008824689868274603,0.0,1.0485003126071e-06
1.7799999999999148,p0_m1,0,-0.024275512639070945,0.0,1.0485003126071e-06
1.7799999999999148,p0_m2,0,0.014602496699265435,0.0,1.0485003126071e-06
1.7799999999999148,p0_m3,0,0.0020528652768135145,0.0,1.0485003126071e-06
1.7799999999999148,p1_m0,0,-0.010076367469846513,0.0,1.0485003126071e-06
1.7799999999999148,p1_m1,8,7.090336983935643,0.0036767723769244053,1.0485003126071e-06
1.7799999999999148,p1_m2,0,-0.037689325219806814,0.0,1.0485003126071e-06
1.7799999999999148,p1_m3,0,0.01965436572271491,0.0,1.0485003126071e-06
1.7799999999999148,p2_m0,0,0.016703700991349293,0.0,1.0485003126071e-06
1.7799999999999148,p2_m1,0,-0.032310453542448346,0.0,1.0485003126071e-06
1.7799999999999148,p2_m2,0,0.03124568176440609,0.0,1.0485003126071e-06
1.7799999999999148,p2_m3,0,-0.004462310822274958,0.0,1.0485003126071e-06
1.7799999999999148,p3_m0,0,0.024305506906276544,0.0,1.0485003126071e-06
1.7799999999999148,p3_m1,0,-0.005811496161233132,0.0,1.0485003126071e-06
1.7799999999999148,p3_m2,0,0.007014088418447121,0.0,1.0485003126071e-06
1.7799999999999148,p3_m3,0,-0.014381651859764427,0.0,1.0485003126071e-06
1.7899999999999137,p0_m0,0,0.022606523878060763,0.0,1.1225787758774883e-06
1.7899999999999137,p0_m1,0,-0.06473035275133157,0.0,1.1225787758774883e-06
1.7899999999999137,p0_m2,0,0.05920239791710651,0.0,1.1225787758774883e-06
1.7899999999999137,p0_m3,0,-0.007184765704297749,0.0,1.1225787758774883e-06
1.7899999999999137,p1_m0,0,-0.01974927916575724,0.0,1.1225787758774883e-06
1.7899999999999137,p1_m1,8,3.468868656730711,0.013152527098445372,1.1225787758774883e-06
1.7899999999999137,p1_m2,0,-0.09216816623189175,0.0,1.1225787758774883e-06
1.7899999999999137,p1_m3,0,0.03870561534429616,0.0,1.1225787758774883e-06
1.7899999999999137,p2_m0,0,0.04129120896930791,0.0,1.1225787758774883e-06
1.7899999999999137,p2_m1,0,-0.09156021718362474,0.0,1.1225787758774883e-06
1.7899999999999137,p2_m2,0,0.08882394869439848,0.0,1.1225787758774883e-06
1.7899999999999137,p2_m3,0,-0.0240512486534901,0.0,1.1225787758774883e-06
1.7899999999999137,p3_m0,0,0.07306617212329213,0.0,1.1225787758774883e-06
1.7899999999999137,p3_m1,0,-0.022956213629921892,0.0,1.1225787758774883e-06
1.7899999999999137,p3_m2,0,0.022284863725228105,0.0,1.1225787758774883e-06
1.7899999999999137,p3_m3,0,-0.05194093372352377,0.0,1.1225787758774883e-06
1.7999999999999126,p0_m0,0,0.034976631520909615,0.0,2.6319248408441984e-06
1.7999999999999126,p0_m1,0,-0.11361432077469034,0.0,2.6319248408441984e-06
1.7999999999999126,p0_m2,0,0.06663510844402752,0.0,2.6319248408441984e-06
1.7999999999999126,p0_m3,0,0.02357244553674527,0.0,2.6319248408441984e-06
1.7999999999999126,p1_m0,0,-0.03255533203799797,0.0,2.6319248408441984e-06
1.7999999999999126,p1_m1,8,2.556554652278657,0.015,2.6319248408441984e-06
1.7999999999999126,p1_m2,0,-0.18787955979116558,0.0,2.6319248408441984e-06
1.7999999999999126,p1_m3,0,0.08545846416221456,0.0,2.6319248408441984e-06
1.7999999999999126,p2_m0,0,0.10364395733397067,0.0,2.6319248408441984e-06
1.7999999999999126,p2_m1,0,-0.19530298332785964,0.0,2.6319248408441984e-06
1.7999999999999126,p2_m2,0,0.18777822350177578,0.0,2.6319248408441984e-06
1.7999999999999126,p2_m3,0,-0.03844295437680861,0.0,2.6319248408441984e-06
1.7999999999999126,p3_m0,0,0.1444331728563155,0.0,2.6319248408441984e-06
1.7999999999999126,p3_m1,0,-0.03535197326885684,0.0,2.6319248408441984e-06
1.7999999999999126,p3_m2,0,0.04029607047891667,0.0,2.6319248408441984e-06
1.7999999999999126,p3_m3,0,-0.08678551863612557,0.0,2.6319248408441984e-06
1.8099999999999115,p0_m0,0,0.026991467792435324,0.0,3.045433030539916e-06
1.8099999999999115,p0_m1,0,-0.08106262714692139,0.0,3.045433030539916e-06
1.8099999999999115,p0_m2,0,0.04535703671093915,0.0,3.045433030539916e-06
1.8099999999999115,p0_m3,0,0.015374027609323052,0.0,3.045433030539916e-06
1.8099999999999115,p1_m0,0,-0.02614273949125735,0.0,3.045433030539916e-06
1.8099999999999115,p1_m1,8,14.014852395533426,0.015,3.045433030539916e-06
1.8099999999999115,p1_m2,0,-0.13169598594920004,0.0,3.045433030539916e-06
1.8099999999999115,p1_m3,0,0.06237404919238642,0.0,3.045433030539916e-06
1.8099999999999115,p2_m0,0,0.07005630683000237,0.0,3.045433030539916e-06
1.8099999999999115,p2_m1,0,-0.13090652912589468,0.0,3.045433030539916e-06
1.8099999999999115,p2_m2,0,0.12609228730180605,0.0,3.045433030539916e-06
1.8099999999999115,p2_m3,0,-0.023765680061468716,0.0,3.045433030539916e-06
1.8099999999999115,p3_m0,0,0.09765974123487932,0.0,3.045433030539916e-06
1.8099999999999115,p3_m1,0,-0.02424999674947452,0.0,3.045433030539916e-06
1.8099999999999115,p3_m2,0,0.02846957123454918,0.0,3.045433030539916e-06
1.8099999999999115,p3_m3,0,-0.058643819350088104,0.0,3.045433030539916e-06
1.8199999999999104,p0_m0,0,0.008632351669618118,0.0,1.0744606589410858e-06
1.8199999999999104,p0_m1,0,-0.024684217249163802,0.0,1.0744606589410858e-06
1.8199999999999104,p0_m2,0,0.013587307425697104,0.0,1.0744606589410858e-06
1.8199999999999104,p0_m3,0,0.00312403838236863,0.0,1.0744606589410858e-06
1.8199999999999104,p1_m0,0,-0.010506566467961746,0.0,1.0744606589410858e-06
1.8199999999999104,p1_m1,8,7.168418047113204,0.001944436802299852,1.0744606589410858e-06
1.8199999999999104,p1_m2,0,-0.03864737244140131,0.0,1.0744606589410858e-06
1.8199999999999104,p1_m3,0,0.020396917520045507,0.0,1.0744606589410858e-06
1.8199999999999104,p2_m0,0,0.01710817228823219,0.0,1.0744606589410858e-06
1.8199999999999104,p2_m1,0,-0.03280440438661414,0.0,1.0744606589410858e-06
1.8199999999999104,p2_m2,0,0.03173527990348386,0.0,1.0744606589410858e-06
1.8199999999999104,p2_m3,0,-0.003995938175344678,0.0,1.0744606589410858e-06
1.8199999999999104,p3_m0,0,0.024624756499728926,0.0,1.0744606589410858e-06
1.8199999999999104,p3_m1,0,-0.005684936652451879,0.0,1.0744606589410858e-06
1.8199999999999104,p3_m2,0,0.007333355864260608,0.0,1.0744606589410858e-06
1.8199999999999104,p3_m3,0,-0.014356055305585001,0.0,1.0744606589410858e-06
1.8299999999999093,p0_m0,0,0.021234926104218992,0.0,9.042129196564492e-07
1.8299999999999093,p0_m1,0,-0.056780823607255365,0.0,9.042129196564492e-07
1.8299999999999093,p0_m2,0,0.051361340011062635,0.0,9.042129196564492e-07
1.8299999999999093,p0_m3,0,-0.008581751420295871,0.0,9.042129196564492e-07
1.8299999999999093,p1_m0,0,-0.018507037804214636,0.0,9.042129196564492e-07
1.8299999999999093,p1_m1,8,3.7202827791109883,0.012221281429905511,9.042129196564492e-07
1.8299999999999093,p1_m2,0,-0.0786080862906571,0.0,9.042129196564492e-07
1.8299999999999093,p1_m3,0,0.03344871160106696,0.0,9.042129196564492e-07
1.8299999999999093,p2_m0,0,0.03494897654814836,0.0,9.042129196564492e-07
1.8299999999999093,p2_m1,0,-0.07668551621009578,0.0,9.042129196564492e-07
1.8299999999999093,p2_m2,0,0.07455522275260051,0.0,9.042129196564492e-07
1.8299999999999093,p2_m3,0,-0.020999206235287053,0.0,9.042129196564492e-07
1.8299999999999093,p3_m0,0,0.06224933796073086,0.0,9.042129196564492e-07
1.8299999999999093,p3_m1,0,-0.020269502142549193,0.0,9.042129196564492e-07
1.8299999999999093,p3_m2,0,0.019476188319609088,0.0,9.042129196564492e-07
1.8299999999999093,p3_m3,0,-0.04558242975613326,0.0,9.042129196564492e-07
1.8399999999999082,p0_m0,0,0.033378868814397174,0.0,2.3411488132793805e-06
1.8399999999999082,p0_m1,0,-0.10810854875294021,0.0,2.3411488132793805e-06
1.8399999999999082,p0_m2,0,0.06735246510894492,0.0,2.3411488132793805e-06
1.8399999999999082,p0_m3,0,0.01926779091267407,0.0,2.3411488132793805e-06
1.8399999999999082,p1_m0,0,-0.031169751610607224,0.0,2.3411488132793805e-06
1.8399999999999082,p1_m1,8,2.6339510219626723,0.015,2.3411488132793805e-06
1.8399999999999082,p1_m2,0,-0.17693412762403862,0.0,2.3411488132793805e-06
1.8399999999999082,p1_m3,0,0.0799600060009241,0.0,2.3411488132793805e-06
1.8399999999999082,p2_m0,0,0.09594947360079517,0.0,2.3411488132793805e-06
1.8399999999999082,p2_m1,0,-0.1833882673354181,0.0,2.3411488132793805e-06
1.8399999999999082,p2_m2,0,0.17640746340839075,0.0,2.3411488132793805e-06
1.8399999999999082,p2_m3,0,-0.036961125608097035,0.0,2.3411488132793805e-06
1.8399999999999082,p3_m0,0,0.13630754932002834,0.0,2.3411488132793805e-06
1.8399999999999082,p3_m1,0,-0.03406345473741572,0.0,2.3411488132793805e-06
1.8399999999999082,p3_m2,0,0.03818449094984585,0.0,2.3411488132793805e-06
1.8399999999999082,p3_m3,0,-0.08294384768565179,0.0,2.3411488132793805e-06
1.849999999999907,p0_m0,0,0.03210852025853199,0.0,3.400597501341203e-06
1.849999999999907,p0_m1,0,-0.09968890105238253,0.0,3.400597501341203e-06
1.849999999999907,p0_m2,0,0.05357765791348107,0.0,3.400597501341203e-06
1.849999999999907,p0_m3,0,0.022484460479517545,0.0,3.400597501341203e-06
1.849999999999907,p1_m0,0,-0.030555053069642343,0.0,3.400597501341203e-06
1.849999999999907,p1_m1,8,13.895765586146764,0.015,3.400597501341203e-06
1.849999999999907,p1_m2,0,-0.16454106649483294,0.0,3.400597501341203e-06
1.849999999999907,p1_m3,0,0.07701651153242121,0.0,3.400597501341203e-06
1.849999999999907,p2_m0,0,0.0905044286705749,0.0,3.400597501341203e-06
1.849999999999907,p2_m1,0,-0.1674290960468735,0.0,3.400597501341203e-06
1.849999999999907,p2_m2,0,0.16108434695416343,0.0,3.400597501341203e-06
1.849999999999907,p2_m3,0,-0.030693861850345835,0.0,3.400597501341203e-06
1.849999999999907,p3_m0,0,0.12399856993313067,0.0,3.400597501341203e-06
1.849999999999907,p3_m1,0,-0.030096766589680177,0.0,3.400597501341203e-06
1.849999999999907,p3_m2,0,0.035524371633376545,0.0,3.400597501341203e-06
1.849999999999907,p3_m3,0,-0.0737987586472979,0.0,3.400597501341203e-06
1.859999999999906,p0_m0,0,0.02031935455820115,0.0,1.2691936607346149e-06
1.859999999999906,p0_m1,0,-0.05736102355528833,0.0,1.2691936607346149e-06
1.859999999999906,p0_m2,0,0.04121279133852665,0.0,1.2691936607346149e-06
1.859999999999906,p0_m3,0,0.002064540119660196,0.0,1.2691936607346149e-06
1.859999999999906,p1_m0,0,-0.02048190299871319,0.0,1.2691936607346149e-06
1.859999999999906,p1_m1,8,4.152114433801354,0.015,1.2691936607346149e-06
1.859999999999906,p1_m2,0,-0.08733838682236555,0.0,1.2691936607346149e-06
1.859999999999906,p1_m3,0,0.040999481623266984,0.0,1.2691936607346149e-06
1.859999999999906,p2_m0,0,0.04102699079699715,0.0,1.2691936607346149e-06
1.859999999999906,p2_m1,0,-0.08219072380244802,0.0,1.2691936607346149e-06
1.859999999999906,p2_m2,0,0.07947882505201387,0.0,1.2691936607346149e-06
1.859999999999906,p2_m3,0,-0.01632653862165866,0.0,1.2691936607346149e-06
1.859999999999906,p3_m0,0,0.06336233545410172,0.0,1.2691936607346149e-06
1.859999999999906,p3_m1,0,-0.017485927508243296,0.0,1.2691936607346149e-06
1.859999999999906,p3_m2,0,0.018944228957814748,0.0,1.2691936607346149e-06
1.859999999999906,p3_m3,0,-0.04073406582481521,0.0,1.2691936607346149e-06
1.8699999999999048,p0_m0,0,0.033437348553058785,0.0,2.1714533265809593e-06
1.8699999999999048,p0_m1,0,-0.11039939193348997,0.0,2.1714533265809593e-06
1.8699999999999048,p0_m2,0,0.05934577952324733,0.0,2.1714533265809593e-06
1.8699999999999048,p0_m3,0,0.02654939567674991,0.0,2.1714533265809593e-06
1.8699999999999048,p1_m0,0,-0.03274740907290702,0.0,2.1714533265809593e-06
1.8699999999999048,p1_m1,8,2.4316561002136807,0.015,2.1714533265809593e-06
1.8699999999999048,p1_m2,0,-0.18560021771241847,0.0,2.1714533265809593e-06
1.8699999999999048,p1_m3,0,0.08583259997798247,0.0,2.1714533265809593e-06
1.8699999999999048,p2_m0,0,0.10266879517976928,0.0,2.1714533265809593e-06
1.8699999999999048,p2_m1,0,-0.19096391484816014,0.0,2.1714533265809593e-06
1.8699999999999048,p2_m2,0,0.18342708916394054,0.0,2.1714533265809593e-06
1.8699999999999048,p2_m3,0,-0.036177548250719754,0.0,2.1714533265809593e-06
1.8699999999999048,p3_m0,0,0.1399638967418362,0.0,2.1714533265809593e-06
1.8699999999999048,p3_m1,0,-0.03355226345678078,0.0,2.1714533265809593e-06
1.8699999999999048,p3_m2,0,0.03850584185460781,0.0,2.1714533265809593e-06
1.8699999999999048,p3_m3,0,-0.08187000607831403,0.0,2.1714533265809593e-06
1.8799999999999037,p0_m0,0,0.023318099430357828,0.0,1.7962435573318654e-06
1.8799999999999037,p0_m1,0,-0.07045454469156344,0.0,1.7962435573318654e-06
1.8799999999999037,p0_m2,0,0.049451669660773474,0.0,1.7962435573318654e-06
1.8799999999999037,p0_m3,0,0.004868054723595602,0.0,1.7962435573318654e-06
1.8799999999999037,p1_m0,0,-0.02273199399452017,0.0,1.7962435573318654e-06
1.8799999999999037,p1_m1,8,4.293134108318004,0.013017900602870915,1.7962435573318654e-06
1.8799999999999037,p1_m2,0,-0.10936334572129917,0.0,1.7962435573318654e-06
1.8799999999999037,p1_m3,0,0.05021939848173955,0.0,1.7962435573318654e-06
1.8799999999999037,p2_m0,0,0.05295516132792602,0.0,1.7962435573318654e-06
1.8799999999999037,p2_m1,0,-0.10644685806024563,0.0,1.7962435573318654e-06
1.8799999999999037,p2_m2,0,0.1027928685828467,0.0,1.7962435573318654e-06
1.8799999999999037,p2_m3,0,-0.021845701356103652,0.0,1.7962435573318654e-06
1.8799999999999037,p3_m0,0,0.08115589087601544,0.0,1.7962435573318654e-06
1.8799999999999037,p3_m1,0,-0.022324543893712852,0.0,1.7962435573318654e-06
1.8799999999999037,p3_m2,0,0.023896567951848594,0.0,1.7962435573318654e-06
1.8799999999999037,p3_m3,0,-0.05141176279554987,0.0,1.7962435573318654e-06
1.8899999999999026,p0_m0,0,-0.02384990631886618,0.0,1.0203972106410973e-06
1.8899999999999026,p0_m1,0,0.0492556344350058,0.0,1.0203972106410973e-06
1.8899999999999026,p0_m2,0,-0.05195451377613941,0.0,1.0203972106410973e-06
1.8899999999999026,p0_m3,0,0.006119410758060361,0.0,1.0203972106410973e-06
1.8899999999999026,p1_m0,0,0.006189301173891211,0.0,1.0203972106410973e-06
1.8899999999999026,p1_m1,0,0.6812211242367877,0.0,1.0203972106410973e-06
1.8899999999999026,p1_m2,8,1.0295664953998216,0.015,1.0203972106410973e-06
1.8899999999999026,p1_m3,0,-0.026369577403851808,0.0,1.0203972106410973e-06
1.8899999999999026,p2_m0,0,-0.03039806267194079,0.0,1.0203972106410973e-06
1.8899999999999026,p2_m1,0,0.08551897509733254,0.0,1.0203972106410973e-06
1.8899999999999026,p2_m2,0,-0.08226449203226073,0.0,1.0203972106410973e-06
1.8899999999999026,p2_m3,0,0.010820389964124835,0.0,1.0203972106410973e-06
1.8899999999999026,p3_m0,0,-0.06507194882665059,0.0,1.0203972106410973e-06
1.8899999999999026,p3_m1,0,0.004601183438079727,0.0,1.0203972106410973e-06
1.8899999999999026,p3_m2,0,-0.011229039668422347,0.0,1.0203972106410973e-06
1.8899999999999026,p3_m3,0,0.0426395669728499,0.0,1.0203972106410973e-06
1.8999999999999015,p0_m0,0,-0.04670172275674952,0.0,4.97152146779123e-07
1.8999999999999015,p0_m1,0,0.10338470421368626,0.0,4.97152146779123e-07
1.8999999999999015,p0_m2,0,-0.09976548367760829,0.0,4.97152146779123e-07
1.8999999999999015,p0_m3,0,0.010945465325510505,0.0,4.97152146779123e-07
1.8999999999999015,p1_m0,0,0.02128005562154677,0.0,4.97152146779123e-07
1.8999999999999015,p1_m1,0,0.13118958200842698,0.0,4.97152146779123e-07
1.8999999999999015,p1_m2,8,1.1625492074886727,0.015,4.97152146779123e-07
1.8999999999999015,p1_m3,0,-0.05968299777838341,0.0,4.97152146779123e-07
1.8999999999999015,p2_m0,0,-0.06540381042925426,0.0,4.97152146779123e-07
1.8999999999999015,p2_m1,0,0.1659127946057256,0.0,4.97152146779123e-07
1.8999999999999015,p2_m2,0,-0.16032231850261372,0.0,4.97152146779123e-07
1.8999999999999015,p2_m3,0,0.0264702470033359,0.0,4.97152146779123e-07
1.8999999999999015,p3_m0,0,-0.128077969176542,0.0,4.97152146779123e-07
1.8999999999999015,p3_m1,0,0.017800443251350148,0.0,4.97152146779123e-07
1.8999999999999015,p3_m2,0,-0.02826097788468824,0.0,4.97152146779123e-07
1.8999999999999015,p3_m3,0,0.08586661618214897,0.0,4.97152146779123e-07
1.9099999999999004,p0_m0,0,-0.05652688957725062,0.0,3.0053590581801406e-07
1.9099999999999004,p0_m1,0,0.12536583957629002,0.0,3.0053590581801406e-07
1.9099999999999004,p0_m2,0,-0.11964352669748356,0.0,3.0053590581801406e-07
1.9099999999999004,p0_m3,0,0.014288641632151747,0.0,3.0053590581801406e-07
1.9099999999999004,p1_m0,0,0.02887397955908584,0.0,3.0053590581801406e-07
1.9099999999999004,p1_m1,0,-0.08621977019609861,0.0,3.0053590581801406e-07
1.9099999999999004,p1_m2,8,1.2717630791159273,0.015,3.0053590581801406e-07
1.9099999999999004,p1_m3,0,-0.07352038264994334,0.0,3.0053590581801406e-07
1.9099999999999004,p2_m0,0,-0.07865577298725368,0.0,3.0053590581801406e-07
1.9099999999999004,p2_m1,0,0.19556794989800058,0.0,3.0053590581801406e-07
1.9099999999999004,p2_m2,0,-0.18931771801994804,0.0,3.0053590581801406e-07
1.9099999999999004,p2_m3,0,0.03308941134275853,0.0,3.0053590581801406e-07
1.9099999999999004,p3_m0,0,-0.15199605639005734,0.0,3.0053590581801406e-07
1.9099999999999004,p3_m1,0,0.023987466153874103,0.0,3.0053590581801406e-07
1.9099999999999004,p3_m2,0,-0.035386765548181584,0.0,3.0053590581801406e-07
1.9099999999999004,p3_m3,0,0.1031293477382448,0.0,3.0053590581801406e-07
1.9199999999998993,p0_m0,0,-0.06081229033728133,0.0,2.4511077521971495e-07
1.9199999999998993,p0_m1,0,0.13457945107048608,0.0,2.4511077521971495e-07
1.9199999999998993,p0_m2,0,-0.12816847673786635,0.0,2.4511077521971495e-07
1.9199999999998993,p0_m3,0,0.016207524148754687,0.0,2.4511077521971495e-07
1.9199999999998993,p1_m0,0,0.03279325817299183,0.0,2.4511077521971495e-07
1.9199999999998993,p1_m1,0,-0.16164655971095454,0.0,2.4511077521971495e-07
1.9199999999998993,p1_m2,8,1.3134230112284688,0.015,2.4511077521971495e-07
1.9199999999998993,p1_m3,0,-0.07960222680436294,0.0,2.4511077521971495e-07
1.9199999999998993,p2_m0,0,-0.08341557694141942,0.0,2.4511077521971495e-07
1.9199999999998993,p2_m1,0,0.20638302800051594,0.0,2.4511077521971495e-07
1.9199999999998993,p2_m2,0,-0.19997319998908822,0.0,2.4511077521971495e-07
1.9199999999998993,p2_m3,0,0.03555441801615651,0.0,2.4511077521971495e-07
1.9199999999998993,p3_m0,0,-0.1610250500547378,0.0,2.4511077521971495e-07
1.9199999999998993,p3_m1,0,0.0266866247741391,0.0,2.4511077521971495e-07
1.9199999999998993,p3_m2,0,-0.03828486853465779,0.0,2.4511077521971495e-07
1.9199999999998993,p3_m3,0,0.1099021406153922,0.0,2.4511077521971495e-07
1.9299999999998982,p0_m0,0,-0.06269537455694789,0.0,2.339907097255163e-07
1.9299999999998982,p0_m1,0,0.13853064045830396,0.0,2.339907097255163e-07
1.9299999999998982,p0_m2,0,-0.13190866342928736,0.0,2.339907097255163e-07
1.9299999999998982,p0_m3,0,0.017235356927248383,0.0,2.339907097255163e-07
1.9299999999998982,p1_m0,0,0.0349038294848486,0.0,2.339907097255163e-07
1.9299999999998982,p1_m1,0,-0.18798824465913166,0.0,2.339907097255163e-07
1.9299999999998982,p1_m2,8,1.3285258126438564,0.015,2.339907097255163e-07
1.9299999999998982,p1_m3,0,-0.08244431151718505,0.0,2.339907097255163e-07
1.9299999999998982,p2_m0,0,-0.08485673566212072,0.0,2.339907097255163e-07
1.9299999999998982,p2_m1,0,0.21005927126722976,0.0,2.339907097255163e-07
1.9299999999998982,p2_m2,0,-0.20362830985185373,0.0,2.339907097255163e-07
1.9299999999998982,p2_m3,0,0.03621319682751807,0.0,2.339907097255163e-07
1.9299999999998982,p3_m0,0,-0.1642604013460602,0.0,2.339907097255163e-07
1.9299999999998982,p3_m1,0,0.027761204497480825,0.0,2.339907097255163e-07
1.9299999999998982,p3_m2,0,-0.039391966688528395,0.0,2.339907097255163e-07
1.9299999999998982,p3_m3,0,0.11239444521273866,0.0,2.339907097255163e-07
1.9399999999998971,p0_m0,0,-0.06353600576281962,0.0,2.337728846874482e-07
1.9399999999998971,p0_m1,0,0.14028850859984107,0.0,2.337728846874482e-07
1.9399999999998971,p0_m2,0,-0.13361334288944843,0.0,2.337728846874482e-07
1.9399999999998971,p0_m3,0,0.01777373841633442,0.0,2.337728846874482e-07
1.9399999999998971,p1_m0,0,0.03610658759467229,0.0,2.337728846874482e-07
1.9399999999998971,p1_m1,0,-0.1973863818782141,0.0,2.337728846874482e-07
1.9399999999998971,p1_m2,8,1.3340630460461795,0.015,2.337728846874482e-07
1.9399999999998971,p1_m3,0,-0.08388028482067326,0.0,2.337728846874482e-07
1.9399999999998971,p2_m0,0,-0.08507731797847902,0.0,2.337728846874482e-07
1.9399999999998971,p2_m1,0,0.2110926346358189,0.0,2.337728846874482e-07
1.9399999999998971,p2_m2,0,-0.20467787752526065,0.0,2.337728846874482e-07
1.9399999999998971,p2_m3,0,0.036175346922862374,0.0,2.337728846874482e-07
1.9399999999998971,p3_m0,0,-0.16528890449853223,0.0,2.337728846874482e-07
1.9399999999998971,p3_m1,0,0.028136103652478386,0.0,2.337728846874482e-07
1.9399999999998971,p3_m2,0,-0.03977337959729669,0.0,2.337728846874482e-07
1.9399999999998971,p3_m3,0,0.11319401944875827,0.0,2.337728846874482e-07
1.949999999999896,p0_m0,0,-0.06392322137131738,0.0,2.3535530196611875e-07
1.949999999999896,p0_m1,0,0.14111549758488018,0.0,2.3535530196611875e-07
1.949999999999896,p0_m2,0,-0.13443619454976882,0.0,2.3535530196611875e-07
1.949999999999896,p0_m3,0,0.01805870920305746,0.0,2.3535530196611875e-07
1.949999999999896,p1_m0,0,0.036835158258429326,0.0,2.3535530196611875e-07
1.949999999999896,p1_m1,0,-0.20088249662959554,0.0,2.3535530196611875e-07
1.949999999999896,p1_m2,8,1.3361590724196863,0.015,2.3535530196611875e-07
1.949999999999896,p1_m3,0,-0.08467299396299276,0.0,2.3535530196611875e-07
1.949999999999896,p2_m0,0,-0.08490270775801974,0.0,2.3535530196611875e-07
1.949999999999896,p2_m1,0,0.21120525303219476,0.0,2.3535530196611875e-07
1.949999999999896,p2_m2,0,-0.20481128090524148,0.0,2.3535530196611875e-07
1.949999999999896,p2_m3,0,0.035920825924716175,0.0,2.3535530196611875e-07
1.949999999999896,p3_m0,0,-0.16551275509317828,0.0,2.3535530196611875e-07
1.949999999999896,p3_m1,0,0.02823003821351829,0.0,2.3535530196611875e-07
1.949999999999896,p3_m2,0,-0.03987466760098871,0.0,2.3535530196611875e-07
1.949999999999896,p3_m3,0,0.11335844578250731,0.0,2.3535530196611875e-07
1.959999999999895,p0_m0,0,-0.06411077144651593,0.0,2.368238748658612e-07
1.959999999999895,p0_m1,0,0.14153403884337346,0.0,2.368238748658612e-07
1.959999999999895,p0_m2,0,-0.1348635421329437,0.0,2.368238748658612e-07
1.959999999999895,p0_m3,0,0.01821488104748363,0.0,2.368238748658612e-07
1.959999999999895,p1_m0,0,0.037300856018606166,0.0,2.368238748658612e-07
1.959999999999895,p1_m1,0,-0.2022774224483627,0.0,2.368238748658612e-07
1.959999999999895,p1_m2,8,1.3369948957373134,0.015,2.368238748658612e-07
1.959999999999895,p1_m3,0,-0.08514850622923174,0.0,2.368238748658612e-07
1.959999999999895,p2_m0,0,-0.08464217527043955,0.0,2.368238748658612e-07
1.959999999999895,p2_m1,0,0.2110401859408661,0.0,2.368238748658612e-07
1.959999999999895,p2_m2,0,-0.20466363267907778,0.0,2.368238748658612e-07
1.959999999999895,p2_m3,0,0.03563951057875024,0.0,2.368238748658612e-07
1.959999999999895,p3_m0,0,-0.16546971457898346,0.0,2.368238748658612e-07
1.959999999999895,p3_m1,0,0.028221789399924785,0.0,2.368238748658612e-07
1.959999999999895,p3_m2,0,-0.039876060753816174,0.0,2.368238748658612e-07
1.959999999999895,p3_m3,0,0.11330853255135885,0.0,2.368238748658612e-07
1.9699999999998938,p0_m0,0,-0.06420789091531837,0.0,2.379411275311542e-07
1.9699999999998938,p0_m1,0,0.1417638297188171,0.0,2.379411275311542e-07
1.9699999999998938,p0_m2,0,-0.1351037050407135,0.0,2.379411275311542e-07
1.9699999999998938,p0_m3,0,0.018304821706062447,0.0,2.379411275311542e-07
1.9699999999998938,p1_m0,0,0.037610740573522886,0.0,2.379411275311542e-07
1.9699999999998938,p1_m1,0,-0.20289445949907342,0.0,2.379411275311542e-07
1.9699999999998938,p1_m2,8,1.3373545964553335,0.015,2.379411275311542e-07
1.9699999999998938,p1_m3,0,-0.08545284339946908,0.0,2.379411275311542e-07
1.9699999999998938,p2_m0,0,-0.08440075149673218,0.0,2.379411275311542e-07
1.9699999999998938,p2_m1,0,0.21082611656580236,0.0,2.379411275311542e-07
1.9699999999998938,p2_m2,0,-0.20446264180295384,0.0,2.379411275311542e-07
1.9699999999998938,p2_m3,0,0.03539584812085594,0.0,2.379411275311542e-07
1.9699999999998938,p3_m0,0,-0.16535853685763896,0.0,2.379411275311542e-07
1.9699999999998938,p3_m1,0,0.028183553866523246,0.0,2.379411275311542e-07
1.9699999999998938,p3_m2,0,-0.03984781128736673,0.0,2.379411275311542e-07
1.9699999999998938,p3_m3,0,0.11320449932824936,0.0,2.379411275311542e-07
1.9799999999998927,p0_m0,0,-0.06426212226066744,0.0,2.387625818655398e-07
1.9799999999998927,p0_m1,0,0.14190004137675413,0.0,2.387625818655398e-07
1.9799999999998927,p0_m2,0,-0.13524873378519836,0.0,2.387625818655398e-07
1.9799999999998927,p0_m3,0,0.018359501934372666,0.0,2.387625818655398e-07
1.9799999999998927,p1_m0,0,0.0378225378583878,0.0,2.387625818655398e-07
1.9799999999998927,p1_m1,0,-0.2032037230796128,0.0,2.387625818655398e-07
1.9799999999998927,p1_m2,8,1.3375251801962043,0.015,2.387625818655398e-07
1.9799999999998927,p1_m3,0,-0.08565632367334128,0.0,2.387625818655398e-07
1.9799999999998927,p2_m0,0,-0.0842057979761295,0.0,2.387625818655398e-07
1.9799999999998927,p2_m1,0,0.2106357185431662,0.0,2.387625818655398e-07
1.9799999999998927,p2_m2,0,-0.2042816962022439,0.0,2.387625818655398e-07
1.9799999999998927,p2_m3,0,0.035203760128291066,0.0,2.387625818655398e-07
1.9799999999998927,p3_m0,0,-0.16524732024968553,0.0,2.387625818655398e-07
1.9799999999998927,p3_m1,0,0.028142267487532766,0.0,2.387625818655398e-07
1.9799999999998927,p3_m2,0,-0.03981561167148085,0.0,2.387625818655398e-07
1.9799999999998927,p3_m3,0,0.11310245189491301,0.0,2.387625818655398e-07
1.9899999999998916,p0_m0,0,-0.06429467868608703,0.0,2.393632041550296e-07
1.9899999999998916,p0_m1,0,0.14198590645512021,0.0,2.393632041550296e-07
1.9899999999998916,p0_m2,0,-0.13534137524497505,0.0,2.393632041550296e-07
1.9899999999998916,p0_m3,0,0.018394433868799055,0.0,2.393632041550296e-07
1.9899999999998916,p1_m0,0,0.03796970386947547,0.0,2.393632041550296e-07
1.9899999999998916,p1_m1,0,-0.20337843083384108,0.0,2.393632041550296e-07
1.9899999999998916,p1_m2,8,1.3376148291108523,0.015,2.393632041550296e-07
1.9899999999998916,p1_m3,0,-0.08579603936017201,0.0,2.393632041550296e-07
1.9899999999998916,p2_m0,0,-0.08405732223191625,0.0,2.393632041550296e-07
1.9899999999998916,p2_m1,0,0.2104852313118003,0.0,2.393632041550296e-07
1.9899999999998916,p2_m2,0,-0.20413794847225208,0.0,2.393632041550296e-07
1.9899999999998916,p2_m3,0,0.035059022254265756,0.0,2.393632041550296e-07
1.9899999999998916,p3_m0,0,-0.16515532694004012,0.0,2.393632041550296e-07
1.9899999999998916,p3_m1,0,0.028106525028652744,0.0,2.393632041550296e-07
1.9899999999998916,p3_m2,0,-0.03978765634970334,0.0,2.393632041550296e-07
1.9899999999998916,p3_m3,0,0.11301839623864375,0.0,2.393632041550296e-07
1.9999999999998905,p0_m0,0,-0.0643154282595522,0.0,2.3980166560832373e-07
1.9999999999998905,p0_m1,0,0.14204241612157156,0.0,2.3980166560832373e-07
1.9999999999998905,p0_m2,0,-0.135402882252796,0.0,2.3980166560832373e-07
1.9999999999998905,p0_m3,0,0.01841765285857466,0.0,2.3980166560832373e-07
1.9999999999998905,p1_m0,0,0.03807297215492738,0.0,2.3980166560832373e-07
1.9999999999998905,p1_m1,0,-0.20348652817589244,0.0,2.3980166560832373e-07
1.9999999999998905,p1_m2,8,1.337666269143993,0.015,2.3980166560832373e-07
1.9999999999998905,p1_m3,0,-0.08589345174318698,0.0,2.3980166560832373e-07
1.9999999999998905,p2_m0,0,-0.08394734628310621,0.0,2.3980166560832373e-07
1.9999999999998905,p2_m1,0,0.21037221414679635,0.0,2.3980166560832373e-07
1.9999999999998905,p2_m2,0,-0.20402971569853126,0.0,2.3980166560832373e-07
1.9999999999998905,p2_m3,0,0.034952473175536646,0.0,2.3980166560832373e-07
1.9999999999998905,p3_m0,0,-0.16508465005647194,0.0,2.3980166560832373e-07
1.9999999999998905,p3_m1,0,0.028077951815627028,0.0,2.3980166560832373e-07
1.9999999999998905,p3_m2,0,-0.03976561711278964,0.0,2.3980166560832373e-07
1.9999999999998905,p3_m3,0,0.11295389572286685,0.0,2.3980166560832373e-07
2.0099999999998897,p0_m0,0,-0.06432924221886688,0.0,2.40121734200964e-07
2.0099999999998897,p0_m1,0,0.14208061637935213,0.0,2.40121734200964e-07
2.0099999999998897,p0_m2,0,-0.13544470051649538,0.0,2.40121734200964e-07
2.0099999999998897,p0_m3,0,0.018433537208782946,0.0,2.40121734200964e-07
2.0099999999998897,p1_m0,0,0.038145876120948614,0.0,2.40121734200964e-07
2.0099999999998897,p1_m1,0,-0.2035573440327175,0.0,2.40121734200964e-07
2.0099999999998897,p1_m2,8,1.3376975993785594,0.015,2.40121734200964e-07
2.0099999999998897,p1_m3,0,-0.08596196702724805,0.0,2.40121734200964e-07
2.0099999999998897,p2_m0,0,-0.08386692504887604,0.0,2.40121734200964e-07
2.0099999999998897,p2_m1,0,0.21028940090805687,0.0,2.40121734200964e-07
2.0099999999998897,p2_m2,0,-0.2039502958993832,0.0,2.40121734200964e-07
2.0099999999998897,p2_m3,0,0.034874947348150866,0.0,2.40121734200964e-07
2.0099999999998897,p3_m0,0,-0.16503216186488118,0.0,2.40121734200964e-07
2.0099999999998897,p3_m1,0,0.02805582144255444,0.0,2.40121734200964e-07
2.0099999999998897,p3_m2,0,-0.03974897762421066,0.0,2.40121734200964e-07
2.0099999999998897,p3_m3,0,0.1129060438999,0.0,2.40121734200964e-07
2.0199999999998886,p0_m0,0,-0.0643387071852431,0.0,2.4035597596037895e-07
2.0199999999998886,p0_m1,0,0.14210681960213864,0.0,2.4035597596037895e-07
2.0199999999998886,p0_m2,0,-0.13547350207546974,0.0,2.4035597596037895e-07
2.0199999999998886,p0_m3,0,0.018444618781457728,0.0,2.4035597596037895e-07
2.0199999999998886,p1_m0,0,0.0381975626570486,0.0,2.4035597596037895e-07
2.0199999999998886,p1_m1,0,-0.20360518393234892,0.0,2.4035597596037895e-07
2.0199999999998886,p1_m2,8,1.3377172415611254,0.015,2.4035597596037895e-07
2.0199999999998886,p1_m3,0,-0.08601041960306258,0.0,2.4035597596037895e-07
2.0199999999998886,p2_m0,0,-0.08380836218068209,0.0,2.4035597596037895e-07
2.0199999999998886,p2_m1,0,0.2102294376101032,0.0,2.4035597596037895e-07
2.0199999999998886,p2_m2,0,-0.20389274027398024,0.0,2.4035597596037895e-07
2.0199999999998886,p2_m3,0,0.034818800732931546,0.0,2.4035597596037895e-07
2.0199999999998886,p3_m0,0,-0.16499380253146295,0.0,2.4035597596037895e-07
2.0199999999998886,p3_m1,0,0.028038834154388813,0.0,2.4035597596037895e-07
2.0199999999998886,p3_m2,0,-0.03973667291236882,0.0,2.4035597596037895e-07
2.0199999999998886,p3_m3,0,0.11287113569131747,0.0,2.4035597596037895e-07
2.0299999999998875,p0_m0,0,-0.06434530643669169,0.0,2.4052843030318853e-07
2.0299999999998875,p0_m1,0,0.14212490145073206,0.0,2.4052843030318853e-07
2.0299999999998875,p0_m2,0,-0.13549344493201712,0.0,2.4052843030318853e-07
2.0299999999998875,p0_m3,0,0.018452450069568523,0.0,2.4052843030318853e-07
2.0299999999998875,p1_m0,0,0.038234345096274,0.0,2.4052843030318853e-07
2.0299999999998875,p1_m1,0,-0.20363794874984764,0.0,2.4052843030318853e-07
2.0299999999998875,p1_m2,8,1.3377295566309877,0.015,2.4052843030318853e-07
2.0299999999998875,p1_m3,0,-0.08604482484668932,0.0,2.4052843030318853e-07
2.0299999999998875,p2_m0,0,-0.08376564541691195,0.0,2.4052843030318853e-07
2.0299999999998875,p2_m1,0,0.21018623291128752,0.0,2.4052843030318853e-07
2.0299999999998875,p2_m2,0,-0.20385124512550415,0.0,2.4052843030318853e-07
2.0299999999998875,p2_m3,0,0.034778127697290294,0.0,2.4052843030318853e-07
2.0299999999998875,p3_m0,0,-0.16496595597486238,0.0,2.4052843030318853e-07
2.0299999999998875,p3_m1,0,0.02802574100452955,0.0,2.4052843030318853e-07
2.0299999999998875,p3_m2,0,-0.03972765989197923,0.0,2.4052843030318853e-07
2.0299999999998875,p3_m3,0,0.11284587112948305,0.0,2.4052843030318853e-07
2.0399999999998863,p0_m0,0,-0.06434995182302525,0.0,2.406566406308839e-07
2.0399999999998863,p0_m1,0,0.14213737380097424,0.0,2.406566406308839e-07
2.0399999999998863,p0_m2,0,-0.1355072509466847,0.0,2.406566406308839e-07
2.0399999999998863,p0_m3,0,0.018458031777178485,0.0,2.406566406308839e-07
2.0399999999998863,p1_m0,0,0.03826063194081892,0.0,2.406566406308839e-07
2.0399999999998863,p1_m1,0,-0.2036604615833746,0.0,2.406566406308839e-07
2.0399999999998863,p1_m2,8,1.3377370420956125,0.015,2.406566406308839e-07
2.0399999999998863,p1_m3,0,-0.08606935397554481,0.0,2.406566406308839e-07
2.0399999999998863,p2_m0,0,-0.08373428681188061,0.0,2.406566406308839e-07
2.0399999999998863,p2_m1,0,0.2101551193515524,0.0,2.406566406308839e-07
2.0399999999998863,p2_m2,0,-0.20382134659161824,0.0,2.406566406308839e-07
2.0399999999998863,p2_m3,0,0.03474853870421433,0.0,2.406566406308839e-07
2.0399999999998863,p3_m0,0,-0.16494576220769863,0.0,2.406566406308839e-07
2.0399999999998863,p3_m1,0,0.028015519053981072,0.0,2.406566406308839e-07
2.0399999999998863,p3_m2,0,-0.039721079018286885,0.0,2.406566406308839e-07
2.0399999999998863,p3_m3,0,0.11282763498113048,0.0,2.406566406308839e-07
2.0499999999998852,p0_m0,0,-0.06435323554916234,0.0,2.407532821475043e-07
2.0499999999998852,p0_m1,0,0.14214592523806122,0.0,2.407532821475043e-07
2.0499999999998852,p0_m2,0,-0.13551676104518612,0.0,2.407532821475043e-07
2.0499999999998852,p0_m3,0,0.01846203382119708,0.0,2.407532821475043e-07
2.0499999999998852,p1_m0,0,0.03827951995629827,0.0,2.407532821475043e-07
2.0499999999998852,p1_m1,0,-0.20367586892293424,0.0,2.407532821475043e-07
2.0499999999998852,p1_m2,8,1.3377412461278668,0.015,2.407532821475043e-07
2.0499999999998852,p1_m3,0,-0.0860869267979207,0.0,2.407532821475043e-07
2.0499999999998852,p2_m0,0,-0.08371101557882206,0.0,2.407532821475043e-07
2.0499999999998852,p2_m1,0,0.21013265054254918,0.0,2.407532821475043e-07
2.0499999999998852,p2_m2,0,-0.20379974237626064,0.0,2.407532821475043e-07
2.0499999999998852,p2_m3,0,0.0347268400329359,0.0,2.407532821475043e-07
2.0499999999998852,p3_m0,0,-0.16493107424277945,0.0,2.407532821475043e-07
2.0499999999998852,p3_m1,0,0.028007384422418048,0.0,2.407532821475043e-07
2.0499999999998852,p3_m2,0,-0.0397162697338273,0.0,2.407532821475043e-07
2.0499999999998852,p3_m3,0,0.11281446013846573,0.0,2.407532821475043e-07
2.059999999999884,p0_m0,0,-0.06435555748454962,0.0,2.4082744842971096e-07
2.059999999999884,p0_m1,0,0.1421517171691479,0.0,2.4082744842971096e-07
2.059999999999884,p0_m2,0,-0.1355232457998877,0.0,2.4082744842971096e-07
2.059999999999884,p0_m3,0,0.018464916620964205,0.0,2.4082744842971096e-07
2.059999999999884,p1_m0,0,0.03829319053141089,0.0,2.4082744842971096e-07
2.059999999999884,p1_m1,0,-0.20368630400744897,0.0,2.4082744842971096e-07
2.059999999999884,p1_m2,8,1.3377431814942566,0.015,2.4082744842971096e-07
2.059999999999884,p1_m3,0,-0.08609959643360823,0.0,2.4082744842971096e-07
2.059999999999884,p2_m0,0,-0.08369347982223034,0.0,2.4082744842971096e-07
2.059999999999884,p2_m1,0,0.21011633046614728,0.0,2.4082744842971096e-07
2.059999999999884,p2_m2,0,-0.20378403849992055,0.0,2.4082744842971096e-07
2.059999999999884,p2_m3,0,0.034710736654046205,0.0,2.4082744842971096e-07
2.059999999999884,p3_m0,0,-0.16492032175146332,0.0,2.4082744842971096e-07
2.059999999999884,p3_m1,0,0.028000755583730604,0.0,2.4082744842971096e-07
2.059999999999884,p3_m2,0,-0.03971274103084986,0.0,2.4082744842971096e-07
2.059999999999884,p3_m3,0,0.11280490561487402,0.0,2.4082744842971096e-07
2.069999999999883,p0_m0,0,-0.06435719461138781,0.0,2.4088563458971283e-07
2.069999999999883,p0_m1,0,0.14215555938917998,0.0,2.4088563458971283e-07
2.069999999999883,p0_m2,0,-0.13552759272698012,0.0,2.4088563458971283e-07
2.069999999999883,p0_m3,0,0.0184670020916375,0.0,2.4088563458971283e-07
2.069999999999883,p1_m0,0,0.038303181969034594,0.0,2.4088563458971283e-07
2.069999999999883,p1_m1,0,-0.20369324309266432,0.0,2.4088563458971283e-07
2.069999999999883,p1_m2,8,1.3377435330491902,0.015,2.4088563458971283e-07
2.069999999999883,p1_m3,0,-0.08610880943468117,0.0,2.4088563458971283e-07
2.069999999999883,p2_m0,0,-0.08368000161409275,0.0,2.4088563458971283e-07
2.069999999999883,p2_m1,0,0.21010437055284725,0.0,2.4088563458971283e-07
2.069999999999883,p2_m2,0,-0.2037725186933761,0.0,2.4088563458971283e-07
2.069999999999883,p2_m3,0,0.03469859156816523,0.0,2.4088563458971283e-07
2.069999999999883,p3_m0,0,-0.16491237195982805,0.0,2.4088563458971283e-07
2.069999999999883,p3_m1,0,0.027995208371708828,0.0,2.4088563458971283e-07
2.069999999999883,p3_m2,0,-0.03971013411397785,0.0,2.4088563458971283e-07
2.069999999999883,p3_m3,0,0.11279793075334306,0.0,2.4088563458971283e-07
2.079999999999882,p0_m0,0,-0.06435834186792784,0.0,2.409324675358438e-07
2.079999999999882,p0_m1,0,0.1421580210172645,0.0,2.409324675358438e-07
2.079999999999882,p0_m2,0,-0.1355304260832656,0.0,2.409324675358438e-07
2.079999999999882,p0_m3,0,0.0184685177423974,0.0,2.409324675358438e-07
2.079999999999882,p1_m0,0,0.03831057939318398,0.0,2.409324675358438e-07
2.079999999999882,p1_m1,0,-0.20369771848633014,0.0,2.409324675358438e-07
2.079999999999882,p1_m2,8,1.3377427729177984,0.015,2.409324675358438e-07
2.079999999999882,p1_m3,0,-0.08611558572065908,0.0,2.409324675358438e-07
2.079999999999882,p2_m0,0,-0.08366938949571612,0.0,2.409324675358438e-07
2.079999999999882,p2_m1,0,0.21009549692441176,0.0,2.409324675358438e-07
2.079999999999882,p2_m2,0,-0.20376396032774846,0.0,2.409324675358438e-07
2.079999999999882,p2_m3,0,0.034689242452479126,0.0,2.409324675358438e-07
2.079999999999882,p3_m0,0,-0.16490641393596495,0.0,2.409324675358438e-07
2.079999999999882,p3_m1,0,0.0279904362188295,0.0,2.409324675358438e-07
2.079999999999882,p3_m2,0,-0.039708189168546626,0.0,2.409324675358438e-07
2.079999999999882,p3_m3,0,0.11279278994776257,0.0,2.409324675358438e-07
2.089999999999881,p0_m0,0,-0.06435913777497554,0.0,2.409712382420249e-07
2.089999999999881,p0_m1,0,0.14215950383771905,0.0,2.409712382420249e-07
2.089999999999881,p0_m2,0,-0.13553218668976602,0.0,2.409712382420249e-07
2.089999999999881,p0_m3,0,0.018469625417112844,0.0,2.409712382420249e-07
2.089999999999881,p1_m0,0,0.038316148201899346,0.0,2.409712382420249e-07
2.089999999999881,p1_m1,0,-0.20370045577699608,0.0,2.409712382420249e-07
2.089999999999881,p1_m2,8,1.337741230136983,0.015,2.409712382420249e-07
2.089999999999881,p1_m3,0,-0.08612064450354988,0.0,2.409712382420249e-07
2.089999999999881,p2_m0,0,-0.08366079988850934,0.0,2.409712382420249e-07
2.089999999999881,p2_m1,0,0.21008880549496228,0.0,2.409712382420249e-07
2.089999999999881,p2_m2,0,-0.20375749565313406,0.0,2.409712382420249e-07
2.089999999999881,p2_m3,0,0.03468186636674595,0.0,2.409712382420249e-07
2.089999999999881,p3_m0,0,-0.16490186964105227,0.0,2.409712382420249e-07
2.089999999999881,p3_m1,0,0.027986218668958816,0.0,2.409712382420249e-07
2.089999999999881,p3_m2,0,-0.03970671897794212,0.0,2.409712382420249e-07
2.089999999999881,p3_m3,0,0.11278895139682506,0.0,2.409712382420249e-07
2.0999999999998797,p0_m0,0,-0.06435968132283844,0.0,2.410042853826917e-07
2.0999999999998797,p0_m1,0,0.14216029222554313,0.0,2.410042853826917e-07
2.0999999999998797,p0_m2,0,-0.13553318652598542,0.0,2.410042853826917e-07
2.0999999999998797,p0_m3,0,0.018470440696828423,0.0,2.410042853826917e-07
2.0999999999998797,p1_m0,0,0.03832042816400448,0.0,2.410042853826917e-07
2.0999999999998797,p1_m1,0,-0.20370196623457118,0.0,2.410042853826917e-07
2.0999999999998797,p1_m2,8,1.3377391354226895,0.015,2.410042853826917e-07
2.0999999999998797,p1_m3,0,-0.08612449289412392,0.0,2.410042853826917e-07
2.0999999999998797,p2_m0,0,-0.08365363660235839,0.0,2.410042853826917e-07
2.0999999999998797,p2_m1,0,0.21008365597964038,0.0,2.410042853826917e-07
2.0999999999998797,p2_m2,0,-0.20375251014989587,0.0,2.410042853826917e-07
2.0999999999998797,p2_m3,0,0.034675881706806494,0.0,2.410042853826917e-07
2.0999999999998797,p3_m0,0,-0.164898328060858,0.0,2.410042853826917e-07
2.0999999999998797,p3_m1,0,0.027982397637866162,0.0,2.410042853826917e-07
2.0999999999998797,p3_m2,0,-0.03970558900306582,0.0,2.410042853826917e-07
2.0999999999998797,p3_m3,0,0.11278603678430846,0.0,2.410042853826917e-07
2.1099999999998786,p0_m0,0,-0.06436004348399438,0.0,2.4103326999154633e-07
2.1099999999998786,p0_m1,0,0.14216058774581677,0.0,2.4103326999154633e-07
2.1099999999998786,p0_m2,0,-0.1355336466620509,0.0,2.4103326999154633e-07
2.1099999999998786,p0_m3,0,0.018471046310337462,0.0,2.4103326999154633e-07
2.1099999999998786,p1_m0,0,0.038323799844494924,0.0,2.4103326999154633e-07
2.1099999999998786,p1_m1,0,-0.20370261053689076,0.0,2.4103326999154633e-07
2.1099999999998786,p1_m2,8,1.3377366511030897,0.015,2.4103326999154633e-07
2.1099999999998786,p1_m3,0,-0.0861274883878988,0.0,2.4103326999154633e-07
2.1099999999998786,p2_m0,0,-0.0836474787707051,0.0,2.4103326999154633e-07
2.1099999999998786,p2_m1,0,0.21007959550153646,0.0,2.4103326999154633e-07
2.1099999999998786,p2_m2,0,-0.20374856921162657,0.0,2.4103326999154633e-07
2.1099999999998786,p2_m3,0,0.03467087790365065,0.0,2.4103326999154633e-07
2.1099999999998786,p3_m0,0,-0.16489549736414202,0.0,2.4103326999154633e-07
2.1099999999998786,p3_m1,0,0.02797885994945427,0.0,2.4103326999154633e-07
2.1099999999998786,p3_m2,0,-0.03970470270767687,0.0,2.4103326999154633e-07
2.1099999999998786,p3_m3,0,0.11278377739204755,0.0,2.4103326999154633e-07
2.1199999999998775,p0_m0,0,-0.06436027523621232,0.0,2.4105937142725894e-07
2.1199999999998775,p0_m1,0,0.14216053338240175,0.0,2.4105937142725894e-07
2.1199999999998775,p0_m2,0,-0.1355337238577547,0.0,2.4105937142725894e-07
2.1199999999998775,p0_m3,0,0.018471501547553518,0.0,2.4105937142725894e-07
2.1199999999998775,p1_m0,0,0.03832653150669582,0.0,2.4105937142725894e-07
2.1199999999998775,p1_m1,0,-0.20370264326355547,0.0,2.4105937142725894e-07
2.1199999999998775,p1_m2,8,1.337733891610936,0.015,2.4105937142725894e-07
2.1199999999998775,p1_m3,0,-0.08612988296076539,0.0,2.4105937142725894e-07
2.1199999999998775,p2_m0,0,-0.08364202951200973,0.0,2.4105937142725894e-07
2.1199999999998775,p2_m1,0,0.21007630399071667,0.0,2.4105937142725894e-07
2.1199999999998775,p2_m2,0,-0.2037453657243793,0.0,2.4105937142725894e-07
2.1199999999998775,p2_m3,0,0.034666565341971316,0.0,2.4105937142725894e-07
2.1199999999998775,p3_m0,0,-0.16489317051884073,0.0,2.4105937142725894e-07
2.1199999999998775,p3_m1,0,0.027975524655069035,0.0,2.4105937142725894e-07
2.1199999999998775,p3_m2,0,-0.03970399088547149,0.0,2.4105937142725894e-07
2.1199999999998775,p3_m3,0,0.11278198252263229,0.0,2.4105937142725894e-07
2.1299999999998764,p0_m0,0,-0.06436041323116469,0.0,2.410834268779207e-07
2.1299999999998764,p0_m1,0,0.1421602306095122,0.0,2.410834268779207e-07
2.1299999999998764,p0_m2,0,-0.13553352931396143,0.0,2.410834268779207e-07
2.1299999999998764,p0_m3,0,0.018471848928823267,0.0,2.410834268779207e-07
2.1299999999998764,p1_m0,0,0.038328812219368846,0.0,2.410834268779207e-07
2.1299999999998764,p1_m1,0,-0.2037022441485291,0.0,2.410834268779207e-07
2.1299999999998764,p1_m2,8,1.337730937704533,0.015,2.410834268779207e-07
2.1299999999998764,p1_m3,0,-0.08613185418656681,0.0,2.410834268779207e-07
2.1299999999998764,p2_m0,0,-0.08363707950472898,0.0,2.410834268779207e-07
2.1299999999998764,p2_m1,0,0.2100735553492064,0.0,2.410834268779207e-07
2.1299999999998764,p2_m2,0,-0.20374268277748286,0.0,2.410834268779207e-07
2.1299999999998764,p2_m3,0,0.034662739826178485,0.0,2.410834268779207e-07
2.1299999999998764,p3_m0,0,-0.1648912007261871,0.0,2.410834268779207e-07
2.1299999999998764,p3_m1,0,0.02797233388998668,0.0,2.410834268779207e-07
2.1299999999998764,p3_m2,0,-0.039703403950175485,0.0,2.410834268779207e-07
2.1299999999998764,p3_m3,0,0.11278051691987266,0.0,2.410834268779207e-07
2.1399999999998753,p0_m0,0,-0.06436048383223629,0.0,2.4110603055865276e-07
2.1399999999998753,p0_m1,0,0.14215975145966836,0.0,2.4110603055865276e-07
2.1399999999998753,p0_m2,0,-0.13553314192914362,0.0,2.4110603055865276e-07
2.1399999999998753,p0_m3,0,0.01847211895758724,0.0,2.4110603055865276e-07
2.1399999999998753,p1_m0,0,0.038330775218877434,0.0,2.4110603055865276e-07
2.1399999999998753,p1_m1,0,-0.20370154009692346,0.0,2.4110603055865276e-07
2.1399999999998753,p1_m2,8,1.3377278464143332,0.015,2.4110603055865276e-07
2.1399999999998753,p1_m3,0,-0.08613352719047351,0.0,2.4110603055865276e-07
2.1399999999998753,p2_m0,0,-0.0836324812092135,0.0,2.4110603055865276e-07
2.1399999999998753,p2_m1,0,0.21007118991013585,0.0,2.4110603055865276e-07
2.1399999999998753,p2_m2,0,-0.20374036721887834,0.0,2.4110603055865276e-07
2.1399999999998753,p2_m3,0,0.034659257432205784,0.0,2.4110603055865276e-07
2.1399999999998753,p3_m0,0,-0.16488948392882036,0.0,2.4110603055865276e-07
2.1399999999998753,p3_m1,0,0.027969246305720022,0.0,2.4110603055865276e-07
2.1399999999998753,p3_m2,0,-0.039702906386472794,0.0,2.4110603055865276e-07
2.1399999999998753,p3_m3,0,0.1127792846822977,0.0,2.4110603055865276e-07
2.1499999999998742,p0_m0,0,-0.06436050600529865,0.0,2.4112760418855846e-07
2.1499999999998742,p0_m1,0,0.14215914707280966,0.0,2.4112760418855846e-07
2.1499999999998742,p0_m2,0,-0.13553261768956043,0.0,2.4112760418855846e-07
2.1499999999998742,p0_m3,0,0.018472333518450786,0.0,2.4112760418855846e-07
2.1499999999998742,p1_m0,0,0.038332514387314325,0.0,2.4112760418855846e-07
2.1499999999998742,p1_m1,0,-0.203700620716159,0.0,2.4112760418855846e-07
2.1499999999998742,p1_m2,8,1.337724658029963,0.015,2.4112760418855846e-07
2.1499999999998742,p1_m3,0,-0.08613499013209355,0.0,2.4112760418855846e-07
2.1499999999998742,p2_m0,0,-0.08362813065388551,0.0,2.4112760418855846e-07
2.1499999999998742,p2_m1,0,0.21006909494113432,0.0,2.4112760418855846e-07
2.1499999999998742,p2_m2,0,-0.20373831093587008,0.0,2.4112760418855846e-07
2.1499999999998742,p2_m3,0,0.03465601673856301,0.0,2.4112760418855846e-07
2.1499999999998742,p3_m0,0,-0.16488794638046322,0.0,2.4112760418855846e-07
2.1499999999998742,p3_m1,0,0.02796623236411297,0.0,2.4112760418855846e-07
2.1499999999998742,p3_m2,0,-0.03970247276421862,0.0,2.4112760418855846e-07
2.1499999999998742,p3_m3,0,0.1127782178263839,0.0,2.4112760418855846e-07
2.159999999999873,p0_m0,0,-0.0643604933935973,0.0,2.411484470533729e-07
2.159999999999873,p0_m1,0,0.14215845375856365,0.0,2.411484470533729e-07
2.159999999999873,p0_m2,0,-0.135531996324888,0.0,2.411484470533729e-07
2.159999999999873,p0_m3,0,0.01847250831193773,0.0,2.411484470533729e-07
2.159999999999873,p1_m0,0,0.03833409587220647,0.0,2.411484470533729e-07
2.159999999999873,p1_m1,0,-0.20369954927832726,0.0,2.411484470533729e-07
2.159999999999873,p1_m2,8,1.3377214010211609,0.015,2.411484470533729e-07
2.159999999999873,p1_m3,0,-0.08613630512191425,0.0,2.411484470533729e-07
2.159999999999873,p2_m0,0,-0.08362395457958782,0.0,2.411484470533729e-07
2.159999999999873,p2_m1,0,0.2100671908575695,0.0,2.411484470533729e-07
2.159999999999873,p2_m2,0,-0.2037364376196527,0.0,2.411484470533729e-07
2.159999999999873,p2_m3,0,0.0346529462845903,0.0,2.411484470533729e-07
2.159999999999873,p3_m0,0,-0.1648865358228577,0.0,2.411484470533729e-07
2.159999999999873,p3_m1,0,0.027963270967801438,0.0,2.411484470533729e-07
2.159999999999873,p3_m2,0,-0.0397020848787717,0.0,2.411484470533729e-07
2.159999999999873,p3_m3,0,0.1127772681655017,0.0,2.411484470533729e-07
2.169999999999872,p0_m0,0,-0.06436045581026399,0.0,2.4116877153395673e-07
2.169999999999872,p0_m1,0,0.14215769729758462,0.0,2.4116877153395673e-07
2.169999999999872,p0_m2,0,-0.1355313060291577,0.0,2.4116877153395673e-07
2.169999999999872,p0_m3,0,0.01847265460057228,0.0,2.4116877153395673e-07
2.169999999999872,p1_m0,0,0.038335566277501495,0.0,2.4116877153395673e-07
2.169999999999872,p1_m1,0,-0.2036983704602086,0.0,2.4116877153395673e-07
2.169999999999872,p1_m2,8,1.3377180955081855,0.015,2.4116877153395673e-07
2.169999999999872,p1_m3,0,-0.08613751591615668,0.0,2.4116877153395673e-07
2.169999999999872,p2_m0,0,-0.08361990137188927,0.0,2.4116877153395673e-07
2.169999999999872,p2_m1,0,0.210065421480132,0.0,2.4116877153395673e-07
2.169999999999872,p2_m2,0,-0.20373469341380096,0.0,2.4116877153395673e-07
2.169999999999872,p2_m3,0,0.03464999572428905,0.0,2.4116877153395673e-07
2.169999999999872,p3_m0,0,-0.16488521522752678,0.0,2.4116877153395673e-07
2.169999999999872,p3_m1,0,0.027960347050937175,0.0,2.4116877153395673e-07
2.169999999999872,p3_m2,0,-0.039701729700659445,0.0,2.4116877153395673e-07
2.169999999999872,p3_m3,0,0.1127764015478787,0.0,2.4116877153395673e-07
2.179999999999871,p0_m0,0,-0.06436040031184456,0.0,2.4118872833895024e-07
2.179999999999871,p0_m1,0,0.14215689599464149,0.0,2.4118872833895024e-07
2.179999999999871,p0_m2,0,-0.1355305668106035,0.0,2.4118872833895024e-07
2.179999999999871,p0_m3,0,0.018472780462236542,0.0,2.4118872833895024e-07
2.179999999999871,p1_m0,0,0.038336958436786736,0.0,2.4118872833895024e-07
2.179999999999871,p1_m1,0,-0.20369711580808375,0.0,2.4118872833895024e-07
2.179999999999871,p1_m2,8,1.3377147557120501,0.015,2.4118872833895024e-07
2.179999999999871,p1_m3,0,-0.08613865333965046,0.0,2.4118872833895024e-07
2.179999999999871,p2_m0,0,-0.0836159346681217,0.0,2.4118872833895024e-07
2.179999999999871,p2_m1,0,0.21006374715335893,0.0,2.4118872833895024e-07
2.179999999999871,p2_m2,0,-0.2037330403100221,0.0,2.4118872833895024e-07
2.179999999999871,p2_m3,0,0.034647129589574985,0.0,2.4118872833895024e-07
2.179999999999871,p3_m0,0,-0.16488395835867764,0.0,2.4118872833895024e-07
2.179999999999871,p3_m1,0,0.027957449856470352,0.0,2.4118872833895024e-07
2.179999999999871,p3_m2,0,-0.039701397906162075,0.0,2.4118872833895024e-07
2.179999999999871,p3_m3,0,0.11277559377040847,0.0,2.4118872833895024e-07
2.18999999999987,p0_m0,0,-0.06436033197146922,0.0,2.41208424413782e-07
2.18999999999987,p0_m1,0,0.14215606284664653,0.0,2.41208424413782e-07
2.18999999999987,p0_m2,0,-0.13552979286775227,0.0,2.41208424413782e-07
2.18999999999987,p0_m3,0,0.018472891689468415,0.0,2.41208424413782e-07
2.18999999999987,p1_m0,0,0.03833829548163076,0.0,2.41208424413782e-07
2.18999999999987,p1_m1,0,-0.2036958075970978,0.0,2.41208424413782e-07
2.18999999999987,p1_m2,8,1.3377113916846197,0.015,2.41208424413782e-07
2.18999999999987,p1_m3,0,-0.08613973910704799,0.0,2.41208424413782e-07
2.18999999999987,p2_m0,0,-0.08361202885150437,0.0,2.41208424413782e-07
2.18999999999987,p2_m1,0,0.21006213988631212,0.0,2.41208424413782e-07
2.18999999999987,p2_m2,0,-0.20373145148540012,0.0,2.41208424413782e-07
2.18999999999987,p2_m3,0,0.0346443228945957,0.0,2.41208424413782e-07
2.18999999999987,p3_m0,0,-0.16488274662812533,0.0,2.41208424413782e-07
2.18999999999987,p3_m1,0,0.027954571704804018,0.0,2.41208424413782e-07
2.18999999999987,p3_m2,0,-0.03970108282461311,0.0,2.41208424413782e-07
2.18999999999987,p3_m3,0,0.11277482768096672,0.0,2.41208424413782e-07
2.1999999999998687,p0_m0,0,0.06226086576355964,0.0,7.70843440011842e-07
2.1999999999998687,p0_m1,0,0.02172885173195878,0.0,7.70843440011842e-07
2.1999999999998687,p0_m2,0,-0.023168616340386958,0.0,7.70843440011842e-07
2.1999999999998687,p0_m3,0,-0.048371190560053096,0.0,7.70843440011842e-07
2.1999999999998687,p1_m0,0,-0.04577069480845626,0.0,7.70843440011842e-07
2.1999999999998687,p1_m1,0,-0.08481004941105842,0.0,7.70843440011842e-07
2.1999999999998687,p1_m2,0,0.10163007971033573,0.0,7.70843440011842e-07
2.1999999999998687,p1_m3,8,1.685484284432173,0.015,7.70843440011842e-07
2.1999999999998687,p2_m0,0,-0.06487778053489462,0.0,7.70843440011842e-07
2.1999999999998687,p2_m1,0,0.05237650738639131,0.0,7.70843440011842e-07
2.1999999999998687,p2_m2,0,-0.037681443499750916,0.0,7.70843440011842e-07
2.1999999999998687,p2_m3,0,0.06978649422919954,0.0,7.70843440011842e-07
2.1999999999998687,p3_m0,0,-0.020825633993290193,0.0,7.70843440011842e-07
2.1999999999998687,p3_m1,0,0.08362890069618588,0.0,7.70843440011842e-07
2.1999999999998687,p3_m2,0,-0.09107381480060407,0.0,7.70843440011842e-07
2.1999999999998687,p3_m3,0,0.032625657508005154,0.0,7.70843440011842e-07
2.2099999999998676,p0_m0,0,0.0777200587068085,0.0,1.2873092831894157e-06
2.2099999999998676,p0_m1,0,-0.008260843349699839,0.0,1.2873092831894157e-06
2.2099999999998676,p0_m2,0,0.009265516967106015,0.0,1.2873092831894157e-06
2.2099999999998676,p0_m3,0,-0.05194578838296402,0.0,1.2873092831894157e-06
2.2099999999998676,p1_m0,0,-0.06116540640316013,0.0,1.2873092831894157e-06
2.2099999999998676,p1_m1,0,-0.031038692871559064,0.0,1.2873092831894157e-06
2.2099999999998676,p1_m2,0,0.1825386532778826,0.0,1.2873092831894157e-06
2.2099999999998676,p1_m3,8,13.507633356075473,0.015,1.2873092831894157e-06
2.2099999999998676,p2_m0,0,-0.05715092083591516,0.0,1.2873092831894157e-06
2.2099999999998676,p2_m1,0,0.050349439060732436,0.0,1.2873092831894157e-06
2.2099999999998676,p2_m2,0,0.01584944039448054,0.0,1.2873092831894157e-06
2.2099999999998676,p2_m3,0,0.07014055072983778,0.0,1.2873092831894157e-06
2.2099999999998676,p3_m0,0,0.022304823345640348,0.0,1.2873092831894157e-06
2.2099999999998676,p3_m1,0,0.07710826549290406,0.0,1.2873092831894157e-06
2.2099999999998676,p3_m2,0,-0.08241211288508218,0.0,1.2873092831894157e-06
2.2099999999998676,p3_m3,0,0.003531147829475647,0.0,1.2873092831894157e-06
2.2199999999998665,p0_m0,0,0.016891878960088553,0.0,8.990105747325607e-07
2.2199999999998665,p0_m1,0,0.0032210083829699028,0.0,8.990105747325607e-07
2.2199999999998665,p0_m2,0,-0.0003154914943183886,0.0,8.990105747325607e-07
2.2199999999998665,p0_m3,0,-0.010609751304423168,0.0,8.990105747325607e-07
2.2199999999998665,p1_m0,0,-0.016358587178872546,0.0,8.990105747325607e-07
2.2199999999998665,p1_m1,0,-0.015407316159769471,0.0,8.990105747325607e-07
2.2199999999998665,p1_m2,0,0.10130160587695675,0.0,8.990105747325607e-07
2.2199999999998665,p1_m3,8,7.24424068742274,0.001782315127463935,8.990105747325607e-07
2.2199999999998665,p2_m0,0,-0.02379944199656456,0.0,8.990105747325607e-07
2.2199999999998665,p2_m1,0,0.02807748605737885,0.0,8.990105747325607e-07
2.2199999999998665,p2_m2,0,0.00043407830752048294,0.0,8.990105747325607e-07
2.2199999999998665,p2_m3,0,0.02115130310707358,0.0,8.990105747325607e-07
2.2199999999998665,p3_m0,0,0.005762577675589325,0.0,8.990105747325607e-07
2.2199999999998665,p3_m1,0,0.018860682776268744,0.0,8.990105747325607e-07
2.2199999999998665,p3_m2,0,-0.020538179730129127,0.0,8.990105747325607e-07
2.2199999999998665,p3_m3,0,0.0014708824203699196,0.0,8.990105747325607e-07
2.2299999999998654,p0_m0,0,0.04333614696848291,0.0,6.647127833422489e-07
2.2299999999998654,p0_m1,0,-0.019039541677700673,0.0,6.647127833422489e-07
2.2299999999998654,p0_m2,0,0.01832003879035725,0.0,6.647127833422489e-07
2.2299999999998654,p0_m3,0,-0.028320665881522572,0.0,6.647127833422489e-07
2.2299999999998654,p1_m0,0,-0.03614072003034453,0.0,6.647127833422489e-07
2.2299999999998654,p1_m1,0,0.028797033098015918,0.0,6.647127833422489e-07
2.2299999999998654,p1_m2,0,-0.00271567918941567,0.0,6.647127833422489e-07
2.2299999999998654,p1_m3,8,3.713172009451136,0.012273042305797037,6.647127833422489e-07
2.2299999999998654,p2_m0,0,-0.014309258668355484,0.0,6.647127833422489e-07
2.2299999999998654,p2_m1,0,-0.02748437421696487,0.0,6.647127833422489e-07
2.2299999999998654,p2_m2,0,0.03502126275649799,0.0,6.647127833422489e-07
2.2299999999998654,p2_m3,0,0.02787016026137884,0.0,6.647127833422489e-07
2.2299999999998654,p3_m0,0,0.026014367530959325,0.0,6.647127833422489e-07
2.2299999999998654,p3_m1,0,0.030960683865508234,0.0,6.647127833422489e-07
2.2299999999998654,p3_m2,0,-0.033128312534338934,0.0,6.647127833422489e-07
2.2299999999998654,p3_m3,0,-0.010739456798785532,0.0,6.647127833422489e-07
2.2399999999998643,p0_m0,0,0.10288740333568837,0.0,1.0880263775884199e-06
2.2399999999998643,p0_m1,0,-0.038324238084353944,0.0,1.0880263775884199e-06
2.2399999999998643,p0_m2,0,0.03422065247411351,0.0,1.0880263775884199e-06
2.2399999999998643,p0_m3,0,-0.06727950741938861,0.0,1.0880263775884199e-06
2.2399999999998643,p1_m0,0,-0.07781465559932844,0.0,1.0880263775884199e-06
2.2399999999998643,p1_m1,0,0.03668422507920927,0.0,1.0880263775884199e-06
2.2399999999998643,p1_m2,0,-0.029835570561774688,0.0,1.0880263775884199e-06
2.2399999999998643,p1_m3,8,2.64662170190053,0.015,1.0880263775884199e-06
2.2399999999998643,p2_m0,0,-0.007645040638453315,0.0,1.0880263775884199e-06
2.2399999999998643,p2_m1,0,-0.04909460040452062,0.0,1.0880263775884199e-06
2.2399999999998643,p2_m2,0,0.0595169202071548,0.0,1.0880263775884199e-06
2.2399999999998643,p2_m3,0,0.07102141993907893,0.0,1.0880263775884199e-06
2.2399999999998643,p3_m0,0,0.04840012662852559,0.0,1.0880263775884199e-06
2.2399999999998643,p3_m1,0,0.08424434802143199,0.0,1.0880263775884199e-06
2.2399999999998643,p3_m2,0,-0.08873050929677492,0.0,1.0880263775884199e-06
2.2399999999998643,p3_m3,0,-0.012890757347134933,0.0,1.0880263775884199e-06
2.249999999999863,p0_m0,0,0.05115000655219876,0.0,1.082248927799469e-06
2.249999999999863,p0_m1,0,-0.018594489597762335,0.0,1.082248927799469e-06
2.249999999999863,p0_m2,0,0.016307643714459596,0.0,1.082248927799469e-06
2.249999999999863,p0_m3,0,-0.032323977653975225,0.0,1.082248927799469e-06
2.249999999999863,p1_m0,0,-0.04649104000116519,0.0,1.082248927799469e-06
2.249999999999863,p1_m1,0,0.0214599563168493,0.0,1.082248927799469e-06
2.249999999999863,p1_m2,0,-0.018948655904113158,0.0,1.082248927799469e-06
2.249999999999863,p1_m3,8,14.30240302937203,0.015,1.082248927799469e-06
2.249999999999863,p2_m0,0,-0.007806224212491892,0.0,1.082248927799469e-06
2.249999999999863,p2_m1,0,-0.02257479098585839,0.0,1.082248927799469e-06
2.249999999999863,p2_m2,0,0.02746980933170138,0.0,1.082248927799469e-06
2.249999999999863,p2_m3,0,0.04360217383915465,0.0,1.082248927799469e-06
2.249999999999863,p3_m0,0,0.02756365784794777,0.0,1.082248927799469e-06
2.249999999999863,p3_m1,0,0.04098737549432009,0.0,1.082248927799469e-06
2.249999999999863,p3_m2,0,-0.04360382739863136,0.0,1.082248927799469e-06
2.249999999999863,p3_m3,0,-0.00855755693713102,0.0,1.082248927799469e-06
2.259999999999862,p0_m0,0,0.0076057552894518805,0.0,5.101197321300222e-07
2.259999999999862,p0_m1,0,-0.0016098173256328889,0.0,5.101197321300222e-07
2.259999999999862,p0_m2,0,0.0011677239306287087,0.0,5.101197321300222e-07
2.259999999999862,p0_m3,0,-0.0040105158613114745,0.0,5.101197321300222e-07
2.259999999999862,p1_m0,0,-0.012328475057418865,0.0,5.101197321300222e-07
2.259999999999862,p1_m1,0,0.002519237977341186,0.0,5.101197321300222e-07
2.259999999999862,p1_m2,0,-0.0013434372561272477,0.0,5.101197321300222e-07
2.259999999999862,p1_m3,8,8.404840843940466,-0.0001595837727960312,5.101197321300222e-07
2.259999999999862,p2_m0,0,-0.0038984886738001267,0.0,5.101197321300222e-07
2.259999999999862,p2_m1,0,0.0008516629636880358,0.0,5.101197321300222e-07
2.259999999999862,p2_m2,0,0.0010869280702873888,0.0,5.101197321300222e-07
2.259999999999862,p2_m3,0,0.01308373423342627,0.0,5.101197321300222e-07
2.259999999999862,p3_m0,0,0.005466980811302718,0.0,5.101197321300222e-07
2.259999999999862,p3_m1,0,0.00659577514458389,0.0,5.101197321300222e-07
2.259999999999862,p3_m2,0,-0.007251451676351771,0.0,5.101197321300222e-07
2.259999999999862,p3_m3,0,-0.0017019950160751546,0.0,5.101197321300222e-07
2.269999999999861,p0_m0,0,0.029850817243981167,0.0,4.1327815648230595e-07
2.269999999999861,p0_m1,0,-0.016164674044330293,0.0,4.1327815648230595e-07
2.269999999999861,p0_m2,0,0.014857859186111756,0.0,4.1327815648230595e-07
2.269999999999861,p0_m3,0,-0.019463404998181846,0.0,4.1327815648230595e-07
2.269999999999861,p1_m0,0,-0.02821644874147686,0.0,4.1327815648230595e-07
2.269999999999861,p1_m1,0,0.027126830022691225,0.0,4.1327815648230595e-07
2.269999999999861,p1_m2,0,-0.027955549194065874,0.0,4.1327815648230595e-07
2.269999999999861,p1_m3,8,4.109321346972276,0.010864185354591889,4.1327815648230595e-07
2.269999999999861,p2_m0,0,-0.008706805772115607,0.0,4.1327815648230595e-07
2.269999999999861,p2_m1,0,-0.026766395388525637,0.0,4.1327815648230595e-07
2.269999999999861,p2_m2,0,0.02619620474232035,0.0,4.1327815648230595e-07
2.269999999999861,p2_m3,0,0.019788326334329583,0.0,4.1327815648230595e-07
2.269999999999861,p3_m0,0,0.02087087058357824,0.0,4.1327815648230595e-07
2.269999999999861,p3_m1,0,0.0186713635640382,0.0,4.1327815648230595e-07
2.269999999999861,p3_m2,0,-0.020011808205212662,0.0,4.1327815648230595e-07
2.269999999999861,p3_m3,0,-0.010475675774377339,0.0,4.1327815648230595e-07
2.27999999999986,p0_m0,0,0.09100621102550893,0.0,9.074150462536382e-07
2.27999999999986,p0_m1,0,-0.03653386998824001,0.0,9.074150462536382e-07
2.27999999999986,p0_m2,0,0.03251853069382423,0.0,9.074150462536382e-07
2.27999999999986,p0_m3,0,-0.05914927531520655,0.0,9.074150462536382e-07
2.27999999999986,p1_m0,0,-0.07080406206427431,0.0,9.074150462536382e-07
2.27999999999986,p1_m1,0,0.041582732194799854,0.0,9.074150462536382e-07
2.27999999999986,p1_m2,0,-0.0497193463869684,0.0,9.074150462536382e-07
2.27999999999986,p1_m3,8,2.7694977337440454,0.015,9.074150462536382e-07
2.27999999999986,p2_m0,0,-0.0035005140781806713,0.0,9.074150462536382e-07
2.27999999999986,p2_m1,0,-0.05352770882448616,0.0,9.074150462536382e-07
2.27999999999986,p2_m2,0,0.05891925166717081,0.0,9.074150462536382e-07
2.27999999999986,p2_m3,0,0.06176043504052683,0.0,9.074150462536382e-07
2.27999999999986,p3_m0,0,0.045785153821596605,0.0,9.074150462536382e-07
2.27999999999986,p3_m1,0,0.07211773140899679,0.0,9.074150462536382e-07
2.27999999999986,p3_m2,0,-0.07602240381037258,0.0,9.074150462536382e-07
2.27999999999986,p3_m3,0,-0.014119604417381972,0.0,9.074150462536382e-07
2.289999999999859,p0_m0,0,0.06509323432408565,0.0,1.195289596914131e-06
2.289999999999859,p0_m1,0,-0.023876297693557223,0.0,1.195289596914131e-06
2.289999999999859,p0_m2,0,0.020793593047379762,0.0,1.195289596914131e-06
2.289999999999859,p0_m3,0,-0.040922731746804525,0.0,1.195289596914131e-06
2.289999999999859,p1_m0,0,-0.055509473059442975,0.0,1.195289596914131e-06
2.289999999999859,p1_m1,0,0.02744366147017047,0.0,1.195289596914131e-06
2.289999999999859,p1_m2,0,-0.03342267189097338,0.0,1.195289596914131e-06
2.289999999999859,p1_m3,8,14.221885423385494,0.015,1.195289596914131e-06
2.289999999999859,p2_m0,0,-0.004299722335720007,0.0,1.195289596914131e-06
2.289999999999859,p2_m1,0,-0.03217226483286038,0.0,1.195289596914131e-06
2.289999999999859,p2_m2,0,0.03559114584537289,0.0,1.195289596914131e-06
2.289999999999859,p2_m3,0,0.052425175996167965,0.0,1.195289596914131e-06
2.289999999999859,p3_m0,0,0.03400247005750831,0.0,1.195289596914131e-06
2.289999999999859,p3_m1,0,0.052818826876925296,0.0,1.195289596914131e-06
2.289999999999859,p3_m2,0,-0.05601628503742989,0.0,1.195289596914131e-06
2.289999999999859,p3_m3,0,-0.009754539321565316,0.0,1.195289596914131e-06
2.2999999999998577,p0_m0,0,0.012006068479477158,0.0,6.211491130408086e-07
2.2999999999998577,p0_m1,0,-0.0035943836146347394,0.0,6.211491130408086e-07
2.2999999999998577,p0_m2,0,0.002827241514743424,0.0,6.211491130408086e-07
2.2999999999998577,p0_m3,0,-0.00620587114306015,0.0,6.211491130408086e-07
2.2999999999998577,p1_m0,0,-0.01771506724903881,0.0,6.211491130408086e-07
2.2999999999998577,p1_m1,0,0.006856741507246255,0.0,6.211491130408086e-07
2.2999999999998577,p1_m2,0,-0.008482958525246057,0.0,6.211491130408086e-07
2.2999999999998577,p1_m3,8,10.125653692881658,-0.0005091772387553242,6.211491130408086e-07
2.2999999999998577,p2_m0,0,-0.0030696661239731325,0.0,6.211491130408086e-07
2.2999999999998577,p2_m1,0,-0.003350241946089556,0.0,6.211491130408086e-07
2.2999999999998577,p2_m2,0,0.004717689906585594,0.0,6.211491130408086e-07
2.2999999999998577,p2_m3,0,0.017805813500909214,0.0,6.211491130408086e-07
2.2999999999998577,p3_m0,0,0.009478968991950228,0.0,6.211491130408086e-07
2.2999999999998577,p3_m1,0,0.009489391185676103,0.0,6.211491130408086e-07
2.2999999999998577,p3_m2,0,-0.010427544074521303,0.0,6.211491130408086e-07
2.2999999999998577,p3_m3,0,-0.0035069174821077526,0.0,6.211491130408086e-07
2.3099999999998566,p0_m0,0,0.019968844011360808,0.0,3.945788538192903e-07
2.3099999999998566,p0_m1,0,-0.010765662718202708,0.0,3.945788538192903e-07
2.3099999999998566,p0_m2,0,0.009823499294181496,0.0,3.945788538192903e-07
2.3099999999998566,p0_m3,0,-0.012596733100791584,0.0,3.945788538192903e-07
2.3099999999998566,p1_m0,0,-0.02120827534236846,0.0,3.945788538192903e-07
2.3099999999998566,p1_m1,0,0.01879816851696797,0.0,3.945788538192903e-07
2.3099999999998566,p1_m2,0,-0.02006089912786145,0.0,3.945788538192903e-07
2.3099999999998566,p1_m3,8,4.713939851104006,0.009269828834148619,3.945788538192903e-07
2.3099999999998566,p2_m0,0,-0.006522482462758266,0.0,3.945788538192903e-07
2.3099999999998566,p2_m1,0,-0.01748712505777605,0.0,3.945788538192903e-07
2.3099999999998566,p2_m2,0,0.01721764782297294,0.0,3.945788538192903e-07
2.3099999999998566,p2_m3,0,0.015467397129122928,0.0,3.945788538192903e-07
2.3099999999998566,p3_m0,0,0.01537999068659262,0.0,3.945788538192903e-07
2.3099999999998566,p3_m1,0,0.012103381955140427,0.0,3.945788538192903e-07
2.3099999999998566,p3_m2,0,-0.013089659007196655,0.0,3.945788538192903e-07
2.3099999999998566,p3_m3,0,-0.007973474279932068,0.0,3.945788538192903e-07
2.3199999999998555,p0_m0,0,0.07706216663462015,0.0,7.76767078064525e-07
2.3199999999998555,p0_m1,0,-0.033271632157217436,0.0,7.76767078064525e-07
2.3199999999998555,p0_m2,0,0.02980720137359124,0.0,7.76767078064525e-07
2.3199999999998555,p0_m3,0,-0.049632774907448995,0.0,7.76767078064525e-07
2.3199999999998555,p1_m0,0,-0.061400311291838865,0.0,7.76767078064525e-07
2.3199999999998555,p1_m1,0,0.042141191010251516,0.0,7.76767078064525e-07
2.3199999999998555,p1_m2,0,-0.04990144779338083,0.0,7.76767078064525e-07
2.3199999999998555,p1_m3,8,2.9589494103479645,0.01489432263438912,7.76767078064525e-07
2.3199999999998555,p2_m0,0,-0.0034081795752922135,0.0,7.76767078064525e-07
2.3199999999998555,p2_m1,0,-0.053012979000258656,0.0,7.76767078064525e-07
2.3199999999998555,p2_m2,0,0.058027796062554274,0.0,7.76767078064525e-07
2.3199999999998555,p2_m3,0,0.05064914370158509,0.0,7.76767078064525e-07
2.3199999999998555,p3_m0,0,0.04190015872385503,0.0,7.76767078064525e-07
2.3199999999998555,p3_m1,0,0.05869124220963911,0.0,7.76767078064525e-07
2.3199999999998555,p3_m2,0,-0.06205556080859961,0.0,7.76767078064525e-07
2.3199999999998555,p3_m3,0,-0.014627345490092886,0.0,7.76767078064525e-07
2.3299999999998544,p0_m0,0,0.08487765316335902,0.0,1.2546001955724973e-06
2.3299999999998544,p0_m1,0,-0.030827154438788328,0.0,1.2546001955724973e-06
2.3299999999998544,p0_m2,0,0.027073837987393573,0.0,1.2546001955724973e-06
2.3299999999998544,p0_m3,0,-0.05526825379179066,0.0,1.2546001955724973e-06
2.3299999999998544,p1_m0,0,-0.06682600352329138,0.0,1.2546001955724973e-06
2.3299999999998544,p1_m1,0,0.03155456688884236,0.0,1.2546001955724973e-06
2.3299999999998544,p1_m2,0,-0.03948432157026688,0.0,1.2546001955724973e-06
2.3299999999998544,p1_m3,8,13.958456579139105,0.015,1.2546001955724973e-06
2.3299999999998544,p2_m0,0,-0.003604407945964465,0.0,1.2546001955724973e-06
2.3299999999998544,p2_m1,0,-0.04146142390638364,0.0,1.2546001955724973e-06
2.3299999999998544,p2_m2,0,0.04569480933872951,0.0,1.2546001955724973e-06
2.3299999999998544,p2_m3,0,0.06260985129119408,0.0,1.2546001955724973e-06
2.3299999999998544,p3_m0,0,0.040642067508776775,0.0,1.2546001955724973e-06
2.3299999999998544,p3_m1,0,0.06955734132432953,0.0,1.2546001955724973e-06
2.3299999999998544,p3_m2,0,-0.07334141799718155,0.0,1.2546001955724973e-06
2.3299999999998544,p3_m3,0,-0.011077684267423265,0.0,1.2546001955724973e-06
2.3399999999998533,p0_m0,0,0.022892049156044116,0.0,6.981923961622884e-07
2.3399999999998533,p0_m1,0,-0.008526184776967762,0.0,6.981923961622884e-07
2.3399999999998533,p0_m2,0,0.007281898303045751,0.0,6.981923961622884e-07
2.3399999999998533,p0_m3,0,-0.013329636186679936,0.0,6.981923961622884e-07
2.3399999999998533,p1_m0,0,-0.027796401798650564,0.0,6.981923961622884e-07
2.3399999999998533,p1_m1,0,0.014776315837174224,0.0,6.981923961622884e-07
2.3399999999998533,p1_m2,0,-0.01727287098613663,0.0,6.981923961622884e-07
2.3399999999998533,p1_m3,8,14.193249465308803,0.015,6.981923961622884e-07
2.3399999999998533,p2_m0,0,-0.0050820908359843426,0.0,6.981923961622884e-07
2.3399999999998533,p2_m1,0,-0.011722528637337287,0.0,6.981923961622884e-07
2.3399999999998533,p2_m2,0,0.013046098740159296,0.0,6.981923961622884e-07
2.3399999999998533,p2_m3,0,0.02574605016080338,0.0,6.981923961622884e-07
2.3399999999998533,p3_m0,0,0.016453925534154618,0.0,6.981923961622884e-07
2.3399999999998533,p3_m1,0,0.016908984402175194,0.0,6.981923961622884e-07
2.3399999999998533,p3_m2,0,-0.018325227193925944,0.0,6.981923961622884e-07
2.3399999999998533,p3_m3,0,-0.006715844234965251,0.0,6.981923961622884e-07
2.349999999999852,p0_m0,0,0.014083982442552935,0.0,3.737400692619581e-07
2.349999999999852,p0_m1,0,-0.007047738426583043,0.0,3.737400692619581e-07
2.349999999999852,p0_m2,0,0.0063330228322615,0.0,3.737400692619581e-07
2.349999999999852,p0_m3,0,-0.008547907360007387,0.0,3.737400692619581e-07
2.349999999999852,p1_m0,0,-0.01695122947351877,0.0,3.737400692619581e-07
2.349999999999852,p1_m1,0,0.012945441142787199,0.0,3.737400692619581e-07
2.349999999999852,p1_m2,0,-0.014082873708474847,0.0,3.737400692619581e-07
2.349999999999852,p1_m3,8,5.157174564847637,0.006565966582881543,3.737400692619581e-07
2.349999999999852,p2_m0,0,-0.004251551856511571,0.0,3.737400692619581e-07
2.349999999999852,p2_m1,0,-0.011046179459196157,0.0,3.737400692619581e-07
2.349999999999852,p2_m2,0,0.011170022163453891,0.0,3.737400692619581e-07
2.349999999999852,p2_m3,0,0.013369393094848775,0.0,3.737400692619581e-07
2.349999999999852,p3_m0,0,0.011509049076612633,0.0,3.737400692619581e-07
2.349999999999852,p3_m1,0,0.008719546692134655,0.0,3.737400692619581e-07
2.349999999999852,p3_m2,0,-0.009506912090628056,0.0,3.737400692619581e-07
2.349999999999852,p3_m3,0,-0.0059042845042986195,0.0,3.737400692619581e-07
2.359999999999851,p0_m0,0,0.06471431874368687,0.0,6.62935188803266e-07
2.359999999999851,p0_m1,0,-0.029933838254592244,0.0,6.62935188803266e-07
2.359999999999851,p0_m2,0,0.02698622364936561,0.0,6.62935188803266e-07
2.359999999999851,p0_m3,0,-0.04141143156870891,0.0,6.62935188803266e-07
2.359999999999851,p1_m0,0,-0.053070033861814934,0.0,6.62935188803266e-07
2.359999999999851,p1_m1,0,0.04300821520210264,0.0,6.62935188803266e-07
2.359999999999851,p1_m2,0,-0.04954417935532129,0.0,6.62935188803266e-07
2.359999999999851,p1_m3,8,3.110077631934263,0.014333380340937148,6.62935188803266e-07
2.359999999999851,p2_m0,0,-0.003657546565691787,0.0,6.62935188803266e-07
2.359999999999851,p2_m1,0,-0.0522667985371127,0.0,6.62935188803266e-07
2.359999999999851,p2_m2,0,0.05594003941880614,0.0,6.62935188803266e-07
2.359999999999851,p2_m3,0,0.04145702544118689,0.0,6.62935188803266e-07
2.359999999999851,p3_m0,0,0.03792071633982481,0.0,6.62935188803266e-07
2.359999999999851,p3_m1,0,0.04714631351882732,0.0,6.62935188803266e-07
2.359999999999851,p3_m2,0,-0.05001727830470215,0.0,6.62935188803266e-07
2.359999999999851,p3_m3,0,-0.01473035373888272,0.0,6.62935188803266e-07
2.36999999999985,p0_m0,0,0.09311629537810628,0.0,1.2305533232206645e-06
2.36999999999985,p0_m1,0,-0.03407080349050978,0.0,1.2305533232206645e-06
2.36999999999985,p0_m2,0,0.029981330591663465,0.0,1.2305533232206645e-06
2.36999999999985,p0_m3,0,-0.06076068332677871,0.0,1.2305533232206645e-06
2.36999999999985,p1_m0,0,-0.07226137819727023,0.0,1.2305533232206645e-06
2.36999999999985,p1_m1,0,0.034784574465757785,0.0,1.2305533232206645e-06
2.36999999999985,p1_m2,0,-0.043419319920182754,0.0,1.2305533232206645e-06
2.36999999999985,p1_m3,8,0.347925191891834,-0.015,1.2305533232206645e-06
2.36999999999985,p2_m0,0,-0.0031975511032849317,0.0,1.2305533232206645e-06
2.36999999999985,p2_m1,0,-0.046530894905926844,0.0,1.2305533232206645e-06
2.36999999999985,p2_m2,0,0.05117673975442291,0.0,1.2305533232206645e-06
2.36999999999985,p2_m3,0,0.0672683749017528,0.0,1.2305533232206645e-06
2.36999999999985,p3_m0,0,0.04426314755666012,0.0,1.2305533232206645e-06
2.36999999999985,p3_m1,0,0.07633020840127189,0.0,1.2305533232206645e-06
2.36999999999985,p3_m2,0,-0.08039404475557262,0.0,1.2305533232206645e-06
2.36999999999985,p3_m3,0,-0.01202262484001909,0.0,1.2305533232206645e-06
2.379999999999849,p0_m0,0,0.02570496291848107,0.0,7.294847710690793e-07
2.379999999999849,p0_m1,0,-0.009684703776644,0.0,7.294847710690793e-07
2.379999999999849,p0_m2,0,0.00833850814532994,0.0,7.294847710690793e-07
2.379999999999849,p0_m3,0,-0.015331818013625697,0.0,7.294847710690793e-07
2.379999999999849,p1_m0,0,-0.029269633712810814,0.0,7.294847710690793e-07
2.379999999999849,p1_m1,0,0.01571658696121954,0.0,7.294847710690793e-07
2.379999999999849,p1_m2,0,-0.018418688327722036,0.0,7.294847710690793e-07
2.379999999999849,p1_m3,8,0.7229355326504812,-0.015,7.294847710690793e-07
2.379999999999849,p2_m0,0,-0.004945379211907552,0.0,7.294847710690793e-07
2.379999999999849,p2_m1,0,-0.013525966723124784,0.0,7.294847710690793e-07
2.379999999999849,p2_m2,0,0.014975762601223222,0.0,7.294847710690793e-07
2.379999999999849,p2_m3,0,0.0268984989078663,0.0,7.294847710690793e-07
2.379999999999849,p3_m0,0,0.017563415047125212,0.0,7.294847710690793e-07
2.379999999999849,p3_m1,0,0.01914089073270355,0.0,7.294847710690793e-07
2.379999999999849,p3_m2,0,-0.02065589881130969,0.0,7.294847710690793e-07
2.379999999999849,p3_m3,0,-0.007021008969393884,0.0,7.294847710690793e-07
2.389999999999848,p0_m0,0,0.010380885933893347,0.0,3.5473076941180575e-07
2.389999999999848,p0_m1,0,-0.004803773266275423,0.0,3.5473076941180575e-07
2.389999999999848,p0_m2,0,0.004218595098945277,0.0,3.5473076941180575e-07
2.389999999999848,p0_m3,0,-0.005888265817295118,0.0,3.5473076941180575e-07
2.389999999999848,p1_m0,0,-0.013864955484664598,0.0,3.5473076941180575e-07
2.389999999999848,p1_m1,0,0.009437016716190906,0.0,3.5473076941180575e-07
2.389999999999848,p1_m2,0,-0.010464696957131599,0.0,3.5473076941180575e-07
2.389999999999848,p1_m3,8,5.7525341954527205,0.006064766038451747,3.5473076941180575e-07
2.389999999999848,p2_m0,0,-0.00350447524114688,0.0,3.5473076941180575e-07
2.389999999999848,p2_m1,0,-0.007346312890361022,0.0,3.5473076941180575e-07
2.389999999999848,p2_m2,0,0.007686293664475535,0.0,3.5473076941180575e-07
2.389999999999848,p2_m3,0,0.011704355773372846,0.0,3.5473076941180575e-07
2.389999999999848,p3_m0,0,0.009003026371223589,0.0,3.5473076941180575e-07
2.389999999999848,p3_m1,0,0.0066566939375468336,0.0,3.5473076941180575e-07
2.389999999999848,p3_m2,0,-0.0073267623485731015,0.0,3.5473076941180575e-07
2.389999999999848,p3_m3,0,-0.004426292993928569,0.0,3.5473076941180575e-07
2.3999999999998467,p0_m0,0,0.05728308240225961,0.0,5.918217143028227e-07
2.3999999999998467,p0_m1,0,-0.027444491751593133,0.0,5.918217143028227e-07
2.3999999999998467,p0_m2,0,0.02482180489213097,0.0,5.918217143028227e-07
2.3999999999998467,p0_m3,0,-0.036560435555441535,0.0,5.918217143028227e-07
2.3999999999998467,p1_m0,0,-0.04770859018335756,0.0,5.918217143028227e-07
2.3999999999998467,p1_m1,0,0.04304939727788052,0.0,5.918217143028227e-07
2.3999999999998467,p1_m2,0,-0.048077081206284476,0.0,5.918217143028227e-07
2.3999999999998467,p1_m3,8,3.2346488656993118,0.013903852368504725,5.918217143028227e-07
2.3999999999998467,p2_m0,0,-0.003992872090347785,0.0,5.918217143028227e-07
2.3999999999998467,p2_m1,0,-0.049880459292255576,0.0,5.918217143028227e-07
2.3999999999998467,p2_m2,0,0.05066768302736026,0.0,5.918217143028227e-07
2.3999999999998467,p2_m3,0,0.03628499922232192,0.0,5.918217143028227e-07
2.3999999999998467,p3_m0,0,0.03493949993517759,0.0,5.918217143028227e-07
2.3999999999998467,p3_m1,0,0.040654218970509595,0.0,5.918217143028227e-07
2.3999999999998467,p3_m2,0,-0.04321253589700913,0.0,5.918217143028227e-07
2.3999999999998467,p3_m3,0,-0.014308136216126133,0.0,5.918217143028227e-07
2.4099999999998456,p0_m0,0,0.10277598942409807,0.0,1.2044210345876254e-06
2.4099999999998456,p0_m1,0,-0.03758011757034665,0.0,1.2044210345876254e-06
2.4099999999998456,p0_m2,0,0.033082752211359,0.0,1.2044210345876254e-06
2.4099999999998456,p0_m3,0,-0.0671091131465746,0.0,1.2044210345876254e-06
2.4099999999998456,p1_m0,0,-0.0788687764014833,0.0,1.2044210345876254e-06
2.4099999999998456,p1_m1,0,0.037762704911564776,0.0,1.2044210345876254e-06
2.4099999999998456,p1_m2,0,-0.04748757330885105,0.0,1.2044210345876254e-06
2.4099999999998456,p1_m3,8,13.543204835687824,0.015,1.2044210345876254e-06
2.4099999999998456,p2_m0,0,-0.0029882054621366183,0.0,1.2044210345876254e-06
2.4099999999998456,p2_m1,0,-0.05153296118761754,0.0,1.2044210345876254e-06
2.4099999999998456,p2_m2,0,0.05674690985184159,0.0,1.2044210345876254e-06
2.4099999999998456,p2_m3,0,0.07341462177448851,0.0,1.2044210345876254e-06
2.4099999999998456,p3_m0,0,0.04836269859166991,0.0,1.2044210345876254e-06
2.4099999999998456,p3_m1,0,0.0845656839177322,0.0,1.2044210345876254e-06
2.4099999999998456,p3_m2,0,-0.08898657676079774,0.0,1.2044210345876254e-06
2.4099999999998456,p3_m3,0,-0.01287660920320723,0.0,1.2044210345876254e-06
2.4199999999998445,p0_m0,0,0.0289058329416148,0.0,8.026117428477714e-07
2.4199999999998445,p0_m1,0,-0.010860120254459992,0.0,8.026117428477714e-07
2.4199999999998445,p0_m2,0,0.00936295297562867,0.0,8.026117428477714e-07
2.4199999999998445,p0_m3,0,-0.01733942611600644,0.0,8.026117428477714e-07
2.4199999999998445,p1_m0,0,-0.031975786387901474,0.0,8.026117428477714e-07
2.4199999999998445,p1_m1,0,0.017088755066856563,0.0,8.026117428477714e-07
2.4199999999998445,p1_m2,0,-0.020165578908235064,0.0,8.026117428477714e-07
2.4199999999998445,p1_m3,8,14.672902156007483,0.015,8.026117428477714e-07
2.4199999999998445,p2_m0,0,-0.005020742964169731,0.0,8.026117428477714e-07
2.4199999999998445,p2_m1,0,-0.0152650759619699,0.0,8.026117428477714e-07
2.4199999999998445,p2_m2,0,0.016898363981003684,0.0,8.026117428477714e-07
2.4199999999998445,p2_m3,0,0.029420045452403246,0.0,8.026117428477714e-07
2.4199999999998445,p3_m0,0,0.019251978560049007,0.0,8.026117428477714e-07
2.4199999999998445,p3_m1,0,0.021745494993430616,0.0,8.026117428477714e-07
2.4199999999998445,p3_m2,0,-0.023413075734336024,0.0,8.026117428477714e-07
2.4199999999998445,p3_m3,0,-0.007516299984535922,0.0,8.026117428477714e-07
2.4299999999998434,p0_m0,0,0.007882248710358595,0.0,3.735641960906064e-07
2.4299999999998434,p0_m1,0,-0.003136529501208674,0.0,3.735641960906064e-07
2.4299999999998434,p0_m2,0,0.002636181455361047,0.0,3.735641960906064e-07
2.4299999999998434,p0_m3,0,-0.0040808947966180405,0.0,3.735641960906064e-07
2.4299999999998434,p1_m0,0,-0.012011761253997161,0.0,3.735641960906064e-07
2.4299999999998434,p1_m1,0,0.006822123423491865,0.0,3.735641960906064e-07
2.4299999999998434,p1_m2,0,-0.007824106957489177,0.0,3.735641960906064e-07
2.4299999999998434,p1_m3,8,5.980557814032915,0.0032578834469392196,3.735641960906064e-07
2.4299999999998434,p2_m0,0,-0.0030500512353672372,0.0,3.735641960906064e-07
2.4299999999998434,p2_m1,0,-0.004480796515984853,0.0,3.735641960906064e-07
2.4299999999998434,p2_m2,0,0.00502563038569417,0.0,3.735641960906064e-07
2.4299999999998434,p2_m3,0,0.01095859795554148,0.0,3.735641960906064e-07
2.4299999999998434,p3_m0,0,0.007267599989584849,0.0,3.735641960906064e-07
2.4299999999998434,p3_m1,0,0.005363330700073812,0.0,3.735641960906064e-07
2.4299999999998434,p3_m2,0,-0.005962246846256396,0.0,3.735641960906064e-07
2.4299999999998434,p3_m3,0,-0.003367132731140607,0.0,3.735641960906064e-07
2.4399999999998423,p0_m0,0,0.051034413988850884,0.0,5.4324829288926e-07
2.4399999999998423,p0_m1,0,-0.02520972459423319,0.0,5.4324829288926e-07
2.4399999999998423,p0_m2,0,0.02288001510471482,0.0,5.4324829288926e-07
2.4399999999998423,p0_m3,0,-0.03263727408274573,0.0,5.4324829288926e-07
2.4399999999998423,p1_m0,0,-0.043254453671241117,0.0,5.4324829288926e-07
2.4399999999998423,p1_m1,0,0.0419216465894134,0.0,5.4324829288926e-07
2.4399999999998423,p1_m2,0,-0.045551110829117454,0.0,5.4324829288926e-07
2.4399999999998423,p1_m3,8,3.3654830689259243,0.013441011460979283,5.4324829288926e-07
2.4399999999998423,p2_m0,0,-0.0055030509297339155,0.0,5.4324829288926e-07
2.4399999999998423,p2_m1,0,-0.04651831874143617,0.0,5.4324829288926e-07
2.4399999999998423,p2_m2,0,0.04566356197950109,0.0,5.4324829288926e-07
2.4399999999998423,p2_m3,0,0.032108605921238854,0.0,5.4324829288926e-07
2.4399999999998423,p3_m0,0,0.032207115302108395,0.0,5.4324829288926e-07
2.4399999999998423,p3_m1,0,0.03526464323479069,0.0,5.4324829288926e-07
2.4399999999998423,p3_m2,0,-0.03754381219743668,0.0,5.4324829288926e-07
2.4399999999998423,p3_m3,0,-0.013882108279144018,0.0,5.4324829288926e-07
2.449999999999841,p0_m0,0,0.11014379143196792,0.0,1.1498777250688684e-06
2.449999999999841,p0_m1,0,-0.04037157309124573,0.0,1.1498777250688684e-06
2.449999999999841,p0_m2,0,0.035562569253706364,0.0,1.1498777250688684e-06
2.449999999999841,p0_m3,0,-0.07195317925022374,0.0,1.1498777250688684e-06
2.449999999999841,p1_m0,0,-0.08383745240802819,0.0,1.1498777250688684e-06
2.449999999999841,p1_m1,0,0.04036210083909073,0.0,1.1498777250688684e-06
2.449999999999841,p1_m2,0,-0.05088995071946443,0.0,1.1498777250688684e-06
2.449999999999841,p1_m3,8,2.566101499633503,0.015,1.1498777250688684e-06
2.449999999999841,p2_m0,0,-0.0027430198128445774,0.0,1.1498777250688684e-06
2.449999999999841,p2_m1,0,-0.055732476763167144,0.0,1.1498777250688684e-06
2.449999999999841,p2_m2,0,0.06137094944397736,0.0,1.1498777250688684e-06
2.449999999999841,p2_m3,0,0.07789046641926609,0.0,1.1498777250688684e-06
2.449999999999841,p3_m0,0,0.05154584316858188,0.0,1.1498777250688684e-06
2.449999999999841,p3_m1,0,0.09078813150946131,0.0,1.1498777250688684e-06
2.449999999999841,p3_m2,0,-0.09548463688228238,0.0,1.1498777250688684e-06
2.449999999999841,p3_m3,0,-0.01358414832199824,0.0,1.1498777250688684e-06
2.45999999999984,p0_m0,0,0.03286640409817616,0.0,8.609532096920246e-07
2.45999999999984,p0_m1,0,-0.012309718250439144,0.0,8.609532096920246e-07
2.45999999999984,p0_m2,0,0.010641859085170758,0.0,8.609532096920246e-07
2.45999999999984,p0_m3,0,-0.0199492022266102,0.0,8.609532096920246e-07
2.45999999999984,p1_m0,0,-0.034889849756822036,0.0,8.609532096920246e-07
2.45999999999984,p1_m1,0,0.01848638314987828,0.0,8.609532096920246e-07
2.45999999999984,p1_m2,0,-0.02197045953340463,0.0,8.609532096920246e-07
2.45999999999984,p1_m3,8,0.8696109225106473,-0.015,8.609532096920246e-07
2.45999999999984,p2_m0,0,-0.0048438106165039525,0.0,8.609532096920246e-07
2.45999999999984,p2_m1,0,-0.01732420142026322,0.0,8.609532096920246e-07
2.45999999999984,p2_m2,0,0.019157919097276238,0.0,8.609532096920246e-07
2.45999999999984,p2_m3,0,0.03212732978920459,0.0,8.609532096920246e-07
2.45999999999984,p3_m0,0,0.021057126618608066,0.0,8.609532096920246e-07
2.45999999999984,p3_m1,0,0.02503103528648227,0.0,8.609532096920246e-07
2.45999999999984,p3_m2,0,-0.026870201309431293,0.0,8.609532096920246e-07
2.45999999999984,p3_m3,0,-0.007972858031086298,0.0,8.609532096920246e-07
2.469999999999839,p0_m0,0,0.006545168581130214,0.0,3.9006125322566464e-07
2.469999999999839,p0_m1,0,-0.002091207113057269,0.0,3.9006125322566464e-07
2.469999999999839,p0_m2,0,0.001649906527101156,0.0,3.9006125322566464e-07
2.469999999999839,p0_m3,0,-0.003230034271134459,0.0,3.9006125322566464e-07
2.469999999999839,p1_m0,0,-0.011011188741154533,0.0,3.9006125322566464e-07
2.469999999999839,p1_m1,0,0.004893594295275723,0.0,3.9006125322566464e-07
2.469999999999839,p1_m2,0,-0.0059002117117636105,0.0,3.9006125322566464e-07
2.469999999999839,p1_m3,8,6.914056641845485,0.0024694141318826867,3.9006125322566464e-07
2.469999999999839,p2_m0,0,-0.0027498776617270342,0.0,3.9006125322566464e-07
2.469999999999839,p2_m1,0,-0.002452670215639042,0.0,3.9006125322566464e-07
2.469999999999839,p2_m2,0,0.003186652205697588,0.0,3.9006125322566464e-07
2.469999999999839,p2_m3,0,0.010657894937140816,0.0,3.9006125322566464e-07
2.469999999999839,p3_m0,0,0.006120032183010213,0.0,3.9006125322566464e-07
2.469999999999839,p3_m1,0,0.004784424511089479,0.0,3.9006125322566464e-07
2.469999999999839,p3_m2,0,-0.0053381526829582495,0.0,3.9006125322566464e-07
2.469999999999839,p3_m3,0,-0.0026918779142894498,0.0,3.9006125322566464e-07
2.479999999999838,p0_m0,0,0.045101766985393955,0.0,4.975370776855721e-07
2.479999999999838,p0_m1,0,-0.022927682643369314,0.0,4.975370776855721e-07
2.479999999999838,p0_m2,0,0.020879850271248127,0.0,4.975370776855721e-07
2.479999999999838,p0_m3,0,-0.028937423233625706,0.0,4.975370776855721e-07
2.479999999999838,p1_m0,0,-0.03907187750071189,0.0,4.975370776855721e-07
2.479999999999838,p1_m1,0,0.03948997051748272,0.0,4.975370776855721e-07
2.479999999999838,p1_m2,0,-0.04211296259856628,0.0,4.975370776855721e-07
2.479999999999838,p1_m3,8,3.519669581909844,0.0129258187692116,4.975370776855721e-07
2.479999999999838,p2_m0,0,-0.006770201023574991,0.0,4.975370776855721e-07
2.479999999999838,p2_m1,0,-0.04225041732064641,0.0,4.975370776855721e-07
2.479999999999838,p2_m2,0,0.04068629758989809,0.0,4.975370776855721e-07
2.479999999999838,p2_m3,0,0.02835328933914705,0.0,4.975370776855721e-07
2.479999999999838,p3_m0,0,0.029440360698496287,0.0,4.975370776855721e-07
2.479999999999838,p3_m1,0,0.030297842110358894,0.0,4.975370776855721e-07
2.479999999999838,p3_m2,0,-0.03231032686261308,0.0,4.975370776855721e-07
2.479999999999838,p3_m3,0,-0.013329056117320855,0.0,4.975370776855721e-07
2.489999999999837,p0_m0,0,0.10603128714803761,0.0,1.0914817971766138e-06
2.489999999999837,p0_m1,0,-0.039524449759590304,0.0,1.0914817971766138e-06
2.489999999999837,p0_m2,0,0.03488704629797929,0.0,1.0914817971766138e-06
2.489999999999837,p0_m3,0,-0.0691958391751864,0.0,1.0914817971766138e-06
2.489999999999837,p1_m0,0,-0.08104512933906138,0.0,1.0914817971766138e-06
2.489999999999837,p1_m1,0,0.04062972229549995,0.0,1.0914817971766138e-06
2.489999999999837,p1_m2,0,-0.05082003254433436,0.0,1.0914817971766138e-06
2.489999999999837,p1_m3,8,2.5989438656284793,0.015,1.0914817971766138e-06
2.489999999999837,p2_m0,0,-0.0028437066586994167,0.0,1.0914817971766138e-06
2.489999999999837,p2_m1,0,-0.05545195624323248,0.0,1.0914817971766138e-06
2.489999999999837,p2_m2,0,0.06098648975004312,0.0,1.0914817971766138e-06
2.489999999999837,p2_m3,0,0.07439042721817629,0.0,1.0914817971766138e-06
2.489999999999837,p3_m0,0,0.05037630848994033,0.0,1.0914817971766138e-06
2.489999999999837,p3_m1,0,0.08675696671470139,0.0,1.0914817971766138e-06
2.489999999999837,p3_m2,0,-0.09127757409714668,0.0,1.0914817971766138e-06
2.489999999999837,p3_m3,0,-0.013770062887765019,0.0,1.0914817971766138e-06
2.4999999999998357,p0_m0,0,0.03729717239228157,0.0,9.218418304713513e-07
2.4999999999998357,p0_m1,0,-0.013921929149311603,0.0,9.218418304713513e-07
2.4999999999998357,p0_m2,0,0.012060027529103855,0.0,9.218418304713513e-07
2.4999999999998357,p0_m3,0,-0.0228387849576276,0.0,9.218418304713513e-07
2.4999999999998357,p1_m0,0,-0.03820001024129807,0.0,9.218418304713513e-07
2.4999999999998357,p1_m1,0,0.020079689920234123,0.0,9.218418304713513e-07
2.4999999999998357,p1_m2,0,-0.024027377659679182,0.0,9.218418304713513e-07
2.4999999999998357,p1_m3,8,14.374036369963973,0.015,9.218418304713513e-07
2.4999999999998357,p2_m0,0,-0.0047290451102690425,0.0,9.218418304713513e-07
2.4999999999998357,p2_m1,0,-0.01962757765995197,0.0,9.218418304713513e-07
2.4999999999998357,p2_m2,0,0.021681037845248493,0.0,9.218418304713513e-07
2.4999999999998357,p2_m3,0,0.03522952812125358,0.0,9.218418304713513e-07
2.4999999999998357,p3_m0,0,0.023091703184556594,0.0,9.218418304713513e-07
2.4999999999998357,p3_m1,0,0.02872261486745208,0.0,9.218418304713513e-07
2.4999999999998357,p3_m2,0,-0.030753499006337632,0.0,9.218418304713513e-07
2.4999999999998357,p3_m3,0,-0.008472812972256534,0.0,9.218418304713513e-07
2.5099999999998346,p0_m0,0,0.005827981199707117,0.0,4.1399135476125445e-07
2.5099999999998346,p0_m1,0,-0.0013819946448918481,0.0,4.1399135476125445e-07
2.5099999999998346,p0_m2,0,0.0009798666137890606,0.0,4.1399135476125445e-07
2.5099999999998346,p0_m3,0,-0.002840337733987383,0.0,4.1399135476125445e-07
2.5099999999998346,p1_m0,0,-0.010549925406588816,0.0,4.1399135476125445e-07
2.5099999999998346,p1_m1,0,0.003421007893459654,0.0,4.1399135476125445e-07
2.5099999999998346,p1_m2,0,-0.004462201961148606,0.0,4.1399135476125445e-07
2.5099999999998346,p1_m3,8,7.1768639284318905,0.001867343990207802,4.1399135476125445e-07
2.5099999999998346,p2_m0,0,-0.0025694214057243115,0.0,4.1399135476125445e-07
2.5099999999998346,p2_m1,0,-0.0009197791955001421,0.0,4.1399135476125445e-07
2.5099999999998346,p2_m2,0,0.0018349199602506574,0.0,4.1399135476125445e-07
2.5099999999998346,p2_m3,0,0.010689068526553134,0.0,4.1399135476125445e-07
2.5099999999998346,p3_m0,0,0.005358624348860453,0.0,4.1399135476125445e-07
2.5099999999998346,p3_m1,0,0.004577865657459183,0.0,4.1399135476125445e-07
2.5099999999998346,p3_m2,0,-0.005105747039497955,0.0,4.1399135476125445e-07
2.5099999999998346,p3_m3,0,-0.002245457646177735,0.0,4.1399135476125445e-07
2.5199999999998335,p0_m0,0,-0.039036840306472406,0.0,2.977910260421795e-07
2.5199999999998335,p0_m1,0,-0.02499713532398747,0.0,2.977910260421795e-07
2.5199999999998335,p0_m2,0,0.023836652254540344,0.0,2.977910260421795e-07
2.5199999999998335,p0_m3,0,0.047735855422683715,0.0,2.977910260421795e-07
2.5199999999998335,p1_m0,0,0.06081575597741061,0.0,2.977910260421795e-07
2.5199999999998335,p1_m1,0,0.01151541174414963,0.0,2.977910260421795e-07
2.5199999999998335,p1_m2,0,-0.012450957667510783,0.0,2.977910260421795e-07
2.5199999999998335,p1_m3,0,3.2128956059512936,0.0,2.977910260421795e-07
2.5199999999998335,p2_m0,8,-0.19395112659011607,-0.015,2.977910260421795e-07
2.5199999999998335,p2_m1,0,-0.01069301196808351,0.0,2.977910260421795e-07
2.5199999999998335,p2_m2,0,0.010939818031799184,0.0,2.977910260421795e-07
2.5199999999998335,p2_m3,0,-0.07654383209489467,0.0,2.977910260421795e-07
2.5199999999998335,p3_m0,0,0.027526472220807726,0.0,2.977910260421795e-07
2.5199999999998335,p3_m1,0,-0.05932291453904665,0.0,2.977910260421795e-07
2.5199999999998335,p3_m2,0,0.05797922955274516,0.0,2.977910260421795e-07
2.5199999999998335,p3_m3,0,-0.018578748936424416,0.0,2.977910260421795e-07
2.5299999999998324,p0_m0,0,-0.019206679848085065,0.0,2.511036078102041e-07
2.5299999999998324,p0_m1,0,-0.005735583654296409,0.0,2.511036078102041e-07
2.5299999999998324,p0_m2,0,0.005399143339243998,0.0,2.511036078102041e-07
2.5299999999998324,p0_m3,0,0.021814518751099445,0.0,2.511036078102041e-07
2.5299999999998324,p1_m0,0,0.010682243629414551,0.0,2.511036078102041e-07
2.5299999999998324,p1_m1,0,0.008935084095557955,0.0,2.511036078102041e-07
2.5299999999998324,p1_m2,0,-0.00919596217298345,0.0,2.511036078102041e-07
2.5299999999998324,p1_m3,0,3.05024286067247,0.0,2.511036078102041e-07
2.5299999999998324,p2_m0,8,0.15358587921568234,-0.015,2.511036078102041e-07
2.5299999999998324,p2_m1,0,0.000632083745356274,0.0,2.511036078102041e-07
2.5299999999998324,p2_m2,0,-0.0005013656097401916,0.0,2.511036078102041e-07
2.5299999999998324,p2_m3,0,-0.01658864062071032,0.0,2.511036078102041e-07
2.5299999999998324,p3_m0,0,0.012040337692699011,0.0,2.511036078102041e-07
2.5299999999998324,p3_m1,0,-0.026139587027125568,0.0,2.511036078102041e-07
2.5299999999998324,p3_m2,0,0.025854997261805537,0.0,2.511036078102041e-07
2.5299999999998324,p3_m3,0,-0.00950370279049201,0.0,2.511036078102041e-07
2.5399999999998313,p0_m0,0,-0.0070371380744261285,0.0,2.2782282558843677e-08
2.5399999999998313,p0_m1,0,0.0006476970925679685,0.0,2.2782282558843677e-08
2.5399999999998313,p0_m2,0,-0.0006074796394942263,0.0,2.2782282558843677e-08
2.5399999999998313,p0_m3,0,0.00676993073013308,0.0,2.2782282558843677e-08
2.5399999999998313,p1_m0,0,-0.0031422246324702132,0.0,2.2782282558843677e-08
2.5399999999998313,p1_m1,0,0.0024986993938791177,0.0,2.2782282558843677e-08
2.5399999999998313,p1_m2,0,-0.00241461078381777,0.0,2.2782282558843677e-08
2.5399999999998313,p1_m3,0,1.7341347228659878,0.0,2.2782282558843677e-08
2.5399999999998313,p2_m0,8,6.825634046630641,-0.0012578398658253357,2.2782282558843677e-08
2.5399999999998313,p2_m1,0,0.005824826836582469,0.0,2.2782282558843677e-08
2.5399999999998313,p2_m2,0,-0.005619521972173108,0.0,2.2782282558843677e-08
2.5399999999998313,p2_m3,0,0.0018864647172703677,0.0,2.2782282558843677e-08
2.5399999999998313,p3_m0,0,0.00283030815333248,0.0,2.2782282558843677e-08
2.5399999999998313,p3_m1,0,-0.00830098570861636,0.0,2.2782282558843677e-08
2.5399999999998313,p3_m2,0,0.008417357130875424,0.0,2.2782282558843677e-08
2.5399999999998313,p3_m3,0,-0.003205767795111197,0.0,2.2782282558843677e-08
2.54999999999983,p0_m0,0,-0.015944550860608447,0.0,8.512012268034955e-08
2.54999999999983,p0_m1,0,-0.020328745355638837,0.0,8.512012268034955e-08
2.54999999999983,p0_m2,0,0.018960153906340087,0.0,8.512012268034955e-08
2.54999999999983,p0_m3,0,0.026646072482108818,0.0,8.512012268034955e-08
2.54999999999983,p1_m0,0,0.01940861336690917,0.0,8.512012268034955e-08
2.54999999999983,p1_m1,0,0.03255959773627727,0.0,8.512012268034955e-08
2.54999999999983,p1_m2,0,-0.033987516465309196,0.0,8.512012268034955e-08
2.54999999999983,p1_m3,0,0.5570995329183258,0.0,8.512012268034955e-08
2.54999999999983,p2_m0,8,3.7775146787124134,0.012064640180325442,8.512012268034955e-08
2.54999999999983,p2_m1,0,-0.03226113221131757,0.0,8.512012268034955e-08
2.54999999999983,p2_m2,0,0.030017593863540106,0.0,8.512012268034955e-08
2.54999999999983,p2_m3,0,-0.03133759316663417,0.0,8.512012268034955e-08
2.54999999999983,p3_m0,0,0.02434981640731799,0.0,8.512012268034955e-08
2.54999999999983,p3_m1,0,-0.03101107252526202,0.0,8.512012268034955e-08
2.54999999999983,p3_m2,0,0.02960362988079727,0.0,8.512012268034955e-08
2.54999999999983,p3_m3,0,-0.013576949742640329,0.0,8.512012268034955e-08
2.559999999999829,p0_m0,0,-0.06242288720875658,0.0,7.249913053677881e-07
2.559999999999829,p0_m1,0,-0.03976285883049295,0.0,7.249913053677881e-07
2.559999999999829,p0_m2,0,0.03704120158970937,0.0,7.249913053677881e-07
2.559999999999829,p0_m3,0,0.08258727892199706,0.0,7.249913053677881e-07
2.559999999999829,p1_m0,0,0.09647200200746339,0.0,7.249913053677881e-07
2.559999999999829,p1_m1,0,0.03587860029682154,0.0,7.249913053677881e-07
2.559999999999829,p1_m2,0,-0.035659311900520706,0.0,7.249913053677881e-07
2.559999999999829,p1_m3,0,0.36898232018240956,0.0,7.249913053677881e-07
2.559999999999829,p2_m0,8,2.969297139245879,0.015,7.249913053677881e-07
2.559999999999829,p2_m1,0,-0.0388786215957443,0.0,7.249913053677881e-07
2.559999999999829,p2_m2,0,0.032071786213990296,0.0,7.249913053677881e-07
2.559999999999829,p2_m3,0,-0.1149893831632269,0.0,7.249913053677881e-07
2.559999999999829,p3_m0,0,0.04301302572033326,0.0,7.249913053677881e-07
2.559999999999829,p3_m1,0,-0.08872358977214798,0.0,7.249913053677881e-07
2.559999999999829,p3_m2,0,0.08588354337531376,0.0,7.249913053677881e-07
2.559999999999829,p3_m3,0,-0.021880487303791295,0.0,7.249913053677881e-07
2.569999999999828,p0_m0,0,-0.03169359808789878,0.0,6.699987408615323e-07
2.569999999999828,p0_m1,0,-0.014170746621375428,0.0,6.699987408615323e-07
2.569999999999828,p0_m2,0,0.013199877242145722,0.0,6.699987408615323e-07
2.569999999999828,p0_m3,0,0.03905118877996424,0.0,6.699987408615323e-07
2.569999999999828,p1_m0,0,0.03161467016116835,0.0,6.699987408615323e-07
2.569999999999828,p1_m1,0,0.01897935036027441,0.0,6.699987408615323e-07
2.569999999999828,p1_m2,0,-0.018874490211709154,0.0,6.699987408615323e-07
2.569999999999828,p1_m3,0,0.3524999992331554,0.0,6.699987408615323e-07
2.569999999999828,p2_m0,8,14.746752607501865,0.015,6.699987408615323e-07
2.569999999999828,p2_m1,0,-0.011136922104860445,0.0,6.699987408615323e-07
2.569999999999828,p2_m2,0,0.008719328463425512,0.0,6.699987408615323e-07
2.569999999999828,p2_m3,0,-0.04032955879527512,0.0,6.699987408615323e-07
2.569999999999828,p3_m0,0,0.019729666836818593,0.0,6.699987408615323e-07
2.569999999999828,p3_m1,0,-0.042873891215063374,0.0,6.699987408615323e-07
2.569999999999828,p3_m2,0,0.04204150381132973,0.0,6.699987408615323e-07
2.569999999999828,p3_m3,0,-0.012296764954640478,0.0,6.699987408615323e-07
2.579999999999827,p0_m0,0,-0.01669109175117647,0.0,1.571936382767722e-07
2.579999999999827,p0_m1,0,-0.0030419063232907805,0.0,1.571936382767722e-07
2.579999999999827,p0_m2,0,0.0027417066242554256,0.0,1.571936382767722e-07
2.579999999999827,p0_m3,0,0.01903569823576008,0.0,1.571936382767722e-07
2.579999999999827,p1_m0,0,0.0028962377958017156,0.0,1.571936382767722e-07
2.579999999999827,p1_m1,0,0.011300780397950762,0.0,1.571936382767722e-07
2.579999999999827,p1_m2,0,-0.011229181461840617,0.0,1.571936382767722e-07
2.579999999999827,p1_m3,0,0.3105364294649255,0.0,1.571936382767722e-07
2.579999999999827,p2_m0,8,14.656396386281255,0.015,1.571936382767722e-07
2.579999999999827,p2_m1,0,0.0005583672859206773,0.0,1.571936382767722e-07
2.579999999999827,p2_m2,0,-0.0013068362932036504,0.0,1.571936382767722e-07
2.579999999999827,p2_m3,0,-0.006481334995832414,0.0,1.571936382767722e-07
2.579999999999827,p3_m0,0,0.009140346460935693,0.0,1.571936382767722e-07
2.579999999999827,p3_m1,0,-0.02089664398875531,0.0,1.571936382767722e-07
2.579999999999827,p3_m2,0,0.020717008209386024,0.0,1.571936382767722e-07
2.579999999999827,p3_m3,0,-0.006883936321132337,0.0,1.571936382767722e-07
2.5899999999998258,p0_m0,0,-0.008568705257959348,0.0,4.911303462575956e-08
2.5899999999998258,p0_m1,0,-0.006279567106146893,0.0,4.911303462575956e-08
2.5899999999998258,p0_m2,0,0.005903218560218111,0.0,4.911303462575956e-08
2.5899999999998258,p0_m3,0,0.011547271146034396,0.0,4.911303462575956e-08
2.5899999999998258,p1_m0,0,0.003422948612796613,0.0,4.911303462575956e-08
2.5899999999998258,p1_m1,0,0.012239380394450156,0.0,4.911303462575956e-08
2.5899999999998258,p1_m2,0,-0.012505912325752693,0.0,4.911303462575956e-08
2.5899999999998258,p1_m3,0,0.0988912379866423,0.0,4.911303462575956e-08
2.5899999999998258,p2_m0,8,5.140816718355764,0.0066160326327137885,4.911303462575956e-08
2.5899999999998258,p2_m1,0,-0.0065547420574525485,0.0,4.911303462575956e-08
2.5899999999998258,p2_m2,0,0.005999090381642647,0.0,4.911303462575956e-08
2.5899999999998258,p2_m3,0,-0.007920719782400974,0.0,4.911303462575956e-08
2.5899999999998258,p3_m0,0,0.008609815557703196,0.0,4.911303462575956e-08
2.5899999999998258,p3_m1,0,-0.013963072745747726,0.0,4.911303462575956e-08
2.5899999999998258,p3_m2,0,0.01363456970659777,0.0,4.911303462575956e-08
2.5899999999998258,p3_m3,0,-0.005673173449414123,0.0,4.911303462575956e-08
2.5999999999998247,p0_m0,0,-0.033154662832566704,0.0,2.9983276935863464e-07
2.5999999999998247,p0_m1,0,-0.030422310773918364,0.0,2.9983276935863464e-07
2.5999999999998247,p0_m2,0,0.02805065220554852,0.0,2.9983276935863464e-07
2.5999999999998247,p0_m3,0,0.05145730159487258,0.0,2.9983276935863464e-07
2.5999999999998247,p1_m0,0,0.04767053083979072,0.0,2.9983276935863464e-07
2.5999999999998247,p1_m1,0,0.037664078350391816,0.0,2.9983276935863464e-07
2.5999999999998247,p1_m2,0,-0.03892369915408629,0.0,2.9983276935863464e-07
2.5999999999998247,p1_m3,0,0.03999133542591601,0.0,2.9983276935863464e-07
2.5999999999998247,p2_m0,8,3.16408647989803,0.014231156949949945,2.9983276935863464e-07
2.5999999999998247,p2_m1,0,-0.039523503964548574,0.0,2.9983276935863464e-07
2.5999999999998247,p2_m2,0,0.03227625861906011,0.0,2.9983276935863464e-07
2.5999999999998247,p2_m3,0,-0.062322701899382424,0.0,2.9983276935863464e-07
2.5999999999998247,p3_m0,0,0.03486552485673219,0.0,2.9983276935863464e-07
2.5999999999998247,p3_m1,0,-0.05310328686712541,0.0,2.9983276935863464e-07
2.5999999999998247,p3_m2,0,0.050656467836039845,0.0,2.9983276935863464e-07
2.5999999999998247,p3_m3,0,-0.01627021781270297,0.0,2.9983276935863464e-07
2.6099999999998236,p0_m0,0,-0.046997149183476666,0.0,8.448321854005054e-07
2.6099999999998236,p0_m1,0,-0.02687047130149438,0.0,8.448321854005054e-07
2.6099999999998236,p0_m2,0,0.025117821189458177,0.0,8.448321854005054e-07
2.6099999999998236,p0_m3,0,0.06006155233284272,0.0,8.448321854005054e-07
2.6099999999998236,p1_m0,0,0.06499331671444343,0.0,8.448321854005054e-07
2.6099999999998236,p1_m1,0,0.02627567881441402,0.0,8.448321854005054e-07
2.6099999999998236,p1_m2,0,-0.026425717862938916,0.0,8.448321854005054e-07
2.6099999999998236,p1_m3,0,0.03483972583997245,0.0,8.448321854005054e-07
2.6099999999998236,p2_m0,8,1.052024771681025,-0.015,8.448321854005054e-07
2.6099999999998236,p2_m1,0,-0.024078064462107716,0.0,8.448321854005054e-07
2.6099999999998236,p2_m2,0,0.01993882349875122,0.0,8.448321854005054e-07
2.6099999999998236,p2_m3,0,-0.07865716958016909,0.0,8.448321854005054e-07
2.6099999999998236,p3_m0,0,0.030393121813981024,0.0,8.448321854005054e-07
2.6099999999998236,p3_m1,0,-0.06554046006526033,0.0,8.448321854005054e-07
2.6099999999998236,p3_m2,0,0.06382988883102873,0.0,8.448321854005054e-07
2.6099999999998236,p3_m3,0,-0.01684935838320751,0.0,8.448321854005054e-07
2.6199999999998225,p0_m0,0,-0.021874610000597924,0.0,3.555945129814267e-07
2.6199999999998225,p0_m1,0,-0.006953000139600724,0.0,3.555945129814267e-07
2.6199999999998225,p0_m2,0,0.006403016737978393,0.0,3.555945129814267e-07
2.6199999999998225,p0_m3,0,0.026100510743472412,0.0,3.555945129814267e-07
2.6199999999998225,p1_m0,0,0.012402045430270096,0.0,3.555945129814267e-07
2.6199999999998225,p1_m1,0,0.014283894699092078,0.0,3.555945129814267e-07
2.6199999999998225,p1_m2,0,-0.014297601811302687,0.0,3.555945129814267e-07
2.6199999999998225,p1_m3,0,0.03493483438055851,0.0,3.555945129814267e-07
2.6199999999998225,p2_m0,8,1.0328903864351302,-0.015,3.555945129814267e-07
2.6199999999998225,p2_m1,0,-0.0035511338335039166,0.0,3.555945129814267e-07
2.6199999999998225,p2_m2,0,0.0022873386058090317,0.0,3.555945129814267e-07
2.6199999999998225,p2_m3,0,-0.017749527854488814,0.0,3.555945129814267e-07
2.6199999999998225,p3_m0,0,0.012912442180639676,0.0,3.555945129814267e-07
2.6199999999998225,p3_m1,0,-0.028467189683297943,0.0,3.555945129814267e-07
2.6199999999998225,p3_m2,0,0.028055577790827433,0.0,3.555945129814267e-07
2.6199999999998225,p3_m3,0,-0.008729577536111621,0.0,3.555945129814267e-07
2.6299999999998214,p0_m0,0,-0.030422966755785395,0.0,1.491219409056903e-07
2.6299999999998214,p0_m1,0,-0.020885755184650016,0.0,1.491219409056903e-07
2.6299999999998214,p0_m2,0,0.019204211123297177,0.0,1.491219409056903e-07
2.6299999999998214,p0_m3,0,0.04344032745318185,0.0,1.491219409056903e-07
2.6299999999998214,p1_m0,0,0.03418469992273511,0.0,1.491219409056903e-07
2.6299999999998214,p1_m1,0,0.021825936611038124,0.0,1.491219409056903e-07
2.6299999999998214,p1_m2,0,-0.02434074172040762,0.0,1.491219409056903e-07
2.6299999999998214,p1_m3,0,0.020675799360420227,0.0,1.491219409056903e-07
2.6299999999998214,p2_m0,8,3.0596981506174568,0.013456094639941851,1.491219409056903e-07
2.6299999999998214,p2_m1,0,-0.020306963924033344,0.0,1.491219409056903e-07
2.6299999999998214,p2_m2,0,0.012373040907521426,0.0,1.491219409056903e-07
2.6299999999998214,p2_m3,0,-0.04495010252351986,0.0,1.491219409056903e-07
2.6299999999998214,p3_m0,0,0.026385158295550597,0.0,1.491219409056903e-07
2.6299999999998214,p3_m1,0,-0.04506627508995611,0.0,1.491219409056903e-07
2.6299999999998214,p3_m2,0,0.043382108302367564,0.0,1.491219409056903e-07
2.6299999999998214,p3_m3,0,-0.013233786602700798,0.0,1.491219409056903e-07
2.6399999999998203,p0_m0,0,-0.03921441329006121,0.0,6.147607446097527e-07
2.6399999999998203,p0_m1,0,-0.019661434718503304,0.0,6.147607446097527e-07
2.6399999999998203,p0_m2,0,0.01828595136840169,0.0,6.147607446097527e-07
2.6399999999998203,p0_m3,0,0.049545534664742194,0.0,6.147607446097527e-07
2.6399999999998203,p1_m0,0,0.04720796290597417,0.0,6.147607446097527e-07
2.6399999999998203,p1_m1,0,0.015398106632772579,0.0,6.147607446097527e-07
2.6399999999998203,p1_m2,0,-0.016376949141779767,0.0,6.147607446097527e-07
2.6399999999998203,p1_m3,0,0.01788564767092721,0.0,6.147607446097527e-07
2.6399999999998203,p2_m0,8,14.291426310179185,0.015,6.147607446097527e-07
2.6399999999998203,p2_m1,0,-0.009971115072498354,0.0,6.147607446097527e-07
2.6399999999998203,p2_m2,0,0.005748199392543069,0.0,6.147607446097527e-07
2.6399999999998203,p2_m3,0,-0.05751490134891372,0.0,6.147607446097527e-07
2.6399999999998203,p3_m0,0,0.024054881013377008,0.0,6.147607446097527e-07
2.6399999999998203,p3_m1,0,-0.053190088697710254,0.0,6.147607446097527e-07
2.6399999999998203,p3_m2,0,0.051885659842743924,0.0,6.147607446097527e-07
2.6399999999998203,p3_m3,0,-0.013435208023250187,0.0,6.147607446097527e-07
2.649999999999819,p0_m0,0,-0.018197693962198697,0.0,2.1959498480199432e-07
2.649999999999819,p0_m1,0,-0.005063440940526716,0.0,2.1959498480199432e-07
2.649999999999819,p0_m2,0,0.004643093827094955,0.0,2.1959498480199432e-07
2.649999999999819,p0_m3,0,0.021461669461497596,0.0,2.1959498480199432e-07
2.649999999999819,p1_m0,0,0.008126243153658248,0.0,2.1959498480199432e-07
2.649999999999819,p1_m1,0,0.009849812479519925,0.0,2.1959498480199432e-07
2.649999999999819,p1_m2,0,-0.010128993914132751,0.0,2.1959498480199432e-07
2.649999999999819,p1_m3,0,0.0161376641500493,0.0,2.1959498480199432e-07
2.649999999999819,p2_m0,8,14.628233676084061,0.015,2.1959498480199432e-07
2.649999999999819,p2_m1,0,0.0005815704308574801,0.0,2.1959498480199432e-07
2.649999999999819,p2_m2,0,-0.0018912534274432697,0.0,2.1959498480199432e-07
2.649999999999819,p2_m3,0,-0.012237197475266606,0.0,2.1959498480199432e-07
2.649999999999819,p3_m0,0,0.010047927031608075,0.0,2.1959498480199432e-07
2.649999999999819,p3_m1,0,-0.023151425830582772,0.0,2.1959498480199432e-07
2.649999999999819,p3_m2,0,0.022855808873042813,0.0,2.1959498480199432e-07
2.649999999999819,p3_m3,0,-0.0068523653607229324,0.0,2.1959498480199432e-07
2.659999999999818,p0_m0,0,-0.008994347181911957,0.0,3.2913701005628574e-08
2.659999999999818,p0_m1,0,-0.006825385085610636,0.0,3.2913701005628574e-08
2.659999999999818,p0_m2,0,0.006419982371176625,0.0,3.2913701005628574e-08
2.659999999999818,p0_m3,0,0.012198998687982682,0.0,3.2913701005628574e-08
2.659999999999818,p1_m0,0,0.005053935328074132,0.0,3.2913701005628574e-08
2.659999999999818,p1_m1,0,0.011534814825971872,0.0,3.2913701005628574e-08
2.659999999999818,p1_m2,0,-0.01190860743254509,0.0,3.2913701005628574e-08
2.659999999999818,p1_m3,0,0.0050816004762890546,0.0,3.2913701005628574e-08
2.659999999999818,p2_m0,8,5.1618092490061365,0.006575185206073938,3.2913701005628574e-08
2.659999999999818,p2_m1,0,-0.006190528888053231,0.0,3.2913701005628574e-08
2.659999999999818,p2_m2,0,0.0054598445350094995,0.0,3.2913701005628574e-08
2.659999999999818,p2_m3,0,-0.009600080151285278,0.0,3.2913701005628574e-08
2.659999999999818,p3_m0,0,0.008618851099867963,0.0,3.2913701005628574e-08
2.659999999999818,p3_m1,0,-0.014489517964597236,0.0,3.2913701005628574e-08
2.659999999999818,p3_m2,0,0.01413815411243069,0.0,3.2913701005628574e-08
2.659999999999818,p3_m3,0,-0.0054576785838111805,0.0,3.2913701005628574e-08
2.669999999999817,p0_m0,0,-0.03315213911909382,0.0,3.002074344430961e-07
2.669999999999817,p0_m1,0,-0.03056247297711703,0.0,3.002074344430961e-07
2.669999999999817,p0_m2,0,0.02818811685163299,0.0,3.002074344430961e-07
2.669999999999817,p0_m3,0,0.05148331735411485,0.0,3.002074344430961e-07
2.669999999999817,p1_m0,0,0.04779139475968372,0.0,3.002074344430961e-07
2.669999999999817,p1_m1,0,0.037515374352963385,0.0,3.002074344430961e-07
2.669999999999817,p1_m2,0,-0.03878021683252865,0.0,3.002074344430961e-07
2.669999999999817,p1_m3,0,-0.0035799569592109563,0.0,3.002074344430961e-07
2.669999999999817,p2_m0,8,3.1676845775826257,0.014217630862526856,3.002074344430961e-07
2.669999999999817,p2_m1,0,-0.03926693121297959,0.0,3.002074344430961e-07
2.669999999999817,p2_m2,0,0.0320177897482083,0.0,3.002074344430961e-07
2.669999999999817,p2_m3,0,-0.062453024788324,0.0,3.002074344430961e-07
2.669999999999817,p3_m0,0,0.034792944987084094,0.0,3.002074344430961e-07
2.669999999999817,p3_m1,0,-0.053113488181385914,0.0,3.002074344430961e-07
2.669999999999817,p3_m2,0,0.05066720062514553,0.0,3.002074344430961e-07
2.669999999999817,p3_m3,0,-0.016172687324869577,0.0,3.002074344430961e-07
2.679999999999816,p0_m0,0,-0.04714299862947939,0.0,8.483107005701677e-07
2.679999999999816,p0_m1,0,-0.026851880742501794,0.0,8.483107005701677e-07
2.679999999999816,p0_m2,0,0.02509288852129726,0.0,8.483107005701677e-07
2.679999999999816,p0_m3,0,0.06025678285842668,0.0,8.483107005701677e-07
2.679999999999816,p1_m0,0,0.06470027772858342,0.0,8.483107005701677e-07
2.679999999999816,p1_m1,0,0.02633848241261787,0.0,8.483107005701677e-07
2.679999999999816,p1_m2,0,-0.026475553712214175,0.0,8.483107005701677e-07
2.679999999999816,p1_m3,0,-0.0031974865562793995,0.0,8.483107005701677e-07
2.679999999999816,p2_m0,8,1.0521432124336045,-0.015,8.483107005701677e-07
2.679999999999816,p2_m1,0,-0.023808493462104643,0.0,8.483107005701677e-07
2.679999999999816,p2_m2,0,0.019678688935312414,0.0,8.483107005701677e-07
2.679999999999816,p2_m3,0,-0.07833647149389224,0.0,8.483107005701677e-07
2.679999999999816,p3_m0,0,0.030447009732904342,0.0,8.483107005701677e-07
2.679999999999816,p3_m1,0,-0.06567380148637125,0.0,8.483107005701677e-07
2.679999999999816,p3_m2,0,0.06395743054772365,0.0,8.483107005701677e-07
2.679999999999816,p3_m3,0,-0.01685141859254942,0.0,8.483107005701677e-07
2.6899999999998148,p0_m0,0,-0.021969490252760907,0.0,3.6075341874450084e-07
2.6899999999998148,p0_m1,0,-0.0069481351250041306,0.0,3.6075341874450084e-07
2.6899999999998148,p0_m2,0,0.0063963174040410475,0.0,3.6075341874450084e-07
2.6899999999998148,p0_m3,0,0.026209598982038708,0.0,3.6075341874450084e-07
2.6899999999998148,p1_m0,0,0.012218496156561818,0.0,3.6075341874450084e-07
2.6899999999998148,p1_m1,0,0.014371117050626164,0.0,3.6075341874450084e-07
2.6899999999998148,p1_m2,0,-0.014380945253024403,0.0,3.6075341874450084e-07
2.6899999999998148,p1_m3,0,-0.001106914153188765,0.0,3.6075341874450084e-07
2.6899999999998148,p2_m0,8,1.032769848209574,-0.015,3.6075341874450084e-07
2.6899999999998148,p2_m1,0,-0.003392614934944498,0.0,3.6075341874450084e-07
2.6899999999998148,p2_m2,0,0.002132228165609302,0.0,3.6075341874450084e-07
2.6899999999998148,p2_m3,0,-0.017560072040220868,0.0,3.6075341874450084e-07
2.6899999999998148,p3_m0,0,0.01292704592759811,0.0,3.6075341874450084e-07
2.6899999999998148,p3_m1,0,-0.02855593769086382,0.0,3.6075341874450084e-07
2.6899999999998148,p3_m2,0,0.028143054308654963,0.0,3.6075341874450084e-07
2.6899999999998148,p3_m3,0,-0.008730906978597406,0.0,3.6075341874450084e-07
2.6999999999998137,p0_m0,0,-0.007474214027861688,0.0,6.414882092834659e-09
2.6999999999998137,p0_m1,0,0.0010675049500442416,0.0,6.414882092834659e-09
2.6999999999998137,p0_m2,0,-0.0010298997690349162,0.0,6.414882092834659e-09
2.6999999999998137,p0_m3,0,0.0072215268414752305,0.0,6.414882092834659e-09
2.6999999999998137,p1_m0,0,-0.0021487701423027676,0.0,6.414882092834659e-09
2.6999999999998137,p1_m1,0,0.002262846450126834,0.0,6.414882092834659e-09
2.6999999999998137,p1_m2,0,-0.0020131441566712035,0.0,6.414882092834659e-09
2.6999999999998137,p1_m3,0,0.0029295219069847456,0.0,6.414882092834659e-09
2.6999999999998137,p2_m0,8,7.182371971060981,-0.0014766955071315647,6.414882092834659e-09
2.6999999999998137,p2_m1,0,0.006445955027201069,0.0,6.414882092834659e-09
2.6999999999998137,p2_m2,0,-0.006618226445031555,0.0,6.414882092834659e-09
2.6999999999998137,p2_m3,0,0.0019837931871613847,0.0,6.414882092834659e-09
2.6999999999998137,p3_m0,0,0.0010978256617564732,0.0,6.414882092834659e-09
2.6999999999998137,p3_m1,0,-0.007592933190151045,0.0,6.414882092834659e-09
2.6999999999998137,p3_m2,0,0.007744914891511375,0.0,6.414882092834659e-09
2.6999999999998137,p3_m3,0,-0.0014767598604617429,0.0,6.414882092834659e-09
2.7099999999998126,p0_m0,0,-0.015425826465701172,0.0,3.113136081700814e-08
2.7099999999998126,p0_m1,0,-0.01892240700534009,0.0,3.113136081700814e-08
2.7099999999998126,p0_m2,0,0.017671620959316483,0.0,3.113136081700814e-08
2.7099999999998126,p0_m3,0,0.025216470719831952,0.0,3.113136081700814e-08
2.7099999999998126,p1_m0,0,0.018291868663380482,0.0,3.113136081700814e-08
2.7099999999998126,p1_m1,0,0.030366241671393977,0.0,3.113136081700814e-08
2.7099999999998126,p1_m2,0,-0.031616715055322354,0.0,3.113136081700814e-08
2.7099999999998126,p1_m3,0,-0.005804026196497077,0.0,3.113136081700814e-08
2.7099999999998126,p2_m0,8,3.875138714827658,0.011788784080602873,3.113136081700814e-08
2.7099999999998126,p2_m1,0,-0.029218111148159313,0.0,3.113136081700814e-08
2.7099999999998126,p2_m2,0,0.027605286189875615,0.0,3.113136081700814e-08
2.7099999999998126,p2_m3,0,-0.02919861994037929,0.0,3.113136081700814e-08
2.7099999999998126,p3_m0,0,0.021972173957560855,0.0,3.113136081700814e-08
2.7099999999998126,p3_m1,0,-0.02922122703601004,0.0,3.113136081700814e-08
2.7099999999998126,p3_m2,0,0.0279466206335264,0.0,3.113136081700814e-08
2.7099999999998126,p3_m3,0,-0.012117137861177319,0.0,3.113136081700814e-08
2.7199999999998115,p0_m0,0,-0.06047202237764039,0.0,6.760800594748825e-07
2.7199999999998115,p0_m1,0,-0.03904971002754023,0.0,6.760800594748825e-07
2.7199999999998115,p0_m2,0,0.03631058596816235,0.0,6.760800594748825e-07
2.7199999999998115,p0_m3,0,0.08078178547773343,0.0,6.760800594748825e-07
2.7199999999998115,p1_m0,0,0.09304707146321746,0.0,6.760800594748825e-07
2.7199999999998115,p1_m1,0,0.03569357731258931,0.0,6.760800594748825e-07
2.7199999999998115,p1_m2,0,-0.035896241327521165,0.0,6.760800594748825e-07
2.7199999999998115,p1_m3,0,-0.007540926214711488,0.0,6.760800594748825e-07
2.7199999999998115,p2_m0,8,2.974752236632799,0.015,6.760800594748825e-07
2.7199999999998115,p2_m1,0,-0.03829942026768494,0.0,6.760800594748825e-07
2.7199999999998115,p2_m2,0,0.0319603670820244,0.0,6.760800594748825e-07
2.7199999999998115,p2_m3,0,-0.11080560493700004,0.0,6.760800594748825e-07
2.7199999999998115,p3_m0,0,0.04209556239326464,0.0,6.760800594748825e-07
2.7199999999998115,p3_m1,0,-0.08584038999746828,0.0,6.760800594748825e-07
2.7199999999998115,p3_m2,0,0.08298961917876824,0.0,6.760800594748825e-07
2.7199999999998115,p3_m3,0,-0.020799507839452572,0.0,6.760800594748825e-07
2.7299999999998104,p0_m0,0,-0.03071609147880618,0.0,6.266294548366937e-07
2.7299999999998104,p0_m1,0,-0.014076461178626517,0.0,6.266294548366937e-07
2.7299999999998104,p0_m2,0,0.013099303208638594,0.0,6.266294548366937e-07
2.7299999999998104,p0_m3,0,0.03811537730514462,0.0,6.266294548366937e-07
2.7299999999998104,p1_m0,0,0.03079127716072589,0.0,6.266294548366937e-07
2.7299999999998104,p1_m1,0,0.018704794457324005,0.0,6.266294548366937e-07
2.7299999999998104,p1_m2,0,-0.01875087114539934,0.0,6.266294548366937e-07
2.7299999999998104,p1_m3,0,-0.004270206762205614,0.0,6.266294548366937e-07
2.7299999999998104,p2_m0,8,14.744812251673956,0.015,6.266294548366937e-07
2.7299999999998104,p2_m1,0,-0.011006737980329397,0.0,6.266294548366937e-07
2.7299999999998104,p2_m2,0,0.008761408029254611,0.0,6.266294548366937e-07
2.7299999999998104,p2_m3,0,-0.03921324698958908,0.0,6.266294548366937e-07
2.7299999999998104,p3_m0,0,0.01921638439236351,0.0,6.266294548366937e-07
2.7299999999998104,p3_m1,0,-0.04155371453244704,0.0,6.266294548366937e-07
2.7299999999998104,p3_m2,0,0.040712021772551336,0.0,6.266294548366937e-07
2.7299999999998104,p3_m3,0,-0.01172421591025466,0.0,6.266294548366937e-07
2.7399999999998093,p0_m0,0,-0.017545957120867383,0.0,1.3086890761022722e-07
2.7399999999998093,p0_m1,0,-0.0060422506062621385,0.0,1.3086890761022722e-07
2.7399999999998093,p0_m2,0,0.00554392261993179,0.0,1.3086890761022722e-07
2.7399999999998093,p0_m3,0,0.02143614118530557,0.0,1.3086890761022722e-07
2.7399999999998093,p1_m0,0,0.006582731750442679,0.0,1.3086890761022722e-07
2.7399999999998093,p1_m1,0,0.014931736421605123,0.0,1.3086890761022722e-07
2.7399999999998093,p1_m2,0,-0.015117955485123248,0.0,1.3086890761022722e-07
2.7399999999998093,p1_m3,0,-0.0029115473859407264,0.0,1.3086890761022722e-07
2.7399999999998093,p2_m0,8,7.188975738742504,0.015,1.3086890761022722e-07
2.7399999999998093,p2_m1,0,-0.004587588497145722,0.0,1.3086890761022722e-07
2.7399999999998093,p2_m2,0,0.0036817052211388103,0.0,1.3086890761022722e-07
2.7399999999998093,p2_m3,0,-0.011471344216783282,0.0,1.3086890761022722e-07
2.7399999999998093,p3_m0,0,0.011737457040869126,0.0,1.3086890761022722e-07
2.7399999999998093,p3_m1,0,-0.023519573199641524,0.0,1.3086890761022722e-07
2.7399999999998093,p3_m2,0,0.02312725877666389,0.0,1.3086890761022722e-07
2.7399999999998093,p3_m3,0,-0.007909294855242319,0.0,1.3086890761022722e-07
2.749999999999808,p0_m0,0,-0.05858727767660579,0.0,4.888884376470501e-07
2.749999999999808,p0_m1,0,-0.03366736205040167,0.0,4.888884376470501e-07
2.749999999999808,p0_m2,0,0.03130354462088173,0.0,4.888884376470501e-07
2.749999999999808,p0_m3,0,0.07613627216715144,0.0,4.888884376470501e-07
2.749999999999808,p1_m0,0,0.08452106711827755,0.0,4.888884376470501e-07
2.749999999999808,p1_m1,0,0.020277116625728914,0.0,4.888884376470501e-07
2.749999999999808,p1_m2,0,-0.021971964728848523,0.0,4.888884376470501e-07
2.749999999999808,p1_m3,0,-0.005837269990820454,0.0,4.888884376470501e-07
2.749999999999808,p2_m0,8,2.84343561929635,0.015,4.888884376470501e-07
2.749999999999808,p2_m1,0,-0.02009331339633339,0.0,4.888884376470501e-07
2.749999999999808,p2_m2,0,0.012763674655067251,0.0,4.888884376470501e-07
2.749999999999808,p2_m3,0,-0.10014880691648405,0.0,4.888884376470501e-07
2.749999999999808,p3_m0,0,0.03735462924347694,0.0,4.888884376470501e-07
2.749999999999808,p3_m1,0,-0.08112036403545579,0.0,4.888884376470501e-07
2.749999999999808,p3_m2,0,0.07867252929143934,0.0,4.888884376470501e-07
2.749999999999808,p3_m3,0,-0.018999067638178067,0.0,4.888884376470501e-07
2.759999999999807,p0_m0,0,-0.02623705391688147,0.0,4.389929083841218e-07
2.759999999999807,p0_m1,0,-0.010037878004429493,0.0,4.389929083841218e-07
2.759999999999807,p0_m2,0,0.009275042175868366,0.0,4.389929083841218e-07
2.759999999999807,p0_m3,0,0.03206013325064623,0.0,4.389929083841218e-07
2.759999999999807,p1_m0,0,0.02112333556564678,0.0,4.389929083841218e-07
2.759999999999807,p1_m1,0,0.01240618604919199,0.0,4.389929083841218e-07
2.759999999999807,p1_m2,0,-0.012929515673305293,0.0,4.389929083841218e-07
2.759999999999807,p1_m3,0,-0.0028171323708937163,0.0,4.389929083841218e-07
2.759999999999807,p2_m0,8,1.0391985854264496,-0.015,4.389929083841218e-07
2.759999999999807,p2_m1,0,-0.002975367968429453,0.0,4.389929083841218e-07
2.759999999999807,p2_m2,0,0.0006428877107876607,0.0,4.389929083841218e-07
2.759999999999807,p2_m3,0,-0.02752259072368948,0.0,4.389929083841218e-07
2.759999999999807,p3_m0,0,0.015407811689703416,0.0,4.389929083841218e-07
2.759999999999807,p3_m1,0,-0.034450525120195946,0.0,4.389929083841218e-07
2.759999999999807,p3_m2,0,0.033816652783928806,0.0,4.389929083841218e-07
2.759999999999807,p3_m3,0,-0.009563963551389554,0.0,4.389929083841218e-07
2.769999999999806,p0_m0,0,-0.008555919224318401,0.0,5.166115492373161e-08
2.769999999999806,p0_m1,0,7.122698861296876e-05,0.0,5.166115492373161e-08
2.769999999999806,p0_m2,0,-9.351722344366227e-05,0.0,5.166115492373161e-08
2.769999999999806,p0_m3,0,0.008767506479513758,0.0,5.166115492373161e-08
2.769999999999806,p1_m0,0,0.0007153500816044053,0.0,5.166115492373161e-08
2.769999999999806,p1_m1,0,0.00138786195951552,0.0,5.166115492373161e-08
2.769999999999806,p1_m2,0,-0.0013008050746730895,0.0,5.166115492373161e-08
2.769999999999806,p1_m3,0,0.0020840203999917045,0.0,5.166115492373161e-08
2.769999999999806,p2_m0,8,7.236459999574131,-0.001407714418259184,5.166115492373161e-08
2.769999999999806,p2_m1,0,0.006719970441751053,0.0,5.166115492373161e-08
2.769999999999806,p2_m2,0,-0.007233639258602383,0.0,5.166115492373161e-08
2.769999999999806,p2_m3,0,-0.001161487188761647,0.0,5.166115492373161e-08
2.769999999999806,p3_m0,0,0.0016251048927106097,0.0,5.166115492373161e-08
2.769999999999806,p3_m1,0,-0.009078067792964054,0.0,5.166115492373161e-08
2.769999999999806,p3_m2,0,0.009179739326476605,0.0,5.166115492373161e-08
2.769999999999806,p3_m3,0,-0.001541683495278797,0.0,5.166115492373161e-08
2.779999999999805,p0_m0,0,-0.015707418172663176,0.0,5.017253140664403e-08
2.779999999999805,p0_m1,0,-0.019176947211380815,0.0,5.017253140664403e-08
2.779999999999805,p0_m2,0,0.017915914354104737,0.0,5.017253140664403e-08
2.779999999999805,p0_m3,0,0.02558001032250299,0.0,5.017253140664403e-08
2.779999999999805,p1_m0,0,0.018960379603782038,0.0,5.017253140664403e-08
2.779999999999805,p1_m1,0,0.029994939122918743,0.0,5.017253140664403e-08
2.779999999999805,p1_m2,0,-0.03129154361354359,0.0,5.017253140664403e-08
2.779999999999805,p1_m3,0,-0.005990320046973258,0.0,5.017253140664403e-08
2.779999999999805,p2_m0,8,3.8848162922814984,0.011752913790970564,5.017253140664403e-08
2.779999999999805,p2_m1,0,-0.028841136320845638,0.0,5.017253140664403e-08
2.779999999999805,p2_m2,0,0.027184520830010342,0.0,5.017253140664403e-08
2.779999999999805,p2_m3,0,-0.029930376764230566,0.0,5.017253140664403e-08
2.779999999999805,p3_m0,0,0.022013568820236674,0.0,5.017253140664403e-08
2.779999999999805,p3_m1,0,-0.029580434570550942,0.0,5.017253140664403e-08
2.779999999999805,p3_m2,0,0.028302306154685757,0.0,5.017253140664403e-08
2.779999999999805,p3_m3,0,-0.012082223171706374,0.0,5.017253140664403e-08
2.7899999999998037,p0_m0,0,-0.06042407009822352,0.0,6.781470771765486e-07
2.7899999999998037,p0_m1,0,-0.039109911977438225,0.0,6.781470771765486e-07
2.7899999999998037,p0_m2,0,0.036363434242396145,0.0,6.781470771765486e-07
2.7899999999998037,p0_m3,0,0.08080139397087124,0.0,6.781470771765486e-07
2.7899999999998037,p1_m0,0,0.09284075471381878,0.0,6.781470771765486e-07
2.7899999999998037,p1_m1,0,0.03564128754675738,0.0,6.781470771765486e-07
2.7899999999998037,p1_m2,0,-0.03579129896136584,0.0,6.781470771765486e-07
2.7899999999998037,p1_m3,0,-0.007655138570531805,0.0,6.781470771765486e-07
2.7899999999998037,p2_m0,8,2.9756112617067942,0.015,6.781470771765486e-07
2.7899999999998037,p2_m1,0,-0.038061175261922285,0.0,6.781470771765486e-07
2.7899999999998037,p2_m2,0,0.03174111392776768,0.0,6.781470771765486e-07
2.7899999999998037,p2_m3,0,-0.11059572941960177,0.0,6.781470771765486e-07
2.7899999999998037,p3_m0,0,0.04210456031818516,0.0,6.781470771765486e-07
2.7899999999998037,p3_m1,0,-0.08579551170211885,0.0,6.781470771765486e-07
2.7899999999998037,p3_m2,0,0.08294084042942938,0.0,6.781470771765486e-07
2.7899999999998037,p3_m3,0,-0.020752260539431123,0.0,6.781470771765486e-07
2.7999999999998026,p0_m0,0,-0.03082603553823576,0.0,6.3353832438533e-07
2.7999999999998026,p0_m1,0,-0.014065457116183884,0.0,6.3353832438533e-07
2.7999999999998026,p0_m2,0,0.013083862299708697,0.0,6.3353832438533e-07
2.7999999999998026,p0_m3,0,0.038261794902292125,0.0,6.3353832438533e-07
2.7999999999998026,p1_m0,0,0.03055588333066835,0.0,6.3353832438533e-07
2.7999999999998026,p1_m1,0,0.01881419542126982,0.0,6.3353832438533e-07
2.7999999999998026,p1_m2,0,-0.018844373328609144,0.0,6.3353832438533e-07
2.7999999999998026,p1_m3,0,-0.004225619928432339,0.0,6.3353832438533e-07
2.7999999999998026,p2_m0,8,14.744818409786468,0.015,6.3353832438533e-07
2.7999999999998026,p2_m1,0,-0.010828131626805916,0.0,6.3353832438533e-07
2.7999999999998026,p2_m2,0,0.00858746995067779,0.0,6.3353832438533e-07
2.7999999999998026,p2_m3,0,-0.03896813240837075,0.0,6.3353832438533e-07
2.7999999999998026,p3_m0,0,0.019261597201702504,0.0,6.3353832438533e-07
2.7999999999998026,p3_m1,0,-0.041659899931897504,0.0,6.3353832438533e-07
2.7999999999998026,p3_m2,0,0.04081494424726934,0.0,6.3353832438533e-07
2.7999999999998026,p3_m3,0,-0.011736565033330945,0.0,6.3353832438533e-07
2.8099999999998015,p0_m0,0,-0.01605728787159833,0.0,1.3704300992059045e-07
2.8099999999998015,p0_m1,0,-0.003161429964709554,0.0,1.3704300992059045e-07
2.8099999999998015,p0_m2,0,0.0028591274326561474,0.0,1.3704300992059045e-07
2.8099999999998015,p0_m3,0,0.01841575468360156,0.0,1.3704300992059045e-07
2.8099999999998015,p1_m0,0,0.002897130648133243,0.0,1.3704300992059045e-07
2.8099999999998015,p1_m1,0,0.011039491785174181,0.0,1.3704300992059045e-07
2.8099999999998015,p1_m2,0,-0.011010297502260817,0.0,1.3704300992059045e-07
2.8099999999998015,p1_m3,0,-0.0014550121465194876,0.0,1.3704300992059045e-07
2.8099999999998015,p2_m0,8,14.649315031577018,0.015,1.3704300992059045e-07
2.8099999999998015,p2_m1,0,0.0005238711864984128,0.0,1.3704300992059045e-07
2.8099999999998015,p2_m2,0,-0.0012134338806160606,0.0,1.3704300992059045e-07
2.8099999999998015,p2_m3,0,-0.006367546288431704,0.0,1.3704300992059045e-07
2.8099999999998015,p3_m0,0,0.008768659175252158,0.0,1.3704300992059045e-07
2.8099999999998015,p3_m1,0,-0.02010864941992987,0.0,1.3704300992059045e-07
2.8099999999998015,p3_m2,0,0.019925178327395914,0.0,1.3704300992059045e-07
2.8099999999998015,p3_m3,0,-0.006493568457718741,0.0,1.3704300992059045e-07
2.8199999999998004,p0_m0,0,-0.00841473118737812,0.0,6.871178587385635e-08
2.8199999999998004,p0_m1,0,-0.006295053615176436,0.0,6.871178587385635e-08
2.8199999999998004,p0_m2,0,0.005920565758594912,0.0,6.871178587385635e-08
2.8199999999998004,p0_m3,0,0.01137648793545525,0.0,6.871178587385635e-08
2.8199999999998004,p1_m0,0,0.0035183448724199454,0.0,6.871178587385635e-08
2.8199999999998004,p1_m1,0,0.012082821563970529,0.0,6.871178587385635e-08
2.8199999999998004,p1_m2,0,-0.01236100875223542,0.0,6.871178587385635e-08
2.8199999999998004,p1_m3,0,-0.0005991907954502986,0.0,6.871178587385635e-08
2.8199999999998004,p2_m0,8,5.1397522072478194,0.006618017786601718,6.871178587385635e-08
2.8199999999998004,p2_m1,0,-0.006484772763890555,0.0,6.871178587385635e-08
2.8199999999998004,p2_m2,0,0.0059512939788183014,0.0,6.871178587385635e-08
2.8199999999998004,p2_m3,0,-0.007940578446617422,0.0,6.871178587385635e-08
2.8199999999998004,p3_m0,0,0.00840646070713789,0.0,6.871178587385635e-08
2.8199999999998004,p3_m1,0,-0.01373011768512347,0.0,6.871178587385635e-08
2.8199999999998004,p3_m2,0,0.01340122381187269,0.0,6.871178587385635e-08
2.8199999999998004,p3_m3,0,-0.005482349697924422,0.0,6.871178587385635e-08
2.8299999999997993,p0_m0,0,-0.041216420914395153,0.0,4.211790191076174e-08
2.8299999999997993,p0_m1,0,0.07762458914365895,0.0,4.211790191076174e-08
2.8299999999997993,p0_m2,0,-0.07367614719792681,0.0,4.211790191076174e-08
2.8299999999997993,p0_m3,0,0.014206555648090561,0.0,4.211790191076174e-08
2.8299999999997993,p1_m0,0,0.018271853863257324,0.0,4.211790191076174e-08
2.8299999999997993,p1_m1,0,-0.11123783636617764,0.0,4.211790191076174e-08
2.8299999999997993,p1_m2,0,0.11348543908912032,0.0,4.211790191076174e-08
2.8299999999997993,p1_m3,0,-0.045621079161998465,0.0,4.211790191076174e-08
2.8299999999997993,p2_m0,0,1.3310625940257237,0.0,4.211790191076174e-08
2.8299999999997993,p2_m1,8,1.0823761525306794,0.015,4.211790191076174e-08
2.8299999999997993,p2_m2,0,-0.11993850259635877,0.0,4.211790191076174e-08
2.8299999999997993,p2_m3,0,0.018125966497451757,0.0,4.211790191076174e-08
2.8299999999997993,p3_m0,0,-0.09374768276067746,0.0,4.211790191076174e-08
2.8299999999997993,p3_m1,0,0.008402243758376716,0.0,4.211790191076174e-08
2.8299999999997993,p3_m2,0,-0.014627753713932155,0.0,4.211790191076174e-08
2.8299999999997993,p3_m3,0,0.062420768645376296,0.0,4.211790191076174e-08
2.8399999999997982,p0_m0,0,-0.057270731375991195,0.0,1.5985511136268323e-07
2.8399999999997982,p0_m1,0,0.11711713327248045,0.0,1.5985511136268323e-07
2.8399999999997982,p0_m2,0,-0.11145852473277253,0.0,1.5985511136268323e-07
2.8399999999997982,p0_m3,0,0.017372220587734535,0.0,1.5985511136268323e-07
2.8399999999997982,p1_m0,0,0.026643674686058886,0.0,1.5985511136268323e-07
2.8399999999997982,p1_m1,0,-0.16671813885020895,0.0,1.5985511136268323e-07
2.8399999999997982,p1_m2,0,0.16872497168396716,0.0,1.5985511136268323e-07
2.8399999999997982,p1_m3,0,-0.0661596816569614,0.0,1.5985511136268323e-07
2.8399999999997982,p2_m0,0,0.4017774656682042,0.0,1.5985511136268323e-07
2.8399999999997982,p2_m1,8,1.1932842265770536,0.015,1.5985511136268323e-07
2.8399999999997982,p2_m2,0,-0.1752990517646816,0.0,1.5985511136268323e-07
2.8399999999997982,p2_m3,0,0.03218278618478691,0.0,1.5985511136268323e-07
2.8399999999997982,p3_m0,0,-0.1397104188221664,0.0,1.5985511136268323e-07
2.8399999999997982,p3_m1,0,0.02116179778622746,0.0,1.5985511136268323e-07
2.8399999999997982,p3_m2,0,-0.02970202035824529,0.0,1.5985511136268323e-07
2.8399999999997982,p3_m3,0,0.09502553722307552,0.0,1.5985511136268323e-07
2.849999999999797,p0_m0,0,-0.06409391893964098,0.0,2.157158629211442e-07
2.849999999999797,p0_m1,0,0.13333936615653155,0.0,2.157158629211442e-07
2.849999999999797,p0_m2,0,-0.1270841035732568,0.0,2.157158629211442e-07
2.849999999999797,p0_m3,0,0.019266637995450052,0.0,2.157158629211442e-07
2.849999999999797,p1_m0,0,0.031575161090729956,0.0,2.157158629211442e-07
2.849999999999797,p1_m1,0,-0.1890444724919566,0.0,2.157158629211442e-07
2.849999999999797,p1_m2,0,0.1900068063993208,0.0,2.157158629211442e-07
2.849999999999797,p1_m3,0,-0.07558477700249247,0.0,2.157158629211442e-07
2.849999999999797,p2_m0,0,0.07763252214149755,0.0,2.157158629211442e-07
2.849999999999797,p2_m1,8,1.2944087748238877,0.015,2.157158629211442e-07
2.849999999999797,p2_m2,0,-0.19633178555455427,0.0,2.157158629211442e-07
2.849999999999797,p2_m3,0,0.03801983964662244,0.0,2.157158629211442e-07
2.849999999999797,p3_m0,0,-0.15767778585985878,0.0,2.157158629211442e-07
2.849999999999797,p3_m1,0,0.0273022382660081,0.0,2.157158629211442e-07
2.849999999999797,p3_m2,0,-0.03627821722239777,0.0,2.157158629211442e-07
2.849999999999797,p3_m3,0,0.10835567403725462,0.0,2.157158629211442e-07
2.859999999999796,p0_m0,0,-0.06704749746296526,0.0,2.3627682114048153e-07
2.859999999999796,p0_m1,0,0.14019131795996667,0.0,2.3627682114048153e-07
2.859999999999796,p0_m2,0,-0.13373131251428455,0.0,2.3627682114048153e-07
2.859999999999796,p0_m3,0,0.020305846899715596,0.0,2.3627682114048153e-07
2.859999999999796,p1_m0,0,0.03450251116111503,0.0,2.3627682114048153e-07
2.859999999999796,p1_m1,0,-0.19845109256139254,0.0,2.3627682114048153e-07
2.859999999999796,p1_m2,0,0.19863758015457472,0.0,2.3627682114048153e-07
2.859999999999796,p1_m3,0,-0.08019500234210257,0.0,2.3627682114048153e-07
2.859999999999796,p2_m0,0,-0.03144440235911848,0.0,2.3627682114048153e-07
2.859999999999796,p2_m1,8,1.3322109142543341,0.015,2.3627682114048153e-07
2.859999999999796,p2_m2,0,-0.20421292072782304,0.0,2.3627682114048153e-07
2.859999999999796,p2_m3,0,0.04006903925131902,0.0,2.3627682114048153e-07
2.859999999999796,p3_m0,0,-0.164709522671235,0.0,2.3627682114048153e-07
2.859999999999796,p3_m1,0,0.030093142563138945,0.0,2.3627682114048153e-07
2.859999999999796,p3_m2,0,-0.03909424324648975,0.0,2.3627682114048153e-07
2.859999999999796,p3_m3,0,0.11376315420926807,0.0,2.3627682114048153e-07
2.869999999999795,p0_m0,0,-0.068314534331976,0.0,2.4232104115082473e-07
2.869999999999795,p0_m1,0,0.14312172834347806,0.0,2.4232104115082473e-07
2.869999999999795,p0_m2,0,-0.13659861311088914,0.0,2.4232104115082473e-07
2.869999999999795,p0_m3,0,0.020849009016182914,0.0,2.4232104115082473e-07
2.869999999999795,p1_m0,0,0.036280629451180414,0.0,2.4232104115082473e-07
2.869999999999795,p1_m1,0,-0.2025618624691022,0.0,2.4232104115082473e-07
2.869999999999795,p1_m2,0,0.20231586571529014,0.0,2.4232104115082473e-07
2.869999999999795,p1_m3,0,-0.08258475002691575,0.0,2.4232104115082473e-07
2.869999999999795,p2_m0,0,-0.06792891053510712,0.0,2.4232104115082473e-07
2.869999999999795,p2_m1,8,1.3450432328513233,0.015,2.4232104115082473e-07
2.869999999999795,p2_m2,0,-0.20693193482708017,0.0,2.4232104115082473e-07
2.869999999999795,p2_m3,0,0.04049266806509931,0.0,2.4232104115082473e-07
2.869999999999795,p3_m0,0,-0.16734756085401542,0.0,2.4232104115082473e-07
2.869999999999795,p3_m1,0,0.03128817945504464,0.0,2.4232104115082473e-07
2.869999999999795,p3_m2,0,-0.0402592742682248,0.0,2.4232104115082473e-07
2.869999999999795,p3_m3,0,0.11585614032800871,0.0,2.4232104115082473e-07
2.879999999999794,p0_m0,0,-0.06885523979929424,0.0,2.433281813874902e-07
2.879999999999794,p0_m1,0,0.14440421572985293,0.0,2.433281813874902e-07
2.879999999999794,p0_m2,0,-0.13786726602598195,0.0,2.433281813874902e-07
2.879999999999794,p0_m3,0,0.02112837683442139,0.0,2.433281813874902e-07
2.879999999999794,p1_m0,0,0.037401859335653785,0.0,2.433281813874902e-07
2.879999999999794,p1_m1,0,-0.20445984810398887,0.0,2.433281813874902e-07
2.879999999999794,p1_m2,0,0.20399889243599084,0.0,2.433281813874902e-07
2.879999999999794,p1_m3,0,-0.08391582432986323,0.0,2.433281813874902e-07
2.879999999999794,p2_m0,0,-0.07989804982467559,0.0,2.433281813874902e-07
2.879999999999794,p2_m1,8,1.3490641694251881,0.015,2.433281813874902e-07
2.879999999999794,p2_m2,0,-0.20768833702798556,0.0,2.433281813874902e-07
2.879999999999794,p2_m3,0,0.04030906007735496,0.0,2.433281813874902e-07
2.879999999999794,p3_m0,0,-0.16825355676021253,0.0,2.433281813874902e-07
2.879999999999794,p3_m1,0,0.03176679490637051,0.0,2.433281813874902e-07
2.879999999999794,p3_m2,0,-0.04071964314826282,0.0,2.433281813874902e-07
2.879999999999794,p3_m3,0,0.11659644456350896,0.0,2.433281813874902e-07
2.8899999999997927,p0_m0,0,-0.06908626388617037,0.0,2.4286223520891925e-07
2.8899999999997927,p0_m1,0,0.14498741610860363,0.0,2.4286223520891925e-07
2.8899999999997927,p0_m2,0,-0.13845231061489452,0.0,2.4286223520891925e-07
2.8899999999997927,p0_m3,0,0.021273583327381915,0.0,2.4286223520891925e-07
2.8899999999997927,p1_m0,0,0.038135743824759955,0.0,2.4286223520891925e-07
2.8899999999997927,p1_m1,0,-0.20540326419877997,0.0,2.4286223520891925e-07
2.8899999999997927,p1_m2,0,0.2048421469151701,0.0,2.4286223520891925e-07
2.8899999999997927,p1_m3,0,-0.08471286079946332,0.0,2.4286223520891925e-07
2.8899999999997927,p2_m0,0,-0.08363606652919217,0.0,2.4286223520891925e-07
2.8899999999997927,p2_m1,8,1.350081947624346,0.015,2.4286223520891925e-07
2.8899999999997927,p2_m2,0,-0.20774669858097378,0.0,2.4286223520891925e-07
2.8899999999997927,p2_m3,0,0.03995779161160688,0.0,2.4286223520891925e-07
2.8899999999997927,p3_m0,0,-0.1685006458445817,0.0,2.4286223520891925e-07
2.8899999999997927,p3_m1,0,0.031938869222177126,0.0,2.4286223520891925e-07
2.8899999999997927,p3_m2,0,-0.040887726427700326,0.0,2.4286223520891925e-07
2.8899999999997927,p3_m3,0,0.11680605794762682,0.0,2.4286223520891925e-07
2.8999999999997916,p0_m0,0,-0.05164630322247677,0.0,1.950196790390623e-07
2.8999999999997916,p0_m1,0,0.11169745510425545,0.0,1.950196790390623e-07
2.8999999999997916,p0_m2,0,-0.10668028971939368,0.0,1.950196790390623e-07
2.8999999999997916,p0_m3,0,0.0165472922525002,0.0,1.950196790390623e-07
2.8999999999997916,p1_m0,0,0.03094237630049042,0.0,1.950196790390623e-07
2.8999999999997916,p1_m1,0,-0.1588278374171757,0.0,1.950196790390623e-07
2.8999999999997916,p1_m2,0,0.15960724519370686,0.0,1.950196790390623e-07
2.8999999999997916,p1_m3,0,-0.0673012367605308,0.0,1.950196790390623e-07
2.8999999999997916,p2_m0,0,-0.06360125807500938,0.0,1.950196790390623e-07
2.8999999999997916,p2_m1,8,3.7147262317662486,0.009336713556234971,1.950196790390623e-07
2.8999999999997916,p2_m2,0,-0.15782042729418566,0.0,1.950196790390623e-07
2.8999999999997916,p2_m3,0,0.028424400816183058,0.0,1.950196790390623e-07
2.8999999999997916,p3_m0,0,-0.12828756582512316,0.0,1.950196790390623e-07
2.8999999999997916,p3_m1,0,0.02437994815433111,0.0,1.950196790390623e-07
2.8999999999997916,p3_m2,0,-0.030987186715944103,0.0,1.950196790390623e-07
2.8999999999997916,p3_m3,0,0.08874192459904029,0.0,1.950196790390623e-07
2.9099999999997905,p0_m0,0,-0.0572132699613342,0.0,1.3039470922716e-07
2.9099999999997905,p0_m1,0,0.12478258833889208,0.0,1.3039470922716e-07
2.9099999999997905,p0_m2,0,-0.11908400950242208,0.0,1.3039470922716e-07
2.9099999999997905,p0_m3,0,0.017564087634210256,0.0,1.3039470922716e-07
2.9099999999997905,p1_m0,0,0.032271772246485315,0.0,1.3039470922716e-07
2.9099999999997905,p1_m1,0,-0.17808975109795638,0.0,1.3039470922716e-07
2.9099999999997905,p1_m2,0,0.17939191050385878,0.0,1.3039470922716e-07
2.9099999999997905,p1_m3,0,-0.0729357040045461,0.0,1.3039470922716e-07
2.9099999999997905,p2_m0,0,-0.07086925222257538,0.0,1.3039470922716e-07
2.9099999999997905,p2_m1,8,2.3298324314658148,0.015,1.3039470922716e-07
2.9099999999997905,p2_m2,0,-0.17836408412004412,0.0,1.3039470922716e-07
2.9099999999997905,p2_m3,0,0.0311641706376291,0.0,1.3039470922716e-07
2.9099999999997905,p3_m0,0,-0.1446423750545364,0.0,1.3039470922716e-07
2.9099999999997905,p3_m1,0,0.025983316985786306,0.0,1.3039470922716e-07
2.9099999999997905,p3_m2,0,-0.034565219812156676,0.0,1.3039470922716e-07
2.9099999999997905,p3_m3,0,0.09951412671466074,0.0,1.3039470922716e-07
2.9199999999997894,p0_m0,0,-0.06522605233451684,0.0,1.8884000830260558e-07
2.9199999999997894,p0_m1,0,0.1383695714301581,0.0,1.8884000830260558e-07
2.9199999999997894,p0_m2,0,-0.13207049929945847,0.0,1.8884000830260558e-07
2.9199999999997894,p0_m3,0,0.01964834746025024,0.0,1.8884000830260558e-07
2.9199999999997894,p1_m0,0,0.03645445939699354,0.0,1.8884000830260558e-07
2.9199999999997894,p1_m1,0,-0.19708029239474034,0.0,1.8884000830260558e-07
2.9199999999997894,p1_m2,0,0.19667182512859405,0.0,1.8884000830260558e-07
2.9199999999997894,p1_m3,0,-0.08150024275092493,0.0,1.8884000830260558e-07
2.9199999999997894,p2_m0,0,-0.0806452049305675,0.0,1.8884000830260558e-07
2.9199999999997894,p2_m1,8,1.6172640382246122,0.015,1.8884000830260558e-07
2.9199999999997894,p2_m2,0,-0.1981363580561647,0.0,1.8884000830260558e-07
2.9199999999997894,p2_m3,0,0.03650643885855883,0.0,1.8884000830260558e-07
2.9199999999997894,p3_m0,0,-0.1606449370128841,0.0,1.8884000830260558e-07
2.9199999999997894,p3_m1,0,0.029752050108397682,0.0,1.8884000830260558e-07
2.9199999999997894,p3_m2,0,-0.03852839436156587,0.0,1.8884000830260558e-07
2.9199999999997894,p3_m3,0,0.11071960191822013,0.0,1.8884000830260558e-07
2.9299999999997883,p0_m0,0,-0.06642899681052215,0.0,2.2188561872667231e-07
2.9299999999997883,p0_m1,0,0.14090322371843064,0.0,2.2188561872667231e-07
2.9299999999997883,p0_m2,0,-0.1343443744402706,0.0,2.2188561872667231e-07
2.9299999999997883,p0_m3,0,0.01886157698628775,0.0,2.2188561872667231e-07
2.9299999999997883,p1_m0,0,0.0366471176178735,0.0,2.2188561872667231e-07
2.9299999999997883,p1_m1,0,-0.20210231672209775,0.0,2.2188561872667231e-07
2.9299999999997883,p1_m2,0,0.20215824401606375,0.0,2.2188561872667231e-07
2.9299999999997883,p1_m3,0,-0.0841153290472173,0.0,2.2188561872667231e-07
2.9299999999997883,p2_m0,0,-0.08307672796768482,0.0,2.2188561872667231e-07
2.9299999999997883,p2_m1,8,1.9735707234478685,0.015,2.2188561872667231e-07
2.9299999999997883,p2_m2,0,-0.20306629221000583,0.0,2.2188561872667231e-07
2.9299999999997883,p2_m3,0,0.03646749593997549,0.0,2.2188561872667231e-07
2.9299999999997883,p3_m0,0,-0.16409569509901697,0.0,2.2188561872667231e-07
2.9299999999997883,p3_m1,0,0.02946607404027756,0.0,2.2188561872667231e-07
2.9299999999997883,p3_m2,0,-0.038597845253906984,0.0,2.2188561872667231e-07
2.9299999999997883,p3_m3,0,0.11214655048523975,0.0,2.2188561872667231e-07
2.9399999999997872,p0_m0,0,-0.0492376927985686,0.0,1.2958035329821077e-07
2.9399999999997872,p0_m1,0,0.11107954870454881,0.0,1.2958035329821077e-07
2.9399999999997872,p0_m2,0,-0.10600970664179385,0.0,1.2958035329821077e-07
2.9399999999997872,p0_m3,0,0.015614831349029,0.0,1.2958035329821077e-07
2.9399999999997872,p1_m0,0,0.028714983983756222,0.0,1.2958035329821077e-07
2.9399999999997872,p1_m1,0,-0.15891280406456934,0.0,1.2958035329821077e-07
2.9399999999997872,p1_m2,0,0.16155573149219196,0.0,1.2958035329821077e-07
2.9399999999997872,p1_m3,0,-0.06487982725464235,0.0,1.2958035329821077e-07
2.9399999999997872,p2_m0,0,-0.061264897497243336,0.0,1.2958035329821077e-07
2.9399999999997872,p2_m1,8,3.175218689735023,0.01415348267199896,1.2958035329821077e-07
2.9399999999997872,p2_m2,0,-0.15781298122944531,0.0,1.2958035329821077e-07
2.9399999999997872,p2_m3,0,0.02561127160042627,0.0,1.2958035329821077e-07
2.9399999999997872,p3_m0,0,-0.12812681257128736,0.0,1.2958035329821077e-07
2.9399999999997872,p3_m1,0,0.022430747858319614,0.0,1.2958035329821077e-07
2.9399999999997872,p3_m2,0,-0.0305977125759016,0.0,1.2958035329821077e-07
2.9399999999997872,p3_m3,0,0.08805336422881835,0.0,1.2958035329821077e-07
2.949999999999786,p0_m0,0,-0.062456517755507514,0.0,1.6031596100154598e-07
2.949999999999786,p0_m1,0,0.13360216086741702,0.0,1.6031596100154598e-07
2.949999999999786,p0_m2,0,-0.1274879696575649,0.0,1.6031596100154598e-07
2.949999999999786,p0_m3,0,0.018689845677938584,0.0,1.6031596100154598e-07
2.949999999999786,p1_m0,0,0.03502189143930608,0.0,1.6031596100154598e-07
2.949999999999786,p1_m1,0,-0.19073960409745686,0.0,1.6031596100154598e-07
2.949999999999786,p1_m2,0,0.19071307425149303,0.0,1.6031596100154598e-07
2.949999999999786,p1_m3,0,-0.07875699452794475,0.0,1.6031596100154598e-07
2.949999999999786,p2_m0,0,-0.07733170455289112,0.0,1.6031596100154598e-07
2.949999999999786,p2_m1,8,1.8248134190942595,0.015,1.6031596100154598e-07
2.949999999999786,p2_m2,0,-0.19131317732013042,0.0,1.6031596100154598e-07
2.949999999999786,p2_m3,0,0.03438189869652792,0.0,1.6031596100154598e-07
2.949999999999786,p3_m0,0,-0.1550497980886566,0.0,1.6031596100154598e-07
2.949999999999786,p3_m1,0,0.02825198662502866,0.0,1.6031596100154598e-07
2.949999999999786,p3_m2,0,-0.03696110454706246,0.0,1.6031596100154598e-07
2.949999999999786,p3_m3,0,0.10657478577547995,0.0,1.6031596100154598e-07
2.959999999999785,p0_m0,0,-0.06687079399748054,0.0,2.115182344192117e-07
2.959999999999785,p0_m1,0,0.14122174108527022,0.0,2.115182344192117e-07
2.959999999999785,p0_m2,0,-0.13481392315572216,0.0,2.115182344192117e-07
2.959999999999785,p0_m3,0,0.020213766332088427,0.0,2.115182344192117e-07
2.959999999999785,p1_m0,0,0.03749555760956556,0.0,2.115182344192117e-07
2.959999999999785,p1_m1,0,-0.20099252523800082,0.0,2.115182344192117e-07
2.959999999999785,p1_m2,0,0.20040818601233498,0.0,2.115182344192117e-07
2.959999999999785,p1_m3,0,-0.08331727753075836,0.0,2.115182344192117e-07
2.959999999999785,p2_m0,0,-0.08243276973754511,0.0,2.115182344192117e-07
2.959999999999785,p2_m1,8,1.4964707084010278,0.015,2.115182344192117e-07
2.959999999999785,p2_m2,0,-0.20196362125762388,0.0,2.115182344192117e-07
2.959999999999785,p2_m3,0,0.0374479965502831,0.0,2.115182344192117e-07
2.959999999999785,p3_m0,0,-0.16381678597940544,0.0,2.115182344192117e-07
2.959999999999785,p3_m1,0,0.030512730922141754,0.0,2.115182344192117e-07
2.959999999999785,p3_m2,0,-0.03938174508173544,0.0,2.115182344192117e-07
2.959999999999785,p3_m3,0,0.11302456677328765,0.0,2.115182344192117e-07
2.969999999999784,p0_m0,0,-0.048250292656603036,0.0,2.079708585010056e-07
2.969999999999784,p0_m1,0,0.1019968152203595,0.0,2.079708585010056e-07
2.969999999999784,p0_m2,0,-0.09750164045246251,0.0,2.079708585010056e-07
2.969999999999784,p0_m3,0,0.015611574255114093,0.0,2.079708585010056e-07
2.969999999999784,p1_m0,0,0.02786820720885721,0.0,2.079708585010056e-07
2.969999999999784,p1_m1,0,-0.14448796095856634,0.0,2.079708585010056e-07
2.969999999999784,p1_m2,0,0.14417330429042802,0.0,2.079708585010056e-07
2.969999999999784,p1_m3,0,-0.06043316898794452,0.0,2.079708585010056e-07
2.969999999999784,p2_m0,0,-0.057417220819693915,0.0,2.079708585010056e-07
2.969999999999784,p2_m1,8,10.366856968792105,0.0012301025985126035,2.079708585010056e-07
2.969999999999784,p2_m2,0,-0.14297474882214933,0.0,2.079708585010056e-07
2.969999999999784,p2_m3,0,0.02546850677743545,0.0,2.079708585010056e-07
2.969999999999784,p3_m0,0,-0.1166201034489976,0.0,2.079708585010056e-07
2.969999999999784,p3_m1,0,0.02150625035481469,0.0,2.079708585010056e-07
2.969999999999784,p3_m2,0,-0.028725397515097457,0.0,2.079708585010056e-07
2.969999999999784,p3_m3,0,0.08119766621228125,0.0,2.079708585010056e-07
2.979999999999783,p0_m0,0,-0.02453752206843525,0.0,2.348822656775937e-08
2.979999999999783,p0_m1,0,0.05187855774707315,0.0,2.348822656775937e-08
2.979999999999783,p0_m2,0,-0.04971524704643001,0.0,2.348822656775937e-08
2.979999999999783,p0_m3,0,0.008771513338752309,0.0,2.348822656775937e-08
2.979999999999783,p1_m0,0,0.018250405751168326,0.0,2.348822656775937e-08
2.979999999999783,p1_m1,0,-0.07318867432788889,0.0,2.348822656775937e-08
2.979999999999783,p1_m2,0,0.07368236221773186,0.0,2.348822656775937e-08
2.979999999999783,p1_m3,0,-0.0344663890453239,0.0,2.348822656775937e-08
2.979999999999783,p2_m0,0,-0.029126472935372096,0.0,2.348822656775937e-08
2.979999999999783,p2_m1,8,4.965505062705737,0.008077918256444988,2.348822656775937e-08
2.979999999999783,p2_m2,0,-0.06941389823470522,0.0,2.348822656775937e-08
2.979999999999783,p2_m3,0,0.013098819086044796,0.0,2.348822656775937e-08
2.979999999999783,p3_m0,0,-0.05749513443976913,0.0,2.348822656775937e-08
2.979999999999783,p3_m1,0,0.013193236192127917,0.0,2.348822656775937e-08
2.979999999999783,p3_m2,0,-0.01476278983958695,0.0,2.348822656775937e-08
2.979999999999783,p3_m3,0,0.04056285564062148,0.0,2.348822656775937e-08
2.9899999999997817,p0_m0,0,-0.0414002344770881,0.0,1.9004211867434312e-08
2.9899999999997817,p0_m1,0,0.09350519082872948,0.0,1.9004211867434312e-08
2.9899999999997817,p0_m2,0,-0.08916671135694022,0.0,1.9004211867434312e-08
2.9899999999997817,p0_m3,0,0.012476647246207022,0.0,1.9004211867434312e-08
2.9899999999997817,p1_m0,0,0.024756800424770135,0.0,1.9004211867434312e-08
2.9899999999997817,p1_m1,0,-0.13434381803298429,0.0,1.9004211867434312e-08
2.9899999999997817,p1_m2,0,0.13665132437889516,0.0,1.9004211867434312e-08
2.9899999999997817,p1_m3,0,-0.055940725209342686,0.0,1.9004211867434312e-08
2.9899999999997817,p2_m0,0,-0.05331615548710157,0.0,1.9004211867434312e-08
2.9899999999997817,p2_m1,8,2.5766197674727267,0.015,1.9004211867434312e-08
2.9899999999997817,p2_m2,0,-0.13379024677482892,0.0,1.9004211867434312e-08
2.9899999999997817,p2_m3,0,0.022523875652586938,0.0,1.9004211867434312e-08
2.9899999999997817,p3_m0,0,-0.1085128229200089,0.0,1.9004211867434312e-08
2.9899999999997817,p3_m1,0,0.019752842475613847,0.0,1.9004211867434312e-08
2.9899999999997817,p3_m2,0,-0.025627999449703263,0.0,1.9004211867434312e-08
2.9899999999997817,p3_m3,0,0.07408340833946192,0.0,1.9004211867434312e-08
2.9999999999997806,p0_m0,0,-0.05901294758550316,0.0,1.3197191980696565e-07
2.9999999999997806,p0_m1,0,0.12628261055565312,0.0,1.3197191980696565e-07
2.9999999999997806,p0_m2,0,-0.12042218561265292,0.0,1.3197191980696565e-07
2.9999999999997806,p0_m3,0,0.0170897835590934,0.0,1.3197191980696565e-07
2.9999999999997806,p1_m0,0,0.032649860625279616,0.0,1.3197191980696565e-07
2.9999999999997806,p1_m1,0,-0.1807309696474911,0.0,1.3197191980696565e-07
2.9999999999997806,p1_m2,0,0.1809115002083346,0.0,1.3197191980696565e-07
2.9999999999997806,p1_m3,0,-0.07456837073187145,0.0,1.3197191980696565e-07
2.9999999999997806,p2_m0,0,-0.07416943665168843,0.0,1.3197191980696565e-07
2.9999999999997806,p2_m1,8,1.6330175562368205,0.015,1.3197191980696565e-07
2.9999999999997806,p2_m2,0,-0.18206820117972056,0.0,1.3197191980696565e-07
2.9999999999997806,p2_m3,0,0.03298309487257647,0.0,1.3197191980696565e-07
2.9999999999997806,p3_m0,0,-0.14726962876287525,0.0,1.3197191980696565e-07
2.9999999999997806,p3_m1,0,0.026716464360964105,0.0,1.3197191980696565e-07
2.9999999999997806,p3_m2,0,-0.03477155788861317,0.0,1.3197191980696565e-07
2.9999999999997806,p3_m3,0,0.10078366768291262,0.0,1.3197191980696565e-07
3.0099999999997795,p0_m0,0,-0.06531955813936692,0.0,2.054313787964666e-07
3.0099999999997795,p0_m1,0,0.1380614456595078,0.0,2.054313787964666e-07
3.0099999999997795,p0_m2,0,-0.13174167264368955,0.0,2.054313787964666e-07
3.0099999999997795,p0_m3,0,0.019434623707238377,0.0,2.054313787964666e-07
3.0099999999997795,p1_m0,0,0.03606295686147834,0.0,2.054313787964666e-07
3.0099999999997795,p1_m1,0,-0.19668149617413597,0.0,2.054313787964666e-07
3.0099999999997795,p1_m2,0,0.19638448079949397,0.0,2.054313787964666e-07
3.0099999999997795,p1_m3,0,-0.08118528354404464,0.0,2.054313787964666e-07
3.0099999999997795,p2_m0,0,-0.08124600198921414,0.0,2.054313787964666e-07
3.0099999999997795,p2_m1,8,1.4382178536042587,0.015,2.054313787964666e-07
3.0099999999997795,p2_m2,0,-0.1983999044786388,0.0,2.054313787964666e-07
3.0099999999997795,p2_m3,0,0.03694299916867556,0.0,2.054313787964666e-07
3.0099999999997795,p3_m0,0,-0.16068421012429107,0.0,2.054313787964666e-07
3.0099999999997795,p3_m1,0,0.029693626476986174,0.0,2.054313787964666e-07
3.0099999999997795,p3_m2,0,-0.038414683759563,0.0,2.054313787964666e-07
3.0099999999997795,p3_m3,0,0.11061559765818788,0.0,2.054313787964666e-07
3.0199999999997784,p0_m0,0,-0.06776736849212266,0.0,2.3175476560409442e-07
3.0199999999997784,p0_m1,0,0.14261085949778504,0.0,2.3175476560409442e-07
3.0199999999997784,p0_m2,0,-0.13614571426191976,0.0,2.3175476560409442e-07
3.0199999999997784,p0_m3,0,0.020558950442710586,0.0,2.3175476560409442e-07
3.0199999999997784,p1_m0,0,0.03770237025739452,0.0,2.3175476560409442e-07
3.0199999999997784,p1_m1,0,-0.2026611482858414,0.0,2.3175476560409442e-07
3.0199999999997784,p1_m2,0,0.20216051861958165,0.0,2.3175476560409442e-07
3.0199999999997784,p1_m3,0,-0.08385800802008438,0.0,2.3175476560409442e-07
3.0199999999997784,p2_m0,0,-0.08374618129111785,0.0,2.3175476560409442e-07
3.0199999999997784,p2_m1,8,1.3792459672560797,0.015,2.3175476560409442e-07
3.0199999999997784,p2_m2,0,-0.20424054937842623,0.0,2.3175476560409442e-07
3.0199999999997784,p2_m3,0,0.038438735053365675,0.0,2.3175476560409442e-07
3.0199999999997784,p3_m0,0,-0.16561912638869183,0.0,2.3175476560409442e-07
3.0199999999997784,p3_m1,0,0.031000931062303033,0.0,2.3175476560409442e-07
3.0199999999997784,p3_m2,0,-0.03990766636622436,0.0,2.3175476560409442e-07
3.0199999999997784,p3_m3,0,0.1144177703005168,0.0,2.3175476560409442e-07
3.0299999999997773,p0_m0,0,-0.06872436680407783,0.0,2.3901228232684337e-07
3.0299999999997773,p0_m1,0,0.1443973535592836,0.0,2.3901228232684337e-07
3.0299999999997773,p0_m2,0,-0.137889097906324,0.0,2.3901228232684337e-07
3.0299999999997773,p0_m3,0,0.02107605922806071,0.0,2.3901228232684337e-07
3.0299999999997773,p1_m0,0,0.038538369866544395,0.0,2.3901228232684337e-07
3.0299999999997773,p1_m1,0,-0.2049823856617479,0.0,2.3901228232684337e-07
3.0299999999997773,p1_m2,0,0.20438906928180778,0.0,2.3901228232684337e-07
3.0299999999997773,p1_m3,0,-0.08502002532611605,0.0,2.3901228232684337e-07
3.0299999999997773,p2_m0,0,-0.08453558110336924,0.0,2.3901228232684337e-07
3.0299999999997773,p2_m1,8,1.3598040527138444,0.015,2.3901228232684337e-07
3.0299999999997773,p2_m2,0,-0.20626887797666432,0.0,2.3901228232684337e-07
3.0299999999997773,p2_m3,0,0.03891210085950331,0.0,2.3901228232684337e-07
3.0299999999997773,p3_m0,0,-0.16741355574687536,0.0,2.3901228232684337e-07
3.0299999999997773,p3_m1,0,0.03155045719019633,0.0,2.3901228232684337e-07
3.0299999999997773,p3_m2,0,-0.04050762372865273,0.0,2.3901228232684337e-07
3.0299999999997773,p3_m3,0,0.11586401481982918,0.0,2.3901228232684337e-07
3.039999999999776,p0_m0,0,-0.054290210149410746,0.0,2.089146852129618e-07
3.039999999999776,p0_m1,0,0.11599056304868118,0.0,2.089146852129618e-07
3.039999999999776,p0_m2,0,-0.11076101545681152,0.0,2.089146852129618e-07
3.039999999999776,p0_m3,0,0.016971066691817607,0.0,2.089146852129618e-07
3.039999999999776,p1_m0,0,0.031969601394491357,0.0,2.089146852129618e-07
3.039999999999776,p1_m1,0,-0.16529751772083864,0.0,2.089146852129618e-07
3.039999999999776,p1_m2,0,0.16573688452992916,0.0,2.089146852129618e-07
3.039999999999776,p1_m3,0,-0.06980997574470826,0.0,2.089146852129618e-07
3.039999999999776,p2_m0,0,-0.06615550693735214,0.0,2.089146852129618e-07
3.039999999999776,p2_m1,8,4.815020369498752,0.015,2.089146852129618e-07
3.039999999999776,p2_m2,0,-0.1637920471906063,0.0,2.089146852129618e-07
3.039999999999776,p2_m3,0,0.028907163249245464,0.0,2.089146852129618e-07
3.039999999999776,p3_m0,0,-0.133094005653938,0.0,2.089146852129618e-07
3.039999999999776,p3_m1,0,0.02460586343457991,0.0,2.089146852129618e-07
3.039999999999776,p3_m2,0,-0.031950227870968885,0.0,2.089146852129618e-07
3.039999999999776,p3_m3,0,0.09181138087005715,0.0,2.089146852129618e-07
3.049999999999775,p0_m0,0,-0.05536983393611439,0.0,1.2511781923831383e-07
3.049999999999775,p0_m1,0,0.12186056997608043,0.0,1.2511781923831383e-07
3.049999999999775,p0_m2,0,-0.11628183923248249,0.0,1.2511781923831383e-07
3.049999999999775,p0_m3,0,0.017004054561261913,0.0,1.2511781923831383e-07
3.049999999999775,p1_m0,0,0.03153300372491418,0.0,1.2511781923831383e-07
3.049999999999775,p1_m1,0,-0.17428884815547332,0.0,1.2511781923831383e-07
3.049999999999775,p1_m2,0,0.17613608207006218,0.0,1.2511781923831383e-07
3.049999999999775,p1_m3,0,-0.07130509289673037,0.0,1.2511781923831383e-07
3.049999999999775,p2_m0,0,-0.06848083451721128,0.0,1.2511781923831383e-07
3.049999999999775,p2_m1,8,2.5274157367225185,0.015,1.2511781923831383e-07
3.049999999999775,p2_m2,0,-0.17386105049312905,0.0,1.2511781923831383e-07
3.049999999999775,p2_m3,0,0.029375492742889003,0.0,1.2511781923831383e-07
3.049999999999775,p3_m0,0,-0.1410059556957084,0.0,1.2511781923831383e-07
3.049999999999775,p3_m1,0,0.024946341109433487,0.0,1.2511781923831383e-07
3.049999999999775,p3_m2,0,-0.03355701096476768,0.0,1.2511781923831383e-07
3.049999999999775,p3_m3,0,0.09682104504761199,0.0,1.2511781923831383e-07
3.059999999999774,p0_m0,0,-0.06473686423127833,0.0,1.8189547254636716e-07
3.059999999999774,p0_m1,0,0.13753095786798825,0.0,1.8189547254636716e-07
3.059999999999774,p0_m2,0,-0.13126015897131937,0.0,1.8189547254636716e-07
3.059999999999774,p0_m3,0,0.019445792952444883,0.0,1.8189547254636716e-07
3.059999999999774,p1_m0,0,0.03635843601904244,0.0,1.8189547254636716e-07
3.059999999999774,p1_m1,0,-0.1961128300022185,0.0,1.8189547254636716e-07
3.059999999999774,p1_m2,0,0.19576188021958907,0.0,1.8189547254636716e-07
3.059999999999774,p1_m3,0,-0.08123199097276858,0.0,1.8189547254636716e-07
3.059999999999774,p2_m0,0,-0.07986029280388052,0.0,1.8189547254636716e-07
3.059999999999774,p2_m1,8,1.660335593256042,0.015,1.8189547254636716e-07
3.059999999999774,p2_m2,0,-0.19679245445623256,0.0,1.8189547254636716e-07
3.059999999999774,p2_m3,0,0.03581154907661812,0.0,1.8189547254636716e-07
3.059999999999774,p3_m0,0,-0.15954730697252922,0.0,1.8189547254636716e-07
3.059999999999774,p3_m1,0,0.029355665674172398,0.0,1.8189547254636716e-07
3.059999999999774,p3_m2,0,-0.038135795022446704,0.0,1.8189547254636716e-07
3.059999999999774,p3_m3,0,0.10982753094171246,0.0,1.8189547254636716e-07
3.069999999999773,p0_m0,0,-0.06646620354984889,0.0,2.1960580643707633e-07
3.069999999999773,p0_m1,0,0.14087288057292377,0.0,2.1960580643707633e-07
3.069999999999773,p0_m2,0,-0.13433776960099625,0.0,2.1960580643707633e-07
3.069999999999773,p0_m3,0,0.019049078472547495,0.0,2.1960580643707633e-07
3.069999999999773,p1_m0,0,0.036879314892245295,0.0,2.1960580643707633e-07
3.069999999999773,p1_m1,0,-0.20192317384349567,0.0,2.1960580643707633e-07
3.069999999999773,p1_m2,0,0.2019113983058179,0.0,2.1960580643707633e-07
3.069999999999773,p1_m3,0,-0.08411979049811835,0.0,2.1960580643707633e-07
3.069999999999773,p2_m0,0,-0.08274413028557191,0.0,2.1960580643707633e-07
3.069999999999773,p2_m1,8,1.917454619396958,0.015,2.1960580643707633e-07
3.069999999999773,p2_m2,0,-0.20267977265323664,0.0,2.1960580643707633e-07
3.069999999999773,p2_m3,0,0.03634491354645774,0.0,2.1960580643707633e-07
3.069999999999773,p3_m0,0,-0.16387669546101927,0.0,2.1960580643707633e-07
3.069999999999773,p3_m1,0,0.029475718124291044,0.0,2.1960580643707633e-07
3.069999999999773,p3_m2,0,-0.038597285231840944,0.0,2.1960580643707633e-07
3.069999999999773,p3_m3,0,0.11209919263390498,0.0,2.1960580643707633e-07
3.079999999999772,p0_m0,0,-0.04790345304436985,0.0,1.4504217497266284e-07
3.079999999999772,p0_m1,0,0.1078654064587491,0.0,1.4504217497266284e-07
3.079999999999772,p0_m2,0,-0.1029296232441192,0.0,1.4504217497266284e-07
3.079999999999772,p0_m3,0,0.015106387981152493,0.0,1.4504217497266284e-07
3.079999999999772,p1_m0,0,0.028985631617484475,0.0,1.4504217497266284e-07
3.079999999999772,p1_m1,0,-0.1545811760479409,0.0,1.4504217497266284e-07
3.079999999999772,p1_m2,0,0.1565570088961756,0.0,1.4504217497266284e-07
3.079999999999772,p1_m3,0,-0.0646955767769755,0.0,1.4504217497266284e-07
3.079999999999772,p2_m0,0,-0.060294312116748836,0.0,1.4504217497266284e-07
3.079999999999772,p2_m1,8,3.5958560184900192,0.013157246982244906,1.4504217497266284e-07
3.079999999999772,p2_m2,0,-0.1529136933960552,0.0,1.4504217497266284e-07
3.079999999999772,p2_m3,0,0.025005145498733273,0.0,1.4504217497266284e-07
3.079999999999772,p3_m0,0,-0.12411855644738905,0.0,1.4504217497266284e-07
3.079999999999772,p3_m1,0,0.022465994069462654,0.0,1.4504217497266284e-07
3.079999999999772,p3_m2,0,-0.029481511858900036,0.0,1.4504217497266284e-07
3.079999999999772,p3_m3,0,0.08514322257448069,0.0,1.4504217497266284e-07
3.0899999999997707,p0_m0,0,-0.06067968532881373,0.0,1.4571016475316323e-07
3.0899999999997707,p0_m1,0,0.13057021901898067,0.0,1.4571016475316323e-07
3.0899999999997707,p0_m2,0,-0.1245856324803844,0.0,1.4571016475316323e-07
3.0899999999997707,p0_m3,0,0.018191662037158923,0.0,1.4571016475316323e-07
3.0899999999997707,p1_m0,0,0.03419293711802326,0.0,1.4571016475316323e-07
3.0899999999997707,p1_m1,0,-0.1865993708161395,0.0,1.4571016475316323e-07
3.0899999999997707,p1_m2,0,0.1869357564711231,0.0,1.4571016475316323e-07
3.0899999999997707,p1_m3,0,-0.07703596506997443,0.0,1.4571016475316323e-07
3.0899999999997707,p2_m0,0,-0.07509849409123714,0.0,1.4571016475316323e-07
3.0899999999997707,p2_m1,8,1.9761596412685336,0.015,1.4571016475316323e-07
3.0899999999997707,p2_m2,0,-0.18684021769952217,0.0,1.4571016475316323e-07
3.0899999999997707,p2_m3,0,0.03303727519430479,0.0,1.4571016475316323e-07
3.0899999999997707,p3_m0,0,-0.15142127920438025,0.0,1.4571016475316323e-07
3.0899999999997707,p3_m1,0,0.027443388073461118,0.0,1.4571016475316323e-07
3.0899999999997707,p3_m2,0,-0.03599707944535433,0.0,1.4571016475316323e-07
3.0899999999997707,p3_m3,0,0.10397127166338249,0.0,1.4571016475316323e-07
3.0999999999997696,p0_m0,0,-0.06631897363418719,0.0,2.029323835073542e-07
3.0999999999997696,p0_m1,0,0.14020386366962095,0.0,2.029323835073542e-07
3.0999999999997696,p0_m2,0,-0.13383113109442993,0.0,2.029323835073542e-07
3.0999999999997696,p0_m3,0,0.020004427832685023,0.0,2.029323835073542e-07
3.0999999999997696,p1_m0,0,0.03723492053736891,0.0,2.029323835073542e-07
3.0999999999997696,p1_m1,0,-0.19968245968579232,0.0,2.029323835073542e-07
3.0999999999997696,p1_m2,0,0.1991479319078857,0.0,2.029323835073542e-07
3.0999999999997696,p1_m3,0,-0.08283910431882101,0.0,2.029323835073542e-07
3.0999999999997696,p2_m0,0,-0.08168734411900674,0.0,2.029323835073542e-07
3.0999999999997696,p2_m1,8,1.5360245707279072,0.015,2.029323835073542e-07
3.0999999999997696,p2_m2,0,-0.20053691688456518,0.0,2.029323835073542e-07
3.0999999999997696,p2_m3,0,0.036932625629345676,0.0,2.029323835073542e-07
3.0999999999997696,p3_m0,0,-0.16262718788789715,0.0,2.029323835073542e-07
3.0999999999997696,p3_m1,0,0.03015890412509253,0.0,2.029323835073542e-07
3.0999999999997696,p3_m2,0,-0.03898391379612837,0.0,2.029323835073542e-07
3.0999999999997696,p3_m3,0,0.11210487163752024,0.0,2.029323835073542e-07
3.1099999999997685,p0_m0,0,-0.06672993375519132,0.0,2.2625923820841251e-07
3.1099999999997685,p0_m1,0,0.14139115800599417,0.0,2.2625923820841251e-07
3.1099999999997685,p0_m2,0,-0.1347958971467313,0.0,2.2625923820841251e-07
3.1099999999997685,p0_m3,0,0.018846534203876032,0.0,2.2625923820841251e-07
3.1099999999997685,p1_m0,0,0.03691417346813454,0.0,2.2625923820841251e-07
3.1099999999997685,p1_m1,0,-0.20301046658837849,0.0,2.2625923820841251e-07
3.1099999999997685,p1_m2,0,0.20308482478851192,0.0,2.2625923820841251e-07
3.1099999999997685,p1_m3,0,-0.08474525840328652,0.0,2.2625923820841251e-07
3.1099999999997685,p2_m0,0,-0.08329913315548199,0.0,2.2625923820841251e-07
3.1099999999997685,p2_m1,8,2.0097523275812916,0.015,2.2625923820841251e-07
3.1099999999997685,p2_m2,0,-0.20375984769416247,0.0,2.2625923820841251e-07
3.1099999999997685,p2_m3,0,0.03631707390800185,0.0,2.2625923820841251e-07
3.1099999999997685,p3_m0,0,-0.16460838670322311,0.0,2.2625923820841251e-07
3.1099999999997685,p3_m1,0,0.02937991534083159,0.0,2.2625923820841251e-07
3.1099999999997685,p3_m2,0,-0.038567556975587426,0.0,2.2625923820841251e-07
3.1099999999997685,p3_m3,0,0.11236440116552687,0.0,2.2625923820841251e-07
3.1199999999997674,p0_m0,0,-0.050693785405307445,0.0,1.260207520238924e-07
3.1199999999997674,p0_m1,0,0.1138450818986077,0.0,1.260207520238924e-07
3.1199999999997674,p0_m2,0,-0.10865132135821384,0.0,1.260207520238924e-07
3.1199999999997674,p0_m3,0,0.01600811234248166,0.0,1.260207520238924e-07
3.1199999999997674,p1_m0,0,0.029375338351051456,0.0,1.260207520238924e-07
3.1199999999997674,p1_m1,0,-0.16283854004613285,0.0,1.260207520238924e-07
3.1199999999997674,p1_m2,0,0.16573734548123706,0.0,1.260207520238924e-07
3.1199999999997674,p1_m3,0,-0.06634126227076277,0.0,1.260207520238924e-07
3.1199999999997674,p2_m0,0,-0.0628017090278494,0.0,1.260207520238924e-07
3.1199999999997674,p2_m1,8,2.975517347656381,0.014493311139425587,1.260207520238924e-07
3.1199999999997674,p2_m2,0,-0.16178098733583207,0.0,1.260207520238924e-07
3.1199999999997674,p2_m3,0,0.026375671908887312,0.0,1.260207520238924e-07
3.1199999999997674,p3_m0,0,-0.1313421434617505,0.0,1.260207520238924e-07
3.1199999999997674,p3_m1,0,0.022868058273840246,0.0,1.260207520238924e-07
3.1199999999997674,p3_m2,0,-0.03135307261299696,0.0,1.260207520238924e-07
3.1199999999997674,p3_m3,0,0.09025670722153765,0.0,1.260207520238924e-07
3.1299999999997663,p0_m0,0,-0.06325087650096049,0.0,1.6643341039011333e-07
3.1299999999997663,p0_m1,0,0.13491454486313206,0.0,1.6643341039011333e-07
3.1299999999997663,p0_m2,0,-0.12874783219057004,0.0,1.6643341039011333e-07
3.1299999999997663,p0_m3,0,0.018962125504426088,0.0,1.6643341039011333e-07
3.1299999999997663,p1_m0,0,0.03555316556262378,0.0,1.6643341039011333e-07
3.1299999999997663,p1_m1,0,-0.19255875891436866,0.0,1.6643341039011333e-07
3.1299999999997663,p1_m2,0,0.19242173976770593,0.0,1.6643341039011333e-07
3.1299999999997663,p1_m3,0,-0.0796881814523872,0.0,1.6643341039011333e-07
3.1299999999997663,p2_m0,0,-0.07810962847219972,0.0,1.6643341039011333e-07
3.1299999999997663,p2_m1,8,1.7665368577346696,0.015,1.6643341039011333e-07
3.1299999999997663,p2_m2,0,-0.1930972200783637,0.0,1.6643341039011333e-07
3.1299999999997663,p2_m3,0,0.034780211781085306,0.0,1.6643341039011333e-07
3.1299999999997663,p3_m0,0,-0.15651480952102412,0.0,1.6643341039011333e-07
3.1299999999997663,p3_m1,0,0.028552200490329253,0.0,1.6643341039011333e-07
3.1299999999997663,p3_m2,0,-0.03730301488553992,0.0,1.6643341039011333e-07
3.1299999999997663,p3_m3,0,0.107617599236421,0.0,1.6643341039011333e-07
3.139999999999765,p0_m0,0,0.034328511676457396,0.0,1.7361773796676995e-06
3.139999999999765,p0_m1,0,-0.043053034248170974,0.0,1.7361773796676995e-06
3.139999999999765,p0_m2,0,0.03763918427338895,0.0,1.7361773796676995e-06
3.139999999999765,p0_m3,0,-0.0001413670342827918,0.0,1.7361773796676995e-06
3.139999999999765,p1_m0,0,-0.012871725498743752,0.0,1.7361773796676995e-06
3.139999999999765,p1_m1,0,0.09015253865404352,0.0,1.7361773796676995e-06
3.139999999999765,p1_m2,0,-0.09808296704968171,0.0,1.7361773796676995e-06
3.139999999999765,p1_m3,0,0.06940139111497853,0.0,1.7361773796676995e-06
3.139999999999765,p2_m0,0,0.06357692137158924,0.0,1.7361773796676995e-06
3.139999999999765,p2_m1,0,0.15527429625325506,0.0,1.7361773796676995e-06
3.139999999999765,p2_m2,8,1.7559476812980495,0.015,1.7361773796676995e-06
3.139999999999765,p2_m3,0,-0.025945244598344058,0.0,1.7361773796676995e-06
3.139999999999765,p3_m0,0,0.07700757639617255,0.0,1.7361773796676995e-06
3.139999999999765,p3_m1,0,-0.015406631372660675,0.0,1.7361773796676995e-06
3.139999999999765,p3_m2,0,-0.018060893426180336,0.0,1.7361773796676995e-06
3.139999999999765,p3_m3,0,0.023048542787896014,0.0,1.7361773796676995e-06
3.149999999999764,p0_m0,0,0.07575734992441024,0.0,3.7250553226219518e-06
3.149999999999764,p0_m1,0,-0.12045319870907004,0.0,3.7250553226219518e-06
3.149999999999764,p0_m2,0,0.10976973482227838,0.0,3.7250553226219518e-06
3.149999999999764,p0_m3,0,-0.00930316399326477,0.0,3.7250553226219518e-06
3.149999999999764,p1_m0,0,-0.03703298593435691,0.0,3.7250553226219518e-06
3.149999999999764,p1_m1,0,0.21577986933868032,0.0,3.7250553226219518e-06
3.149999999999764,p1_m2,0,-0.22732315482043106,0.0,3.7250553226219518e-06
3.149999999999764,p1_m3,0,0.14344764188365206,0.0,3.7250553226219518e-06
3.149999999999764,p2_m0,0,0.1280258776890171,0.0,3.7250553226219518e-06
3.149999999999764,p2_m1,0,-0.09604359891682293,0.0,3.7250553226219518e-06
3.149999999999764,p2_m2,8,2.221097428847424,0.015,3.7250553226219518e-06
3.149999999999764,p2_m3,0,-0.05263989522790419,0.0,3.7250553226219518e-06
3.149999999999764,p3_m0,0,0.17719147828797427,0.0,3.7250553226219518e-06
3.149999999999764,p3_m1,0,-0.034951172041529685,0.0,3.7250553226219518e-06
3.149999999999764,p3_m2,0,-0.020770922763920244,0.0,3.7250553226219518e-06
3.149999999999764,p3_m3,0,0.009192514315979127,0.0,3.7250553226219518e-06
3.159999999999763,p0_m0,0,0.04619739854600193,0.0,1.602399869268562e-06
3.159999999999763,p0_m1,0,-0.07275243614538013,0.0,1.602399869268562e-06
3.159999999999763,p0_m2,0,0.06741041266503628,0.0,1.602399869268562e-06
3.159999999999763,p0_m3,0,-0.013421405398007362,0.0,1.602399869268562e-06
3.159999999999763,p1_m0,0,-0.024468254520401397,0.0,1.602399869268562e-06
3.159999999999763,p1_m1,0,0.11901279416335074,0.0,1.602399869268562e-06
3.159999999999763,p1_m2,0,-0.12428382922145083,0.0,1.602399869268562e-06
3.159999999999763,p1_m3,0,0.0778277934070349,0.0,1.602399869268562e-06
3.159999999999763,p2_m0,0,0.06304255648766559,0.0,1.602399869268562e-06
3.159999999999763,p2_m1,0,-0.07189024921917038,0.0,1.602399869268562e-06
3.159999999999763,p2_m2,8,14.123093707573508,0.015,1.602399869268562e-06
3.159999999999763,p2_m3,0,-0.050019115885731144,0.0,1.602399869268562e-06
3.159999999999763,p3_m0,0,0.0850792886000121,0.0,1.602399869268562e-06
3.159999999999763,p3_m1,0,-0.020638862595028472,0.0,1.602399869268562e-06
3.159999999999763,p3_m2,0,-0.01800784529724426,0.0,1.602399869268562e-06
3.159999999999763,p3_m3,0,0.004647626038787001,0.0,1.602399869268562e-06
3.169999999999762,p0_m0,0,0.015535578836520897,0.0,9.312875197500741e-07
3.169999999999762,p0_m1,0,-0.02339576395675879,0.0,9.312875197500741e-07
3.169999999999762,p0_m2,0,0.021750698295720065,0.0,9.312875197500741e-07
3.169999999999762,p0_m3,0,-0.005703815363926133,0.0,9.312875197500741e-07
3.169999999999762,p1_m0,0,-0.009101622699121415,0.0,9.312875197500741e-07
3.169999999999762,p1_m1,0,0.03774964430146644,0.0,9.312875197500741e-07
3.169999999999762,p1_m2,0,-0.03918677237119405,0.0,9.312875197500741e-07
3.169999999999762,p1_m3,0,0.025749718786733485,0.0,9.312875197500741e-07
3.169999999999762,p2_m0,0,0.01764337403269972,0.0,9.312875197500741e-07
3.169999999999762,p2_m1,0,-0.017535066989561546,0.0,9.312875197500741e-07
3.169999999999762,p2_m2,8,7.158899788023933,0.002956172662539319,9.312875197500741e-07
3.169999999999762,p2_m3,0,-0.016193782825311285,0.0,9.312875197500741e-07
3.169999999999762,p3_m0,0,0.023740445895324175,0.0,9.312875197500741e-07
3.169999999999762,p3_m1,0,-0.005841579567321244,0.0,9.312875197500741e-07
3.169999999999762,p3_m2,0,-0.007001974592061405,0.0,9.312875197500741e-07
3.169999999999762,p3_m3,0,0.004531753954913087,0.0,9.312875197500741e-07
3.179999999999761,p0_m0,0,0.03375640739066838,0.0,1.6547747791139665e-07
3.179999999999761,p0_m1,0,-0.05911031662928669,0.0,1.6547747791139665e-07
3.179999999999761,p0_m2,0,0.05655140631863755,0.0,1.6547747791139665e-07
3.179999999999761,p0_m3,0,-0.01586302716585174,0.0,1.6547747791139665e-07
3.179999999999761,p1_m0,0,-0.02474981553751408,0.0,1.6547747791139665e-07
3.179999999999761,p1_m1,0,0.08198135972106138,0.0,1.6547747791139665e-07
3.179999999999761,p1_m2,0,-0.08456653752698069,0.0,1.6547747791139665e-07
3.179999999999761,p1_m3,0,0.042227975254648546,0.0,1.6547747791139665e-07
3.179999999999761,p2_m0,0,0.03473905731426759,0.0,1.6547747791139665e-07
3.179999999999761,p2_m1,0,-0.08003546442240474,0.0,1.6547747791139665e-07
3.179999999999761,p2_m2,8,3.6862694378635354,0.012341012935884126,1.6547747791139665e-07
3.179999999999761,p2_m3,0,-0.020432061007610393,0.0,1.6547747791139665e-07
3.179999999999761,p3_m0,0,0.0685755803177923,0.0,1.6547747791139665e-07
3.179999999999761,p3_m1,0,-0.01525845059692582,0.0,1.6547747791139665e-07
3.179999999999761,p3_m2,0,0.011628908599499495,0.0,1.6547747791139665e-07
3.179999999999761,p3_m3,0,-0.04316190236641694,0.0,1.6547747791139665e-07
3.1899999999997597,p0_m0,0,0.07120396357626495,0.0,2.1416807036721073e-06
3.1899999999997597,p0_m1,0,-0.12200470915595732,0.0,2.1416807036721073e-06
3.1899999999997597,p0_m2,0,0.11325374282169272,0.0,2.1416807036721073e-06
3.1899999999997597,p0_m3,0,-0.016888221381924293,0.0,2.1416807036721073e-06
3.1899999999997597,p1_m0,0,-0.04172227643533357,0.0,2.1416807036721073e-06
3.1899999999997597,p1_m1,0,0.20097509898855057,0.0,2.1416807036721073e-06
3.1899999999997597,p1_m2,0,-0.20993345484258805,0.0,2.1416807036721073e-06
3.1899999999997597,p1_m3,0,0.12310498629856328,0.0,2.1416807036721073e-06
3.1899999999997597,p2_m0,0,0.10600065858267899,0.0,2.1416807036721073e-06
3.1899999999997597,p2_m1,0,-0.22179091648612845,0.0,2.1416807036721073e-06
3.1899999999997597,p2_m2,8,2.7547165864993004,0.015,2.1416807036721073e-06
3.1899999999997597,p2_m3,0,-0.04616597138241488,0.0,2.1416807036721073e-06
3.1899999999997597,p3_m0,0,0.16388140998917625,0.0,2.1416807036721073e-06
3.1899999999997597,p3_m1,0,-0.03447494852659455,0.0,2.1416807036721073e-06
3.1899999999997597,p3_m2,0,-0.0011640016626277632,0.0,2.1416807036721073e-06
3.1899999999997597,p3_m3,0,-0.059692765703620976,0.0,2.1416807036721073e-06
3.1999999999997586,p0_m0,0,0.039632456829993674,0.0,2.442856433587584e-06
3.1999999999997586,p0_m1,0,-0.06900291831579344,0.0,2.442856433587584e-06
3.1999999999997586,p0_m2,0,0.0642383579273676,0.0,2.442856433587584e-06
3.1999999999997586,p0_m3,0,-0.010517650179335437,0.0,2.442856433587584e-06
3.1999999999997586,p1_m0,0,-0.027790307899598254,0.0,2.442856433587584e-06
3.1999999999997586,p1_m1,0,0.11375718930126252,0.0,2.442856433587584e-06
3.1999999999997586,p1_m2,0,-0.11828170831091142,0.0,2.442856433587584e-06
3.1999999999997586,p1_m3,0,0.07303158788346381,0.0,2.442856433587584e-06
3.1999999999997586,p2_m0,0,0.054621821685189274,0.0,2.442856433587584e-06
3.1999999999997586,p2_m1,0,-0.11736039228432432,0.0,2.442856433587584e-06
3.1999999999997586,p2_m2,8,14.459536609301809,0.015,2.442856433587584e-06
3.1999999999997586,p2_m3,0,-0.021624772671081236,0.0,2.442856433587584e-06
3.1999999999997586,p3_m0,0,0.08607176039567879,0.0,2.442856433587584e-06
3.1999999999997586,p3_m1,0,-0.01656643639999411,0.0,2.442856433587584e-06
3.1999999999997586,p3_m2,0,-0.004758817357879319,0.0,2.442856433587584e-06
3.1999999999997586,p3_m3,0,-0.02833748458157259,0.0,2.442856433587584e-06
3.2099999999997575,p0_m0,0,0.027412490050676874,0.0,2.857398969037638e-07
3.2099999999997575,p0_m1,0,-0.04795671831040981,0.0,2.857398969037638e-07
3.2099999999997575,p0_m2,0,0.04531522671060178,0.0,2.857398969037638e-07
3.2099999999997575,p0_m3,0,-0.010564418932349775,0.0,2.857398969037638e-07
3.2099999999997575,p1_m0,0,-0.021857616524375435,0.0,2.857398969037638e-07
3.2099999999997575,p1_m1,0,0.07323058105172466,0.0,2.857398969037638e-07
3.2099999999997575,p1_m2,0,-0.07571021600223755,0.0,2.857398969037638e-07
3.2099999999997575,p1_m3,0,0.04441945917468012,0.0,2.857398969037638e-07
3.2099999999997575,p2_m0,0,0.029408227987070473,0.0,2.857398969037638e-07
3.2099999999997575,p2_m1,0,-0.07013032674039486,0.0,2.857398969037638e-07
3.2099999999997575,p2_m2,8,4.188629873289167,0.015,2.857398969037638e-07
3.2099999999997575,p2_m3,0,-0.0115224689046633,0.0,2.857398969037638e-07
3.2099999999997575,p3_m0,0,0.053509086607840886,0.0,2.857398969037638e-07
3.2099999999997575,p3_m1,0,-0.01024290237840423,0.0,2.857398969037638e-07
3.2099999999997575,p3_m2,0,0.0015486761490211718,0.0,2.857398969037638e-07
3.2099999999997575,p3_m3,0,-0.02615671263467061,0.0,2.857398969037638e-07
3.2199999999997564,p0_m0,0,0.0644022514975911,0.0,1.9218906504673207e-06
3.2199999999997564,p0_m1,0,-0.10912233727129683,0.0,1.9218906504673207e-06
3.2199999999997564,p0_m2,0,0.10098041643420307,0.0,1.9218906504673207e-06
3.2199999999997564,p0_m3,0,-0.014285846776011111,0.0,1.9218906504673207e-06
3.2199999999997564,p1_m0,0,-0.03843890406568917,0.0,1.9218906504673207e-06
3.2199999999997564,p1_m1,0,0.18300151145156732,0.0,1.9218906504673207e-06
3.2199999999997564,p1_m2,0,-0.19127219330070053,0.0,1.9218906504673207e-06
3.2199999999997564,p1_m3,0,0.11536214925629303,0.0,1.9218906504673207e-06
3.2199999999997564,p2_m0,0,0.09495649845799306,0.0,1.9218906504673207e-06
3.2199999999997564,p2_m1,0,-0.19944702639173884,0.0,1.9218906504673207e-06
3.2199999999997564,p2_m2,8,13.620694522444852,0.015,1.9218906504673207e-06
3.2199999999997564,p2_m3,0,-0.03868654449632977,0.0,1.9218906504673207e-06
3.2199999999997564,p3_m0,0,0.14442116129949684,0.0,1.9218906504673207e-06
3.2199999999997564,p3_m1,0,-0.029263928215245042,0.0,1.9218906504673207e-06
3.2199999999997564,p3_m2,0,-0.00515957808328512,0.0,1.9218906504673207e-06
3.2199999999997564,p3_m3,0,-0.04069827626297138,0.0,1.9218906504673207e-06
3.2299999999997553,p0_m0,0,0.027330233265788567,0.0,9.446056213984871e-07
3.2299999999997553,p0_m1,0,-0.04721798745163797,0.0,9.446056213984871e-07
3.2299999999997553,p0_m2,0,0.04434836448095153,0.0,9.446056213984871e-07
3.2299999999997553,p0_m3,0,-0.00942664697604819,0.0,9.446056213984871e-07
3.2299999999997553,p1_m0,0,-0.021256069959897747,0.0,9.446056213984871e-07
3.2299999999997553,p1_m1,0,0.07469043324016553,0.0,9.446056213984871e-07
3.2299999999997553,p1_m2,0,-0.07734221999256623,0.0,9.446056213984871e-07
3.2299999999997553,p1_m3,0,0.04695236226907107,0.0,9.446056213984871e-07
3.2299999999997553,p2_m0,0,0.03030921185035132,0.0,9.446056213984871e-07
3.2299999999997553,p2_m1,0,-0.07126023670144406,0.0,9.446056213984871e-07
3.2299999999997553,p2_m2,8,7.104360561891904,0.015,9.446056213984871e-07
3.2299999999997553,p2_m3,0,-0.010781528176403715,0.0,9.446056213984871e-07
3.2299999999997553,p3_m0,0,0.05269417727580003,0.0,9.446056213984871e-07
3.2299999999997553,p3_m1,0,-0.008840566266773897,0.0,9.446056213984871e-07
3.2299999999997553,p3_m2,0,-0.0017563248449251466,0.0,9.446056213984871e-07
3.2299999999997553,p3_m3,0,-0.018007630830744432,0.0,9.446056213984871e-07
3.239999999999754,p0_m0,0,0.06605309740281279,0.0,1.6574880864123693e-06
3.239999999999754,p0_m1,0,-0.11222011662151829,0.0,1.6574880864123693e-06
3.239999999999754,p0_m2,0,0.10406026175775512,0.0,1.6574880864123693e-06
3.239999999999754,p0_m3,0,-0.01575694568834684,0.0,1.6574880864123693e-06
3.239999999999754,p1_m0,0,-0.03905846117301567,0.0,1.6574880864123693e-06
3.239999999999754,p1_m1,0,0.18587313281065576,0.0,1.6574880864123693e-06
3.239999999999754,p1_m2,0,-0.19417846845289916,0.0,1.6574880864123693e-06
3.239999999999754,p1_m3,0,0.1152496507014561,0.0,1.6574880864123693e-06
3.239999999999754,p2_m0,0,0.09586978615278777,0.0,1.6574880864123693e-06
3.239999999999754,p2_m1,0,-0.20264374103553193,0.0,1.6574880864123693e-06
3.239999999999754,p2_m2,8,2.6916831376538695,0.015,1.6574880864123693e-06
3.239999999999754,p2_m3,0,-0.03964368258165643,0.0,1.6574880864123693e-06
3.239999999999754,p3_m0,0,0.14735037275348062,0.0,1.6574880864123693e-06
3.239999999999754,p3_m1,0,-0.029892557826622028,0.0,1.6574880864123693e-06
3.239999999999754,p3_m2,0,-0.002783080193525129,0.0,1.6574880864123693e-06
3.239999999999754,p3_m3,0,-0.045514061244190156,0.0,1.6574880864123693e-06
3.249999999999753,p0_m0,0,0.02535327575503348,0.0,1.0692086517774816e-06
3.249999999999753,p0_m1,0,-0.04385397221589776,0.0,1.0692086517774816e-06
3.249999999999753,p0_m2,0,0.0411057691438524,0.0,1.0692086517774816e-06
3.249999999999753,p0_m3,0,-0.00854291791887699,0.0,1.0692086517774816e-06
3.249999999999753,p1_m0,0,-0.019613120121815597,0.0,1.0692086517774816e-06
3.249999999999753,p1_m1,0,0.07024610003533578,0.0,1.0692086517774816e-06
3.249999999999753,p1_m2,0,-0.07275897913175569,0.0,1.0692086517774816e-06
3.249999999999753,p1_m3,0,0.04526748762979702,0.0,1.0692086517774816e-06
3.249999999999753,p2_m0,0,0.02871675606577013,0.0,1.0692086517774816e-06
3.249999999999753,p2_m1,0,-0.06588720382623321,0.0,1.0692086517774816e-06
3.249999999999753,p2_m2,8,0.8874875780522402,-0.015,1.0692086517774816e-06
3.249999999999753,p2_m3,0,-0.009750288606587297,0.0,1.0692086517774816e-06
3.249999999999753,p3_m0,0,0.04803775072583561,0.0,1.0692086517774816e-06
3.249999999999753,p3_m1,0,-0.007840409312755134,0.0,1.0692086517774816e-06
3.249999999999753,p3_m2,0,-0.003190082556490016,0.0,1.0692086517774816e-06
3.249999999999753,p3_m3,0,-0.01407623705656708,0.0,1.0692086517774816e-06
3.259999999999752,p0_m0,0,0.061624568848775485,0.0,1.3878828517601185e-06
3.259999999999752,p0_m1,0,-0.10515131439781869,0.0,1.3878828517601185e-06
3.259999999999752,p0_m2,0,0.09779378880074345,0.0,1.3878828517601185e-06
3.259999999999752,p0_m3,0,-0.01612960785610188,0.0,1.3878828517601185e-06
3.259999999999752,p1_m0,0,-0.03690629437506982,0.0,1.3878828517601185e-06
3.259999999999752,p1_m1,0,0.17149053372634657,0.0,1.3878828517601185e-06
3.259999999999752,p1_m2,0,-0.17897252596507654,0.0,1.3878828517601185e-06
3.259999999999752,p1_m3,0,0.1043681751889612,0.0,1.3878828517601185e-06
3.259999999999752,p2_m0,0,0.08684654346856374,0.0,1.3878828517601185e-06
3.259999999999752,p2_m1,0,-0.18573790831029646,0.0,1.3878828517601185e-06
3.259999999999752,p2_m2,8,2.7960914440301203,0.015,1.3878828517601185e-06
3.259999999999752,p2_m3,0,-0.036355166991387085,0.0,1.3878828517601185e-06
3.259999999999752,p3_m0,0,0.13590792686572278,0.0,1.3878828517601185e-06
3.259999999999752,p3_m1,0,-0.027475506272067844,0.0,1.3878828517601185e-06
3.259999999999752,p3_m2,0,-0.00023941785291809443,0.0,1.3878828517601185e-06
3.259999999999752,p3_m3,0,-0.04626120686702258,0.0,1.3878828517601185e-06
3.269999999999751,p0_m0,0,0.03208472440067976,0.0,1.5956803833285617e-06
3.269999999999751,p0_m1,0,-0.0552699165568354,0.0,1.5956803833285617e-06
3.269999999999751,p0_m2,0,0.05162597360565642,0.0,1.5956803833285617e-06
3.269999999999751,p0_m3,0,-0.009834411140876517,0.0,1.5956803833285617e-06
3.269999999999751,p1_m0,0,-0.023083856402504366,0.0,1.5956803833285617e-06
3.269999999999751,p1_m1,0,0.08953406436544731,0.0,1.5956803833285617e-06
3.269999999999751,p1_m2,0,-0.09294972838809816,0.0,1.5956803833285617e-06
3.269999999999751,p1_m3,0,0.05726640112724402,0.0,1.5956803833285617e-06
3.269999999999751,p2_m0,0,0.03990887530559501,0.0,1.5956803833285617e-06
3.269999999999751,p2_m1,0,-0.08836680165222453,0.0,1.5956803833285617e-06
3.269999999999751,p2_m2,8,0.9168143917810743,-0.015,1.5956803833285617e-06
3.269999999999751,p2_m3,0,-0.014721219118488895,0.0,1.5956803833285617e-06
3.269999999999751,p3_m0,0,0.06415392862993774,0.0,1.5956803833285617e-06
3.269999999999751,p3_m1,0,-0.011164964439394678,0.0,1.5956803833285617e-06
3.269999999999751,p3_m2,0,-0.0038727244384152565,0.0,1.5956803833285617e-06
3.269999999999751,p3_m3,0,-0.018806949110451377,0.0,1.5956803833285617e-06
3.27999999999975,p0_m0,0,0.011144856603179825,0.0,1.8486537628235332e-07
3.27999999999975,p0_m1,0,-0.018647587793336775,0.0,1.8486537628235332e-07
3.27999999999975,p0_m2,0,0.017541734204083684,0.0,1.8486537628235332e-07
3.27999999999975,p0_m3,0,-0.00460097510089003,0.0,1.8486537628235332e-07
3.27999999999975,p1_m0,0,-0.009286104581656929,0.0,1.8486537628235332e-07
3.27999999999975,p1_m1,0,0.029465202354368752,0.0,1.8486537628235332e-07
3.27999999999975,p1_m2,0,-0.03036396349995991,0.0,1.8486537628235332e-07
3.27999999999975,p1_m3,0,0.01982750058574433,0.0,1.8486537628235332e-07
3.27999999999975,p2_m0,0,0.010033667617658245,0.0,1.8486537628235332e-07
3.27999999999975,p2_m1,0,-0.02362695692282031,0.0,1.8486537628235332e-07
3.27999999999975,p2_m2,8,6.95738059754819,0.0024569355168094953,1.8486537628235332e-07
3.27999999999975,p2_m3,0,-0.002437447205385489,0.0,1.8486537628235332e-07
3.27999999999975,p3_m0,0,0.016785533674887994,0.0,1.8486537628235332e-07
3.27999999999975,p3_m1,0,-0.0022944259120131136,0.0,1.8486537628235332e-07
3.27999999999975,p3_m2,0,-0.003063607286767563,0.0,1.8486537628235332e-07
3.27999999999975,p3_m3,0,-0.0028277134782753234,0.0,1.8486537628235332e-07
3.2899999999997487,p0_m0,0,0.035434059032408136,0.0,4.76957679423738e-07
3.2899999999997487,p0_m1,0,-0.06287957037727777,0.0,4.76957679423738e-07
3.2899999999997487,p0_m2,0,0.0601514885532996,0.0,4.76957679423738e-07
3.2899999999997487,p0_m3,0,-0.016718907970138835,0.0,4.76957679423738e-07
3.2899999999997487,p1_m0,0,-0.02619280847336604,0.0,4.76957679423738e-07
3.2899999999997487,p1_m1,0,0.08731166951096937,0.0,4.76957679423738e-07
3.2899999999997487,p1_m2,0,-0.0900933212099735,0.0,4.76957679423738e-07
3.2899999999997487,p1_m3,0,0.04421541713012685,0.0,4.76957679423738e-07
3.2899999999997487,p2_m0,0,0.03581595660849124,0.0,4.76957679423738e-07
3.2899999999997487,p2_m1,0,-0.09017945401145118,0.0,4.76957679423738e-07
3.2899999999997487,p2_m2,8,3.566697904046465,0.012821978648618835,4.76957679423738e-07
3.2899999999997487,p2_m3,0,-0.017449830529119036,0.0,4.76957679423738e-07
3.2899999999997487,p3_m0,0,0.0717328802023049,0.0,4.76957679423738e-07
3.2899999999997487,p3_m1,0,-0.014351215944749135,0.0,4.76957679423738e-07
3.2899999999997487,p3_m2,0,0.012256907112860104,0.0,4.76957679423738e-07
3.2899999999997487,p3_m3,0,-0.04844055460392044,0.0,4.76957679423738e-07
3.2999999999997476,p0_m0,0,0.07358069077826827,0.0,2.483204628998631e-06
3.2999999999997476,p0_m1,0,-0.12580680397359262,0.0,2.483204628998631e-06
3.2999999999997476,p0_m2,0,0.11667456244580054,0.0,2.483204628998631e-06
3.2999999999997476,p0_m3,0,-0.017364350444339764,0.0,2.483204628998631e-06
3.2999999999997476,p1_m0,0,-0.04277355228435697,0.0,2.483204628998631e-06
3.2999999999997476,p1_m1,0,0.20771424806515384,0.0,2.483204628998631e-06
3.2999999999997476,p1_m2,0,-0.21705633039316471,0.0,2.483204628998631e-06
3.2999999999997476,p1_m3,0,0.12801565559120726,0.0,2.483204628998631e-06
3.2999999999997476,p2_m0,0,0.1095586499217354,0.0,2.483204628998631e-06
3.2999999999997476,p2_m1,0,-0.2301930266531259,0.0,2.483204628998631e-06
3.2999999999997476,p2_m2,8,2.719058292443599,0.015,2.483204628998631e-06
3.2999999999997476,p2_m3,0,-0.04611653765695544,0.0,2.483204628998631e-06
3.2999999999997476,p3_m0,0,0.16755326497110462,0.0,2.483204628998631e-06
3.2999999999997476,p3_m1,0,-0.0341217286552671,0.0,2.483204628998631e-06
3.2999999999997476,p3_m2,0,-0.003360098253488992,0.0,2.483204628998631e-06
3.2999999999997476,p3_m3,0,-0.06008619533358151,0.0,2.483204628998631e-06
3.3099999999997465,p0_m0,0,0.03613371283432613,0.0,2.2117834653268787e-06
3.3099999999997465,p0_m1,0,-0.06261407725320234,0.0,2.2117834653268787e-06
3.3099999999997465,p0_m2,0,0.05841701095302307,0.0,2.2117834653268787e-06
3.3099999999997465,p0_m3,0,-0.010618197120199962,0.0,2.2117834653268787e-06
3.3099999999997465,p1_m0,0,-0.025647290759366982,0.0,2.2117834653268787e-06
3.3099999999997465,p1_m1,0,0.10185264610328709,0.0,2.2117834653268787e-06
3.3099999999997465,p1_m2,0,-0.10579239414072482,0.0,2.2117834653268787e-06
3.3099999999997465,p1_m3,0,0.06530397860015479,0.0,2.2117834653268787e-06
3.3099999999997465,p2_m0,0,0.04721329385466682,0.0,2.2117834653268787e-06
3.3099999999997465,p2_m1,0,-0.10296863646055766,0.0,2.2117834653268787e-06
3.3099999999997465,p2_m2,8,0.9822870187145397,-0.015,2.2117834653268787e-06
3.3099999999997465,p2_m3,0,-0.017934158369349917,0.0,2.2117834653268787e-06
3.3099999999997465,p3_m0,0,0.07473512348804581,0.0,2.2117834653268787e-06
3.3099999999997465,p3_m1,0,-0.013332126364531025,0.0,2.2117834653268787e-06
3.3099999999997465,p3_m2,0,-0.004985350986561106,0.0,2.2117834653268787e-06
3.3099999999997465,p3_m3,0,-0.02493482233535734,0.0,2.2117834653268787e-06
3.3199999999997454,p0_m0,0,0.03165543120854041,0.0,2.6721874929610175e-07
3.3199999999997454,p0_m1,0,-0.055000615691426,0.0,2.6721874929610175e-07
3.3199999999997454,p0_m2,0,0.05204731201950279,0.0,2.6721874929610175e-07
3.3199999999997454,p0_m3,0,-0.012797594296027882,0.0,2.6721874929610175e-07
3.3199999999997454,p1_m0,0,-0.023930463111401904,0.0,2.6721874929610175e-07
3.3199999999997454,p1_m1,0,0.08243342099562714,0.0,2.6721874929610175e-07
3.3199999999997454,p1_m2,0,-0.08527313873398396,0.0,2.6721874929610175e-07
3.3199999999997454,p1_m3,0,0.047744210699104554,0.0,2.6721874929610175e-07
3.3199999999997454,p2_m0,0,0.033677325255537176,0.0,2.6721874929610175e-07
3.3199999999997454,p2_m1,0,-0.08058682913556708,0.0,2.6721874929610175e-07
3.3199999999997454,p2_m2,8,3.1819019609298076,0.011432094844305267,2.6721874929610175e-07
3.3199999999997454,p2_m3,0,-0.013779741702790328,0.0,2.6721874929610175e-07
3.3199999999997454,p3_m0,0,0.06126810526217969,0.0,2.6721874929610175e-07
3.3199999999997454,p3_m1,0,-0.011301521785025992,0.0,2.6721874929610175e-07
3.3199999999997454,p3_m2,0,0.0027998349352699515,0.0,2.6721874929610175e-07
3.3199999999997454,p3_m3,0,-0.0325146551151435,0.0,2.6721874929610175e-07
3.3299999999997443,p0_m0,0,0.05909240431012458,0.0,2.0545012930458583e-06
3.3299999999997443,p0_m1,0,-0.10012499640339412,0.0,2.0545012930458583e-06
3.3299999999997443,p0_m2,0,0.0927615655731539,0.0,2.0545012930458583e-06
3.3299999999997443,p0_m3,0,-0.013914615585180725,0.0,2.0545012930458583e-06
3.3299999999997443,p1_m0,0,-0.035752153635649174,0.0,2.0545012930458583e-06
3.3299999999997443,p1_m1,0,0.16686646196910201,0.0,2.0545012930458583e-06
3.3299999999997443,p1_m2,0,-0.17428326941987154,0.0,2.0545012930458583e-06
3.3299999999997443,p1_m3,0,0.1052764019459245,0.0,2.0545012930458583e-06
3.3299999999997443,p2_m0,0,0.085410501173313,0.0,2.0545012930458583e-06
3.3299999999997443,p2_m1,0,-0.17994115018868198,0.0,2.0545012930458583e-06
3.3299999999997443,p2_m2,8,0.3579602085282332,-0.015,2.0545012930458583e-06
3.3299999999997443,p2_m3,0,-0.0345264941231285,0.0,2.0545012930458583e-06
3.3299999999997443,p3_m0,0,0.12996485860131557,0.0,2.0545012930458583e-06
3.3299999999997443,p3_m1,0,-0.02558265045135794,0.0,2.0545012930458583e-06
3.3299999999997443,p3_m2,0,-0.0054549891988054395,0.0,2.0545012930458583e-06
3.3299999999997443,p3_m3,0,-0.03665967593050917,0.0,2.0545012930458583e-06
3.339999999999743,p0_m0,0,0.027990318835047174,0.0,8.089800479284354e-07
3.339999999999743,p0_m1,0,-0.04832644390699884,0.0,8.089800479284354e-07
3.339999999999743,p0_m2,0,0.04557863923982603,0.0,8.089800479284354e-07
3.339999999999743,p0_m3,0,-0.010648268196309596,0.0,8.089800479284354e-07
3.339999999999743,p1_m0,0,-0.021579405710432525,0.0,8.089800479284354e-07
3.339999999999743,p1_m1,0,0.07425841686313245,0.0,8.089800479284354e-07
3.339999999999743,p1_m2,0,-0.07680475634977142,0.0,8.089800479284354e-07
3.339999999999743,p1_m3,0,0.0456651861134137,0.0,8.089800479284354e-07
3.339999999999743,p2_m0,0,0.030128929083201816,0.0,8.089800479284354e-07
3.339999999999743,p2_m1,0,-0.0708507763756355,0.0,8.089800479284354e-07
3.339999999999743,p2_m2,8,2.2825571781245464,0.002687778290381794,8.089800479284354e-07
3.339999999999743,p2_m3,0,-0.011442541604203826,0.0,8.089800479284354e-07
3.339999999999743,p3_m0,0,0.05285508395561055,0.0,8.089800479284354e-07
3.339999999999743,p3_m1,0,-0.009164325721131388,0.0,8.089800479284354e-07
3.339999999999743,p3_m2,0,-0.00027450371161646367,0.0,8.089800479284354e-07
3.339999999999743,p3_m3,0,-0.020604099930816692,0.0,8.089800479284354e-07
3.349999999999742,p0_m0,0,0.0627148581532275,0.0,1.888143772565602e-06
3.349999999999742,p0_m1,0,-0.10651794904974066,0.0,1.888143772565602e-06
3.349999999999742,p0_m2,0,0.09879863068270506,0.0,1.888143772565602e-06
3.349999999999742,p0_m3,0,-0.015260015402856526,0.0,1.888143772565602e-06
3.349999999999742,p1_m0,0,-0.03738549933999685,0.0,1.888143772565602e-06
3.349999999999742,p1_m1,0,0.17619111772722415,0.0,1.888143772565602e-06
3.349999999999742,p1_m2,0,-0.18401119038815072,0.0,1.888143772565602e-06
3.349999999999742,p1_m3,0,0.10959944800252046,0.0,1.888143772565602e-06
3.349999999999742,p2_m0,0,0.09036193680526246,0.0,1.888143772565602e-06
3.349999999999742,p2_m1,0,-0.19096632123669807,0.0,1.888143772565602e-06
3.349999999999742,p2_m2,8,13.695503457491174,0.015,1.888143772565602e-06
3.349999999999742,p2_m3,0,-0.03714930097843129,0.0,1.888143772565602e-06
3.349999999999742,p3_m0,0,0.1385279962798341,0.0,1.888143772565602e-06
3.349999999999742,p3_m1,0,-0.027614552384321197,0.0,1.888143772565602e-06
3.349999999999742,p3_m2,0,-0.0035888578223195085,0.0,1.888143772565602e-06
3.349999999999742,p3_m3,0,-0.04220427696529827,0.0,1.888143772565602e-06
3.359999999999741,p0_m0,0,0.019263028616697132,0.0,9.250017532540492e-07
3.359999999999741,p0_m1,0,-0.032683741124605106,0.0,9.250017532540492e-07
3.359999999999741,p0_m2,0,0.03049543922805708,0.0,9.250017532540492e-07
3.359999999999741,p0_m3,0,-0.006378829698677602,0.0,9.250017532540492e-07
3.359999999999741,p1_m0,0,-0.014375915694830618,0.0,9.250017532540492e-07
3.359999999999741,p1_m1,0,0.053551835185873795,0.0,9.250017532540492e-07
3.359999999999741,p1_m2,0,-0.055472252318780266,0.0,9.250017532540492e-07
3.359999999999741,p1_m3,0,0.03534396355520782,0.0,9.250017532540492e-07
3.359999999999741,p2_m0,0,0.022430874384658343,0.0,9.250017532540492e-07
3.359999999999741,p2_m1,0,-0.049350499954417745,0.0,9.250017532540492e-07
3.359999999999741,p2_m2,8,10.05379594782813,-0.00013949700872393044,9.250017532540492e-07
3.359999999999741,p2_m3,0,-0.007609344315541459,0.0,9.250017532540492e-07
3.359999999999741,p3_m0,0,0.03510011198043392,0.0,9.250017532540492e-07
3.359999999999741,p3_m1,0,-0.005694827777902994,0.0,9.250017532540492e-07
3.359999999999741,p3_m2,0,-0.004683927417310557,0.0,9.250017532540492e-07
3.359999999999741,p3_m3,0,-0.007042716521434568,0.0,9.250017532540492e-07
3.36999999999974,p0_m0,0,0.019966276094057853,0.0,2.510648002366712e-07
3.36999999999974,p0_m1,0,-0.035574421641646564,0.0,2.510648002366712e-07
3.36999999999974,p0_m2,0,0.034175551393424757,0.0,2.510648002366712e-07
3.36999999999974,p0_m3,0,-0.010427746529129043,0.0,2.510648002366712e-07
3.36999999999974,p1_m0,0,-0.016226260930834496,0.0,2.510648002366712e-07
3.36999999999974,p1_m1,0,0.048482811400504575,0.0,2.510648002366712e-07
3.36999999999974,p1_m2,0,-0.04979070395807734,0.0,2.510648002366712e-07
3.36999999999974,p1_m3,0,0.028292091456597075,0.0,2.510648002366712e-07
3.36999999999974,p2_m0,0,0.019750574139004145,0.0,2.510648002366712e-07
3.36999999999974,p2_m1,0,-0.045597413709025675,0.0,2.510648002366712e-07
3.36999999999974,p2_m2,8,4.653751658595456,0.008921233012331291,2.510648002366712e-07
3.36999999999974,p2_m3,0,-0.009097373739346378,0.0,2.510648002366712e-07
3.36999999999974,p3_m0,0,0.036440014154228734,0.0,2.510648002366712e-07
3.36999999999974,p3_m1,0,-0.008617541653641238,0.0,2.510648002366712e-07
3.36999999999974,p3_m2,0,0.005650617989199805,0.0,2.510648002366712e-07
3.36999999999974,p3_m3,0,-0.02187438276572989,0.0,2.510648002366712e-07
3.3799999999997388,p0_m0,0,0.05534867786573504,0.0,1.3872911896669865e-06
3.3799999999997388,p0_m1,0,-0.09702993036319811,0.0,1.3872911896669865e-06
3.3799999999997388,p0_m2,0,0.09123655974820537,0.0,1.3872911896669865e-06
3.3799999999997388,p0_m3,0,-0.018721960788625744,0.0,1.3872911896669865e-06
3.3799999999997388,p1_m0,0,-0.03462580124296483,0.0,1.3872911896669865e-06
3.3799999999997388,p1_m1,0,0.14886857820185562,0.0,1.3872911896669865e-06
3.3799999999997388,p1_m2,0,-0.1548257395026176,0.0,1.3872911896669865e-06
3.3799999999997388,p1_m3,0,0.0836528935556682,0.0,1.3872911896669865e-06
3.3799999999997388,p2_m0,0,0.07192500060766893,0.0,1.3872911896669865e-06
3.3799999999997388,p2_m1,0,-0.16122748427924596,0.0,1.3872911896669865e-06
3.3799999999997388,p2_m2,8,3.029387453090624,0.014687430124043093,1.3872911896669865e-06
3.3799999999997388,p2_m3,0,-0.03224757644127268,0.0,1.3872911896669865e-06
3.3799999999997388,p3_m0,0,0.1216749069837161,0.0,1.3872911896669865e-06
3.3799999999997388,p3_m1,0,-0.024719760669402117,0.0,1.3872911896669865e-06
3.3799999999997388,p3_m2,0,0.008949415451424497,0.0,1.3872911896669865e-06
3.3799999999997388,p3_m3,0,-0.06055902624949576,0.0,1.3872911896669865e-06
3.3899999999997377,p0_m0,0,0.05291983800763327,0.0,2.8849899255767436e-06
3.3899999999997377,p0_m1,0,-0.09124780290214438,0.0,2.8849899255767436e-06
3.3899999999997377,p0_m2,0,0.08481246895229176,0.0,2.8849899255767436e-06
3.3899999999997377,p0_m3,0,-0.013619579966176389,0.0,2.8849899255767436e-06
3.3899999999997377,p1_m0,0,-0.03374622411224755,0.0,2.8849899255767436e-06
3.3899999999997377,p1_m1,0,0.15000888610847823,0.0,2.8849899255767436e-06
3.3899999999997377,p1_m2,0,-0.15635349767338982,0.0,2.8849899255767436e-06
3.3899999999997377,p1_m3,0,0.09434480827630043,0.0,2.8849899255767436e-06
3.3899999999997377,p2_m0,0,0.0755388875551675,0.0,2.8849899255767436e-06
3.3899999999997377,p2_m1,0,-0.1604577482400124,0.0,2.8849899255767436e-06
3.3899999999997377,p2_m2,8,0.7871559870934076,-0.015,2.8849899255767436e-06
3.3899999999997377,p2_m3,0,-0.030737462369900038,0.0,2.8849899255767436e-06
3.3899999999997377,p3_m0,0,0.11652310999876735,0.0,2.8849899255767436e-06
3.3899999999997377,p3_m1,0,-0.02254501004339794,0.0,2.8849899255767436e-06
3.3899999999997377,p3_m2,0,-0.004974322822449078,0.0,2.8849899255767436e-06
3.3899999999997377,p3_m3,0,-0.04050348106506453,0.0,2.8849899255767436e-06
3.3999999999997366,p0_m0,0,0.01684007797663623,0.0,6.836669137949404e-07
3.3999999999997366,p0_m1,0,-0.028851471098996183,0.0,6.836669137949404e-07
3.3999999999997366,p0_m2,0,0.026990981090146058,0.0,6.836669137949404e-07
3.3999999999997366,p0_m3,0,-0.005892440271010563,0.0,6.836669137949404e-07
3.3999999999997366,p1_m0,0,-0.013773784003232948,0.0,6.836669137949404e-07
3.3999999999997366,p1_m1,0,0.04704615002188748,0.0,6.836669137949404e-07
3.3999999999997366,p1_m2,0,-0.04862860855873794,0.0,6.836669137949404e-07
3.3999999999997366,p1_m3,0,0.03171276144200474,0.0,6.836669137949404e-07
3.3999999999997366,p2_m0,0,0.01797353812456536,0.0,6.836669137949404e-07
3.3999999999997366,p2_m1,0,-0.040819955903384705,0.0,6.836669137949404e-07
3.3999999999997366,p2_m2,8,8.157440046790967,-0.015,6.836669137949404e-07
3.3999999999997366,p2_m3,0,-0.004856573512927662,0.0,6.836669137949404e-07
3.3999999999997366,p3_m0,0,0.02898115353828323,0.0,6.836669137949404e-07
3.3999999999997366,p3_m1,0,-0.004173568994286968,0.0,6.836669137949404e-07
3.3999999999997366,p3_m2,0,-0.00504036875546939,0.0,6.836669137949404e-07
3.3999999999997366,p3_m3,0,-0.006700888847044383,0.0,6.836669137949404e-07
3.4099999999997355,p0_m0,0,0.015111669652376312,0.0,2.497033841279172e-08
3.4099999999997355,p0_m1,0,-0.026870825572687267,0.0,2.497033841279172e-08
3.4099999999997355,p0_m2,0,0.025802388302504756,0.0,2.497033841279172e-08
3.4099999999997355,p0_m3,0,-0.007962784007689865,0.0,2.497033841279172e-08
3.4099999999997355,p1_m0,0,-0.012798691500376188,0.0,2.497033841279172e-08
3.4099999999997355,p1_m1,0,0.036981457732986375,0.0,2.497033841279172e-08
3.4099999999997355,p1_m2,0,-0.037947154093576595,0.0,2.497033841279172e-08
3.4099999999997355,p1_m3,0,0.022281707096196375,0.0,2.497033841279172e-08
3.4099999999997355,p2_m0,0,0.014467958303828292,0.0,2.497033841279172e-08
3.4099999999997355,p2_m1,0,-0.032568562276642496,0.0,2.497033841279172e-08
3.4099999999997355,p2_m2,8,4.938551145027217,0.0076242296116621425,2.497033841279172e-08
3.4099999999997355,p2_m3,0,-0.006039279250990134,0.0,2.497033841279172e-08
3.4099999999997355,p3_m0,0,0.02584730228089353,0.0,2.497033841279172e-08
3.4099999999997355,p3_m1,0,-0.006321579083914324,0.0,2.497033841279172e-08
3.4099999999997355,p3_m2,0,0.003054273978178606,0.0,2.497033841279172e-08
3.4099999999997355,p3_m3,0,-0.014914014737896528,0.0,2.497033841279172e-08
3.4199999999997344,p0_m0,0,0.05003033622418314,0.0,1.0691696818343784e-06
3.4199999999997344,p0_m1,0,-0.08825350029033564,0.0,1.0691696818343784e-06
3.4199999999997344,p0_m2,0,0.08331946736140189,0.0,1.0691696818343784e-06
3.4199999999997344,p0_m3,0,-0.01845021760998031,0.0,1.0691696818343784e-06
3.4199999999997344,p1_m0,0,-0.0324943636102771,0.0,1.0691696818343784e-06
3.4199999999997344,p1_m1,0,0.13241102444279645,0.0,1.0691696818343784e-06
3.4199999999997344,p1_m2,0,-0.1375015746883774,0.0,1.0691696818343784e-06
3.4199999999997344,p1_m3,0,0.07228397519953528,0.0,1.0691696818343784e-06
3.4199999999997344,p2_m0,0,0.06194876002966087,0.0,1.0691696818343784e-06
3.4199999999997344,p2_m1,0,-0.14231065116474972,0.0,1.0691696818343784e-06
3.4199999999997344,p2_m2,8,3.1095113888586488,0.014394715740687762,1.0691696818343784e-06
3.4199999999997344,p2_m3,0,-0.028180357810205166,0.0,1.0691696818343784e-06
3.4199999999997344,p3_m0,0,0.10871998340916036,0.0,1.0691696818343784e-06
3.4199999999997344,p3_m1,0,-0.021979681724254217,0.0,1.0691696818343784e-06
3.4199999999997344,p3_m2,0,0.010665137299035272,0.0,1.0691696818343784e-06
3.4199999999997344,p3_m3,0,-0.059754818912181165,0.0,1.0691696818343784e-06
3.4299999999997333,p0_m0,0,0.06675082399141213,0.0,3.130269878934753e-06
3.4299999999997333,p0_m1,0,-0.11431028500462258,0.0,3.130269878934753e-06
3.4299999999997333,p0_m2,0,0.10588024314846509,0.0,3.130269878934753e-06
3.4299999999997333,p0_m3,0,-0.01527769259048732,0.0,3.130269878934753e-06
3.4299999999997333,p1_m0,0,-0.040243117476090426,0.0,3.130269878934753e-06
3.4299999999997333,p1_m1,0,0.19055092742672042,0.0,3.130269878934753e-06
3.4299999999997333,p1_m2,0,-0.19903644647735527,0.0,3.130269878934753e-06
3.4299999999997333,p1_m3,0,0.1201261349273579,0.0,3.130269878934753e-06
3.4299999999997333,p2_m0,0,0.09984300624851658,0.0,3.130269878934753e-06
3.4299999999997333,p2_m1,0,-0.20883787246981056,0.0,3.130269878934753e-06
3.4299999999997333,p2_m2,8,0.4351993765702804,-0.015,3.130269878934753e-06
3.4299999999997333,p2_m3,0,-0.04101746681951742,0.0,3.130269878934753e-06
3.4299999999997333,p3_m0,0,0.1510670606919808,0.0,3.130269878934753e-06
3.4299999999997333,p3_m1,0,-0.03004222671062297,0.0,3.130269878934753e-06
3.4299999999997333,p3_m2,0,-0.007002055162830337,0.0,3.130269878934753e-06
3.4299999999997333,p3_m3,0,-0.05030746943597735,0.0,3.130269878934753e-06
3.439999999999732,p0_m0,0,0.02461875607447272,0.0,1.1932377857372528e-06
3.439999999999732,p0_m1,0,-0.04274329417336677,0.0,1.1932377857372528e-06
3.439999999999732,p0_m2,0,0.04008574353504453,0.0,1.1932377857372528e-06
3.439999999999732,p0_m3,0,-0.00848979822666872,0.0,1.1932377857372528e-06
3.439999999999732,p1_m0,0,-0.01955424798362816,0.0,1.1932377857372528e-06
3.439999999999732,p1_m1,0,0.06835222502995887,0.0,1.1932377857372528e-06
3.439999999999732,p1_m2,0,-0.07073398274019249,0.0,1.1932377857372528e-06
3.439999999999732,p1_m3,0,0.04459147437396837,0.0,1.1932377857372528e-06
3.439999999999732,p2_m0,0,0.02761543767565555,0.0,1.1932377857372528e-06
3.439999999999732,p2_m1,0,-0.06342567995725784,0.0,1.1932377857372528e-06
3.439999999999732,p2_m2,8,0.8046855961350114,-0.015,1.1932377857372528e-06
3.439999999999732,p2_m3,0,-0.009065573832972823,0.0,1.1932377857372528e-06
3.439999999999732,p3_m0,0,0.04610979611436307,0.0,1.1932377857372528e-06
3.439999999999732,p3_m1,0,-0.00720262774245239,0.0,1.1932377857372528e-06
3.439999999999732,p3_m2,0,-0.004244730430417129,0.0,1.1932377857372528e-06
3.439999999999732,p3_m3,0,-0.014897858362260137,0.0,1.1932377857372528e-06
3.449999999999731,p0_m0,0,-0.00949947683967647,0.0,1.5585782943261117e-06
3.449999999999731,p0_m1,0,0.14325811622623827,0.0,1.5585782943261117e-06
3.449999999999731,p0_m2,0,-0.156654589183865,0.0,1.5585782943261117e-06
3.449999999999731,p0_m3,0,0.09638136814481056,0.0,1.5585782943261117e-06
3.449999999999731,p1_m0,0,0.02998741203153737,0.0,1.5585782943261117e-06
3.449999999999731,p1_m1,0,-0.01350958110573687,0.0,1.5585782943261117e-06
3.449999999999731,p1_m2,0,0.0004136857602756855,0.0,1.5585782943261117e-06
3.449999999999731,p1_m3,0,0.07840470440201872,0.0,1.5585782943261117e-06
3.449999999999731,p2_m0,0,-0.09190370876391116,0.0,1.5585782943261117e-06
3.449999999999731,p2_m1,0,0.004214661241227487,0.0,1.5585782943261117e-06
3.449999999999731,p2_m2,0,0.9105700949990242,0.0,1.5585782943261117e-06
3.449999999999731,p2_m3,8,1.467945845591049,0.015,1.5585782943261117e-06
3.449999999999731,p3_m0,0,-0.08906247836159906,0.0,1.5585782943261117e-06
3.449999999999731,p3_m1,0,0.037503028966219834,0.0,1.5585782943261117e-06
3.449999999999731,p3_m2,0,-0.1974894709763836,0.0,1.5585782943261117e-06
3.449999999999731,p3_m3,0,0.15603515054586214,0.0,1.5585782943261117e-06
3.45999999999973,p0_m0,0,-0.002659097906648045,0.0,1.0663844736000868e-06
3.45999999999973,p0_m1,0,0.05956618518507569,0.0,1.0663844736000868e-06
3.45999999999973,p0_m2,0,-0.06511152464443488,0.0,1.0663844736000868e-06
3.45999999999973,p0_m3,0,0.03938876826776098,0.0,1.0663844736000868e-06
3.45999999999973,p1_m0,0,0.016940109337040633,0.0,1.0663844736000868e-06
3.45999999999973,p1_m1,0,-0.00860074804558266,0.0,1.0663844736000868e-06
3.45999999999973,p1_m2,0,0.0031365384941674183,0.0,1.0663844736000868e-06
3.45999999999973,p1_m3,0,0.02793082160092478,0.0,1.0663844736000868e-06
3.45999999999973,p2_m0,0,-0.03808741861780448,0.0,1.0663844736000868e-06
3.45999999999973,p2_m1,0,0.008835519105893891,0.0,1.0663844736000868e-06
3.45999999999973,p2_m2,0,0.2959096001367434,0.0,1.0663844736000868e-06
3.45999999999973,p2_m3,8,14.418424192015985,0.015,1.0663844736000868e-06
3.45999999999973,p3_m0,0,-0.04789158537613089,0.0,1.0663844736000868e-06
3.45999999999973,p3_m1,0,0.03555356678322638,0.0,1.0663844736000868e-06
3.45999999999973,p3_m2,0,-0.09048253218077257,0.0,1.0663844736000868e-06
3.45999999999973,p3_m3,0,0.07750177729288318,0.0,1.0663844736000868e-06
3.469999999999729,p0_m0,0,-0.00035880069062639634,0.0,1.3114846430258528e-07
3.469999999999729,p0_m1,0,0.022051036749467356,0.0,1.3114846430258528e-07
3.469999999999729,p0_m2,0,-0.024207476303309328,0.0,1.3114846430258528e-07
3.469999999999729,p0_m3,0,0.014871283136955807,0.0,1.3114846430258528e-07
3.469999999999729,p1_m0,0,0.0066757524463065725,0.0,1.3114846430258528e-07
3.469999999999729,p1_m1,0,-0.002692863587916991,0.0,1.3114846430258528e-07
3.469999999999729,p1_m2,0,0.00055744875479906,0.0,1.3114846430258528e-07
3.469999999999729,p1_m3,0,0.010698106936424418,0.0,1.3114846430258528e-07
3.469999999999729,p2_m0,0,-0.015281972864766184,0.0,1.3114846430258528e-07
3.469999999999729,p2_m1,0,0.005673516425704939,0.0,1.3114846430258528e-07
3.469999999999729,p2_m2,0,0.09537546982587304,0.0,1.3114846430258528e-07
3.469999999999729,p2_m3,8,5.653111293657883,0.0032647834660392452,1.3114846430258528e-07
3.469999999999729,p3_m0,0,-0.021021720982784625,0.0,1.3114846430258528e-07
3.469999999999729,p3_m1,0,0.018019062608938968,0.0,1.3114846430258528e-07
3.469999999999729,p3_m2,0,-0.03634040779119378,0.0,1.3114846430258528e-07
3.469999999999729,p3_m3,0,0.03353271225368601,0.0,1.3114846430258528e-07
3.4799999999997278,p0_m0,0,-0.013108834520535849,0.0,5.974120477281778e-07
3.4799999999997278,p0_m1,0,0.11359212897047195,0.0,5.974120477281778e-07
3.4799999999997278,p0_m2,0,-0.12226783095373331,0.0,5.974120477281778e-07
3.4799999999997278,p0_m3,0,0.08014019289984688,0.0,5.974120477281778e-07
3.4799999999997278,p1_m0,0,0.030195804898077792,0.0,5.974120477281778e-07
3.4799999999997278,p1_m1,0,-0.031321799049889916,0.0,5.974120477281778e-07
3.4799999999997278,p1_m2,0,0.02271362652877702,0.0,5.974120477281778e-07
3.4799999999997278,p1_m3,0,0.034513230237107825,0.0,5.974120477281778e-07
3.4799999999997278,p2_m0,0,-0.062140497367717124,0.0,5.974120477281778e-07
3.4799999999997278,p2_m1,0,0.026750495632406505,0.0,5.974120477281778e-07
3.4799999999997278,p2_m2,0,0.004170625976198969,0.0,5.974120477281778e-07
3.4799999999997278,p2_m3,8,3.195710835667229,0.013922309886419432,5.974120477281778e-07
3.4799999999997278,p3_m0,0,-0.0825599008137758,0.0,5.974120477281778e-07
3.4799999999997278,p3_m1,0,0.08837785053299722,0.0,5.974120477281778e-07
3.4799999999997278,p3_m2,0,-0.13812397951349695,0.0,5.974120477281778e-07
3.4799999999997278,p3_m3,0,0.14871877724433388,0.0,5.974120477281778e-07
3.4899999999997267,p0_m0,0,-0.024873288045537137,0.0,2.6146359158729846e-06
3.4899999999997267,p0_m1,0,0.17541362579691347,0.0,2.6146359158729846e-06
3.4899999999997267,p0_m2,0,-0.18860161427406036,0.0,2.6146359158729846e-06
3.4899999999997267,p0_m3,0,0.11136640730013764,0.0,2.6146359158729846e-06
3.4899999999997267,p1_m0,0,0.04848158384151245,0.0,2.6146359158729846e-06
3.4899999999997267,p1_m1,0,-0.04930718308462805,0.0,2.6146359158729846e-06
3.4899999999997267,p1_m2,0,0.03617648181670891,0.0,2.6146359158729846e-06
3.4899999999997267,p1_m3,0,0.05725547129677713,0.0,2.6146359158729846e-06
3.4899999999997267,p2_m0,0,-0.1035000978303847,0.0,2.6146359158729846e-06
3.4899999999997267,p2_m1,0,0.03642173662206131,0.0,2.6146359158729846e-06
3.4899999999997267,p2_m2,0,0.013955868089845875,0.0,2.6146359158729846e-06
3.4899999999997267,p2_m3,8,0.08856907225120231,-0.015,2.6146359158729846e-06
3.4899999999997267,p3_m0,0,-0.1220135405517762,0.0,2.6146359158729846e-06
3.4899999999997267,p3_m1,0,0.07305173215476113,0.0,2.6146359158729846e-06
3.4899999999997267,p3_m2,0,-0.21011938693063467,0.0,2.6146359158729846e-06
3.4899999999997267,p3_m3,0,0.19051762482463783,0.0,2.6146359158729846e-06
3.4999999999997256,p0_m0,0,-0.005078510776560648,0.0,6.150584704789684e-07
3.4999999999997256,p0_m1,0,0.04998796077561627,0.0,6.150584704789684e-07
3.4999999999997256,p0_m2,0,-0.05385369221337761,0.0,6.150584704789684e-07
3.4999999999997256,p0_m3,0,0.030156998661827913,0.0,6.150584704789684e-07
3.4999999999997256,p1_m0,0,0.018337027527999893,0.0,6.150584704789684e-07
3.4999999999997256,p1_m1,0,-0.016299822697323114,0.0,6.150584704789684e-07
3.4999999999997256,p1_m2,0,0.012377100236590102,0.0,6.150584704789684e-07
3.4999999999997256,p1_m3,0,0.012719367310498933,0.0,6.150584704789684e-07
3.4999999999997256,p2_m0,0,-0.02915163776226125,0.0,6.150584704789684e-07
3.4999999999997256,p2_m1,0,0.014385972652360185,0.0,6.150584704789684e-07
3.4999999999997256,p2_m2,0,0.0015227315965439915,0.0,6.150584704789684e-07
3.4999999999997256,p2_m3,8,7.538734464424809,-0.015,6.150584704789684e-07
3.4999999999997256,p3_m0,0,-0.04353114840838511,0.0,6.150584704789684e-07
3.4999999999997256,p3_m1,0,0.046088626418925506,0.0,6.150584704789684e-07
3.4999999999997256,p3_m2,0,-0.06883883268817236,0.0,6.150584704789684e-07
3.4999999999997256,p3_m3,0,0.0636139830405479,0.0,6.150584704789684e-07
3.5099999999997245,p0_m0,0,-0.005052508101143501,0.0,9.516919717381841e-08
3.5099999999997245,p0_m1,0,0.046957200843642674,0.0,9.516919717381841e-08
3.5099999999997245,p0_m2,0,-0.050670282621516426,0.0,9.516919717381841e-08
3.5099999999997245,p0_m3,0,0.032970961364090536,0.0,9.516919717381841e-08
3.5099999999997245,p1_m0,0,0.017814535212379416,0.0,9.516919717381841e-08
3.5099999999997245,p1_m1,0,-0.014006096403322123,0.0,9.516919717381841e-08
3.5099999999997245,p1_m2,0,0.010264935140784148,0.0,9.516919717381841e-08
3.5099999999997245,p1_m3,0,0.011528310648381286,0.0,9.516919717381841e-08
3.5099999999997245,p2_m0,0,-0.024536647902218035,0.0,9.516919717381841e-08
3.5099999999997245,p2_m1,0,0.012212469053992512,0.0,9.516919717381841e-08
3.5099999999997245,p2_m2,0,-0.009400629226811221,0.0,9.516919717381841e-08
3.5099999999997245,p2_m3,8,4.8514499517821985,0.008913565652196687,9.516919717381841e-08
3.5099999999997245,p3_m0,0,-0.03860146974555689,0.0,9.516919717381841e-08
3.5099999999997245,p3_m1,0,0.050678525300055705,0.0,9.516919717381841e-08
3.5099999999997245,p3_m2,0,-0.061331741767046935,0.0,9.516919717381841e-08
3.5099999999997245,p3_m3,0,0.0643138277330148,0.0,9.516919717381841e-08
3.5199999999997234,p0_m0,0,-0.02034480439024227,0.0,1.19931766047848e-06
3.5199999999997234,p0_m1,0,0.15756837145522007,0.0,1.19931766047848e-06
3.5199999999997234,p0_m2,0,-0.16936223284841667,0.0,1.19931766047848e-06
3.5199999999997234,p0_m3,0,0.10371301026553144,0.0,1.19931766047848e-06
3.5199999999997234,p1_m0,0,0.043279560836368094,0.0,1.19931766047848e-06
3.5199999999997234,p1_m1,0,-0.04589007756217108,0.0,1.19931766047848e-06
3.5199999999997234,p1_m2,0,0.03415793102869972,0.0,1.19931766047848e-06
3.5199999999997234,p1_m3,0,0.047927834334351646,0.0,1.19931766047848e-06
3.5199999999997234,p2_m0,0,-0.08830525677634589,0.0,1.19931766047848e-06
3.5199999999997234,p2_m1,0,0.03445260366031411,0.0,1.19931766047848e-06
3.5199999999997234,p2_m2,0,-0.02112898303443592,0.0,1.19931766047848e-06
3.5199999999997234,p2_m3,8,2.7917727642164216,0.015,1.19931766047848e-06
3.5199999999997234,p3_m0,0,-0.11077701183670532,0.0,1.19931766047848e-06
3.5199999999997234,p3_m1,0,0.09139869073771816,0.0,1.19931766047848e-06
3.5199999999997234,p3_m2,0,-0.18929019380634732,0.0,1.19931766047848e-06
3.5199999999997234,p3_m3,0,0.18904018591198612,0.0,1.19931766047848e-06
3.5299999999997222,p0_m0,0,-0.01710482584848447,0.0,2.3387618267709674e-06
3.5299999999997222,p0_m1,0,0.12757627755057746,0.0,2.3387618267709674e-06
3.5299999999997222,p0_m2,0,-0.13715850359338208,0.0,2.3387618267709674e-06
3.5299999999997222,p0_m3,0,0.08042958579910187,0.0,2.3387618267709674e-06
3.5299999999997222,p1_m0,0,0.03986407943968281,0.0,2.3387618267709674e-06
3.5299999999997222,p1_m1,0,-0.03864919922810491,0.0,2.3387618267709674e-06
3.5299999999997222,p1_m2,0,0.029044822529490866,0.0,2.3387618267709674e-06
3.5299999999997222,p1_m3,0,0.036968403188165806,0.0,2.3387618267709674e-06
3.5299999999997222,p2_m0,0,-0.07294948695940895,0.0,2.3387618267709674e-06
3.5299999999997222,p2_m1,0,0.02852727958732788,0.0,2.3387618267709674e-06
3.5299999999997222,p2_m2,0,-0.009153242433378323,0.0,2.3387618267709674e-06
3.5299999999997222,p2_m3,8,13.791090851750626,0.015,2.3387618267709674e-06
3.5299999999997222,p3_m0,0,-0.09425529281911467,0.0,2.3387618267709674e-06
3.5299999999997222,p3_m1,0,0.08190822737452565,0.0,2.3387618267709674e-06
3.5299999999997222,p3_m2,0,-0.1579195872729602,0.0,2.3387618267709674e-06
3.5299999999997222,p3_m3,0,0.14493638967657402,0.0,2.3387618267709674e-06
3.539999999999721,p0_m0,0,-0.0022114833295290535,0.0,1.224331209856199e-07
3.539999999999721,p0_m1,0,0.03173277950312132,0.0,1.224331209856199e-07
3.539999999999721,p0_m2,0,-0.03421621118333795,0.0,1.224331209856199e-07
3.539999999999721,p0_m3,0,0.017795212323484046,0.0,1.224331209856199e-07
3.539999999999721,p1_m0,0,0.012994925897230187,0.0,1.224331209856199e-07
3.539999999999721,p1_m1,0,-0.01132610525172375,0.0,1.224331209856199e-07
3.539999999999721,p1_m2,0,0.008775632947380837,0.0,1.224331209856199e-07
3.539999999999721,p1_m3,0,0.007029869831685499,0.0,1.224331209856199e-07
3.539999999999721,p2_m0,0,-0.01830468849163238,0.0,1.224331209856199e-07
3.539999999999721,p2_m1,0,0.009488824872060906,0.0,1.224331209856199e-07
3.539999999999721,p2_m2,0,-0.0029054037557043663,0.0,1.224331209856199e-07
3.539999999999721,p2_m3,8,8.543706894783265,0.002003759221767017,1.224331209856199e-07
3.539999999999721,p3_m0,0,-0.029369358991836618,0.0,1.224331209856199e-07
3.539999999999721,p3_m1,0,0.03362692677523128,0.0,1.224331209856199e-07
3.539999999999721,p3_m2,0,-0.04598185913994184,0.0,1.224331209856199e-07
3.539999999999721,p3_m3,0,0.04154898659674283,0.0,1.224331209856199e-07
3.54999999999972,p0_m0,0,-0.00713286297506262,0.0,5.7474869937361035e-08
3.54999999999972,p0_m1,0,0.07182205931311483,0.0,5.7474869937361035e-08
3.54999999999972,p0_m2,0,-0.07736435865857798,0.0,5.7474869937361035e-08
3.54999999999972,p0_m3,0,0.05197126432611825,0.0,5.7474869937361035e-08
3.54999999999972,p1_m0,0,0.02438984112557618,0.0,5.7474869937361035e-08
3.54999999999972,p1_m1,0,-0.021573868645491174,0.0,5.7474869937361035e-08
3.54999999999972,p1_m2,0,0.016018231171891346,0.0,5.7474869937361035e-08
3.54999999999972,p1_m3,0,0.017401904937994612,0.0,5.7474869937361035e-08
3.54999999999972,p2_m0,0,-0.03605415898905489,0.0,5.7474869937361035e-08
3.54999999999972,p2_m1,0,0.016953618870992407,0.0,5.7474869937361035e-08
3.54999999999972,p2_m2,0,-0.019492282087075423,0.0,5.7474869937361035e-08
3.54999999999972,p2_m3,8,3.945531271145835,0.011281019857190943,5.7474869937361035e-08
3.54999999999972,p3_m0,0,-0.054999407746673154,0.0,5.7474869937361035e-08
3.54999999999972,p3_m1,0,0.07894526561258401,0.0,5.7474869937361035e-08
3.54999999999972,p3_m2,0,-0.08894117118820179,0.0,5.7474869937361035e-08
3.54999999999972,p3_m3,0,0.0958413195021771,0.0,5.7474869937361035e-08
3.559999999999719,p0_m0,0,-0.02583759388188529,0.0,1.865222563176801e-06
3.559999999999719,p0_m1,0,0.1902696984265065,0.0,1.865222563176801e-06
3.559999999999719,p0_m2,0,-0.20452375471403614,0.0,1.865222563176801e-06
3.559999999999719,p0_m3,0,0.12111272480318905,0.0,1.865222563176801e-06
3.559999999999719,p1_m0,0,0.052685018111453694,0.0,1.865222563176801e-06
3.559999999999719,p1_m1,0,-0.05482659255684827,0.0,1.865222563176801e-06
3.559999999999719,p1_m2,0,0.04064967038990062,0.0,1.865222563176801e-06
3.559999999999719,p1_m3,0,0.060318983873518084,0.0,1.865222563176801e-06
3.559999999999719,p2_m0,0,-0.10988883434293506,0.0,1.865222563176801e-06
3.559999999999719,p2_m1,0,0.038661167192636334,0.0,1.865222563176801e-06
3.559999999999719,p2_m2,0,-0.014067554986083319,0.0,1.865222563176801e-06
3.559999999999719,p2_m3,8,2.4412446204844906,0.015,1.865222563176801e-06
3.559999999999719,p3_m0,0,-0.1310978386143265,0.0,1.865222563176801e-06
3.559999999999719,p3_m1,0,0.09018243993001893,0.0,1.865222563176801e-06
3.559999999999719,p3_m2,0,-0.22719431441760876,0.0,1.865222563176801e-06
3.559999999999719,p3_m3,0,0.21098757484328687,0.0,1.865222563176801e-06
3.569999999999718,p0_m0,0,-0.013433743564343611,0.0,1.8667993604388233e-06
3.569999999999718,p0_m1,0,0.10506967328791715,0.0,1.8667993604388233e-06
3.569999999999718,p0_m2,0,-0.11293919944886191,0.0,1.8667993604388233e-06
3.569999999999718,p0_m3,0,0.06551456361903513,0.0,1.8667993604388233e-06
3.569999999999718,p1_m0,0,0.035793067106762506,0.0,1.8667993604388233e-06
3.569999999999718,p1_m1,0,-0.03381458412511862,0.0,1.8667993604388233e-06
3.569999999999718,p1_m2,0,0.025895873077089657,0.0,1.8667993604388233e-06
3.569999999999718,p1_m3,0,0.027433543158689715,0.0,1.8667993604388233e-06
3.569999999999718,p2_m0,0,-0.05870855998396728,0.0,1.8667993604388233e-06
3.569999999999718,p2_m1,0,0.025518552355819346,0.0,1.8667993604388233e-06
3.569999999999718,p2_m2,0,-0.009179960335950617,0.0,1.8667993604388233e-06
3.569999999999718,p2_m3,8,14.130494331891416,0.015,1.8667993604388233e-06
3.569999999999718,p3_m0,0,-0.0816632672750224,0.0,1.8667993604388233e-06
3.569999999999718,p3_m1,0,0.08658613471983369,0.0,1.8667993604388233e-06
3.569999999999718,p3_m2,0,-0.13323969208922518,0.0,1.8667993604388233e-06
3.569999999999718,p3_m3,0,0.12427383905198673,0.0,1.8667993604388233e-06
3.5799999999997167,p0_m0,0,-0.012075897057989726,0.0,9.917858885681399e-08
3.5799999999997167,p0_m1,0,0.10956200705299532,0.0,9.917858885681399e-08
3.5799999999997167,p0_m2,0,-0.11786369936455793,0.0,9.917858885681399e-08
3.5799999999997167,p0_m3,0,0.07068893849803835,0.0,9.917858885681399e-08
3.5799999999997167,p1_m0,0,0.03391635725049495,0.0,9.917858885681399e-08
3.5799999999997167,p1_m1,0,-0.03381528226175312,0.0,9.917858885681399e-08
3.5799999999997167,p1_m2,0,0.025497872294860124,0.0,9.917858885681399e-08
3.5799999999997167,p1_m3,0,0.029891957708784972,0.0,9.917858885681399e-08
3.5799999999997167,p2_m0,0,-0.05982366151593161,0.0,9.917858885681399e-08
3.5799999999997167,p2_m1,0,0.0257264945337997,0.0,9.917858885681399e-08
3.5799999999997167,p2_m2,0,-0.013664794332265896,0.0,9.917858885681399e-08
3.5799999999997167,p2_m3,8,3.334019794551514,0.014849156122893363,9.917858885681399e-08
3.5799999999997167,p3_m0,0,-0.0825864375566066,0.0,9.917858885681399e-08
3.5799999999997167,p3_m1,0,0.0847337589790515,0.0,9.917858885681399e-08
3.5799999999997167,p3_m2,0,-0.13724403855493378,0.0,9.917858885681399e-08
3.5799999999997167,p3_m3,0,0.13903741924206917,0.0,9.917858885681399e-08
3.5899999999997156,p0_m0,0,-0.016320998822535793,0.0,1.7509117621376055e-06
3.5899999999997156,p0_m1,0,0.12873014878291428,0.0,1.7509117621376055e-06
3.5899999999997156,p0_m2,0,-0.13846811599936193,0.0,1.7509117621376055e-06
3.5899999999997156,p0_m3,0,0.0794723266050707,0.0,1.7509117621376055e-06
3.5899999999997156,p1_m0,0,0.039552405710428507,0.0,1.7509117621376055e-06
3.5899999999997156,p1_m1,0,-0.038577912363004715,0.0,1.7509117621376055e-06
3.5899999999997156,p1_m2,0,0.02882337283832289,0.0,1.7509117621376055e-06
3.5899999999997156,p1_m3,0,0.03846780638691533,0.0,1.7509117621376055e-06
3.5899999999997156,p2_m0,0,-0.07441116479596689,0.0,1.7509117621376055e-06
3.5899999999997156,p2_m1,0,0.027487388116266324,0.0,1.7509117621376055e-06
3.5899999999997156,p2_m2,0,-0.0026603014558541694,0.0,1.7509117621376055e-06
3.5899999999997156,p2_m3,8,0.3368352636716761,-0.015,1.7509117621376055e-06
3.5899999999997156,p3_m0,0,-0.09429238515034331,0.0,1.7509117621376055e-06
3.5899999999997156,p3_m1,0,0.07054250369316961,0.0,1.7509117621376055e-06
3.5899999999997156,p3_m2,0,-0.160951474997606,0.0,1.7509117621376055e-06
3.5899999999997156,p3_m3,0,0.14624976325433697,0.0,1.7509117621376055e-06
3.5999999999997145,p0_m0,0,-0.002135718545116134,0.0,2.576554175236765e-07
3.5999999999997145,p0_m1,0,0.030921287187954512,0.0,2.576554175236765e-07
3.5999999999997145,p0_m2,0,-0.03334412413680409,0.0,2.576554175236765e-07
3.5999999999997145,p0_m3,0,0.016839247470992788,0.0,2.576554175236765e-07
3.5999999999997145,p1_m0,0,0.012191019185544551,0.0,2.576554175236765e-07
3.5999999999997145,p1_m1,0,-0.010845119043715705,0.0,2.576554175236765e-07
3.5999999999997145,p1_m2,0,0.008357041126929178,0.0,2.576554175236765e-07
3.5999999999997145,p1_m3,0,0.007347388247873872,0.0,2.576554175236765e-07
3.5999999999997145,p2_m0,0,-0.01809697871731369,0.0,2.576554175236765e-07
3.5999999999997145,p2_m1,0,0.00859037367765143,0.0,2.576554175236765e-07
3.5999999999997145,p2_m2,0,-0.0002841784926264583,0.0,2.576554175236765e-07
3.5999999999997145,p2_m3,8,7.238351050909508,-0.001141180212742242,2.576554175236765e-07
3.5999999999997145,p3_m0,0,-0.027849228911349184,0.0,2.576554175236765e-07
3.5999999999997145,p3_m1,0,0.023674339095113038,0.0,2.576554175236765e-07
3.5999999999997145,p3_m2,0,-0.04482296944179154,0.0,2.576554175236765e-07
3.5999999999997145,p3_m3,0,0.039667470299960775,0.0,2.576554175236765e-07
3.6099999999997134,p0_m0,0,-0.00837279806148819,0.0,2.840323958807127e-07
3.6099999999997134,p0_m1,0,0.08168390504944635,0.0,2.840323958807127e-07
3.6099999999997134,p0_m2,0,-0.08793460504578757,0.0,2.840323958807127e-07
3.6099999999997134,p0_m3,0,0.0588321603152191,0.0,2.840323958807127e-07
3.6099999999997134,p1_m0,0,0.026218241124544843,0.0,2.840323958807127e-07
3.6099999999997134,p1_m1,0,-0.024543001256995697,0.0,2.840323958807127e-07
3.6099999999997134,p1_m2,0,0.018285844911061177,0.0,2.840323958807127e-07
3.6099999999997134,p1_m3,0,0.020327794519853237,0.0,2.840323958807127e-07
3.6099999999997134,p2_m0,0,-0.04137994547021708,0.0,2.840323958807127e-07
3.6099999999997134,p2_m1,0,0.018961987860791892,0.0,2.840323958807127e-07
3.6099999999997134,p2_m2,0,-0.021669348997053195,0.0,2.840323958807127e-07
3.6099999999997134,p2_m3,8,3.7685222696035794,0.012069220185053587,2.840323958807127e-07
3.6099999999997134,p3_m0,0,-0.06144257948341052,0.0,2.840323958807127e-07
3.6099999999997134,p3_m1,0,0.0831847429378047,0.0,2.840323958807127e-07
3.6099999999997134,p3_m2,0,-0.10026539166835359,0.0,2.840323958807127e-07
3.6099999999997134,p3_m3,0,0.1078518104424446,0.0,2.840323958807127e-07
3.6199999999997123,p0_m0,0,-0.027277540460839588,0.0,2.1119383542171446e-06
3.6199999999997123,p0_m1,0,0.19857929704816438,0.0,2.1119383542171446e-06
3.6199999999997123,p0_m2,0,-0.2134515745925516,0.0,2.1119383542171446e-06
3.6199999999997123,p0_m3,0,0.12557372241018802,0.0,2.1119383542171446e-06
3.6199999999997123,p1_m0,0,0.055172819856890466,0.0,2.1119383542171446e-06
3.6199999999997123,p1_m1,0,-0.057159212559206626,0.0,2.1119383542171446e-06
3.6199999999997123,p1_m2,0,0.04237053863798515,0.0,2.1119383542171446e-06
3.6199999999997123,p1_m3,0,0.06334069308155041,0.0,2.1119383542171446e-06
3.6199999999997123,p2_m0,0,-0.11529916173840934,0.0,2.1119383542171446e-06
3.6199999999997123,p2_m1,0,0.03987920521666,0.0,2.1119383542171446e-06
3.6199999999997123,p2_m2,0,-0.010013014181256474,0.0,2.1119383542171446e-06
3.6199999999997123,p2_m3,8,2.372736706138174,0.015,2.1119383542171446e-06
3.6199999999997123,p3_m0,0,-0.13644860776384204,0.0,2.1119383542171446e-06
3.6199999999997123,p3_m1,0,0.08810550847894216,0.0,2.1119383542171446e-06
3.6199999999997123,p3_m2,0,-0.23676201375165545,0.0,2.1119383542171446e-06
3.6199999999997123,p3_m3,0,0.2167118726572846,0.0,2.1119383542171446e-06
3.6299999999997112,p0_m0,0,-0.008899501907371482,0.0,1.3118975811869445e-06
3.6299999999997112,p0_m1,0,0.08118281485642276,0.0,1.3118975811869445e-06
3.6299999999997112,p0_m2,0,-0.08737024768466903,0.0,1.3118975811869445e-06
3.6299999999997112,p0_m3,0,0.05034410011717112,0.0,1.3118975811869445e-06
3.6299999999997112,p1_m0,0,0.029401756370496055,0.0,1.3118975811869445e-06
3.6299999999997112,p1_m1,0,-0.026586267755440908,0.0,1.3118975811869445e-06
3.6299999999997112,p1_m2,0,0.020343136646489204,0.0,1.3118975811869445e-06
3.6299999999997112,p1_m3,0,0.020146382514347406,0.0,1.3118975811869445e-06
3.6299999999997112,p2_m0,0,-0.04500989906824096,0.0,1.3118975811869445e-06
3.6299999999997112,p2_m1,0,0.02028169997925514,0.0,1.3118975811869445e-06
3.6299999999997112,p2_m2,0,-0.008061393972070677,0.0,1.3118975811869445e-06
3.6299999999997112,p2_m3,8,14.117401402659832,0.015,1.3118975811869445e-06
3.6299999999997112,p3_m0,0,-0.06609245014075694,0.0,1.3118975811869445e-06
3.6299999999997112,p3_m1,0,0.0799692371102715,0.0,1.3118975811869445e-06
3.6299999999997112,p3_m2,0,-0.10715787631542212,0.0,1.3118975811869445e-06
3.6299999999997112,p3_m3,0,0.09988490746201369,0.0,1.3118975811869445e-06
3.63999999999971,p0_m0,0,-0.0022574469332267357,0.0,1.4023310716751689e-07
3.63999999999971,p0_m1,0,0.030479442152148102,0.0,1.4023310716751689e-07
3.63999999999971,p0_m2,0,-0.03289239045172115,0.0,1.4023310716751689e-07
3.63999999999971,p0_m3,0,0.01871800136089775,0.0,1.4023310716751689e-07
3.63999999999971,p1_m0,0,0.013075437924311472,0.0,1.4023310716751689e-07
3.63999999999971,p1_m1,0,-0.01066948135941756,0.0,1.4023310716751689e-07
3.63999999999971,p1_m2,0,0.008206957915759781,0.0,1.4023310716751689e-07
3.63999999999971,p1_m3,0,0.006183199693378216,0.0,1.4023310716751689e-07
3.63999999999971,p2_m0,0,-0.01628376152072413,0.0,1.4023310716751689e-07
3.63999999999971,p2_m1,0,0.008736853544738745,0.0,1.4023310716751689e-07
3.63999999999971,p2_m2,0,-0.005186520589800054,0.0,1.4023310716751689e-07
3.63999999999971,p2_m3,8,5.641696155611334,0.003333099889438424,1.4023310716751689e-07
3.63999999999971,p3_m0,0,-0.02774876839551343,0.0,1.4023310716751689e-07
3.63999999999971,p3_m1,0,0.034095105669106784,0.0,1.4023310716751689e-07
3.63999999999971,p3_m2,0,-0.04329068146759649,0.0,1.4023310716751689e-07
3.63999999999971,p3_m3,0,0.04205253822580883,0.0,1.4023310716751689e-07
3.649999999999709,p0_m0,0,-0.013648945346591312,0.0,5.790103805835752e-07
3.649999999999709,p0_m1,0,0.11749740234917942,0.0,5.790103805835752e-07
3.649999999999709,p0_m2,0,-0.1263064848300223,0.0,5.790103805835752e-07
3.649999999999709,p0_m3,0,0.08153383716414399,0.0,5.790103805835752e-07
3.649999999999709,p1_m0,0,0.03384502619739512,0.0,5.790103805835752e-07
3.649999999999709,p1_m1,0,-0.03542206894764703,0.0,5.790103805835752e-07
3.649999999999709,p1_m2,0,0.0266446998884613,0.0,5.790103805835752e-07
3.649999999999709,p1_m3,0,0.03182255599584069,0.0,5.790103805835752e-07
3.649999999999709,p2_m0,0,-0.061718255697214196,0.0,5.790103805835752e-07
3.649999999999709,p2_m1,0,0.02719399471075278,0.0,5.790103805835752e-07
3.649999999999709,p2_m2,0,-0.028801403741046085,0.0,5.790103805835752e-07
3.649999999999709,p2_m3,8,3.1899886230292362,0.013941950489356876,5.790103805835752e-07
3.649999999999709,p3_m0,0,-0.08528150193204259,0.0,5.790103805835752e-07
3.649999999999709,p3_m1,0,0.09412400341801747,0.0,5.790103805835752e-07
3.649999999999709,p3_m2,0,-0.1416398521554327,0.0,5.790103805835752e-07
3.649999999999709,p3_m3,0,0.15249095140997468,0.0,5.790103805835752e-07
3.659999999999708,p0_m0,0,-0.02893698951227493,0.0,2.7006411983712916e-06
3.659999999999708,p0_m1,0,0.20120891965947388,0.0,2.7006411983712916e-06
3.659999999999708,p0_m2,0,-0.21615394547228275,0.0,2.7006411983712916e-06
3.659999999999708,p0_m3,0,0.12596906531194546,0.0,2.7006411983712916e-06
3.659999999999708,p1_m0,0,0.05760229432146666,0.0,2.7006411983712916e-06
3.659999999999708,p1_m1,0,-0.059312194839586344,0.0,2.7006411983712916e-06
3.659999999999708,p1_m2,0,0.04444035634178873,0.0,2.7006411983712916e-06
3.659999999999708,p1_m3,0,0.06258629731932629,0.0,2.7006411983712916e-06
3.659999999999708,p2_m0,0,-0.11660067323982137,0.0,2.7006411983712916e-06
3.659999999999708,p2_m1,0,0.0417629751797302,0.0,2.7006411983712916e-06
3.659999999999708,p2_m2,0,-0.005481154511636642,0.0,2.7006411983712916e-06
3.659999999999708,p2_m3,8,13.349819709496549,0.015,2.7006411983712916e-06
3.659999999999708,p3_m0,0,-0.1395824948059883,0.0,2.7006411983712916e-06
3.659999999999708,p3_m1,0,0.08816726150838869,0.0,2.7006411983712916e-06
3.659999999999708,p3_m2,0,-0.23883505211772474,0.0,2.7006411983712916e-06
3.659999999999708,p3_m3,0,0.2170052302345352,0.0,2.7006411983712916e-06
3.669999999999707,p0_m0,0,-0.006680627685591568,0.0,7.175556623758734e-07
3.669999999999707,p0_m1,0,0.06762816290750995,0.0,7.175556623758734e-07
3.669999999999707,p0_m2,0,-0.07279563249136856,0.0,7.175556623758734e-07
3.669999999999707,p0_m3,0,0.04129003609579657,0.0,7.175556623758734e-07
3.669999999999707,p1_m0,0,0.02635134493462468,0.0,7.175556623758734e-07
3.669999999999707,p1_m1,0,-0.02327234372726938,0.0,7.175556623758734e-07
3.669999999999707,p1_m2,0,0.01804023610078151,0.0,7.175556623758734e-07
3.669999999999707,p1_m3,0,0.015131851196356539,0.0,7.175556623758734e-07
3.669999999999707,p2_m0,0,-0.03689095103105359,0.0,7.175556623758734e-07
3.669999999999707,p2_m1,0,0.018271786413335444,0.0,7.175556623758734e-07
3.669999999999707,p2_m2,0,-0.007521174235197825,0.0,7.175556623758734e-07
3.669999999999707,p2_m3,8,14.48694631861794,0.015,7.175556623758734e-07
3.669999999999707,p3_m0,0,-0.05783859315335813,0.0,7.175556623758734e-07
3.669999999999707,p3_m1,0,0.07966441286674696,0.0,7.175556623758734e-07
3.669999999999707,p3_m2,0,-0.09160403538307749,0.0,7.175556623758734e-07
3.669999999999707,p3_m3,0,0.08651612806379609,0.0,7.175556623758734e-07
3.6799999999997057,p0_m0,0,-0.020580561037050006,0.0,8.138565214290365e-07
3.6799999999997057,p0_m1,0,0.1645687961916886,0.0,8.138565214290365e-07
3.6799999999997057,p0_m2,0,-0.17700010896871332,0.0,8.138565214290365e-07
3.6799999999997057,p0_m3,0,0.10228886448100065,0.0,8.138565214290365e-07
3.6799999999997057,p1_m0,0,0.04684062505370984,0.0,8.138565214290365e-07
3.6799999999997057,p1_m1,0,-0.048049921182748125,0.0,8.138565214290365e-07
3.6799999999997057,p1_m2,0,0.03566485109484392,0.0,8.138565214290365e-07
3.6799999999997057,p1_m3,0,0.05150858070389382,0.0,8.138565214290365e-07
3.6799999999997057,p2_m0,0,-0.09526475472041225,0.0,8.138565214290365e-07
3.6799999999997057,p2_m1,0,0.0338570286824384,0.0,8.138565214290365e-07
3.6799999999997057,p2_m2,0,-0.0035753085909720596,0.0,8.138565214290365e-07
3.6799999999997057,p2_m3,8,2.4771344951946177,0.015,8.138565214290365e-07
3.6799999999997057,p3_m0,0,-0.11624551630247776,0.0,8.138565214290365e-07
3.6799999999997057,p3_m1,0,0.08237285764671538,0.0,8.138565214290365e-07
3.6799999999997057,p3_m2,0,-0.2017484451072574,0.0,8.138565214290365e-07
3.6799999999997057,p3_m3,0,0.18831093236980354,0.0,8.138565214290365e-07
3.6899999999997046,p0_m0,0,-0.008742127505334187,0.0,1.0981079728467388e-06
3.6899999999997046,p0_m1,0,0.08203608729459015,0.0,1.0981079728467388e-06
3.6899999999997046,p0_m2,0,-0.08832209698365674,0.0,1.0981079728467388e-06
3.6899999999997046,p0_m3,0,0.05005710504390045,0.0,1.0981079728467388e-06
3.6899999999997046,p1_m0,0,0.028863816148182533,0.0,1.0981079728467388e-06
3.6899999999997046,p1_m1,0,-0.026311721953643792,0.0,1.0981079728467388e-06
3.6899999999997046,p1_m2,0,0.019975283817200807,0.0,1.0981079728467388e-06
3.6899999999997046,p1_m3,0,0.02147099578042511,0.0,1.0981079728467388e-06
3.6899999999997046,p2_m0,0,-0.046239545525220575,0.0,1.0981079728467388e-06
3.6899999999997046,p2_m1,0,0.01972294817233384,0.0,1.0981079728467388e-06
3.6899999999997046,p2_m2,0,-0.003551298494092726,0.0,1.0981079728467388e-06
3.6899999999997046,p2_m3,8,0.5467971522319622,-0.015,1.0981079728467388e-06
3.6899999999997046,p3_m0,0,-0.06589783358093558,0.0,1.0981079728467388e-06
3.6899999999997046,p3_m1,0,0.065737947620872,0.0,1.0981079728467388e-06
3.6899999999997046,p3_m2,0,-0.10870209878362079,0.0,1.0981079728467388e-06
3.6899999999997046,p3_m3,0,0.10035758946858496,0.0,1.0981079728467388e-06
3.6999999999997035,p0_m0,0,-0.003398431333939706,0.0,4.595779525725828e-08
3.6999999999997035,p0_m1,0,0.03592175518893761,0.0,4.595779525725828e-08
3.6999999999997035,p0_m2,0,-0.038746563150836404,0.0,4.595779525725828e-08
3.6999999999997035,p0_m3,0,0.022791173959384646,0.0,4.595779525725828e-08
3.6999999999997035,p1_m0,0,0.014482212096115046,0.0,4.595779525725828e-08
3.6999999999997035,p1_m1,0,-0.011927790549701679,0.0,4.595779525725828e-08
3.6999999999997035,p1_m2,0,0.009058258369218128,0.0,4.595779525725828e-08
3.6999999999997035,p1_m3,0,0.008006827632328808,0.0,4.595779525725828e-08
3.6999999999997035,p2_m0,0,-0.019167675577395793,0.0,4.595779525725828e-08
3.6999999999997035,p2_m1,0,0.009550321648370453,0.0,4.595779525725828e-08
3.6999999999997035,p2_m2,0,-0.005131782417389198,0.0,4.595779525725828e-08
3.6999999999997035,p2_m3,8,5.776603552182508,0.006940564111146614,4.595779525725828e-08
3.6999999999997035,p3_m0,0,-0.03098082204692842,0.0,4.595779525725828e-08
3.6999999999997035,p3_m1,0,0.034299550785453235,0.0,4.595779525725828e-08
3.6999999999997035,p3_m2,0,-0.049326171875189416,0.0,4.595779525725828e-08
3.6999999999997035,p3_m3,0,0.048483997369633235,0.0,4.595779525725828e-08
3.7099999999997024,p0_m0,0,-0.015609442655637079,0.0,8.301741313190401e-07
3.7099999999997024,p0_m1,0,0.12920613498452974,0.0,8.301741313190401e-07
3.7099999999997024,p0_m2,0,-0.13885864595442507,0.0,8.301741313190401e-07
3.7099999999997024,p0_m3,0,0.08812570509933734,0.0,8.301741313190401e-07
3.7099999999997024,p1_m0,0,0.03655884628906899,0.0,8.301741313190401e-07
3.7099999999997024,p1_m1,0,-0.0388112818737604,0.0,8.301741313190401e-07
3.7099999999997024,p1_m2,0,0.02920318679183344,0.0,8.301741313190401e-07
3.7099999999997024,p1_m3,0,0.036099592210619764,0.0,8.301741313190401e-07
3.7099999999997024,p2_m0,0,-0.0689403123611104,0.0,8.301741313190401e-07
3.7099999999997024,p2_m1,0,0.02963948980143436,0.0,8.301741313190401e-07
3.7099999999997024,p2_m2,0,-0.02659276749746299,0.0,8.301741313190401e-07
3.7099999999997024,p2_m3,8,3.0722904339832526,0.014376821832899659,8.301741313190401e-07
3.7099999999997024,p3_m0,0,-0.09288070043472536,0.0,8.301741313190401e-07
3.7099999999997024,p3_m1,0,0.09205195241887443,0.0,8.301741313190401e-07
3.7099999999997024,p3_m2,0,-0.15558251112860585,0.0,8.301741313190401e-07
3.7099999999997024,p3_m3,0,0.16554465693972548,0.0,8.301741313190401e-07
3.7199999999997013,p0_m0,0,-0.0219289502559303,0.0,2.606084623921985e-06
3.7199999999997013,p0_m1,0,0.15868929007967972,0.0,2.606084623921985e-06
3.7199999999997013,p0_m2,0,-0.17057261216376765,0.0,2.606084623921985e-06
3.7199999999997013,p0_m3,0,0.09995529254001148,0.0,2.606084623921985e-06
3.7199999999997013,p1_m0,0,0.04703858839777131,0.0,2.606084623921985e-06
3.7199999999997013,p1_m1,0,-0.04695122280391545,0.0,2.606084623921985e-06
3.7199999999997013,p1_m2,0,0.0350976764176453,0.0,2.606084623921985e-06
3.7199999999997013,p1_m3,0,0.048251188406339955,0.0,2.606084623921985e-06
3.7199999999997013,p2_m0,0,-0.09142569852222464,0.0,2.606084623921985e-06
3.7199999999997013,p2_m1,0,0.033238679667022195,0.0,2.606084623921985e-06
3.7199999999997013,p2_m2,0,-0.005049120835073217,0.0,2.606084623921985e-06
3.7199999999997013,p2_m3,8,13.735401876047197,0.015,2.606084623921985e-06
3.7199999999997013,p3_m0,0,-0.11265535104791793,0.0,2.606084623921985e-06
3.7199999999997013,p3_m1,0,0.0816559881535533,0.0,2.606084623921985e-06
3.7199999999997013,p3_m2,0,-0.1922209293732599,0.0,2.606084623921985e-06
3.7199999999997013,p3_m3,0,0.17463580855501853,0.0,2.606084623921985e-06
3.7299999999997,p0_m0,0,-0.0036257531734886993,0.0,3.2321523331934383e-07
3.7299999999997,p0_m1,0,0.04255715259364099,0.0,3.2321523331934383e-07
3.7299999999997,p0_m2,0,-0.045836943556453374,0.0,3.2321523331934383e-07
3.7299999999997,p0_m3,0,0.024507031715309373,0.0,3.2321523331934383e-07
3.7299999999997,p1_m0,0,0.01726365579251545,0.0,3.2321523331934383e-07
3.7299999999997,p1_m1,0,-0.015265572172403442,0.0,3.2321523331934383e-07
3.7299999999997,p1_m2,0,0.01192185959682962,0.0,3.2321523331934383e-07
3.7299999999997,p1_m3,0,0.009122887049056227,0.0,3.2321523331934383e-07
3.7299999999997,p2_m0,0,-0.023863922684715193,0.0,3.2321523331934383e-07
3.7299999999997,p2_m1,0,0.012142074137593589,0.0,3.2321523331934383e-07
3.7299999999997,p2_m2,0,-0.0031176739500813834,0.0,3.2321523331934383e-07
3.7299999999997,p2_m3,8,9.915135650093383,0.0011358157406703073,3.2321523331934383e-07
3.7299999999997,p3_m0,0,-0.03815056527653869,0.0,3.2321523331934383e-07
3.7299999999997,p3_m1,0,0.04933703696515925,0.0,3.2321523331934383e-07
3.7299999999997,p3_m2,0,-0.060010375611116336,0.0,3.2321523331934383e-07
3.7299999999997,p3_m3,0,0.054728587901273475,0.0,3.2321523331934383e-07
3.739999999999699,p0_m0,0,-0.005259656821899517,0.0,1.3805222035388335e-07
3.739999999999699,p0_m1,0,0.053342062483047806,0.0,1.3805222035388335e-07
3.739999999999699,p0_m2,0,-0.057528753539240716,0.0,1.3805222035388335e-07
3.739999999999699,p0_m3,0,0.03772406231336383,0.0,1.3805222035388335e-07
3.739999999999699,p1_m0,0,0.02060035070307712,0.0,1.3805222035388335e-07
3.739999999999699,p1_m1,0,-0.016403122025609854,0.0,1.3805222035388335e-07
3.739999999999699,p1_m2,0,0.012189589376942075,0.0,1.3805222035388335e-07
3.739999999999699,p1_m3,0,0.012263841417586645,0.0,1.3805222035388335e-07
3.739999999999699,p2_m0,0,-0.026635595055648404,0.0,1.3805222035388335e-07
3.739999999999699,p2_m1,0,0.012828347501042905,0.0,1.3805222035388335e-07
3.739999999999699,p2_m2,0,-0.012959313560595266,0.0,1.3805222035388335e-07
3.739999999999699,p2_m3,8,4.462448797357213,0.00935322978574205,1.3805222035388335e-07
3.739999999999699,p3_m0,0,-0.04267919379056738,0.0,1.3805222035388335e-07
3.739999999999699,p3_m1,0,0.0609254318258573,0.0,1.3805222035388335e-07
3.739999999999699,p3_m2,0,-0.06851592594012451,0.0,1.3805222035388335e-07
3.739999999999699,p3_m3,0,0.07240239854269771,0.0,1.3805222035388335e-07
3.749999999999698,p0_m0,0,-0.02212263286962623,0.0,1.3805445515961722e-06
3.749999999999698,p0_m1,0,0.16888666182229203,0.0,1.3805445515961722e-06
3.749999999999698,p0_m2,0,-0.18152847865750052,0.0,1.3805445515961722e-06
3.749999999999698,p0_m3,0,0.10948994289153538,0.0,1.3805445515961722e-06
3.749999999999698,p1_m0,0,0.04684325351348247,0.0,1.3805445515961722e-06
3.749999999999698,p1_m1,0,-0.049275166657394766,0.0,1.3805445515961722e-06
3.749999999999698,p1_m2,0,0.03672015148779412,0.0,1.3805445515961722e-06
3.749999999999698,p1_m3,0,0.05186918175822953,0.0,1.3805445515961722e-06
3.749999999999698,p2_m0,0,-0.09541436853551159,0.0,1.3805445515961722e-06
3.749999999999698,p2_m1,0,0.03551715160922371,0.0,1.3805445515961722e-06
3.749999999999698,p2_m2,0,-0.016681496210713614,0.0,1.3805445515961722e-06
3.749999999999698,p2_m3,8,2.6580929927873314,0.015,1.3805445515961722e-06
3.749999999999698,p3_m0,0,-0.11759862145879493,0.0,1.3805445515961722e-06
3.749999999999698,p3_m1,0,0.09199496717634185,0.0,1.3805445515961722e-06
3.749999999999698,p3_m2,0,-0.20252350896613408,0.0,1.3805445515961722e-06
3.749999999999698,p3_m3,0,0.19635366348155717,0.0,1.3805445515961722e-06
3.759999999999697,p0_m0,0,-0.017762793374985843,0.0,2.432740706964596e-06
3.759999999999697,p0_m1,0,0.13172328554061657,0.0,2.432740706964596e-06
3.759999999999697,p0_m2,0,-0.1416031422956118,0.0,2.432740706964596e-06
3.759999999999697,p0_m3,0,0.08256761914523063,0.0,2.432740706964596e-06
3.759999999999697,p1_m0,0,0.041709299726514104,0.0,2.432740706964596e-06
3.759999999999697,p1_m1,0,-0.0402662015364922,0.0,2.432740706964596e-06
3.759999999999697,p1_m2,0,0.03037839098132451,0.0,2.432740706964596e-06
3.759999999999697,p1_m3,0,0.037772911593151874,0.0,2.432740706964596e-06
3.759999999999697,p2_m0,0,-0.07509735760347085,0.0,2.432740706964596e-06
3.759999999999697,p2_m1,0,0.02906903140210883,0.0,2.432740706964596e-06
3.759999999999697,p2_m2,0,-0.0038905663690800667,0.0,2.432740706964596e-06
3.759999999999697,p2_m3,8,13.756868347411038,0.015,2.432740706964596e-06
3.759999999999697,p3_m0,0,-0.09712561926350251,0.0,2.432740706964596e-06
3.759999999999697,p3_m1,0,0.08284420476531086,0.0,2.432740706964596e-06
3.759999999999697,p3_m2,0,-0.16273169812343988,0.0,2.432740706964596e-06
3.759999999999697,p3_m3,0,0.1479939008937691,0.0,2.432740706964596e-06
3.769999999999696,p0_m0,0,0.08663471194103117,0.0,1.0986591363904152e-06
3.769999999999696,p0_m1,0,-0.13470607357790662,0.0,1.0986591363904152e-06
3.769999999999696,p0_m2,0,0.13704780109715228,0.0,1.0986591363904152e-06
3.769999999999696,p0_m3,0,-0.09964884713742167,0.0,1.0986591363904152e-06
3.769999999999696,p1_m0,0,-0.0841624265281317,0.0,1.0986591363904152e-06
3.769999999999696,p1_m1,0,0.11089422384306467,0.0,1.0986591363904152e-06
3.769999999999696,p1_m2,0,-0.10870302822293622,0.0,1.0986591363904152e-06
3.769999999999696,p1_m3,0,0.07558914028477796,0.0,1.0986591363904152e-06
3.769999999999696,p2_m0,0,0.025135248459739114,0.0,1.0986591363904152e-06
3.769999999999696,p2_m1,0,-0.10383403102446342,0.0,1.0986591363904152e-06
3.769999999999696,p2_m2,0,0.11692423188141673,0.0,1.0986591363904152e-06
3.769999999999696,p2_m3,0,9.1886398119527,0.0,1.0986591363904152e-06
3.769999999999696,p3_m0,8,1.035902631250409,0.015,1.0986591363904152e-06
3.769999999999696,p3_m1,0,0.013146461679730607,0.0,1.0986591363904152e-06
3.769999999999696,p3_m2,0,0.028835611253296284,0.0,1.0986591363904152e-06
3.769999999999696,p3_m3,0,-0.14248752948022753,0.0,1.0986591363904152e-06
3.7799999999996947,p0_m0,0,0.11236711168125568,0.0,2.5983508680335718e-06
3.7799999999996947,p0_m1,0,-0.21058388232135977,0.0,2.5983508680335718e-06
3.7799999999996947,p0_m2,0,0.21717065834090998,0.0,2.5983508680335718e-06
3.7799999999996947,p0_m3,0,-0.1507586800740131,0.0,2.5983508680335718e-06
3.7799999999996947,p1_m0,0,-0.1195630313627926,0.0,2.5983508680335718e-06
3.7799999999996947,p1_m1,0,0.14905168010457992,0.0,2.5983508680335718e-06
3.7799999999996947,p1_m2,0,-0.14244317822413086,0.0,2.5983508680335718e-06
3.7799999999996947,p1_m3,0,0.08196354679632058,0.0,2.5983508680335718e-06
3.7799999999996947,p2_m0,0,0.057462088150746576,0.0,2.5983508680335718e-06
3.7799999999996947,p2_m1,0,-0.13607982048794162,0.0,2.5983508680335718e-06
3.7799999999996947,p2_m2,0,0.1461973287245722,0.0,2.5983508680335718e-06
3.7799999999996947,p2_m3,0,2.944280004782621,0.0,2.5983508680335718e-06
3.7799999999996947,p3_m0,8,1.142574145878413,0.015,2.5983508680335718e-06
3.7799999999996947,p3_m1,0,-0.08615111862263262,0.0,2.5983508680335718e-06
3.7799999999996947,p3_m2,0,0.09283825988524984,0.0,2.5983508680335718e-06
3.7799999999996947,p3_m3,0,-0.2333789894328505,0.0,2.5983508680335718e-06
3.7899999999996936,p0_m0,0,0.12404412466610223,0.0,2.921656202388307e-06
3.7899999999996936,p0_m1,0,-0.24536029432928608,0.0,2.921656202388307e-06
3.7899999999996936,p0_m2,0,0.2539838499018933,0.0,2.921656202388307e-06
3.7899999999996936,p0_m3,0,-0.17272893109984344,0.0,2.921656202388307e-06
3.7899999999996936,p1_m0,0,-0.13668373188064237,0.0,2.921656202388307e-06
3.7899999999996936,p1_m1,0,0.16605880450966912,0.0,2.921656202388307e-06
3.7899999999996936,p1_m2,0,-0.1573273270480562,0.0,2.921656202388307e-06
3.7899999999996936,p1_m3,0,0.08422237640374527,0.0,2.921656202388307e-06
3.7899999999996936,p2_m0,0,0.07232727922687163,0.0,2.921656202388307e-06
3.7899999999996936,p2_m1,0,-0.1514442349187146,0.0,2.921656202388307e-06
3.7899999999996936,p2_m2,0,0.16126037184224828,0.0,2.921656202388307e-06
3.7899999999996936,p2_m3,0,0.883563827003369,0.0,2.921656202388307e-06
3.7899999999996936,p3_m0,8,1.2477674387446873,0.015,2.921656202388307e-06
3.7899999999996936,p3_m1,0,-0.12719712704714167,0.0,2.921656202388307e-06
3.7899999999996936,p3_m2,0,0.12337929964274659,0.0,2.921656202388307e-06
3.7899999999996936,p3_m3,0,-0.27717286587176404,0.0,2.921656202388307e-06
3.7999999999996925,p0_m0,0,0.1294426700390577,0.0,2.9809322249232614e-06
3.7999999999996925,p0_m1,0,-0.2608569536442481,0.0,2.9809322249232614e-06
3.7999999999996925,p0_m2,0,0.27041815116737755,0.0,2.9809322249232614e-06
3.7999999999996925,p0_m3,0,-0.18213862597078678,0.0,2.9809322249232614e-06
3.7999999999996925,p1_m0,0,-0.14480428752314584,0.0,2.9809322249232614e-06
3.7999999999996925,p1_m1,0,0.1736853398046723,0.0,2.9809322249232614e-06
3.7999999999996925,p1_m2,0,-0.16397978862639814,0.0,2.9809322249232614e-06
3.7999999999996925,p1_m3,0,0.08533864469663678,0.0,2.9809322249232614e-06
3.7999999999996925,p2_m0,0,0.07915496057920594,0.0,2.9809322249232614e-06
3.7999999999996925,p2_m1,0,-0.15915612527750825,0.0,2.9809322249232614e-06
3.7999999999996925,p2_m2,0,0.1691557980852268,0.0,2.9809322249232614e-06
3.7999999999996925,p2_m3,0,0.19595161799912159,0.0,2.9809322249232614e-06
3.7999999999996925,p3_m0,8,1.29043031269707,0.015,2.9809322249232614e-06
3.7999999999996925,p3_m1,0,-0.14514320713940396,0.0,2.9809322249232614e-06
3.7999999999996925,p3_m2,0,0.13826073282750562,0.0,2.9809322249232614e-06
3.7999999999996925,p3_m3,0,-0.29787955395011667,0.0,2.9809322249232614e-06
3.8099999999996914,p0_m0,0,0.1317294186485018,0.0,2.990644456395393e-06
3.8099999999996914,p0_m1,0,-0.26735896942833637,0.0,2.990644456395393e-06
3.8099999999996914,p0_m2,0,0.27734500612489627,0.0,2.990644456395393e-06
3.8099999999996914,p0_m3,0,-0.18601072330274523,0.0,2.990644456395393e-06
3.8099999999996914,p1_m0,0,-0.1483350316861389,0.0,2.990644456395393e-06
3.8099999999996914,p1_m1,0,0.17682455255002563,0.0,2.990644456395393e-06
3.8099999999996914,p1_m2,0,-0.1666818766301449,0.0,2.990644456395393e-06
3.8099999999996914,p1_m3,0,0.08575104012901218,0.0,2.990644456395393e-06
3.8099999999996914,p2_m0,0,0.08229269871642857,0.0,2.990644456395393e-06
3.8099999999996914,p2_m1,0,-0.16295372694276644,0.0,2.990644456395393e-06
3.8099999999996914,p2_m2,0,0.1731416496381696,0.0,2.990644456395393e-06
3.8099999999996914,p2_m3,0,-0.03387327649216893,0.0,2.990644456395393e-06
3.8099999999996914,p3_m0,8,1.3067650897414629,0.015,2.990644456395393e-06
3.8099999999996914,p3_m1,0,-0.1529429964258547,0.0,2.990644456395393e-06
3.8099999999996914,p3_m2,0,0.14513661319881913,0.0,2.990644456395393e-06
3.8099999999996914,p3_m3,0,-0.3073830010054707,0.0,2.990644456395393e-06
3.8199999999996903,p0_m0,0,0.13260211320292767,0.0,2.9930528941993274e-06
3.8199999999996903,p0_m1,0,-0.2699096331525644,0.0,2.9930528941993274e-06
3.8199999999996903,p0_m2,0,0.2800893194664367,0.0,2.9930528941993274e-06
3.8199999999996903,p0_m3,0,-0.1875327912322568,0.0,2.9930528941993274e-06
3.8199999999996903,p1_m0,0,-0.14973448123581407,0.0,2.9930528941993274e-06
3.8199999999996903,p1_m1,0,0.1779728958954069,0.0,2.9930528941993274e-06
3.8199999999996903,p1_m2,0,-0.16763498902929563,0.0,2.9930528941993274e-06
3.8199999999996903,p1_m3,0,0.08581372396539143,0.0,2.9930528941993274e-06
3.8199999999996903,p2_m0,0,0.08377697437118109,0.0,2.9930528941993274e-06
3.8199999999996903,p2_m1,0,-0.16484821371036457,0.0,2.9930528941993274e-06
3.8199999999996903,p2_m2,0,0.1751599237412593,0.0,2.9930528941993274e-06
3.8199999999996903,p2_m3,0,-0.11137860209385968,0.0,2.9930528941993274e-06
3.8199999999996903,p3_m0,8,1.313053626790773,0.015,2.9930528941993274e-06
3.8199999999996903,p3_m1,0,-0.1563436668612037,0.0,2.9930528941993274e-06
3.8199999999996903,p3_m2,0,0.14824867594778957,0.0,2.9930528941993274e-06
3.8199999999996903,p3_m3,0,-0.31171378716347703,0.0,2.9930528941993274e-06
3.829999999999689,p0_m0,0,0.13287579270525096,0.0,2.9943812026538775e-06
3.829999999999689,p0_m1,0,-0.2708077145857014,0.0,2.9943812026538775e-06
3.829999999999689,p0_m2,0,0.28107811318881626,0.0,2.9943812026538775e-06
3.829999999999689,p0_m3,0,-0.18809045662060836,0.0,2.9943812026538775e-06
3.829999999999689,p1_m0,0,-0.15021082545210027,0.0,2.9943812026538775e-06
3.829999999999689,p1_m1,0,0.1782964804444698,0.0,2.9943812026538775e-06
3.829999999999689,p1_m2,0,-0.167870298617699,0.0,2.9943812026538775e-06
3.829999999999689,p1_m3,0,0.08573355814896771,0.0,2.9943812026538775e-06
3.829999999999689,p2_m0,0,0.08451872912513657,0.0,2.9943812026538775e-06
3.829999999999689,p2_m1,0,-0.16582913132624064,0.0,2.9943812026538775e-06
3.829999999999689,p2_m2,0,0.1762139546590038,0.0,2.9943812026538775e-06
3.829999999999689,p2_m3,0,-0.13771254300824848,0.0,2.9943812026538775e-06
3.829999999999689,p3_m0,8,1.3155194438119109,0.015,2.9943812026538775e-06
3.829999999999689,p3_m1,0,-0.15785222380949276,0.0,2.9943812026538775e-06
3.829999999999689,p3_m2,0,0.14965851963429208,0.0,2.9943812026538775e-06
3.829999999999689,p3_m3,0,-0.3137118684347133,0.0,2.9943812026538775e-06
3.839999999999688,p0_m0,0,0.1329157367525176,0.0,2.995232339860097e-06
3.839999999999688,p0_m1,0,-0.27105149133814305,0.0,2.995232339860097e-06
3.839999999999688,p0_m2,0,0.2813664712716575,0.0,2.995232339860097e-06
3.839999999999688,p0_m3,0,-0.18826673797175422,0.0,2.995232339860097e-06
3.839999999999688,p1_m0,0,-0.1503155998687864,0.0,2.995232339860097e-06
3.839999999999688,p1_m1,0,0.1783082292700047,0.0,2.995232339860097e-06
3.839999999999688,p1_m2,0,-0.1678408979303696,0.0,2.995232339860097e-06
3.839999999999688,p1_m3,0,0.08561303200227519,0.0,2.995232339860097e-06
3.839999999999688,p2_m0,0,0.08491758772898202,0.0,2.995232339860097e-06
3.839999999999688,p2_m1,0,-0.16636504370774638,0.0,2.995232339860097e-06
3.839999999999688,p2_m2,0,0.17679229615459827,0.0,2.995232339860097e-06
3.839999999999688,p2_m3,0,-0.14674166865053861,0.0,2.995232339860097e-06
3.839999999999688,p3_m0,8,1.31651318961355,0.015,2.995232339860097e-06
3.839999999999688,p3_m1,0,-0.15854421190007775,0.0,2.995232339860097e-06
3.839999999999688,p3_m2,0,0.15030977785251806,0.0,2.995232339860097e-06
3.839999999999688,p3_m3,0,-0.31466293124887584,0.0,2.995232339860097e-06
3.849999999999687,p0_m0,0,0.13287662476383805,0.0,2.9957240162405547e-06
3.849999999999687,p0_m1,0,-0.27105751530892896,0.0,2.9957240162405547e-06
3.849999999999687,p0_m2,0,0.28139587262899424,0.0,2.9957240162405547e-06
3.849999999999687,p0_m3,0,-0.18830025863596572,0.0,2.9957240162405547e-06
3.849999999999687,p1_m0,0,-0.15028702310131622,0.0,2.9957240162405547e-06
3.849999999999687,p1_m1,0,0.17822173409086842,0.0,2.9957240162405547e-06
3.849999999999687,p1_m2,0,-0.1677342491976234,0.0,2.9957240162405547e-06
3.849999999999687,p1_m3,0,0.08549614818170076,0.0,2.9957240162405547e-06
3.849999999999687,p2_m0,0,0.08514955246313287,0.0,2.9957240162405547e-06
3.849999999999687,p2_m1,0,-0.16667608352016333,0.0,2.9957240162405547e-06
3.849999999999687,p2_m2,0,0.17712847808595392,0.0,2.9957240162405547e-06
3.849999999999687,p2_m3,0,-0.14988756104370704,0.0,2.9957240162405547e-06
3.849999999999687,p3_m0,8,1.3169296093858278,0.015,2.9957240162405547e-06
3.849999999999687,p3_m1,0,-0.15887828790407202,0.0,2.9957240162405547e-06
3.849999999999687,p3_m2,0,0.15062202028732363,0.0,2.9957240162405547e-06
3.849999999999687,p3_m3,0,-0.31513852983008966,0.0,2.9957240162405547e-06
3.859999999999686,p0_m0,0,0.13281968793046794,0.0,2.9959835603718765e-06
3.859999999999686,p0_m1,0,-0.2709918664349443,0.0,2.9959835603718765e-06
3.859999999999686,p0_m2,0,0.28134340522242446,0.0,2.9959835603718765e-06
3.859999999999686,p0_m3,0,-0.18828569613796353,0.0,2.9959835603718765e-06
3.859999999999686,p1_m0,0,-0.1502220626627495,0.0,2.9959835603718765e-06
3.859999999999686,p1_m1,0,0.17811968478364074,0.0,2.9959835603718765e-06
3.859999999999686,p1_m2,0,-0.16762166283181226,0.0,2.9959835603718765e-06
3.859999999999686,p1_m3,0,0.08539800252114219,0.0,2.9959835603718765e-06
3.859999999999686,p2_m0,0,0.08529420730990808,0.0,2.9959835603718765e-06
3.859999999999686,p2_m1,0,-0.16686716668679155,0.0,2.9959835603718765e-06
3.859999999999686,p2_m2,0,0.17733501351385558,0.0,2.9959835603718765e-06
3.859999999999686,p2_m3,0,-0.15101710788355957,0.0,2.9959835603718765e-06
3.859999999999686,p3_m0,8,1.317113755898963,0.015,2.9959835603718765e-06
3.859999999999686,p3_m1,0,-0.15905068742501105,0.0,2.9959835603718765e-06
3.859999999999686,p3_m2,0,0.15077977316535682,0.0,2.9959835603718765e-06
3.859999999999686,p3_m3,0,-0.3153918675128652,0.0,2.9959835603718765e-06
3.869999999999685,p0_m0,0,0.1327666218366982,0.0,2.9961125453647227e-06
3.869999999999685,p0_m1,0,-0.2709163175269554,0.0,2.9961125453647227e-06
3.869999999999685,p0_m2,0,0.2812758169996572,0.0,2.9961125453647227e-06
3.869999999999685,p0_m3,0,-0.18825893824185128,0.0,2.9961125453647227e-06
3.869999999999685,p1_m0,0,-0.15015681849266663,0.0,2.9961125453647227e-06
3.869999999999685,p1_m1,0,0.1780300550414601,0.0,2.9961125453647227e-06
3.869999999999685,p1_m2,0,-0.16752610769327986,0.0,2.9961125453647227e-06
3.869999999999685,p1_m3,0,0.0853209252624903,0.0,2.9961125453647227e-06
3.869999999999685,p2_m0,0,0.08538939358981032,0.0,2.9961125453647227e-06
3.869999999999685,p2_m1,0,-0.16699008920269873,0.0,2.9961125453647227e-06
3.869999999999685,p2_m2,0,0.1774678026544697,0.0,2.9961125453647227e-06
3.869999999999685,p2_m3,0,-0.15144521565589059,0.0,2.9961125453647227e-06
3.869999999999685,p3_m0,8,1.3172010554672502,0.015,2.9961125453647227e-06
3.869999999999685,p3_m1,0,-0.15914654477406587,0.0,2.9961125453647227e-06
3.869999999999685,p3_m2,0,0.15086447883470705,0.0,2.9961125453647227e-06
3.869999999999685,p3_m3,0,-0.31553632116175884,0.0,2.9961125453647227e-06
3.8799999999996837,p0_m0,0,0.13272331111692437,0.0,2.9961726515532415e-06
3.8799999999996837,p0_m1,0,-0.2708508341935996,0.0,2.9961726515532415e-06
3.8799999999996837,p0_m2,0,0.2812154183730556,0.0,2.9961726515532415e-06
3.8799999999996837,p0_m3,0,-0.18823248493388578,0.0,2.9961726515532415e-06
3.8799999999996837,p1_m0,0,-0.15010240546315304,0.0,2.9961726515532415e-06
3.8799999999996837,p1_m1,0,0.17795926270758056,0.0,2.9961726515532415e-06
3.8799999999996837,p1_m2,0,-0.167451745012499,0.0,2.9961726515532415e-06
3.8799999999996837,p1_m3,0,0.085262422792798,0.0,2.9961726515532415e-06
3.8799999999996837,p2_m0,0,0.085454440425434,0.0,2.9961726515532415e-06
3.8799999999996837,p2_m1,0,-0.1670718272250714,0.0,2.9961726515532415e-06
3.8799999999996837,p2_m2,0,0.17755604776508785,0.0,2.9961726515532415e-06
3.8799999999996837,p2_m3,0,-0.15162236965086415,0.0,2.9961726515532415e-06
3.8799999999996837,p3_m0,8,1.3172459373063141,0.015,2.9961726515532415e-06
3.8799999999996837,p3_m1,0,-0.15920381593663477,0.0,2.9961726515532415e-06
3.8799999999996837,p3_m2,0,0.15091273847456027,0.0,2.9961726515532415e-06
3.8799999999996837,p3_m3,0,-0.31562402401392814,0.0,2.9961726515532415e-06
3.8899999999996826,p0_m0,0,0.13268985233102062,0.0,2.996196706579864e-06
3.8899999999996826,p0_m1,0,-0.27079955316379944,0.0,2.996196706579864e-06
3.8899999999996826,p0_m2,0,0.28116751979645455,0.0,2.996196706579864e-06
3.8899999999996826,p0_m3,0,-0.18820988207835268,0.0,2.996196706579864e-06
3.8899999999996826,p1_m0,0,-0.15006038384560855,0.0,2.996196706579864e-06
3.8899999999996826,p1_m1,0,0.17790606658433195,0.0,2.996196706579864e-06
3.8899999999996826,p1_m2,0,-0.16739627199688686,0.0,2.996196706579864e-06
3.8899999999996826,p1_m3,0,0.08521874365374431,0.0,2.996196706579864e-06
3.8899999999996826,p2_m0,0,0.08550006881816366,0.0,2.996196706579864e-06
3.8899999999996826,p2_m1,0,-0.16712736931326908,0.0,2.996196706579864e-06
3.8899999999996826,p2_m2,0,0.17761598597176442,0.0,2.996196706579864e-06
3.8899999999996826,p2_m3,0,-0.15170508450145814,0.0,2.996196706579864e-06
3.8899999999996826,p3_m0,8,1.31727100442507,0.015,2.996196706579864e-06
3.8899999999996826,p3_m1,0,-0.15924017261605086,0.0,2.996196706579864e-06
3.8899999999996826,p3_m2,0,0.15094157122720456,0.0,2.996196706579864e-06
3.8899999999996826,p3_m3,0,-0.3156800251543918,0.0,2.996196706579864e-06
3.8999999999996815,p0_m0,0,0.1326645913616795,0.0,2.9962013270040468e-06
3.8999999999996815,p0_m1,0,-0.2707612362108357,0.0,2.9962013270040468e-06
3.8999999999996815,p0_m2,0,0.2811315148866671,0.0,2.9962013270040468e-06
3.8999999999996815,p0_m3,0,-0.1881914758280501,0.0,2.9962013270040468e-06
3.8999999999996815,p1_m0,0,-0.1500291339099593,0.0,2.9962013270040468e-06
3.8999999999996815,p1_m1,0,0.17786711368082428,0.0,2.9962013270040468e-06
3.8999999999996815,p1_m2,0,-0.16735580534195096,0.0,2.9962013270040468e-06
3.8999999999996815,p1_m3,0,0.08518630406086718,0.0,2.9962013270040468e-06
3.8999999999996815,p2_m0,0,0.085532706054594,0.0,2.9962013270040468e-06
3.8999999999996815,p2_m1,0,-0.1671656052549234,0.0,2.9962013270040468e-06
3.8999999999996815,p2_m2,0,0.17765724163380417,0.0,2.9962013270040468e-06
3.8999999999996815,p2_m3,0,-0.15174919349724342,0.0,2.9962013270040468e-06
3.8999999999996815,p3_m0,8,1.317286075115736,0.015,2.9962013270040468e-06
3.8999999999996815,p3_m1,0,-0.1592643479114984,0.0,2.9962013270040468e-06
3.8999999999996815,p3_m2,0,0.1509593018570005,0.0,2.9962013270040468e-06
3.8999999999996815,p3_m3,0,-0.31571710360036676,0.0,2.9962013270040468e-06
3.9099999999996804,p0_m0,0,0.1326456368068539,0.0,2.996194941917865e-06
3.9099999999996804,p0_m1,0,-0.2707332831111164,0.0,2.996194941917865e-06
3.9099999999996804,p0_m2,0,0.2811051698160455,0.0,2.996194941917865e-06
3.9099999999996804,p0_m3,0,-0.18817663337882592,0.0,2.996194941917865e-06
3.9099999999996804,p1_m0,0,-0.15000634346751288,0.0,2.996194941917865e-06
3.9099999999996804,p1_m1,0,0.17783898133069806,0.0,2.996194941917865e-06
3.9099999999996804,p1_m2,0,-0.16732663761046346,0.0,2.996194941917865e-06
3.9099999999996804,p1_m3,0,0.0851621427260593,0.0,2.996194941917865e-06
3.9099999999996804,p2_m0,0,0.08555644973835806,0.0,2.996194941917865e-06
3.9099999999996804,p2_m1,0,-0.16719211265213205,0.0,2.996194941917865e-06
3.9099999999996804,p2_m2,0,0.1776858463713137,0.0,2.996194941917865e-06
3.9099999999996804,p2_m3,0,-0.15177558971941085,0.0,2.996194941917865e-06
3.9099999999996804,p3_m0,8,1.31729567586093,0.015,2.996194941917865e-06
3.9099999999996804,p3_m1,0,-0.15928097616937506,0.0,2.996194941917865e-06
3.9099999999996804,p3_m2,0,0.1509702726377959,0.0,2.996194941917865e-06
3.9099999999996804,p3_m3,0,-0.31574224814743695,0.0,2.996194941917865e-06
3.9199999999996793,p0_m0,0,0.1326313514709786,0.0,2.996181983153319e-06
3.9199999999996793,p0_m1,0,-0.2707131448543352,0.0,2.996181983153319e-06
3.9199999999996793,p0_m2,0,0.28108616231469163,0.0,2.996181983153319e-06
3.9199999999996793,p0_m3,0,-0.1881645524728893,0.0,2.996181983153319e-06
3.9199999999996793,p1_m0,0,-0.14998988163512206,0.0,2.996181983153319e-06
3.9199999999996793,p1_m1,0,0.17781880597447874,0.0,2.996181983153319e-06
3.9199999999996793,p1_m2,0,-0.16730574057182687,0.0,2.996181983153319e-06
3.9199999999996793,p1_m3,0,0.0851439735605468,0.0,2.996181983153319e-06
3.9199999999996793,p2_m0,0,0.08557402469588138,0.0,2.996181983153319e-06
3.9199999999996793,p2_m1,0,-0.16721054283372208,0.0,2.996181983153319e-06
3.9199999999996793,p2_m2,0,0.1777057442088067,0.0,2.996181983153319e-06
3.9199999999996793,p2_m3,0,-0.15179273579470573,0.0,2.996181983153319e-06
3.9199999999996793,p3_m0,8,1.3173020510124376,0.015,2.996181983153319e-06
3.9199999999996793,p3_m1,0,-0.15929270388172315,0.0,2.996181983153319e-06
3.9199999999996793,p3_m2,0,0.1509769134719585,0.0,2.996181983153319e-06
3.9199999999996793,p3_m3,0,-0.3157595540307194,0.0,2.996181983153319e-06
3.929999999999678,p0_m0,0,0.13262045403311737,0.0,2.996164908196023e-06
3.929999999999678,p0_m1,0,-0.2706987280071848,0.0,2.996164908196023e-06
3.929999999999678,p0_m2,0,0.2810725464115202,0.0,2.996164908196023e-06
3.929999999999678,p0_m3,0,-0.1881545227853323,0.0,2.996164908196023e-06
3.929999999999678,p1_m0,0,-0.14997803296242201,0.0,2.996164908196023e-06
3.929999999999678,p1_m1,0,0.17780437769181834,0.0,2.996164908196023e-06
3.929999999999678,p1_m2,0,-0.16729080269129684,0.0,2.996164908196023e-06
3.929999999999678,p1_m3,0,0.0851300955895279,0.0,2.996164908196023e-06
3.929999999999678,p2_m0,0,0.08558729055524122,0.0,2.996164908196023e-06
3.929999999999678,p2_m1,0,-0.16722335642897435,0.0,2.996164908196023e-06
3.929999999999678,p2_m2,0,0.17771959051284889,0.0,2.996164908196023e-06
3.929999999999678,p2_m3,0,-0.15180446760555052,0.0,2.996164908196023e-06
3.929999999999678,p3_m0,8,1.3173064052903014,0.015,2.996164908196023e-06
3.929999999999678,p3_m1,0,-0.15930114439439408,0.0,2.996164908196023e-06
3.929999999999678,p3_m2,0,0.15098067747589372,0.0,2.996164908196023e-06
3.929999999999678,p3_m3,0,-0.3157715673301225,0.0,2.996164908196023e-06
3.939999999999677,p0_m0,0,0.13261198770599836,0.0,2.996145158714718e-06
3.939999999999677,p0_m1,0,-0.2706884338313726,0.0,2.996145158714718e-06
3.939999999999677,p0_m2,0,0.2810628226105276,0.0,2.996145158714718e-06
3.939999999999677,p0_m3,0,-0.18814598437584942,0.0,2.996145158714718e-06
3.939999999999677,p1_m0,0,-0.1499694979127663,0.0,2.996145158714718e-06
3.939999999999677,p1_m1,0,0.17779405773031584,0.0,2.996145158714718e-06
3.939999999999677,p1_m2,0,-0.16728011931039147,0.0,2.996145158714718e-06
3.939999999999677,p1_m3,0,0.08511927008864947,0.0,2.996145158714718e-06
3.939999999999677,p2_m0,0,0.08559753540550835,0.0,2.996145158714718e-06
3.939999999999677,p2_m1,0,-0.16723224244996499,0.0,2.996145158714718e-06
3.939999999999677,p2_m2,0,0.1777292066630031,0.0,2.996145158714718e-06
3.939999999999677,p2_m3,0,-0.15181276359429832,0.0,2.996145158714718e-06
3.939999999999677,p3_m0,8,1.317309436264053,0.015,2.996145158714718e-06
3.939999999999677,p3_m1,0,-0.15930733288309606,0.0,2.996145158714718e-06
3.939999999999677,p3_m2,0,0.15098248266394787,0.0,2.996145158714718e-06
3.939999999999677,p3_m3,0,-0.3157799437056416,0.0,2.996145158714718e-06
3.949999999999676,p0_m0,0,0.1326052551498012,0.0,2.9961236236724173e-06
3.949999999999676,p0_m1,0,-0.2706810840732989,0.0,2.9961236236724173e-06
3.949999999999676,p0_m2,0,0.2810558809283629,0.0,2.9961236236724173e-06
3.949999999999676,p0_m3,0,-0.18813851794962147,0.0,2.9961236236724173e-06
3.949999999999676,p1_m0,0,-0.1499633225994291,0.0,2.9961236236724173e-06
3.949999999999676,p1_m1,0,0.177786656839813,0.0,2.9961236236724173e-06
3.949999999999676,p1_m2,0,-0.1672724569380698,0.0,2.9961236236724173e-06
3.949999999999676,p1_m3,0,0.08511060664240507,0.0,2.9961236236724173e-06
3.949999999999676,p2_m0,0,0.08560565858373928,0.0,2.9961236236724173e-06
3.949999999999676,p2_m1,0,-0.16723837320109108,0.0,2.9961236236724173e-06
3.949999999999676,p2_m2,0,0.1777358561690326,0.0,2.9961236236724173e-06
3.949999999999676,p2_m3,0,-0.15181877032585436,0.0,2.9961236236724173e-06
3.949999999999676,p3_m0,8,1.3173115743115353,0.015,2.9961236236724173e-06
3.949999999999676,p3_m1,0,-0.15931195808074677,0.0,2.9961236236724173e-06
3.949999999999676,p3_m2,0,0.15098293305721952,0.0,2.9961236236724173e-06
3.949999999999676,p3_m3,0,-0.3157857936975235,0.0,2.9961236236724173e-06
3.959999999999675,p0_m0,0,0.13259975474204805,0.0,2.996100873135778e-06
3.959999999999675,p0_m1,0,-0.2706758266112956,0.0,2.996100873135778e-06
3.959999999999675,p0_m2,0,0.2810509168419372,0.0,2.996100873135778e-06
3.959999999999675,p0_m3,0,-0.18813181743479848,0.0,2.996100873135778e-06
3.959999999999675,p1_m0,0,-0.14995881905472172,0.0,2.996100873135778e-06
3.959999999999675,p1_m1,0,0.17778132249475814,0.0,2.996100873135778e-06
3.959999999999675,p1_m2,0,-0.16726693268932294,0.0,2.996100873135778e-06
3.959999999999675,p1_m3,0,0.08510347036961931,0.0,2.996100873135778e-06
3.959999999999675,p2_m0,0,0.08561229054799166,0.0,2.996100873135778e-06
3.959999999999675,p2_m1,0,-0.1672425676277345,0.0,2.996100873135778e-06
3.959999999999675,p2_m2,0,0.1777404213378963,0.0,2.996100873135778e-06
3.959999999999675,p2_m3,0,-0.1518232106873582,0.0,2.996100873135778e-06
3.959999999999675,p3_m0,8,1.3173130978904068,0.015,2.996100873135778e-06
3.959999999999675,p3_m1,0,-0.15931548932378595,0.0,2.996100873135778e-06
3.959999999999675,p3_m2,0,0.15098243726522773,0.0,2.996100873135778e-06
3.959999999999675,p3_m3,0,-0.3157898772803016,0.0,2.996100873135778e-06
3.969999999999674,p0_m0,0,0.13259512825564884,0.0,2.9960772832348122e-06
3.969999999999674,p0_m1,0,-0.27067205158531216,0.0,2.9960772832348122e-06
3.969999999999674,p0_m2,0,0.28104735394178065,0.0,2.9960772832348122e-06
3.969999999999674,p0_m3,0,-0.18812566236401926,0.0,2.9960772832348122e-06
3.969999999999674,p1_m0,0,-0.14995549613973044,0.0,2.9960772832348122e-06
3.969999999999674,p1_m1,0,0.17777744792101646,0.0,2.9960772832348122e-06
3.969999999999674,p1_m2,0,-0.16726291867424603,0.0,2.9960772832348122e-06
3.969999999999674,p1_m3,0,0.08509741089979458,0.0,2.9960772832348122e-06
3.969999999999674,p2_m0,0,0.08561787411561593,0.0,2.9960772832348122e-06
3.969999999999674,p2_m1,0,-0.16724539992664417,0.0,2.9960772832348122e-06
3.969999999999674,p2_m2,0,0.17774352059720092,0.0,2.9960772832348122e-06
3.969999999999674,p2_m3,0,-0.15182656454871066,0.0,2.9960772832348122e-06
3.969999999999674,p3_m0,8,1.3173141931651096,0.015,2.9960772832348122e-06
3.969999999999674,p3_m1,0,-0.15931825130700558,0.0,2.9960772832348122e-06
3.969999999999674,p3_m2,0,0.15098127670900235,0.0,2.9960772832348122e-06
3.969999999999674,p3_m3,0,-0.31579272101973405,0.0,2.9960772832348122e-06
3.9799999999996727,p0_m0,0,0.13259112090281386,0.0,2.9960531070695455e-06
3.9799999999996727,p0_m1,0,-0.27066932509346936,0.0,2.9960531070695455e-06
3.9799999999996727,p0_m2,0,0.28104478194437754,0.0,2.9960531070695455e-06
3.9799999999996727,p0_m3,0,-0.18811989505763324,0.0,2.9960531070695455e-06
3.9799999999996727,p1_m0,0,-0.14995300535979597,0.0,2.9960531070695455e-06
3.9799999999996727,p1_m1,0,0.17777460309705656,0.0,2.9960531070695455e-06
3.9799999999996727,p1_m2,0,-0.16725997006762625,0.0,2.9960531070695455e-06
3.9799999999996727,p1_m3,0,0.08509210979287254,0.0,2.9960531070695455e-06
3.9799999999996727,p2_m0,0,0.0856227205650686,0.0,2.9960531070695455e-06
3.9799999999996727,p2_m1,0,-0.16724727350947396,0.0,2.9960531070695455e-06
3.9799999999996727,p2_m2,0,0.17774558831892795,0.0,2.9960531070695455e-06
3.9799999999996727,p2_m3,0,-0.15182915960450083,0.0,2.9960531070695455e-06
3.9799999999996727,p3_m0,8,1.317314987282711,0.015,2.9960531070695455e-06
3.9799999999996727,p3_m1,0,-0.1593204707530909,0.0,2.9960531070695455e-06
3.9799999999996727,p3_m2,0,0.15097964739654413,0.0,2.9960531070695455e-06
3.9799999999996727,p3_m3,0,-0.3157946925011276,0.0,2.9960531070695455e-06
3.9899999999996716,p0_m0,0,0.132587551877026,0.0,2.996028517210463e-06
3.9899999999996716,p0_m1,0,-0.2706673394714723,0.0,2.996028517210463e-06
3.9899999999996716,p0_m2,0,0.28104290990622954,0.0,2.996028517210463e-06
3.9899999999996716,p0_m3,0,-0.18811440317247155,0.0,2.996028517210463e-06
3.9899999999996716,p1_m0,0,-0.14995110034770018,0.0,2.996028517210463e-06
3.9899999999996716,p1_m1,0,0.17777248405308704,0.0,2.996028517210463e-06
3.9899999999996716,p1_m2,0,-0.16725777247309045,0.0,2.996028517210463e-06
3.9899999999996716,p1_m3,0,0.0850873423666007,0.0,2.996028517210463e-06
3.9899999999996716,p2_m0,0,0.08562704876935633,0.0,2.996028517210463e-06
3.9899999999996716,p2_m1,0,-0.1672484721125013,0.0,2.996028517210463e-06
3.9899999999996716,p2_m2,0,0.17774692994344585,0.0,2.996028517210463e-06
3.9899999999996716,p2_m3,0,-0.151831222924976,0.0,2.996028517210463e-06
3.9899999999996716,p3_m0,8,1.317315568258898,0.015,2.996028517210463e-06
3.9899999999996716,p3_m1,0,-0.1593223068669092,0.0,2.996028517210463e-06
3.9899999999996716,p3_m2,0,0.1509776867878987,0.0,2.996028517210463e-06
3.9899999999996716,p3_m3,0,-0.3157960494738359,0.0,2.996028517210463e-06
3.9999999999996705,p0_m0,0,0.13258429303481076,0.0,2.9960036323352864e-06
3.9999999999996705,p0_m1,0,-0.2706658769951756,0.0,2.9960036323352864e-06
3.9999999999996705,p0_m2,0,0.2810415319592259,0.0,2.9960036323352864e-06
3.9999999999996705,p0_m3,0,-0.18810910683099683,0.0,2.9960036323352864e-06
3.9999999999996705,p1_m0,0,-0.14994960733113705,0.0,2.9960036323352864e-06
3.9999999999996705,p1_m1,0,0.17777087626156773,0.0,2.9960036323352864e-06
3.9999999999996705,p1_m2,0,-0.16725610399952637,0.0,2.9960036323352864e-06
3.9999999999996705,p1_m3,0,0.08508295030869337,0.0,2.9960036323352864e-06
3.9999999999996705,p2_m0,0,0.08563101263086098,0.0,2.9960036323352864e-06
3.9999999999996705,p2_m1,0,-0.16724919541541247,0.0,2.9960036323352864e-06
3.9999999999996705,p2_m2,0,0.17774776037796888,0.0,2.9960036323352864e-06
3.9999999999996705,p2_m3,0,-0.15183291300544285,0.0,2.9960036323352864e-06
3.9999999999996705,p3_m0,8,1.3173159975312927,0.015,2.9960036323352864e-06
3.9999999999996705,p3_m1,0,-0.15932387182168917,0.0,2.9960036323352864e-06
3.9999999999996705,p3_m2,0,0.15097549168695423,0.0,2.9960036323352864e-06
3.9999999999996705,p3_m3,0,-0.3157969731466004,0.0,2.9960036323352864e-06
4.009999999999674,p0_m0,0,0.1325812536207724,0.0,2.995978534519194e-06
4.009999999999674,p0_m1,0,-0.2706647837661501,0.0,2.995978534519194e-06
4.009999999999674,p0_m2,0,0.2810405026187109,0.0,2.995978534519194e-06
4.009999999999674,p0_m3,0,-0.18810394930142257,0.0,2.995978534519194e-06
4.009999999999674,p1_m0,0,-0.14994840391600106,0.0,2.995978534519194e-06
4.009999999999674,p1_m1,0,0.17776962846667252,0.0,2.995978534519194e-06
4.009999999999674,p1_m2,0,-0.1672548081832389,0.0,2.995978534519194e-06
4.009999999999674,p1_m3,0,0.08507882217130415,0.0,2.995978534519194e-06
4.009999999999674,p2_m0,0,0.08563472035847773,0.0,2.995978534519194e-06
4.009999999999674,p2_m1,0,-0.16724958398525674,0.0,2.995978534519194e-06
4.009999999999674,p2_m2,0,0.1777482308776221,0.0,2.995978534519194e-06
4.009999999999674,p2_m3,0,-0.15183434087071768,0.0,2.995978534519194e-06
4.009999999999674,p3_m0,8,1.3173163182057637,0.015,2.995978534519194e-06
4.009999999999674,p3_m1,0,-0.1593252448144903,0.0,2.995978534519194e-06
4.009999999999674,p3_m2,0,0.15097313043881583,0.0,2.995978534519194e-06
4.009999999999674,p3_m3,0,-0.31579759111433564,0.0,2.995978534519194e-06
4.019999999999677,p0_m0,0,0.1325783693847741,0.0,2.995953280724701e-06
4.019999999999677,p0_m1,0,-0.2706639510747042,0.0,2.995953280724701e-06
4.019999999999677,p0_m2,0,0.2810397191496382,0.0,2.995953280724701e-06
4.019999999999677,p0_m3,0,-0.1880988903145085,0.0,2.995953280724701e-06
4.019999999999677,p1_m0,0,-0.14994740397308687,0.0,2.995953280724701e-06
4.019999999999677,p1_m1,0,0.17776863408842158,0.0,2.995953280724701e-06
4.019999999999677,p1_m2,0,-0.16725377475762893,0.0,2.995953280724701e-06
4.019999999999677,p1_m3,0,0.08507487954453401,0.0,2.995953280724701e-06
4.019999999999677,p2_m0,0,0.08563824802650309,0.0,2.995953280724701e-06
4.019999999999677,p2_m1,0,-0.16724973679040822,0.0,2.995953280724701e-06
4.019999999999677,p2_m2,0,0.17774844791418318,0.0,2.995953280724701e-06
4.019999999999677,p2_m3,0,-0.1518355844261072,0.0,2.995953280724701e-06
4.019999999999677,p3_m0,8,1.3173165606216244,0.015,2.995953280724701e-06
4.019999999999677,p3_m1,0,-0.15932648182950038,0.0,2.995953280724701e-06
4.019999999999677,p3_m2,0,0.150970651370101,0.0,2.995953280724701e-06
4.019999999999677,p3_m3,0,-0.3157979933028228,0.0,2.995953280724701e-06
4.0299999999996805,p0_m0,0,0.1325755948507049,0.0,2.9959279105757823e-06
4.0299999999996805,p0_m1,0,-0.2706633021624366,0.0,2.9959279105757823e-06
4.0299999999996805,p0_m2,0,0.28103910903673285,0.0,2.9959279105757823e-06
4.0299999999996805,p0_m3,0,-0.18809390129544906,0.0,2.9959279105757823e-06
4.0299999999996805,p1_m0,0,-0.14994654692744216,0.0,2.9959279105757823e-06
4.0299999999996805,p1_m1,0,0.17776781805574488,0.0,2.9959279105757823e-06
4.0299999999996805,p1_m2,0,-0.16725292604055325,0.0,2.9959279105757823e-06
4.0299999999996805,p1_m3,0,0.08507106728391418,0.0,2.9959279105757823e-06
4.0299999999996805,p2_m0,0,0.08564164911085734,0.0,2.9959279105757823e-06
4.0299999999996805,p2_m1,0,-0.16724972351585862,0.0,2.9959279105757823e-06
4.0299999999996805,p2_m2,0,0.17774848644094984,0.0,2.9959279105757823e-06
4.0299999999996805,p2_m3,0,-0.15183669838185382,0.0,2.9959279105757823e-06
4.0299999999996805,p3_m0,8,1.3173167461743434,0.015,2.9959279105757823e-06
4.0299999999996805,p3_m1,0,-0.15932762247113294,0.0,2.9959279105757823e-06
4.0299999999996805,p3_m2,0,0.15096808868417802,0.0,2.9959279105757823e-06
4.0299999999996805,p3_m3,0,-0.3157982431239335,0.0,2.9959279105757823e-06
4.039999999999684,p0_m0,0,0.13257289783483972,0.0,2.9959024516718382e-06
4.039999999999684,p0_m1,0,-0.27066278284425954,0.0,2.9959024516718382e-06
4.039999999999684,p0_m2,0,0.2810386211091988,0.0,2.9959024516718382e-06
4.039999999999684,p0_m3,0,-0.18808896197113206,0.0,2.9959024516718382e-06
4.039999999999684,p1_m0,0,-0.149945790192401,0.0,2.9959024516718382e-06
4.039999999999684,p1_m1,0,0.1777671275038845,0.0,2.9959024516718382e-06
4.039999999999684,p1_m2,0,-0.16725220731775584,0.0,2.9959024516718382e-06
4.039999999999684,p1_m3,0,0.08506734661771594,0.0,2.9959024516718382e-06
4.039999999999684,p2_m0,0,0.08564496119937917,0.0,2.9959024516718382e-06
4.039999999999684,p2_m1,0,-0.16724959322909247,0.0,2.9959024516718382e-06
4.039999999999684,p2_m2,0,0.17774839922412805,0.0,2.9959024516718382e-06
4.039999999999684,p2_m3,0,-0.15183772117315056,0.0,2.9959024516718382e-06
4.039999999999684,p3_m0,8,1.317316889970388,0.015,2.9959024516718382e-06
4.039999999999684,p3_m1,0,-0.15932869476933634,0.0,2.9959024516718382e-06
4.039999999999684,p3_m2,0,0.1509654666021486,0.0,2.9959024516718382e-06
4.039999999999684,p3_m3,0,-0.31579838530723553,0.0,2.9959024516718382e-06
4.049999999999687,p0_m0,0,0.1325702555621857,0.0,2.995876923263028e-06
4.049999999999687,p0_m1,0,-0.2706623548753071,0.0,2.995876923263028e-06
4.049999999999687,p0_m2,0,0.28103821926339356,0.0,2.995876923263028e-06
4.049999999999687,p0_m3,0,-0.18808405795941666,0.0,2.995876923263028e-06
4.049999999999687,p1_m0,0,-0.14994510383483736,0.0,2.995876923263028e-06
4.049999999999687,p1_m1,0,0.17776652521201322,0.0,2.995876923263028e-06
4.049999999999687,p1_m2,0,-0.16725158005752264,0.0,2.995876923263028e-06
4.049999999999687,p1_m3,0,0.08506369029039121,0.0,2.995876923263028e-06
4.049999999999687,p2_m0,0,0.08564821071019235,0.0,2.995876923263028e-06
4.049999999999687,p2_m1,0,-0.16724938048051002,0.0,2.995876923263028e-06
4.049999999999687,p2_m2,0,0.177748223411197,0.0,2.995876923263028e-06
4.049999999999687,p2_m3,0,-0.15183867980649274,0.0,2.995876923263028e-06
4.049999999999687,p3_m0,8,1.3173170026838166,0.015,2.995876923263028e-06
4.049999999999687,p3_m1,0,-0.15932971856757747,0.0,2.995876923263028e-06
4.049999999999687,p3_m2,0,0.1509628022820296,0.0,2.995876923263028e-06
4.049999999999687,p3_m3,0,-0.3157984514104447,0.0,2.995876923263028e-06
4.0599999999996905,p0_m0,0,0.1325676519165331,0.0,2.99585133877007e-06
4.0599999999996905,p0_m1,0,-0.27066199126415635,0.0,2.99585133877007e-06
4.0599999999996905,p0_m2,0,0.28103787802917146,0.0,2.99585133877007e-06
4.0599999999996905,p0_m3,0,-0.18807917905820382,0.0,2.99585133877007e-06
4.0599999999996905,p1_m0,0,-0.1499444668188644,0.0,2.99585133877007e-06
4.0599999999996905,p1_m1,0,0.17776598497569307,0.0,2.99585133877007e-06
4.0599999999996905,p1_m2,0,-0.1672510171270057,0.0,2.99585133877007e-06
4.0599999999996905,p1_m3,0,0.08506007914419655,0.0,2.99585133877007e-06
4.0599999999996905,p2_m0,0,0.08565141620971464,0.0,2.99585133877007e-06
4.0599999999996905,p2_m1,0,-0.1672491095983997,0.0,2.99585133877007e-06
4.0599999999996905,p2_m2,0,0.1777479851537898,0.0,2.99585133877007e-06
4.0599999999996905,p2_m3,0,-0.151839593258686,0.0,2.99585133877007e-06
4.0599999999996905,p3_m0,8,1.317317091860294,0.015,2.99585133877007e-06
4.0599999999996905,p3_m1,0,-0.15933070791598908,0.0,2.99585133877007e-06
4.0599999999996905,p3_m2,0,0.15096010788084988,0.0,2.99585133877007e-06
4.0599999999996905,p3_m3,0,-0.31579846370066833,0.0,2.99585133877007e-06
4.069999999999694,p0_m0,0,0.13256507549403768,0.0,2.995825707564646e-06
4.069999999999694,p0_m1,0,-0.2706616729623444,0.0,2.995825707564646e-06
4.069999999999694,p0_m2,0,0.28103757943870206,0.0,2.995825707564646e-06
4.069999999999694,p0_m3,0,-0.18807431803086438,0.0,2.995825707564646e-06
4.069999999999694,p1_m0,0,-0.14994386436300589,0.0,2.995825707564646e-06
4.069999999999694,p1_m1,0,0.1777654883481641,0.0,2.995825707564646e-06
4.069999999999694,p1_m2,0,-0.16725049942116033,0.0,2.995825707564646e-06
4.069999999999694,p1_m3,0,0.08505649971444343,0.0,2.995825707564646e-06
4.069999999999694,p2_m0,0,0.08565459074563544,0.0,2.995825707564646e-06
4.069999999999694,p2_m1,0,-0.16724879771328185,0.0,2.995825707564646e-06
4.069999999999694,p2_m2,0,0.17774770286255206,0.0,2.995825707564646e-06
4.069999999999694,p2_m3,0,-0.15184047486508945,0.0,2.995825707564646e-06
4.069999999999694,p3_m0,8,1.3173171628355962,0.015,2.995825707564646e-06
4.069999999999694,p3_m1,0,-0.15933167276387905,0.0,2.995825707564646e-06
4.069999999999694,p3_m2,0,0.15095739201323086,0.0,2.995825707564646e-06
4.069999999999694,p3_m3,0,-0.3157984378908176,0.0,2.995825707564646e-06
4.079999999999697,p0_m0,0,0.031354084189246255,0.0,8.76414513964681e-07
4.079999999999697,p0_m1,0,0.058494432324305255,0.0,8.76414513964681e-07
4.079999999999697,p0_m2,0,-0.06755915000652994,0.0,8.76414513964681e-07
4.079999999999697,p0_m3,0,0.030292614964336446,0.0,8.76414513964681e-07
4.079999999999697,p1_m0,0,-0.01250972389489331,0.0,8.76414513964681e-07
4.079999999999697,p1_m1,0,0.02687292848959289,0.0,8.76414513964681e-07
4.079999999999697,p1_m2,0,-0.03544913085411314,0.0,8.76414513964681e-07
4.079999999999697,p1_m3,0,0.08533569625327754,0.0,8.76414513964681e-07
4.079999999999697,p2_m0,0,-0.057592142548507134,0.0,8.76414513964681e-07
4.079999999999697,p2_m1,0,-0.0426706124040675,0.0,8.76414513964681e-07
4.079999999999697,p2_m2,0,0.08572575569450061,0.0,8.76414513964681e-07
4.079999999999697,p2_m3,0,0.019024692597208542,0.0,8.76414513964681e-07
4.079999999999697,p3_m0,0,0.10357818449092045,0.0,8.76414513964681e-07
4.079999999999697,p3_m1,8,1.3463733497897816,0.015,8.76414513964681e-07
4.079999999999697,p3_m2,0,-0.13214993061093214,0.0,8.76414513964681e-07
4.079999999999697,p3_m3,0,0.04968301938697905,0.0,8.76414513964681e-07
4.0899999999997005,p0_m0,0,-0.0026711286633879,0.0,1.1091088987229187e-06
4.0899999999997005,p0_m1,0,0.1314989212977097,0.0,1.1091088987229187e-06
4.0899999999997005,p0_m2,0,-0.1435674886923527,0.0,1.1091088987229187e-06
4.0899999999997005,p0_m3,0,0.07973737252233487,0.0,1.1091088987229187e-06
4.0899999999997005,p1_m0,0,0.030994692226131774,0.0,1.1091088987229187e-06
4.0899999999997005,p1_m1,0,-0.020597014662332925,0.0,1.1091088987229187e-06
4.0899999999997005,p1_m2,0,0.00882476128921763,0.0,1.1091088987229187e-06
4.0899999999997005,p1_m3,0,0.06283017310972557,0.0,1.1091088987229187e-06
4.0899999999997005,p2_m0,0,-0.08032360072131248,0.0,1.1091088987229187e-06
4.0899999999997005,p2_m1,0,0.0011509835198009297,0.0,1.1091088987229187e-06
4.0899999999997005,p2_m2,0,0.039760851226835044,0.0,1.1091088987229187e-06
4.0899999999997005,p2_m3,0,0.07122417710745324,0.0,1.1091088987229187e-06
4.0899999999997005,p3_m0,0,0.025417042067578485,0.0,1.1091088987229187e-06
4.0899999999997005,p3_m1,8,13.898234714712137,0.015,1.1091088987229187e-06
4.0899999999997005,p3_m2,0,-0.17740553495974407,0.0,1.1091088987229187e-06
4.0899999999997005,p3_m3,0,0.13396171431427584,0.0,1.1091088987229187e-06
4.099999999999704,p0_m0,0,0.0033856356103953667,0.0,5.248095393485682e-07
4.099999999999704,p0_m1,0,0.03196000498774032,0.0,5.248095393485682e-07
4.099999999999704,p0_m2,0,-0.03514534354884007,0.0,5.248095393485682e-07
4.099999999999704,p0_m3,0,0.01580626135296493,0.0,5.248095393485682e-07
4.099999999999704,p1_m0,0,0.011360009840537819,0.0,5.248095393485682e-07
4.099999999999704,p1_m1,0,-0.006617894122515978,0.0,5.248095393485682e-07
4.099999999999704,p1_m2,0,0.0034870156903848053,0.0,5.248095393485682e-07
4.099999999999704,p1_m3,0,0.013479032077321002,0.0,5.248095393485682e-07
4.099999999999704,p2_m0,0,-0.018305299557171802,0.0,5.248095393485682e-07
4.099999999999704,p2_m1,0,-0.0013355204372286445,0.0,5.248095393485682e-07
4.099999999999704,p2_m2,0,0.01472613370075952,0.0,5.248095393485682e-07
4.099999999999704,p2_m3,0,0.04420975498409263,0.0,5.248095393485682e-07
4.099999999999704,p3_m0,0,0.01387334396576423,0.0,5.248095393485682e-07
4.099999999999704,p3_m1,8,9.92378560365834,0.0005512950040184554,5.248095393485682e-07
4.099999999999704,p3_m2,0,-0.052220370357483725,0.0,5.248095393485682e-07
4.099999999999704,p3_m3,0,0.036297629869738106,0.0,5.248095393485682e-07
4.109999999999707,p0_m0,0,-0.004794491250494533,0.0,5.967637275444086e-07
4.109999999999707,p0_m1,0,0.051250675782325436,0.0,5.967637275444086e-07
4.109999999999707,p0_m2,0,-0.05560052558042737,0.0,5.967637275444086e-07
4.109999999999707,p0_m3,0,0.037647739523800405,0.0,5.967637275444086e-07
4.109999999999707,p1_m0,0,0.021186978401404055,0.0,5.967637275444086e-07
4.109999999999707,p1_m1,0,-0.013600586275699036,0.0,5.967637275444086e-07
4.109999999999707,p1_m2,0,0.009288801106809434,0.0,5.967637275444086e-07
4.109999999999707,p1_m3,0,0.01268507844065491,0.0,5.967637275444086e-07
4.109999999999707,p2_m0,0,-0.022468523161019927,0.0,5.967637275444086e-07
4.109999999999707,p2_m1,0,0.0057675322109692895,0.0,5.967637275444086e-07
4.109999999999707,p2_m2,0,-0.004599608273828807,0.0,5.967637275444086e-07
4.109999999999707,p2_m3,0,0.055812790460740044,0.0,5.967637275444086e-07
4.109999999999707,p3_m0,0,-0.024138174750798817,0.0,5.967637275444086e-07
4.109999999999707,p3_m1,8,4.502552077110685,0.009222231894780287,5.967637275444086e-07
4.109999999999707,p3_m2,0,-0.06579211367265243,0.0,5.967637275444086e-07
4.109999999999707,p3_m3,0,0.06646733241445658,0.0,5.967637275444086e-07
4.119999999999711,p0_m0,0,-0.021112618915501348,0.0,4.3573269028885487e-07
4.119999999999711,p0_m1,0,0.17191970082599511,0.0,4.3573269028885487e-07
4.119999999999711,p0_m2,0,-0.1855807985398667,0.0,4.3573269028885487e-07
4.119999999999711,p0_m3,0,0.11345236201088356,0.0,4.3573269028885487e-07
4.119999999999711,p1_m0,0,0.051404004096597164,0.0,4.3573269028885487e-07
4.119999999999711,p1_m1,0,-0.04504124057661453,0.0,4.3573269028885487e-07
4.119999999999711,p1_m2,0,0.03149503066616214,0.0,4.3573269028885487e-07
4.119999999999711,p1_m3,0,0.05132346468965306,0.0,4.3573269028885487e-07
4.119999999999711,p2_m0,0,-0.08967883389712632,0.0,4.3573269028885487e-07
4.119999999999711,p2_m1,0,0.027500447639462387,0.0,4.3573269028885487e-07
4.119999999999711,p2_m2,0,-0.017892532161160612,0.0,4.3573269028885487e-07
4.119999999999711,p2_m3,0,0.10672450708037715,0.0,4.3573269028885487e-07
4.119999999999711,p3_m0,0,-0.11277403557073716,0.0,4.3573269028885487e-07
4.119999999999711,p3_m1,8,2.6332183546034997,0.015,4.3573269028885487e-07
4.119999999999711,p3_m2,0,-0.20202441607072094,0.0,4.3573269028885487e-07
4.119999999999711,p3_m3,0,0.20083414037321184,0.0,4.3573269028885487e-07
4.129999999999714,p0_m0,0,-0.02781831878933806,0.0,1.6682444168524503e-06
4.129999999999714,p0_m1,0,0.20293446113103056,0.0,1.6682444168524503e-06
4.129999999999714,p0_m2,0,-0.21889003112206534,0.0,1.6682444168524503e-06
4.129999999999714,p0_m3,0,0.1277139003921368,0.0,1.6682444168524503e-06
4.129999999999714,p1_m0,0,0.06308867612172814,0.0,1.6682444168524503e-06
4.129999999999714,p1_m1,0,-0.05450736599177036,0.0,1.6682444168524503e-06
4.129999999999714,p1_m2,0,0.03861643149992992,0.0,1.6682444168524503e-06
4.129999999999714,p1_m3,0,0.060163895380977016,0.0,1.6682444168524503e-06
4.129999999999714,p2_m0,0,-0.11045612834358576,0.0,1.6682444168524503e-06
4.129999999999714,p2_m1,0,0.03454428271695138,0.0,1.6682444168524503e-06
4.129999999999714,p2_m2,0,-0.003480998268281904,0.0,1.6682444168524503e-06
4.129999999999714,p2_m3,0,0.11048487069480412,0.0,1.6682444168524503e-06
4.129999999999714,p3_m0,0,-0.13863890880026314,0.0,1.6682444168524503e-06
4.129999999999714,p3_m1,8,0.01506377000602816,-0.015,1.6682444168524503e-06
4.129999999999714,p3_m2,0,-0.23384328098183102,0.0,1.6682444168524503e-06
4.129999999999714,p3_m3,0,0.21758361405116614,0.0,1.6682444168524503e-06
4.139999999999717,p0_m0,0,-0.006042892161721215,0.0,2.611838588188422e-07
4.139999999999717,p0_m1,0,0.05935194303822631,0.0,2.611838588188422e-07
4.139999999999717,p0_m2,0,-0.06408924391608423,0.0,2.611838588188422e-07
4.139999999999717,p0_m3,0,0.035203310951602784,0.0,2.611838588188422e-07
4.139999999999717,p1_m0,0,0.02429734804466434,0.0,2.611838588188422e-07
4.139999999999717,p1_m1,0,-0.019340116585480703,0.0,2.611838588188422e-07
4.139999999999717,p1_m2,0,0.014539502327488815,0.0,2.611838588188422e-07
4.139999999999717,p1_m3,0,0.012346996068603792,0.0,2.611838588188422e-07
4.139999999999717,p2_m0,0,-0.03063398995760442,0.0,2.611838588188422e-07
4.139999999999717,p2_m1,0,0.013534473260309801,0.0,2.611838588188422e-07
4.139999999999717,p2_m2,0,-0.003771340013847185,0.0,2.611838588188422e-07
4.139999999999717,p2_m3,0,0.08856008041480193,0.0,2.611838588188422e-07
4.139999999999717,p3_m0,0,-0.049021321608196264,0.0,2.611838588188422e-07
4.139999999999717,p3_m1,8,7.5516735377006645,-0.015,2.611838588188422e-07
4.139999999999717,p3_m2,0,-0.07677353876954914,0.0,2.611838588188422e-07
4.139999999999717,p3_m3,0,0.07242076864953018,0.0,2.611838588188422e-07
4.149999999999721,p0_m0,0,-0.006988305873956885,0.0,6.170684861172936e-07
4.149999999999721,p0_m1,0,0.05267210679750933,0.0,6.170684861172936e-07
4.149999999999721,p0_m2,0,-0.0569402933544914,0.0,6.170684861172936e-07
4.149999999999721,p0_m3,0,0.03810257854902813,0.0,6.170684861172936e-07
4.149999999999721,p1_m0,0,0.02231630049153394,0.0,6.170684861172936e-07
4.149999999999721,p1_m1,0,-0.015443588110864128,0.0,6.170684861172936e-07
4.149999999999721,p1_m2,0,0.011145979587554904,0.0,6.170684861172936e-07
4.149999999999721,p1_m3,0,0.010914000293866102,0.0,6.170684861172936e-07
4.149999999999721,p2_m0,0,-0.024170375187027637,0.0,6.170684861172936e-07
4.149999999999721,p2_m1,0,0.010860576685287185,0.0,6.170684861172936e-07
4.149999999999721,p2_m2,0,-0.010345915854492129,0.0,6.170684861172936e-07
4.149999999999721,p2_m3,0,0.06342977738367662,0.0,6.170684861172936e-07
4.149999999999721,p3_m0,0,-0.04129097876864437,0.0,6.170684861172936e-07
4.149999999999721,p3_m1,8,4.857211442208277,0.008902883920269212,6.170684861172936e-07
4.149999999999721,p3_m2,0,-0.06594795950208528,0.0,6.170684861172936e-07
4.149999999999721,p3_m3,0,0.0701332339177486,0.0,6.170684861172936e-07
4.159999999999724,p0_m0,0,-0.02061767713521921,0.0,3.1086011989902486e-07
4.159999999999724,p0_m1,0,0.16449638416639678,0.0,3.1086011989902486e-07
4.159999999999724,p0_m2,0,-0.17748185821118007,0.0,3.1086011989902486e-07
4.159999999999724,p0_m3,0,0.1101758069723677,0.0,3.1086011989902486e-07
4.159999999999724,p1_m0,0,0.04956170188916608,0.0,3.1086011989902486e-07
4.159999999999724,p1_m1,0,-0.04348158703015366,0.0,3.1086011989902486e-07
4.159999999999724,p1_m2,0,0.03056076182822174,0.0,3.1086011989902486e-07
4.159999999999724,p1_m3,0,0.047835843936717276,0.0,3.1086011989902486e-07
4.159999999999724,p2_m0,0,-0.08528238427842166,0.0,3.1086011989902486e-07
4.159999999999724,p2_m1,0,0.02938513606946715,0.0,3.1086011989902486e-07
4.159999999999724,p2_m2,0,-0.02372489121137231,0.0,3.1086011989902486e-07
4.159999999999724,p2_m3,0,0.11205443861590718,0.0,3.1086011989902486e-07
4.159999999999724,p3_m0,0,-0.11465550912276636,0.0,3.1086011989902486e-07
4.159999999999724,p3_m1,8,2.7555746272587234,0.015,3.1086011989902486e-07
4.159999999999724,p3_m2,0,-0.19386378885955896,0.0,3.1086011989902486e-07
4.159999999999724,p3_m3,0,0.19910513969785484,0.0,3.1086011989902486e-07
4.169999999999727,p0_m0,0,-0.026807295714872316,0.0,1.599310925391964e-06
4.169999999999727,p0_m1,0,0.20030295472027554,0.0,1.599310925391964e-06
4.169999999999727,p0_m2,0,-0.21612857706395228,0.0,1.599310925391964e-06
4.169999999999727,p0_m3,0,0.12645053289085412,0.0,1.599310925391964e-06
4.169999999999727,p1_m0,0,0.06155199352435692,0.0,1.599310925391964e-06
4.169999999999727,p1_m1,0,-0.05251958606440792,0.0,1.599310925391964e-06
4.169999999999727,p1_m2,0,0.036731058004470574,0.0,1.599310925391964e-06
4.169999999999727,p1_m3,0,0.0608926012527102,0.0,1.599310925391964e-06
4.169999999999727,p2_m0,0,-0.11050916328138599,0.0,1.599310925391964e-06
4.169999999999727,p2_m1,0,0.03445213757853579,0.0,1.599310925391964e-06
4.169999999999727,p2_m2,0,-0.0034508469610132317,0.0,1.599310925391964e-06
4.169999999999727,p2_m3,0,0.11394119062742519,0.0,1.599310925391964e-06
4.169999999999727,p3_m0,0,-0.13913671117342513,0.0,1.599310925391964e-06
4.169999999999727,p3_m1,8,-0.07647856971696872,-0.015,1.599310925391964e-06
4.169999999999727,p3_m2,0,-0.23258587420538956,0.0,1.599310925391964e-06
4.169999999999727,p3_m3,0,0.21519999040344684,0.0,1.599310925391964e-06
4.179999999999731,p0_m0,0,-0.009232087319036297,0.0,2.1290840544810748e-07
4.179999999999731,p0_m1,0,0.0864720911879376,0.0,2.1290840544810748e-07
4.179999999999731,p0_m2,0,-0.09341581326458939,0.0,2.1290840544810748e-07
4.179999999999731,p0_m3,0,0.05717126353313509,0.0,2.1290840544810748e-07
4.179999999999731,p1_m0,0,0.033394934738001494,0.0,2.1290840544810748e-07
4.179999999999731,p1_m1,0,-0.02539500803065403,0.0,2.1290840544810748e-07
4.179999999999731,p1_m2,0,0.018395652399645992,0.0,2.1290840544810748e-07
4.179999999999731,p1_m3,0,0.020150812815274307,0.0,2.1290840544810748e-07
4.179999999999731,p2_m0,0,-0.043713953485785814,0.0,2.1290840544810748e-07
4.179999999999731,p2_m1,0,0.018680968292934228,0.0,2.1290840544810748e-07
4.179999999999731,p2_m2,0,-0.011203072357364745,0.0,2.1290840544810748e-07
4.179999999999731,p2_m3,0,0.1114743976069531,0.0,2.1290840544810748e-07
4.179999999999731,p3_m0,0,-0.06884114464118167,0.0,2.1290840544810748e-07
4.179999999999731,p3_m1,8,2.0526290701893917,0.003470634344754843,2.1290840544810748e-07
4.179999999999731,p3_m2,0,-0.10917813487397222,0.0,2.1290840544810748e-07
4.179999999999731,p3_m3,0,0.10877867319982781,0.0,2.1290840544810748e-07
4.189999999999734,p0_m0,0,-0.025771875085181247,0.0,5.541511432002791e-07
4.189999999999734,p0_m1,0,0.20801712520489324,0.0,5.541511432002791e-07
4.189999999999734,p0_m2,0,-0.22459783322770915,0.0,5.541511432002791e-07
4.189999999999734,p0_m3,0,0.12925942776930818,0.0,5.541511432002791e-07
4.189999999999734,p1_m0,0,0.061900555288118116,0.0,5.541511432002791e-07
4.189999999999734,p1_m1,0,-0.05316030632426083,0.0,5.541511432002791e-07
4.189999999999734,p1_m2,0,0.03662549762522825,0.0,5.541511432002791e-07
4.189999999999734,p1_m3,0,0.065956637542135,0.0,5.541511432002791e-07
4.189999999999734,p2_m0,0,-0.11670046577834634,0.0,5.541511432002791e-07
4.189999999999734,p2_m1,0,0.034668387272190855,0.0,5.541511432002791e-07
4.189999999999734,p2_m2,0,0.0035090403133644214,0.0,5.541511432002791e-07
4.189999999999734,p2_m3,0,0.11415525024052302,0.0,5.541511432002791e-07
4.189999999999734,p3_m0,0,-0.1438872476730366,0.0,5.541511432002791e-07
4.189999999999734,p3_m1,8,2.085828894674629,0.015,5.541511432002791e-07
4.189999999999734,p3_m2,0,-0.2454540392026529,0.0,5.541511432002791e-07
4.189999999999734,p3_m3,0,0.22509232631480022,0.0,5.541511432002791e-07
4.199999999999737,p0_m0,0,-0.006200245252180452,0.0,5.484884560292516e-08
4.199999999999737,p0_m1,0,0.05706019557675505,0.0,5.484884560292516e-08
4.199999999999737,p0_m2,0,-0.061631750022401476,0.0,5.484884560292516e-08
4.199999999999737,p0_m3,0,0.0328073541360858,0.0,5.484884560292516e-08
4.199999999999737,p1_m0,0,0.020786634448364046,0.0,5.484884560292516e-08
4.199999999999737,p1_m1,0,-0.016916198248903905,0.0,5.484884560292516e-08
4.199999999999737,p1_m2,0,0.012276370077371285,0.0,5.484884560292516e-08
4.199999999999737,p1_m3,0,0.014820900300818753,0.0,5.484884560292516e-08
4.199999999999737,p2_m0,0,-0.03205770337661684,0.0,5.484884560292516e-08
4.199999999999737,p2_m1,0,0.012669171176787826,0.0,5.484884560292516e-08
4.199999999999737,p2_m2,0,0.0009091744884574376,0.0,5.484884560292516e-08
4.199999999999737,p2_m3,0,0.08608576613364113,0.0,5.484884560292516e-08
4.199999999999737,p3_m0,0,-0.04584997839148225,0.0,5.484884560292516e-08
4.199999999999737,p3_m1,8,8.16034348466078,-0.006548320313041402,5.484884560292516e-08
4.199999999999737,p3_m2,0,-0.07299762063951612,0.0,5.484884560292516e-08
4.199999999999737,p3_m3,0,0.06611944910771723,0.0,5.484884560292516e-08
4.209999999999741,p0_m0,0,-0.008464906789210561,0.0,2.264700862579114e-07
4.209999999999741,p0_m1,0,0.06661721381859079,0.0,2.264700862579114e-07
4.209999999999741,p0_m2,0,-0.07202145766592151,0.0,2.264700862579114e-07
4.209999999999741,p0_m3,0,0.04932299280680555,0.0,2.264700862579114e-07
4.209999999999741,p1_m0,0,0.02620637314317413,0.0,2.264700862579114e-07
4.209999999999741,p1_m1,0,-0.018022987188529106,0.0,2.264700862579114e-07
4.209999999999741,p1_m2,0,0.01259330212005219,0.0,2.264700862579114e-07
4.209999999999741,p1_m3,0,0.01585104739646534,0.0,2.264700862579114e-07
4.209999999999741,p2_m0,0,-0.03164624531222684,0.0,2.264700862579114e-07
4.209999999999741,p2_m1,0,0.01344255467126803,0.0,2.264700862579114e-07
4.209999999999741,p2_m2,0,-0.012911219455721922,0.0,2.264700862579114e-07
4.209999999999741,p2_m3,0,0.07837977182479011,0.0,2.264700862579114e-07
4.209999999999741,p3_m0,0,-0.05097233999851759,0.0,2.264700862579114e-07
4.209999999999741,p3_m1,8,4.294501020562327,0.009859648944515447,2.264700862579114e-07
4.209999999999741,p3_m2,0,-0.08256699623146174,0.0,2.264700862579114e-07
4.209999999999741,p3_m3,0,0.08809296376612959,0.0,2.264700862579114e-07
4.219999999999744,p0_m0,0,-0.02317347461992493,0.0,6.590787035839637e-07
4.219999999999744,p0_m1,0,0.18332928794584424,0.0,6.590787035839637e-07
4.219999999999744,p0_m2,0,-0.19783787425477867,0.0,6.590787035839637e-07
4.219999999999744,p0_m3,0,0.12013163192296365,0.0,6.590787035839637e-07
4.219999999999744,p1_m0,0,0.054313904507927065,0.0,6.590787035839637e-07
4.219999999999744,p1_m1,0,-0.047398522612742564,0.0,6.590787035839637e-07
4.219999999999744,p1_m2,0,0.03295742178716121,0.0,6.590787035839637e-07
4.219999999999744,p1_m3,0,0.0557282293154955,0.0,6.590787035839637e-07
4.219999999999744,p2_m0,0,-0.09831681750270312,0.0,6.590787035839637e-07
4.219999999999744,p2_m1,0,0.032165376207215386,0.0,6.590787035839637e-07
4.219999999999744,p2_m2,0,-0.018026616688385875,0.0,6.590787035839637e-07
4.219999999999744,p2_m3,0,0.1136451254122144,0.0,6.590787035839637e-07
4.219999999999744,p3_m0,0,-0.12718687971307066,0.0,6.590787035839637e-07
4.219999999999744,p3_m1,8,2.5467785757721435,0.015,6.590787035839637e-07
4.219999999999744,p3_m2,0,-0.21539430655492178,0.0,6.590787035839637e-07
4.219999999999744,p3_m3,0,0.21286464245081732,0.0,6.590787035839637e-07
4.229999999999747,p0_m0,0,-0.021287742910435854,0.0,1.3884305738209346e-06
4.229999999999747,p0_m1,0,0.15935402317786046,0.0,1.3884305738209346e-06
4.229999999999747,p0_m2,0,-0.17187292445500638,0.0,1.3884305738209346e-06
4.229999999999747,p0_m3,0,0.1009414472905035,0.0,1.3884305738209346e-06
4.229999999999747,p1_m0,0,0.05162215123666196,0.0,1.3884305738209346e-06
4.229999999999747,p1_m1,0,-0.0436739754150202,0.0,1.3884305738209346e-06
4.229999999999747,p1_m2,0,0.031149275060889225,0.0,1.3884305738209346e-06
4.229999999999747,p1_m3,0,0.045240894407403594,0.0,1.3884305738209346e-06
4.229999999999747,p2_m0,0,-0.08638886792412438,0.0,1.3884305738209346e-06
4.229999999999747,p2_m1,0,0.03051610285588175,0.0,1.3884305738209346e-06
4.229999999999747,p2_m2,0,-0.006489177912275743,0.0,1.3884305738209346e-06
4.229999999999747,p2_m3,0,0.11213933655716761,0.0,1.3884305738209346e-06
4.229999999999747,p3_m0,0,-0.11523083377114758,0.0,1.3884305738209346e-06
4.229999999999747,p3_m1,8,0.39409464661810223,-0.015,1.3884305738209346e-06
4.229999999999747,p3_m2,0,-0.18800156581139027,0.0,1.3884305738209346e-06
4.229999999999747,p3_m3,0,0.17851095063750816,0.0,1.3884305738209346e-06
4.239999999999751,p0_m0,0,-0.01184006930278781,0.0,4.064148259605956e-07
4.239999999999751,p0_m1,0,0.10583722554104981,0.0,4.064148259605956e-07
4.239999999999751,p0_m2,0,-0.11421937116871314,0.0,4.064148259605956e-07
4.239999999999751,p0_m3,0,0.07040257065403875,0.0,4.064148259605956e-07
4.239999999999751,p1_m0,0,0.037094125542509376,0.0,4.064148259605956e-07
4.239999999999751,p1_m1,0,-0.030602917893438764,0.0,4.064148259605956e-07
4.239999999999751,p1_m2,0,0.02218741887392928,0.0,4.064148259605956e-07
4.239999999999751,p1_m3,0,0.025967427096239188,0.0,4.064148259605956e-07
4.239999999999751,p2_m0,0,-0.05320879596571223,0.0,4.064148259605956e-07
4.239999999999751,p2_m1,0,0.02301629838472626,0.0,4.064148259605956e-07
4.239999999999751,p2_m2,0,-0.01823181345737654,0.0,4.064148259605956e-07
4.239999999999751,p2_m3,0,0.10974505256909425,0.0,4.064148259605956e-07
4.239999999999751,p3_m0,0,-0.08167972014277466,0.0,4.064148259605956e-07
4.239999999999751,p3_m1,8,3.079905167929493,0.011964514136534177,4.064148259605956e-07
4.239999999999751,p3_m2,0,-0.13143396105022642,0.0,4.064148259605956e-07
4.239999999999751,p3_m3,0,0.13655186234603756,0.0,4.064148259605956e-07
4.249999999999754,p0_m0,0,-0.02586423514955141,0.0,8.197370947144685e-07
4.249999999999754,p0_m1,0,0.20055867677605246,0.0,8.197370947144685e-07
4.249999999999754,p0_m2,0,-0.21638770072734984,0.0,8.197370947144685e-07
4.249999999999754,p0_m3,0,0.12476419946390513,0.0,8.197370947144685e-07
4.249999999999754,p1_m0,0,0.06089363263650121,0.0,8.197370947144685e-07
4.249999999999754,p1_m1,0,-0.05291854761449882,0.0,8.197370947144685e-07
4.249999999999754,p1_m2,0,0.03712879006057539,0.0,8.197370947144685e-07
4.249999999999754,p1_m3,0,0.06120834223992221,0.0,8.197370947144685e-07
4.249999999999754,p2_m0,0,-0.11123580134197596,0.0,8.197370947144685e-07
4.249999999999754,p2_m1,0,0.03585817471052474,0.0,8.197370947144685e-07
4.249999999999754,p2_m2,0,-0.0005054769656925342,0.0,8.197370947144685e-07
4.249999999999754,p2_m3,0,0.11164845184267878,0.0,8.197370947144685e-07
4.249999999999754,p3_m0,0,-0.14070872569241408,0.0,8.197370947144685e-07
4.249999999999754,p3_m1,8,13.185907022960013,0.015,8.197370947144685e-07
4.249999999999754,p3_m2,0,-0.23562690319517993,0.0,8.197370947144685e-07
4.249999999999754,p3_m3,0,0.22064009814482569,0.0,8.197370947144685e-07
4.259999999999757,p0_m0,0,-0.012092748427158856,0.0,2.0909421288362015e-07
4.259999999999757,p0_m1,0,0.10863768516803513,0.0,2.0909421288362015e-07
4.259999999999757,p0_m2,0,-0.1172867556272486,0.0,2.0909421288362015e-07
4.259999999999757,p0_m3,0,0.07099606622490687,0.0,2.0909421288362015e-07
4.259999999999757,p1_m0,0,0.03804682292765134,0.0,2.0909421288362015e-07
4.259999999999757,p1_m1,0,-0.03085918922726937,0.0,2.0909421288362015e-07
4.259999999999757,p1_m2,0,0.022170954398623797,0.0,2.0909421288362015e-07
4.259999999999757,p1_m3,0,0.02780131013445862,0.0,2.0909421288362015e-07
4.259999999999757,p2_m0,0,-0.055944983879208314,0.0,2.0909421288362015e-07
4.259999999999757,p2_m1,0,0.022896203088982034,0.0,2.0909421288362015e-07
4.259999999999757,p2_m2,0,-0.01307611588947064,0.0,2.0909421288362015e-07
4.259999999999757,p2_m3,0,0.10856016853223661,0.0,2.0909421288362015e-07
4.259999999999757,p3_m0,0,-0.0834271562757149,0.0,2.0909421288362015e-07
4.259999999999757,p3_m1,8,4.099536875756682,0.015,2.0909421288362015e-07
4.259999999999757,p3_m2,0,-0.13529967867119508,0.0,2.0909421288362015e-07
4.259999999999757,p3_m3,0,0.13772999040395104,0.0,2.0909421288362015e-07
4.269999999999761,p0_m0,0,-0.025455583930532467,0.0,8.023745512789656e-07
4.269999999999761,p0_m1,0,0.19820584564289256,0.0,8.023745512789656e-07
4.269999999999761,p0_m2,0,-0.21384881317686052,0.0,8.023745512789656e-07
4.269999999999761,p0_m3,0,0.12359042472019817,0.0,8.023745512789656e-07
4.269999999999761,p1_m0,0,0.060116254080482774,0.0,8.023745512789656e-07
4.269999999999761,p1_m1,0,-0.05233995942845088,0.0,8.023745512789656e-07
4.269999999999761,p1_m2,0,0.0367366052176895,0.0,8.023745512789656e-07
4.269999999999761,p1_m3,0,0.06030145360610726,0.0,8.023745512789656e-07
4.269999999999761,p2_m0,0,-0.10962655534830118,0.0,8.023745512789656e-07
4.269999999999761,p2_m1,0,0.03565849837211767,0.0,8.023745512789656e-07
4.269999999999761,p2_m2,0,-0.0012481177013641167,0.0,8.023745512789656e-07
4.269999999999761,p2_m3,0,0.11334208367684177,0.0,8.023745512789656e-07
4.269999999999761,p3_m0,0,-0.1393258926427527,0.0,8.023745512789656e-07
4.269999999999761,p3_m1,8,13.239791206332349,0.015,8.023745512789656e-07
4.269999999999761,p3_m2,0,-0.23335441910131446,0.0,8.023745512789656e-07
4.269999999999761,p3_m3,0,0.22030297894399314,0.0,8.023745512789656e-07
4.279999999999764,p0_m0,0,-0.005358765164182202,0.0,1.201436922607213e-07
4.279999999999764,p0_m1,0,0.050320888735760134,0.0,1.201436922607213e-07
4.279999999999764,p0_m2,0,-0.05433791304262012,0.0,1.201436922607213e-07
4.279999999999764,p0_m3,0,0.028755112434499817,0.0,1.201436922607213e-07
4.279999999999764,p1_m0,0,0.01851856150278478,0.0,1.201436922607213e-07
4.279999999999764,p1_m1,0,-0.01522759083287461,0.0,1.201436922607213e-07
4.279999999999764,p1_m2,0,0.011140129927340519,0.0,1.201436922607213e-07
4.279999999999764,p1_m3,0,0.012654765886603548,0.0,1.201436922607213e-07
4.279999999999764,p2_m0,0,-0.02810144432712189,0.0,1.201436922607213e-07
4.279999999999764,p2_m1,0,0.011998024135198912,0.0,1.201436922607213e-07
4.279999999999764,p2_m2,0,-0.0004347915917791701,0.0,1.201436922607213e-07
4.279999999999764,p2_m3,0,0.07521863661380403,0.0,1.201436922607213e-07
4.279999999999764,p3_m0,0,-0.04136658828179923,0.0,1.201436922607213e-07
4.279999999999764,p3_m1,8,8.541297142386933,-0.0006608613865699944,1.201436922607213e-07
4.279999999999764,p3_m2,0,-0.06480632768352976,0.0,1.201436922607213e-07
4.279999999999764,p3_m3,0,0.0604706974340454,0.0,1.201436922607213e-07
4.289999999999767,p0_m0,0,-0.00910654367041534,0.0,2.117122104014746e-07
4.289999999999767,p0_m1,0,0.0753274623331458,0.0,2.117122104014746e-07
4.289999999999767,p0_m2,0,-0.08141058668151349,0.0,2.117122104014746e-07
4.289999999999767,p0_m3,0,0.056430787334498,0.0,2.117122104014746e-07
4.289999999999767,p1_m0,0,0.02833967271767148,0.0,2.117122104014746e-07
4.289999999999767,p1_m1,0,-0.020248917592997323,0.0,2.117122104014746e-07
4.289999999999767,p1_m2,0,0.014146125507217545,0.0,2.117122104014746e-07
4.289999999999767,p1_m3,0,0.018137203520687848,0.0,2.117122104014746e-07
4.289999999999767,p2_m0,0,-0.035549282214356555,0.0,2.117122104014746e-07
4.289999999999767,p2_m1,0,0.015171846024627426,0.0,2.117122104014746e-07
4.289999999999767,p2_m2,0,-0.01614203578462749,0.0,2.117122104014746e-07
4.289999999999767,p2_m3,0,0.08661398827996981,0.0,2.117122104014746e-07
4.289999999999767,p3_m0,0,-0.05702126520367556,0.0,2.117122104014746e-07
4.289999999999767,p3_m1,8,4.109732621741019,0.011113340915622601,2.117122104014746e-07
4.289999999999767,p3_m2,0,-0.09268138613753493,0.0,2.117122104014746e-07
4.289999999999767,p3_m3,0,0.10042595633348288,0.0,2.117122104014746e-07
4.299999999999771,p0_m0,0,-0.024719258768833813,0.0,7.897330955367429e-07
4.299999999999771,p0_m1,0,0.19365429632551348,0.0,7.897330955367429e-07
4.299999999999771,p0_m2,0,-0.2089838424363771,0.0,7.897330955367429e-07
4.299999999999771,p0_m3,0,0.12565768580879233,0.0,7.897330955367429e-07
4.299999999999771,p1_m0,0,0.057083301579329754,0.0,7.897330955367429e-07
4.299999999999771,p1_m1,0,-0.049804974656315885,0.0,7.897330955367429e-07
4.299999999999771,p1_m2,0,0.03455503645636271,0.0,7.897330955367429e-07
4.299999999999771,p1_m3,0,0.05965457665560287,0.0,7.897330955367429e-07
4.299999999999771,p2_m0,0,-0.10505052122570392,0.0,7.897330955367429e-07
4.299999999999771,p2_m1,0,0.033562808760169975,0.0,7.897330955367429e-07
4.299999999999771,p2_m2,0,-0.01352309482651656,0.0,7.897330955367429e-07
4.299999999999771,p2_m3,0,0.11355336826254547,0.0,7.897330955367429e-07
4.299999999999771,p3_m0,0,-0.13381635934105784,0.0,7.897330955367429e-07
4.299999999999771,p3_m1,8,2.442580139214769,0.015,7.897330955367429e-07
4.299999999999771,p3_m2,0,-0.22668043334626428,0.0,7.897330955367429e-07
4.299999999999771,p3_m3,0,0.2201589773029964,0.0,7.897330955367429e-07
4.309999999999774,p0_m0,0,-0.018723310740448328,0.0,1.2191225749810321e-06
4.309999999999774,p0_m1,0,0.14249947682751732,0.0,1.2191225749810321e-06
4.309999999999774,p0_m2,0,-0.15370368325222053,0.0,1.2191225749810321e-06
4.309999999999774,p0_m3,0,0.09029583702934281,0.0,1.2191225749810321e-06
4.309999999999774,p1_m0,0,0.04736175638288188,0.0,1.2191225749810321e-06
4.309999999999774,p1_m1,0,-0.03966704233513702,0.0,1.2191225749810321e-06
4.309999999999774,p1_m2,0,0.028447421034192497,0.0,1.2191225749810321e-06
4.309999999999774,p1_m3,0,0.03932736186731762,0.0,1.2191225749810321e-06
4.309999999999774,p2_m0,0,-0.076804078362571,0.0,1.2191225749810321e-06
4.309999999999774,p2_m1,0,0.02818992731235784,0.0,1.2191225749810321e-06
4.309999999999774,p2_m2,0,-0.005138485018730601,0.0,1.2191225749810321e-06
4.309999999999774,p2_m3,0,0.11131192572707184,0.0,1.2191225749810321e-06
4.309999999999774,p3_m0,0,-0.10492861563092303,0.0,1.2191225749810321e-06
4.309999999999774,p3_m1,8,13.78734781170141,0.015,1.2191225749810321e-06
4.309999999999774,p3_m2,0,-0.16987861396834159,0.0,1.2191225749810321e-06
4.309999999999774,p3_m3,0,0.16203999598782692,0.0,1.2191225749810321e-06
4.319999999999777,p0_m0,0,-0.013555373842102,0.0,4.1414694541592576e-07
4.319999999999777,p0_m1,0,0.11978665493580364,0.0,4.1414694541592576e-07
4.319999999999777,p0_m2,0,-0.12927329963239356,0.0,4.1414694541592576e-07
4.319999999999777,p0_m3,0,0.07883988362460703,0.0,4.1414694541592576e-07
4.319999999999777,p1_m0,0,0.03995066749362609,0.0,4.1414694541592576e-07
4.319999999999777,p1_m1,0,-0.03376570961894301,0.0,4.1414694541592576e-07
4.319999999999777,p1_m2,0,0.02426465948329837,0.0,4.1414694541592576e-07
4.319999999999777,p1_m3,0,0.031258867048812,0.0,4.1414694541592576e-07
4.319999999999777,p2_m0,0,-0.061305290821193265,0.0,4.1414694541592576e-07
4.319999999999777,p2_m1,0,0.02493104786770801,0.0,4.1414694541592576e-07
4.319999999999777,p2_m2,0,-0.016728431580025065,0.0,4.1414694541592576e-07
4.319999999999777,p2_m3,0,0.11109219767029732,0.0,4.1414694541592576e-07
4.319999999999777,p3_m0,0,-0.09026970602936771,0.0,4.1414694541592576e-07
4.319999999999777,p3_m1,8,3.2986609144338193,0.01475933117661294,4.1414694541592576e-07
4.319999999999777,p3_m2,0,-0.14759257228826117,0.0,4.1414694541592576e-07
4.319999999999777,p3_m3,0,0.15242015405780499,0.0,4.1414694541592576e-07
4.329999999999781,p0_m0,0,-0.023483769238555014,0.0,8.821311344685766e-07
4.329999999999781,p0_m1,0,0.18234744151911494,0.0,8.821311344685766e-07
4.329999999999781,p0_m2,0,-0.1967283953171861,0.0,8.821311344685766e-07
4.329999999999781,p0_m3,0,0.11357030771524408,0.0,8.821311344685766e-07
4.329999999999781,p1_m0,0,0.056553122566775166,0.0,8.821311344685766e-07
4.329999999999781,p1_m1,0,-0.04877697120774193,0.0,8.821311344685766e-07
4.329999999999781,p1_m2,0,0.03442622177849701,0.0,8.821311344685766e-07
4.329999999999781,p1_m3,0,0.0544345357344702,0.0,8.821311344685766e-07
4.329999999999781,p2_m0,0,-0.10061001850385272,0.0,8.821311344685766e-07
4.329999999999781,p2_m1,0,0.03351642554711204,0.0,8.821311344685766e-07
4.329999999999781,p2_m2,0,0.0007362310058841238,0.0,8.821311344685766e-07
4.329999999999781,p2_m3,0,0.11086590280288328,0.0,8.821311344685766e-07
4.329999999999781,p3_m0,0,-0.12961603379241918,0.0,8.821311344685766e-07
4.329999999999781,p3_m1,8,-0.010729344819894824,-0.015,8.821311344685766e-07
4.329999999999781,p3_m2,0,-0.21551212672557002,0.0,8.821311344685766e-07
4.329999999999781,p3_m3,0,0.20256813107174151,0.0,8.821311344685766e-07
4.339999999999784,p0_m0,0,-0.013152541698026887,0.0,2.3258136716068378e-07
4.339999999999784,p0_m1,0,0.11782890876025894,0.0,2.3258136716068378e-07
4.339999999999784,p0_m2,0,-0.12718716045833411,0.0,2.3258136716068378e-07
4.339999999999784,p0_m3,0,0.07767736602392052,0.0,2.3258136716068378e-07
4.339999999999784,p1_m0,0,0.03961706545541355,0.0,2.3258136716068378e-07
4.339999999999784,p1_m1,0,-0.03308542134547356,0.0,2.3258136716068378e-07
4.339999999999784,p1_m2,0,0.023703115988964057,0.0,2.3258136716068378e-07
4.339999999999784,p1_m3,0,0.03072835871090945,0.0,2.3258136716068378e-07
4.339999999999784,p2_m0,0,-0.060372319006956186,0.0,2.3258136716068378e-07
4.339999999999784,p2_m1,0,0.024436505977019803,0.0,2.3258136716068378e-07
4.339999999999784,p2_m2,0,-0.015687200374599204,0.0,2.3258136716068378e-07
4.339999999999784,p2_m3,0,0.11228844923528143,0.0,2.3258136716068378e-07
4.339999999999784,p3_m0,0,-0.08917062948853631,0.0,2.3258136716068378e-07
4.339999999999784,p3_m1,8,3.0518167154876954,0.011700275136545127,2.3258136716068378e-07
4.339999999999784,p3_m2,0,-0.14581792753298217,0.0,2.3258136716068378e-07
4.339999999999784,p3_m3,0,0.15038401162494028,0.0,2.3258136716068378e-07
4.349999999999787,p0_m0,0,-0.02311785718004109,0.0,8.609719032853325e-07
4.349999999999787,p0_m1,0,0.1802827334392501,0.0,8.609719032853325e-07
4.349999999999787,p0_m2,0,-0.19450145906227645,0.0,8.609719032853325e-07
4.349999999999787,p0_m3,0,0.11252984904867057,0.0,8.609719032853325e-07
4.349999999999787,p1_m0,0,0.05586129499865934,0.0,8.609719032853325e-07
4.349999999999787,p1_m1,0,-0.048259206835498246,0.0,8.609719032853325e-07
4.349999999999787,p1_m2,0,0.03407114780087735,0.0,8.609719032853325e-07
4.349999999999787,p1_m3,0,0.05365737087291938,0.0,8.609719032853325e-07
4.349999999999787,p2_m0,0,-0.09921082483932474,0.0,8.609719032853325e-07
4.349999999999787,p2_m1,0,0.03332485042055935,0.0,8.609719032853325e-07
4.349999999999787,p2_m2,0,6.476042568510333e-06,0.0,8.609719032853325e-07
4.349999999999787,p2_m3,0,0.11258131788147294,0.0,8.609719032853325e-07
4.349999999999787,p3_m0,0,-0.12838592773862872,0.0,8.609719032853325e-07
4.349999999999787,p3_m1,8,0.03997683123919746,-0.015,8.609719032853325e-07
4.349999999999787,p3_m2,0,-0.21352093872390493,0.0,8.609719032853325e-07
4.349999999999787,p3_m3,0,0.2022512243763691,0.0,8.609719032853325e-07
4.359999999999791,p0_m0,0,-0.004479096333772658,0.0,1.756920388891076e-07
4.359999999999791,p0_m1,0,0.04436574785714419,0.0,1.756920388891076e-07
4.359999999999791,p0_m2,0,-0.04792151217541917,0.0,1.756920388891076e-07
4.359999999999791,p0_m3,0,0.025154712403798164,0.0,1.756920388891076e-07
4.359999999999791,p1_m0,0,0.016526471175741398,0.0,1.756920388891076e-07
4.359999999999791,p1_m1,0,-0.01349268746611757,0.0,1.756920388891076e-07
4.359999999999791,p1_m2,0,0.009870275281647798,0.0,1.756920388891076e-07
4.359999999999791,p1_m3,0,0.011072625437147317,0.0,1.756920388891076e-07
4.359999999999791,p2_m0,0,-0.024862708605457133,0.0,1.756920388891076e-07
4.359999999999791,p2_m1,0,0.010792975324314254,0.0,1.756920388891076e-07
4.359999999999791,p2_m2,0,0.0002920729603777371,0.0,1.756920388891076e-07
4.359999999999791,p2_m3,0,0.06628063192252596,0.0,1.756920388891076e-07
4.359999999999791,p3_m0,0,-0.03696390199769416,0.0,1.756920388891076e-07
4.359999999999791,p3_m1,8,7.522542295960479,-0.0016241008053786174,1.756920388891076e-07
4.359999999999791,p3_m2,0,-0.05769332073221498,0.0,1.756920388891076e-07
4.359999999999791,p3_m3,0,0.05378561354342116,0.0,1.756920388891076e-07
4.369999999999794,p0_m0,0,-0.009886286811847203,0.0,1.6393164147439717e-07
4.369999999999794,p0_m1,0,0.0850420538547743,0.0,1.6393164147439717e-07
4.369999999999794,p0_m2,0,-0.09188161857939328,0.0,1.6393164147439717e-07
4.369999999999794,p0_m3,0,0.06372967100773577,0.0,1.6393164147439717e-07
4.369999999999794,p1_m0,0,0.030431515025583666,0.0,1.6393164147439717e-07
4.369999999999794,p1_m1,0,-0.02273355676264627,0.0,1.6393164147439717e-07
4.369999999999794,p1_m2,0,0.01588434925726727,0.0,1.6393164147439717e-07
4.369999999999794,p1_m3,0,0.02095361229014147,0.0,1.6393164147439717e-07
4.369999999999794,p2_m0,0,-0.04022701207117122,0.0,1.6393164147439717e-07
4.369999999999794,p2_m1,0,0.016880573439902367,0.0,1.6393164147439717e-07
4.369999999999794,p2_m2,0,-0.018910118352812807,0.0,1.6393164147439717e-07
4.369999999999794,p2_m3,0,0.09437409279162684,0.0,1.6393164147439717e-07
4.369999999999794,p3_m0,0,-0.0635205712021879,0.0,1.6393164147439717e-07
4.369999999999794,p3_m1,8,3.813879756265608,0.011670550044894057,1.6393164147439717e-07
4.369999999999794,p3_m2,0,-0.10405039652306278,0.0,1.6393164147439717e-07
4.369999999999794,p3_m3,0,0.1132224042526228,0.0,1.6393164147439717e-07
4.379999999999797,p0_m0,0,-0.026191315787065995,0.0,9.354765538721691e-07
4.379999999999797,p0_m1,0,0.20326501077861633,0.0,9.354765538721691e-07
4.379999999999797,p0_m2,0,-0.21935698850684723,0.0,9.354765538721691e-07
4.379999999999797,p0_m3,0,0.13082896811436362,0.0,9.354765538721691e-07
4.379999999999797,p1_m0,0,0.05980597972070072,0.0,9.354765538721691e-07
4.379999999999797,p1_m1,0,-0.052084460559360786,0.0,9.354765538721691e-07
4.379999999999797,p1_m2,0,0.036085971454112686,0.0,9.354765538721691e-07
4.379999999999797,p1_m3,0,0.06323467373869217,0.0,9.354765538721691e-07
4.379999999999797,p2_m0,0,-0.11125446181382542,0.0,9.354765538721691e-07
4.379999999999797,p2_m1,0,0.034813191924967804,0.0,9.354765538721691e-07
4.379999999999797,p2_m2,0,-0.007528868617882342,0.0,9.354765538721691e-07
4.379999999999797,p2_m3,0,0.11367325448087914,0.0,9.354765538721691e-07
4.379999999999797,p3_m0,0,-0.13995106052462958,0.0,9.354765538721691e-07
4.379999999999797,p3_m1,8,2.3559918148848955,0.015,9.354765538721691e-07
4.379999999999797,p3_m2,0,-0.23707333222829596,0.0,9.354765538721691e-07
4.379999999999797,p3_m3,0,0.22671281958289893,0.0,9.354765538721691e-07
4.389999999999801,p0_m0,0,0.006161245095903224,0.0,5.305189779193854e-06
4.389999999999801,p0_m1,0,-0.00027141622450474527,0.0,5.305189779193854e-06
4.389999999999801,p0_m2,0,0.1496382897311214,0.0,5.305189779193854e-06
4.389999999999801,p0_m3,0,-0.17554438175397927,0.0,5.305189779193854e-06
4.389999999999801,p1_m0,0,-0.03649830999026982,0.0,5.305189779193854e-06
4.389999999999801,p1_m1,0,0.010310215292872406,0.0,5.305189779193854e-06
4.389999999999801,p1_m2,0,0.0022567611376448442,0.0,5.305189779193854e-06
4.389999999999801,p1_m3,0,-0.06333318386788217,0.0,5.305189779193854e-06
4.389999999999801,p2_m0,0,0.06879810192157719,0.0,5.305189779193854e-06
4.389999999999801,p2_m1,0,0.0035122349415503155,0.0,5.305189779193854e-06
4.389999999999801,p2_m2,0,0.02384599361598193,0.0,5.305189779193854e-06
4.389999999999801,p2_m3,0,-0.20089978871209208,0.0,5.305189779193854e-06
4.389999999999801,p3_m0,0,-0.012657691165941586,0.0,5.305189779193854e-06
4.389999999999801,p3_m1,0,0.36835673126102475,0.0,5.305189779193854e-06
4.389999999999801,p3_m2,8,2.4111918153609353,0.015,5.305189779193854e-06
4.389999999999801,p3_m3,0,-0.009069208507854382,0.0,5.305189779193854e-06
4.399999999999804,p0_m0,0,0.01875860900831269,0.0,8.713394742771273e-06
4.399999999999804,p0_m1,0,-0.042855226836384465,0.0,8.713394742771273e-06
4.399999999999804,p0_m2,0,0.22552860180327866,0.0,8.713394742771273e-06
4.399999999999804,p0_m3,0,-0.24313441939923436,0.0,8.713394742771273e-06
4.399999999999804,p1_m0,0,-0.06301978682023289,0.0,8.713394742771273e-06
4.399999999999804,p1_m1,0,0.02970674963463894,0.0,8.713394742771273e-06
4.399999999999804,p1_m2,0,-0.010966840118425926,0.0,8.713394742771273e-06
4.399999999999804,p1_m3,0,-0.07870224495458888,0.0,8.713394742771273e-06
4.399999999999804,p2_m0,0,0.09874915930242066,0.0,8.713394742771273e-06
4.399999999999804,p2_m1,0,-0.0067267044242325736,0.0,8.713394742771273e-06
4.399999999999804,p2_m2,0,0.029733655302364333,0.0,8.713394742771273e-06
4.399999999999804,p2_m3,0,-0.24885054504467158,0.0,8.713394742771273e-06
4.399999999999804,p3_m0,0,0.043607043307348194,0.0,8.713394742771273e-06
4.399999999999804,p3_m1,0,0.002988396987924289,0.0,8.713394742771273e-06
4.399999999999804,p3_m2,8,14.341080702909236,0.015,8.713394742771273e-06
4.399999999999804,p3_m3,0,-0.10002737183493877,0.0,8.713394742771273e-06
4.409999999999807,p0_m0,0,0.003127860937196488,0.0,1.2779968024947688e-06
4.409999999999807,p0_m1,0,-0.005767262926301372,0.0,1.2779968024947688e-06
4.409999999999807,p0_m2,0,0.062117733397907375,0.0,1.2779968024947688e-06
4.409999999999807,p0_m3,0,-0.071105343025114,0.0,1.2779968024947688e-06
4.409999999999807,p1_m0,0,-0.022479624174871024,0.0,1.2779968024947688e-06
4.409999999999807,p1_m1,0,0.010558787552680833,0.0,1.2779968024947688e-06
4.409999999999807,p1_m2,0,-0.005279733049040486,0.0,1.2779968024947688e-06
4.409999999999807,p1_m3,0,-0.017132716898126135,0.0,1.2779968024947688e-06
4.409999999999807,p2_m0,0,0.023664380997837735,0.0,1.2779968024947688e-06
4.409999999999807,p2_m1,0,-0.001149078697001338,0.0,1.2779968024947688e-06
4.409999999999807,p2_m2,0,0.007854415136747813,0.0,1.2779968024947688e-06
4.409999999999807,p2_m3,0,-0.06595687836477394,0.0,1.2779968024947688e-06
4.409999999999807,p3_m0,0,0.02264167048417429,0.0,1.2779968024947688e-06
4.409999999999807,p3_m1,0,0.012956773754787388,0.0,1.2779968024947688e-06
4.409999999999807,p3_m2,8,9.900058638550803,0.00024094112652966792,1.2779968024947688e-06
4.409999999999807,p3_m3,0,-0.07563443185082139,0.0,1.2779968024947688e-06
4.419999999999811,p0_m0,0,0.009517986442208757,0.0,5.16518879285873e-07
4.419999999999811,p0_m1,0,-0.04698861109467119,0.0,5.16518879285873e-07
4.419999999999811,p0_m2,0,0.06968025177280628,0.0,5.16518879285873e-07
4.419999999999811,p0_m3,0,-0.06084189053599931,0.0,5.16518879285873e-07
4.419999999999811,p1_m0,0,-0.028407108487938936,0.0,5.16518879285873e-07
4.419999999999811,p1_m1,0,0.012719341551923762,0.0,5.16518879285873e-07
4.419999999999811,p1_m2,0,-0.006977708845737622,0.0,5.16518879285873e-07
4.419999999999811,p1_m3,0,-0.01597744728895014,0.0,5.16518879285873e-07
4.419999999999811,p2_m0,0,0.0250893845040169,0.0,5.16518879285873e-07
4.419999999999811,p2_m1,0,-0.006575046429198962,0.0,5.16518879285873e-07
4.419999999999811,p2_m2,0,0.012787652453430871,0.0,5.16518879285873e-07
4.419999999999811,p2_m3,0,-0.07034431935781069,0.0,5.16518879285873e-07
4.419999999999811,p3_m0,0,0.04003817102582697,0.0,5.16518879285873e-07
4.419999999999811,p3_m1,0,-0.04513393919425451,0.0,5.16518879285873e-07
4.419999999999811,p3_m2,8,4.716086822095518,0.00870152688307583,5.16518879285873e-07
4.419999999999811,p3_m3,0,-0.08810678540510333,0.0,5.16518879285873e-07
4.429999999999814,p0_m0,0,0.01784643224130124,0.0,5.131135871818835e-06
4.429999999999814,p0_m1,0,-0.1261091127386905,0.0,5.131135871818835e-06
4.429999999999814,p0_m2,0,0.20207929103075672,0.0,5.131135871818835e-06
4.429999999999814,p0_m3,0,-0.17608134568128378,0.0,5.131135871818835e-06
4.429999999999814,p1_m0,0,-0.06487471047402277,0.0,5.131135871818835e-06
4.429999999999814,p1_m1,0,0.031160881734810606,0.0,5.131135871818835e-06
4.429999999999814,p1_m2,0,-0.014803158480803094,0.0,5.131135871818835e-06
4.429999999999814,p1_m3,0,-0.06324234146396603,0.0,5.131135871818835e-06
4.429999999999814,p2_m0,0,0.09376397503568165,0.0,5.131135871818835e-06
4.429999999999814,p2_m1,0,-0.015837383830555038,0.0,5.131135871818835e-06
4.429999999999814,p2_m2,0,0.032505223286247296,0.0,5.131135871818835e-06
4.429999999999814,p2_m3,0,-0.2122275103030043,0.0,5.131135871818835e-06
4.429999999999814,p3_m0,0,0.09009856527454031,0.0,5.131135871818835e-06
4.429999999999814,p3_m1,0,-0.20150156501890873,0.0,5.131135871818835e-06
4.429999999999814,p3_m2,8,3.407655167662782,0.013620559723212529,5.131135871818835e-06
4.429999999999814,p3_m3,0,-0.17049923849645576,0.0,5.131135871818835e-06
4.439999999999817,p0_m0,0,0.009785626084793473,0.0,5.324657725048754e-06
4.439999999999817,p0_m1,0,-0.06401228783975274,0.0,5.324657725048754e-06
4.439999999999817,p0_m2,0,0.12044453601800562,0.0,5.324657725048754e-06
4.439999999999817,p0_m3,0,-0.11124497349744535,0.0,5.324657725048754e-06
4.439999999999817,p1_m0,0,-0.04169074079822428,0.0,5.324657725048754e-06
4.439999999999817,p1_m1,0,0.019738101056551164,0.0,5.324657725048754e-06
4.439999999999817,p1_m2,0,-0.009916633854144796,0.0,5.324657725048754e-06
4.439999999999817,p1_m3,0,-0.034959791111609885,0.0,5.324657725048754e-06
4.439999999999817,p2_m0,0,0.05380427778761929,0.0,5.324657725048754e-06
4.439999999999817,p2_m1,0,-0.010869430064738037,0.0,5.324657725048754e-06
4.439999999999817,p2_m2,0,0.02084390447624595,0.0,5.324657725048754e-06
4.439999999999817,p2_m3,0,-0.1251644599572037,0.0,5.324657725048754e-06
4.439999999999817,p3_m0,0,0.05626320832890974,0.0,5.324657725048754e-06
4.439999999999817,p3_m1,0,-0.1314771622260084,0.0,5.324657725048754e-06
4.439999999999817,p3_m2,8,14.361335898712458,0.015,5.324657725048754e-06
4.439999999999817,p3_m3,0,-0.10188961278298939,0.0,5.324657725048754e-06
4.449999999999821,p0_m0,0,0.008736522245071807,0.0,3.7981750263489684e-06
4.449999999999821,p0_m1,0,-0.10845456644453783,0.0,3.7981750263489684e-06
4.449999999999821,p0_m2,0,0.17468348985586002,0.0,3.7981750263489684e-06
4.449999999999821,p0_m3,0,-0.1491642488406989,0.0,3.7981750263489684e-06
4.449999999999821,p1_m0,0,-0.0539552804292096,0.0,3.7981750263489684e-06
4.449999999999821,p1_m1,0,0.025640925139157857,0.0,3.7981750263489684e-06
4.449999999999821,p1_m2,0,-0.011226029189207076,0.0,3.7981750263489684e-06
4.449999999999821,p1_m3,0,-0.058806987479262905,0.0,3.7981750263489684e-06
4.449999999999821,p2_m0,0,0.08415775874981396,0.0,3.7981750263489684e-06
4.449999999999821,p2_m1,0,-0.012316457563774436,0.0,3.7981750263489684e-06
4.449999999999821,p2_m2,0,0.026896486926639124,0.0,3.7981750263489684e-06
4.449999999999821,p2_m3,0,-0.18804962989382928,0.0,3.7981750263489684e-06
4.449999999999821,p3_m0,0,0.06076406864625355,0.0,3.7981750263489684e-06
4.449999999999821,p3_m1,0,-0.18878093110899247,0.0,3.7981750263489684e-06
4.449999999999821,p3_m2,8,3.4859791731366387,0.013999162525398417,3.7981750263489684e-06
4.449999999999821,p3_m3,0,-0.11097178862566676,0.0,3.7981750263489684e-06
4.459999999999824,p0_m0,0,0.008398719452429614,0.0,3.4799362362220794e-06
4.459999999999824,p0_m1,0,-0.10134331916786739,0.0,3.4799362362220794e-06
4.459999999999824,p0_m2,0,0.13619908510355402,0.0,3.4799362362220794e-06
4.459999999999824,p0_m3,0,-0.10829862761694269,0.0,3.4799362362220794e-06
4.459999999999824,p1_m0,0,-0.04557596621916139,0.0,3.4799362362220794e-06
4.459999999999824,p1_m1,0,0.021014544851387026,0.0,3.4799362362220794e-06
4.459999999999824,p1_m2,0,-0.009713655010355112,0.0,3.4799362362220794e-06
4.459999999999824,p1_m3,0,-0.04282932740050986,0.0,3.4799362362220794e-06
4.459999999999824,p2_m0,0,0.0639092244221603,0.0,3.4799362362220794e-06
4.459999999999824,p2_m1,0,-0.010771950909448665,0.0,3.4799362362220794e-06
4.459999999999824,p2_m2,0,0.02218057182254023,0.0,3.4799362362220794e-06
4.459999999999824,p2_m3,0,-0.14500537899958765,0.0,3.4799362362220794e-06
4.459999999999824,p3_m0,0,0.05487103655195848,0.0,3.4799362362220794e-06
4.459999999999824,p3_m1,0,-0.15037700103393037,0.0,3.4799362362220794e-06
4.459999999999824,p3_m2,8,3.5437339463256,0.011331803555253761,3.4799362362220794e-06
4.459999999999824,p3_m3,0,-0.09827736841514081,0.0,3.4799362362220794e-06
4.4699999999998274,p0_m0,0,0.010744381549978381,0.0,4.363055870315511e-06
4.4699999999998274,p0_m1,0,-0.11367919744588044,0.0,4.363055870315511e-06
4.4699999999998274,p0_m2,0,0.14616718679062182,0.0,4.363055870315511e-06
4.4699999999998274,p0_m3,0,-0.1147407178710175,0.0,4.363055870315511e-06
4.4699999999998274,p1_m0,0,-0.049727279734715094,0.0,4.363055870315511e-06
4.4699999999998274,p1_m1,0,0.02308472541358316,0.0,4.363055870315511e-06
4.4699999999998274,p1_m2,0,-0.011030600330702814,0.0,4.363055870315511e-06
4.4699999999998274,p1_m3,0,-0.04462720115689191,0.0,4.363055870315511e-06
4.4699999999998274,p2_m0,0,0.06779174152731876,0.0,4.363055870315511e-06
4.4699999999998274,p2_m1,0,-0.01198974037714694,0.0,4.363055870315511e-06
4.4699999999998274,p2_m2,0,0.024149312015287118,0.0,4.363055870315511e-06
4.4699999999998274,p2_m3,0,-0.15419324315841385,0.0,4.363055870315511e-06
4.4699999999998274,p3_m0,0,0.06410595605225547,0.0,4.363055870315511e-06
4.4699999999998274,p3_m1,0,-0.16023985510459024,0.0,4.363055870315511e-06
4.4699999999998274,p3_m2,8,3.6429958525091513,0.011069992896323624,4.363055870315511e-06
4.4699999999998274,p3_m3,0,-0.11424869307786406,0.0,4.363055870315511e-06
4.479999999999831,p0_m0,0,0.0020353014761283414,0.0,3.9530491363762466e-06
4.479999999999831,p0_m1,0,-0.0346660155517655,0.0,3.9530491363762466e-06
4.479999999999831,p0_m2,0,0.04883141241428931,0.0,3.9530491363762466e-06
4.479999999999831,p0_m3,0,-0.04013727317470276,0.0,3.9530491363762466e-06
4.479999999999831,p1_m0,0,-0.018533499228582672,0.0,3.9530491363762466e-06
4.479999999999831,p1_m1,0,0.008633187947688357,0.0,3.9530491363762466e-06
4.479999999999831,p1_m2,0,-0.004546390556698944,0.0,3.9530491363762466e-06
4.479999999999831,p1_m3,0,-0.013279033834258533,0.0,3.9530491363762466e-06
4.479999999999831,p2_m0,0,0.022581479558933495,0.0,3.9530491363762466e-06
4.479999999999831,p2_m1,0,-0.004980922305114694,0.0,3.9530491363762466e-06
4.479999999999831,p2_m2,0,0.009110339929678664,0.0,3.9530491363762466e-06
4.479999999999831,p2_m3,0,-0.051014290888971754,0.0,3.9530491363762466e-06
4.479999999999831,p3_m0,0,0.02529184841034579,0.0,3.9530491363762466e-06
4.479999999999831,p3_m1,0,-0.057608086692869105,0.0,3.9530491363762466e-06
4.479999999999831,p3_m2,8,7.562302722938006,0.0020233178796357017,3.9530491363762466e-06
4.479999999999831,p3_m3,0,-0.042900742638289364,0.0,3.9530491363762466e-06
4.489999999999834,p0_m0,0,0.015690592462324467,0.0,3.6116671679718726e-06
4.489999999999834,p0_m1,0,-0.09875722485337704,0.0,3.6116671679718726e-06
4.489999999999834,p0_m2,0,0.11128692502615112,0.0,3.6116671679718726e-06
4.489999999999834,p0_m3,0,-0.08245860733871697,0.0,3.6116671679718726e-06
4.489999999999834,p1_m0,0,-0.04359492177254672,0.0,3.6116671679718726e-06
4.489999999999834,p1_m1,0,0.020020866106495883,0.0,3.6116671679718726e-06
4.489999999999834,p1_m2,0,-0.01100873539858006,0.0,3.6116671679718726e-06
4.489999999999834,p1_m3,0,-0.026935586023242766,0.0,3.6116671679718726e-06
4.489999999999834,p2_m0,0,0.04296863642133193,0.0,3.6116671679718726e-06
4.489999999999834,p2_m1,0,-0.011607896842026462,0.0,3.6116671679718726e-06
4.489999999999834,p2_m2,0,0.020662153793594575,0.0,3.6116671679718726e-06
4.489999999999834,p2_m3,0,-0.11155879447377627,0.0,3.6116671679718726e-06
4.489999999999834,p3_m0,0,0.06806026368321978,0.0,3.6116671679718726e-06
4.489999999999834,p3_m1,0,-0.11656265155665956,0.0,3.6116671679718726e-06
4.489999999999834,p3_m2,8,4.042235889209838,0.01144892841574553,3.6116671679718726e-06
4.489999999999834,p3_m3,0,-0.1255838518897063,0.0,3.6116671679718726e-06
4.4999999999998375,p0_m0,0,0.018777742207792,0.0,7.790968576722253e-06
4.4999999999998375,p0_m1,0,-0.12308905790423473,0.0,7.790968576722253e-06
4.4999999999998375,p0_m2,0,0.2265085242890709,0.0,7.790968576722253e-06
4.4999999999998375,p0_m3,0,-0.20671332009563612,0.0,7.790968576722253e-06
4.4999999999998375,p1_m0,0,-0.07261803816625127,0.0,7.790968576722253e-06
4.4999999999998375,p1_m1,0,0.03509688020197569,0.0,7.790968576722253e-06
4.4999999999998375,p1_m2,0,-0.016789193211509672,0.0,7.790968576722253e-06
4.4999999999998375,p1_m3,0,-0.07063588587716,0.0,7.790968576722253e-06
4.4999999999998375,p2_m0,0,0.10423416545913936,0.0,7.790968576722253e-06
4.4999999999998375,p2_m1,0,-0.016963003237285307,0.0,7.790968576722253e-06
4.4999999999998375,p2_m2,0,0.03544860165505564,0.0,7.790968576722253e-06
4.4999999999998375,p2_m3,0,-0.23679520805276658,0.0,7.790968576722253e-06
4.4999999999998375,p3_m0,0,0.09337203594508069,0.0,7.790968576722253e-06
4.4999999999998375,p3_m1,0,-0.23894627452064837,0.0,7.790968576722253e-06
4.4999999999998375,p3_m2,8,13.281304119858776,0.013408157144009555,7.790968576722253e-06
4.4999999999998375,p3_m3,0,-0.17284539723597458,0.0,7.790968576722253e-06
4.509999999999841,p0_m0,0,0.006150241071800172,0.0,2.8961285960529146e-06
4.509999999999841,p0_m1,0,-0.05805255790521776,0.0,2.8961285960529146e-06
4.509999999999841,p0_m2,0,0.09228368496781564,0.0,2.8961285960529146e-06
4.509999999999841,p0_m3,0,-0.07935140808965331,0.0,2.8961285960529146e-06
4.509999999999841,p1_m0,0,-0.034920117026186186,0.0,2.8961285960529146e-06
4.509999999999841,p1_m1,0,0.016028232827303774,0.0,2.8961285960529146e-06
4.509999999999841,p1_m2,0,-0.008361417663163655,0.0,2.8961285960529146e-06
4.509999999999841,p1_m3,0,-0.02482985747457749,0.0,2.8961285960529146e-06
4.509999999999841,p2_m0,0,0.03980621519709777,0.0,2.8961285960529146e-06
4.509999999999841,p2_m1,0,-0.008485196506850076,0.0,2.8961285960529146e-06
4.509999999999841,p2_m2,0,0.01621579820513202,0.0,2.8961285960529146e-06
4.509999999999841,p2_m3,0,-0.09537203181741076,0.0,2.8961285960529146e-06
4.509999999999841,p3_m0,0,0.04433996473954577,0.0,2.8961285960529146e-06
4.509999999999841,p3_m1,0,-0.10636722899569058,0.0,2.8961285960529146e-06
4.509999999999841,p3_m2,8,6.413500195432843,0.015,2.8961285960529146e-06
4.509999999999841,p3_m3,0,-0.0767287085978599,0.0,2.8961285960529146e-06
4.519999999999844,p0_m0,0,0.00715810588621484,0.0,4.6448265660029816e-06
4.519999999999844,p0_m1,0,-0.07751323945349048,0.0,4.6448265660029816e-06
4.519999999999844,p0_m2,0,0.12891557011623858,0.0,4.6448265660029816e-06
4.519999999999844,p0_m3,0,-0.1127242769541068,0.0,4.6448265660029816e-06
4.519999999999844,p1_m0,0,-0.04361460094295652,0.0,4.6448265660029816e-06
4.519999999999844,p1_m1,0,0.020498570786112003,0.0,4.6448265660029816e-06
4.519999999999844,p1_m2,0,-0.0098397078718525,0.0,4.6448265660029816e-06
4.519999999999844,p1_m3,0,-0.03943644278523465,0.0,4.6448265660029816e-06
4.519999999999844,p2_m0,0,0.05883523680467499,0.0,4.6448265660029816e-06
4.519999999999844,p2_m1,0,-0.009883579676435916,0.0,4.6448265660029816e-06
4.519999999999844,p2_m2,0,0.020637042419148346,0.0,4.6448265660029816e-06
4.519999999999844,p2_m3,0,-0.13597631919392084,0.0,4.6448265660029816e-06
4.519999999999844,p3_m0,0,0.0493227739753252,0.0,4.6448265660029816e-06
4.519999999999844,p3_m1,0,-0.14519262635497984,0.0,4.6448265660029816e-06
4.519999999999844,p3_m2,8,0.23566647573812957,-0.015,4.6448265660029816e-06
4.519999999999844,p3_m3,0,-0.0861670413415443,0.0,4.6448265660029816e-06
4.5299999999998475,p0_m0,0,0.00041322846080746106,0.0,2.2111705260109353e-06
4.5299999999998475,p0_m1,0,-0.018547500065649227,0.0,2.2111705260109353e-06
4.5299999999998475,p0_m2,0,0.034089308064811634,0.0,2.2111705260109353e-06
4.5299999999998475,p0_m3,0,-0.031163554210525652,0.0,2.2111705260109353e-06
4.5299999999998475,p1_m0,0,-0.01507197827851999,0.0,2.2111705260109353e-06
4.5299999999998475,p1_m1,0,0.0068497727049790305,0.0,2.2111705260109353e-06
4.5299999999998475,p1_m2,0,-0.003934407725845235,0.0,2.2111705260109353e-06
4.5299999999998475,p1_m3,0,-0.0074807903115185,0.0,2.2111705260109353e-06
4.5299999999998475,p2_m0,0,0.01395747161421706,0.0,2.2111705260109353e-06
4.5299999999998475,p2_m1,0,-0.003861990546533786,0.0,2.2111705260109353e-06
4.5299999999998475,p2_m2,0,0.00680369248247522,0.0,2.2111705260109353e-06
4.5299999999998475,p2_m3,0,-0.034854511542024874,0.0,2.2111705260109353e-06
4.5299999999998475,p3_m0,0,0.019846086981424527,0.0,2.2111705260109353e-06
4.5299999999998475,p3_m1,0,-0.042262549765572976,0.0,2.2111705260109353e-06
4.5299999999998475,p3_m2,8,6.9176309332214245,0.0024510081012909745,2.2111705260109353e-06
4.5299999999998475,p3_m3,0,-0.03327543073373736,0.0,2.2111705260109353e-06
4.539999999999851,p0_m0,0,0.01594718000619373,0.0,3.503280802594165e-06
4.539999999999851,p0_m1,0,-0.10692004608082677,0.0,3.503280802594165e-06
4.539999999999851,p0_m2,0,0.12548806655951242,0.0,3.503280802594165e-06
4.539999999999851,p0_m3,0,-0.09564582585486803,0.0,3.503280802594165e-06
4.539999999999851,p1_m0,0,-0.04757769249510255,0.0,3.503280802594165e-06
4.539999999999851,p1_m1,0,0.022038589829739913,0.0,3.503280802594165e-06
4.539999999999851,p1_m2,0,-0.011864858133076799,0.0,3.503280802594165e-06
4.539999999999851,p1_m3,0,-0.032054592716439206,0.0,3.503280802594165e-06
4.539999999999851,p2_m0,0,0.050412029560732464,0.0,3.503280802594165e-06
4.539999999999851,p2_m1,0,-0.012261557805445057,0.0,3.503280802594165e-06
4.539999999999851,p2_m2,0,0.022485652929601745,0.0,3.503280802594165e-06
4.539999999999851,p2_m3,0,-0.12696116582802391,0.0,3.503280802594165e-06
4.539999999999851,p3_m0,0,0.07343897276437954,0.0,3.503280802594165e-06
4.539999999999851,p3_m1,0,-0.13123004105269762,0.0,3.503280802594165e-06
4.539999999999851,p3_m2,8,3.821999986865689,0.012128821149618682,3.503280802594165e-06
4.539999999999851,p3_m3,0,-0.13438778559359127,0.0,3.503280802594165e-06
4.549999999999854,p0_m0,0,0.015790301425214325,0.0,7.843070165213123e-06
4.549999999999854,p0_m1,0,-0.10788064068058952,0.0,7.843070165213123e-06
4.549999999999854,p0_m2,0,0.20697645258436947,0.0,7.843070165213123e-06
4.549999999999854,p0_m3,0,-0.19015286444668694,0.0,7.843070165213123e-06
4.549999999999854,p1_m0,0,-0.06596524157822031,0.0,7.843070165213123e-06
4.549999999999854,p1_m1,0,0.03212261113780344,0.0,7.843070165213123e-06
4.549999999999854,p1_m2,0,-0.015362069945264513,0.0,7.843070165213123e-06
4.549999999999854,p1_m3,0,-0.06521556884986693,0.0,7.843070165213123e-06
4.549999999999854,p2_m0,0,0.0956056509513307,0.0,7.843070165213123e-06
4.549999999999854,p2_m1,0,-0.015210410765400275,0.0,7.843070165213123e-06
4.549999999999854,p2_m2,0,0.03212003320425493,0.0,7.843070165213123e-06
4.549999999999854,p2_m3,0,-0.21709357874941732,0.0,7.843070165213123e-06
4.549999999999854,p3_m0,0,0.08475619069560675,0.0,7.843070165213123e-06
4.549999999999854,p3_m1,0,-0.22131253721844654,0.0,7.843070165213123e-06
4.549999999999854,p3_m2,8,0.45988608176806733,-0.015,7.843070165213123e-06
4.549999999999854,p3_m3,0,-0.15724506100442506,0.0,7.843070165213123e-06
4.5599999999998575,p0_m0,0,0.006544022170416139,0.0,2.6532118892021576e-06
4.5599999999998575,p0_m1,0,-0.061939615182185805,0.0,2.6532118892021576e-06
4.5599999999998575,p0_m2,0,0.09505665978946008,0.0,2.6532118892021576e-06
4.5599999999998575,p0_m3,0,-0.08057242906350323,0.0,2.6532118892021576e-06
4.5599999999998575,p1_m0,0,-0.03581983012052411,0.0,2.6532118892021576e-06
4.5599999999998575,p1_m1,0,0.01647157642301596,0.0,2.6532118892021576e-06
4.5599999999998575,p1_m2,0,-0.008573599409568373,0.0,2.6532118892021576e-06
4.5599999999998575,p1_m3,0,-0.025797175548676228,0.0,2.6532118892021576e-06
4.5599999999998575,p2_m0,0,0.04073577611871975,0.0,2.6532118892021576e-06
4.5599999999998575,p2_m1,0,-0.008578839437731255,0.0,2.6532118892021576e-06
4.5599999999998575,p2_m2,0,0.016530228071145594,0.0,2.6532118892021576e-06
4.5599999999998575,p2_m3,0,-0.09840050580374404,0.0,2.6532118892021576e-06
4.5599999999998575,p3_m0,0,0.045254151002705995,0.0,2.6532118892021576e-06
4.5599999999998575,p3_m1,0,-0.1085933858766247,0.0,2.6532118892021576e-06
4.5599999999998575,p3_m2,8,2.670812533314767,0.003770314964137638,2.6532118892021576e-06
4.5599999999998575,p3_m3,0,-0.07990103127278592,0.0,2.6532118892021576e-06
4.569999999999861,p0_m0,0,0.006031130859091273,0.0,4.211299241596539e-06
4.569999999999861,p0_m1,0,-0.06916879653856668,0.0,4.211299241596539e-06
4.569999999999861,p0_m2,0,0.11162075047791459,0.0,4.211299241596539e-06
4.569999999999861,p0_m3,0,-0.0964388724976727,0.0,4.211299241596539e-06
4.569999999999861,p1_m0,0,-0.03921878865255877,0.0,4.211299241596539e-06
4.569999999999861,p1_m1,0,0.018300547385902585,0.0,4.211299241596539e-06
4.569999999999861,p1_m2,0,-0.009040871196529724,0.0,4.211299241596539e-06
4.569999999999861,p1_m3,0,-0.0329494494622534,0.0,4.211299241596539e-06
4.569999999999861,p2_m0,0,0.05044795658767926,0.0,4.211299241596539e-06
4.569999999999861,p2_m1,0,-0.009039149497976599,0.0,4.211299241596539e-06
4.569999999999861,p2_m2,0,0.018370013477263917,0.0,4.211299241596539e-06
4.569999999999861,p2_m3,0,-0.11720069932122089,0.0,4.211299241596539e-06
4.569999999999861,p3_m0,0,0.04595229606156919,0.0,4.211299241596539e-06
4.569999999999861,p3_m1,0,-0.12775442082825503,0.0,4.211299241596539e-06
4.569999999999861,p3_m2,8,13.535651152018259,0.015,4.211299241596539e-06
4.569999999999861,p3_m3,0,-0.07924408015980962,0.0,4.211299241596539e-06
4.579999999999864,p0_m0,0,0.008247081843993576,0.0,4.895265705908539e-06
4.579999999999864,p0_m1,0,-0.09144867843567787,0.0,4.895265705908539e-06
4.579999999999864,p0_m2,0,0.13642619185403312,0.0,4.895265705908539e-06
4.579999999999864,p0_m3,0,-0.11448229132654465,0.0,4.895265705908539e-06
4.579999999999864,p1_m0,0,-0.04668675821369817,0.0,4.895265705908539e-06
4.579999999999864,p1_m1,0,0.02175034812634512,0.0,4.895265705908539e-06
4.579999999999864,p1_m2,0,-0.010480975396412977,0.0,4.895265705908539e-06
4.579999999999864,p1_m3,0,-0.04139771888544088,0.0,4.895265705908539e-06
4.579999999999864,p2_m0,0,0.06320386701089335,0.0,4.895265705908539e-06
4.579999999999864,p2_m1,0,-0.010615555200221147,0.0,4.895265705908539e-06
4.579999999999864,p2_m2,0,0.021968584419829296,0.0,4.895265705908539e-06
4.579999999999864,p2_m3,0,-0.14360064020628788,0.0,4.895265705908539e-06
4.579999999999864,p3_m0,0,0.05505056609237791,0.0,4.895265705908539e-06
4.579999999999864,p3_m1,0,-0.1524045256710768,0.0,4.895265705908539e-06
4.579999999999864,p3_m2,8,13.765591705022837,0.015,4.895265705908539e-06
4.579999999999864,p3_m3,0,-0.0962533749301719,0.0,4.895265705908539e-06
4.5899999999998675,p0_m0,0,0.002183412699517295,0.0,2.7133177517062362e-06
4.5899999999998675,p0_m1,0,-0.030577738662621375,0.0,2.7133177517062362e-06
4.5899999999998675,p0_m2,0,0.044795794229620496,0.0,2.7133177517062362e-06
4.5899999999998675,p0_m3,0,-0.03821209962258746,0.0,2.7133177517062362e-06
4.5899999999998675,p1_m0,0,-0.018982312775656332,0.0,2.7133177517062362e-06
4.5899999999998675,p1_m1,0,0.008720738104300673,0.0,2.7133177517062362e-06
4.5899999999998675,p1_m2,0,-0.004954185937835261,0.0,2.7133177517062362e-06
4.5899999999998675,p1_m3,0,-0.010321007577832908,0.0,2.7133177517062362e-06
4.5899999999998675,p2_m0,0,0.018692206751210652,0.0,2.7133177517062362e-06
4.5899999999998675,p2_m1,0,-0.004876801458409023,0.0,2.7133177517062362e-06
4.5899999999998675,p2_m2,0,0.008666082241285152,0.0,2.7133177517062362e-06
4.5899999999998675,p2_m3,0,-0.0456543217930259,0.0,2.7133177517062362e-06
4.5899999999998675,p3_m0,0,0.025367885292603073,0.0,2.7133177517062362e-06
4.5899999999998675,p3_m1,0,-0.05353829240691147,0.0,2.7133177517062362e-06
4.5899999999998675,p3_m2,8,5.989112276545775,0.003281055075016787,2.7133177517062362e-06
4.5899999999998675,p3_m3,0,-0.043873551773059905,0.0,2.7133177517062362e-06
4.599999999999871,p0_m0,0,0.01667093179709682,0.0,4.171413296698799e-06
4.599999999999871,p0_m1,0,-0.11742416617005029,0.0,4.171413296698799e-06
4.599999999999871,p0_m2,0,0.14241696323482703,0.0,4.171413296698799e-06
4.599999999999871,p0_m3,0,-0.11038053700088918,0.0,4.171413296698799e-06
4.599999999999871,p1_m0,0,-0.052127091997286025,0.0,4.171413296698799e-06
4.599999999999871,p1_m1,0,0.024463323686733963,0.0,4.171413296698799e-06
4.599999999999871,p1_m2,0,-0.01292503880763746,0.0,4.171413296698799e-06
4.599999999999871,p1_m3,0,-0.038221239059636244,0.0,4.171413296698799e-06
4.599999999999871,p2_m0,0,0.059945860817113304,0.0,4.171413296698799e-06
4.599999999999871,p2_m1,0,-0.013295226319505207,0.0,4.171413296698799e-06
4.599999999999871,p2_m2,0,0.024888446143517026,0.0,4.171413296698799e-06
4.599999999999871,p2_m3,0,-0.14529300497489606,0.0,4.171413296698799e-06
4.599999999999871,p3_m0,0,0.07956289531037773,0.0,4.171413296698799e-06
4.599999999999871,p3_m1,0,-0.14925607284880252,0.0,4.171413296698799e-06
4.599999999999871,p3_m2,8,3.7080996781736553,0.012515714913252889,4.171413296698799e-06
4.599999999999871,p3_m3,0,-0.14457446298662485,0.0,4.171413296698799e-06
4.609999999999874,p0_m0,0,0.012687622744628917,0.0,6.995897464654153e-06
4.609999999999874,p0_m1,0,-0.0893791113306687,0.0,6.995897464654153e-06
4.609999999999874,p0_m2,0,0.15856262111979436,0.0,6.995897464654153e-06
4.609999999999874,p0_m3,0,-0.1428574953905248,0.0,6.995897464654153e-06
4.609999999999874,p1_m0,0,-0.0533608265348344,0.0,6.995897464654153e-06
4.609999999999874,p1_m1,0,0.0257718249144891,0.0,6.995897464654153e-06
4.609999999999874,p1_m2,0,-0.01290324218154749,0.0,6.995897464654153e-06
4.609999999999874,p1_m3,0,-0.04728357545317997,0.0,6.995897464654153e-06
4.609999999999874,p2_m0,0,0.07180771864196446,0.0,6.995897464654153e-06
4.609999999999874,p2_m1,0,-0.012759357081663205,0.0,6.995897464654153e-06
4.609999999999874,p2_m2,0,0.025720794202373807,0.0,6.995897464654153e-06
4.609999999999874,p2_m3,0,-0.16477972425868456,0.0,6.995897464654153e-06
4.609999999999874,p3_m0,0,0.0712267437167472,0.0,6.995897464654153e-06
4.609999999999874,p3_m1,0,-0.1731220684775481,0.0,6.995897464654153e-06
4.609999999999874,p3_m2,8,0.6945729715045073,-0.015,6.995897464654153e-06
4.609999999999874,p3_m3,0,-0.12901266476156506,0.0,6.995897464654153e-06
4.6199999999998775,p0_m0,0,0.01034831992812208,0.0,4.054498748554757e-06
4.6199999999998775,p0_m1,0,-0.10920349491423853,0.0,4.054498748554757e-06
4.6199999999998775,p0_m2,0,0.16171453808790412,0.0,4.054498748554757e-06
4.6199999999998775,p0_m3,0,-0.13451990258661561,0.0,4.054498748554757e-06
4.6199999999998775,p1_m0,0,-0.05333440956380648,0.0,4.054498748554757e-06
4.6199999999998775,p1_m1,0,0.02539965572332757,0.0,4.054498748554757e-06
4.6199999999998775,p1_m2,0,-0.012096452340296682,0.0,4.054498748554757e-06
4.6199999999998775,p1_m3,0,-0.05051970947305443,0.0,4.054498748554757e-06
4.6199999999998775,p2_m0,0,0.07487942381453996,0.0,4.054498748554757e-06
4.6199999999998775,p2_m1,0,-0.012212594293823787,0.0,4.054498748554757e-06
4.6199999999998775,p2_m2,0,0.025600576718367896,0.0,4.054498748554757e-06
4.6199999999998775,p2_m3,0,-0.1709159208061796,0.0,4.054498748554757e-06
4.6199999999998775,p3_m0,0,0.06444926162433222,0.0,4.054498748554757e-06
4.6199999999998775,p3_m1,0,-0.1755920969562614,0.0,4.054498748554757e-06
4.6199999999998775,p3_m2,8,3.3979782978138675,0.012158936459673596,4.054498748554757e-06
4.6199999999998775,p3_m3,0,-0.11494545388892632,0.0,4.054498748554757e-06
4.629999999999881,p0_m0,0,0.000939362003728875,0.0,3.473865778938908e-06
4.629999999999881,p0_m1,0,-0.028486014218968052,0.0,3.473865778938908e-06
4.629999999999881,p0_m2,0,0.04570108928327423,0.0,3.473865778938908e-06
4.629999999999881,p0_m3,0,-0.03890897369259657,0.0,3.473865778938908e-06
4.629999999999881,p1_m0,0,-0.017557253878528318,0.0,3.473865778938908e-06
4.629999999999881,p1_m1,0,0.008324070979317135,0.0,3.473865778938908e-06
4.629999999999881,p1_m2,0,-0.004467931704061347,0.0,3.473865778938908e-06
4.629999999999881,p1_m3,0,-0.012343571918995601,0.0,3.473865778938908e-06
4.629999999999881,p2_m0,0,0.020596906509412524,0.0,3.473865778938908e-06
4.629999999999881,p2_m1,0,-0.004356897098641902,0.0,3.473865778938908e-06
4.629999999999881,p2_m2,0,0.008239458097487383,0.0,3.473865778938908e-06
4.629999999999881,p2_m3,0,-0.04784394314951482,0.0,3.473865778938908e-06
4.629999999999881,p3_m0,0,0.023019067186385554,0.0,3.473865778938908e-06
4.629999999999881,p3_m1,0,-0.05519735211053001,0.0,3.473865778938908e-06
4.629999999999881,p3_m2,8,6.913714952111885,0.0013394989420374087,3.473865778938908e-06
4.629999999999881,p3_m3,0,-0.03894875892121702,0.0,3.473865778938908e-06
4.639999999999884,p0_m0,0,0.015947045342468307,0.0,3.7908421893607973e-06
4.639999999999884,p0_m1,0,-0.10629344160199766,0.0,3.7908421893607973e-06
4.639999999999884,p0_m2,0,0.12269157476451759,0.0,3.7908421893607973e-06
4.639999999999884,p0_m3,0,-0.09228421837409326,0.0,3.7908421893607973e-06
4.639999999999884,p1_m0,0,-0.04695202786397992,0.0,3.7908421893607973e-06
4.639999999999884,p1_m1,0,0.02174931189988144,0.0,3.7908421893607973e-06
4.639999999999884,p1_m2,0,-0.011799911412021953,0.0,3.7908421893607973e-06
4.639999999999884,p1_m3,0,-0.030897267314732635,0.0,3.7908421893607973e-06
4.639999999999884,p2_m0,0,0.04866715401353945,0.0,3.7908421893607973e-06
4.639999999999884,p2_m1,0,-0.012106760360746727,0.0,3.7908421893607973e-06
4.639999999999884,p2_m2,0,0.02209031804467485,0.0,3.7908421893607973e-06
4.639999999999884,p2_m3,0,-0.12382018916545418,0.0,3.7908421893607973e-06
4.639999999999884,p3_m0,0,0.07270615665340886,0.0,3.7908421893607973e-06
4.639999999999884,p3_m1,0,-0.12879989446968063,0.0,3.7908421893607973e-06
4.639999999999884,p3_m2,8,3.8864758900519187,0.011837810081119612,3.7908421893607973e-06
4.639999999999884,p3_m3,0,-0.133122410396473,0.0,3.7908421893607973e-06
4.649999999999888,p0_m0,0,0.013752935808066415,0.0,7.2347449230475964e-06
4.649999999999888,p0_m1,0,-0.09953761068596459,0.0,7.2347449230475964e-06
4.649999999999888,p0_m2,0,0.17230890375555294,0.0,7.2347449230475964e-06
4.649999999999888,p0_m3,0,-0.15371127115509545,0.0,7.2347449230475964e-06
4.649999999999888,p1_m0,0,-0.057274473071231374,0.0,7.2347449230475964e-06
4.649999999999888,p1_m1,0,0.027700058036422733,0.0,7.2347449230475964e-06
4.649999999999888,p1_m2,0,-0.013720933868448188,0.0,7.2347449230475964e-06
4.649999999999888,p1_m3,0,-0.05211617152098196,0.0,7.2347449230475964e-06
4.649999999999888,p2_m0,0,0.07869447364848596,0.0,7.2347449230475964e-06
4.649999999999888,p2_m1,0,-0.013612517382976775,0.0,7.2347449230475964e-06
4.649999999999888,p2_m2,0,0.027680955854500467,0.0,7.2347449230475964e-06
4.649999999999888,p2_m3,0,-0.17954792276945641,0.0,7.2347449230475964e-06
4.649999999999888,p3_m0,0,0.07689409700985783,0.0,7.2347449230475964e-06
4.649999999999888,p3_m1,0,-0.18658724711641927,0.0,7.2347449230475964e-06
4.649999999999888,p3_m2,8,14.05056982215105,0.015,7.2347449230475964e-06
4.649999999999888,p3_m3,0,-0.1399702309838836,0.0,7.2347449230475964e-06
4.659999999999891,p0_m0,0,0.008716679721704082,0.0,3.70099194418311e-06
4.659999999999891,p0_m1,0,-0.10058626242912581,0.0,3.70099194418311e-06
4.659999999999891,p0_m2,0,0.14805976996655879,0.0,3.70099194418311e-06
4.659999999999891,p0_m3,0,-0.122407055061856,0.0,3.70099194418311e-06
4.659999999999891,p1_m0,0,-0.04905228684649099,0.0,3.70099194418311e-06
4.659999999999891,p1_m1,0,0.023193049662151844,0.0,3.70099194418311e-06
4.659999999999891,p1_m2,0,-0.010958284875642198,0.0,3.70099194418311e-06
4.659999999999891,p1_m3,0,-0.04650793453552373,0.0,3.70099194418311e-06
4.659999999999891,p2_m0,0,0.06817032981922345,0.0,3.70099194418311e-06
4.659999999999891,p2_m1,0,-0.011010761093763366,0.0,3.70099194418311e-06
4.659999999999891,p2_m2,0,0.02331381417252187,0.0,3.70099194418311e-06
4.659999999999891,p2_m3,0,-0.15698566230990496,0.0,3.70099194418311e-06
4.659999999999891,p3_m0,0,0.0581436627173412,0.0,3.70099194418311e-06
4.659999999999891,p3_m1,0,-0.1623993114076868,0.0,3.70099194418311e-06
4.659999999999891,p3_m2,8,3.8283983458113426,0.013970228596659895,3.70099194418311e-06
4.659999999999891,p3_m3,0,-0.10376170904165795,0.0,3.70099194418311e-06
4.669999999999894,p0_m0,0,0.008349740879295206,0.0,3.5369095441625065e-06
4.669999999999894,p0_m1,0,-0.0831839603812399,0.0,3.5369095441625065e-06
4.669999999999894,p0_m2,0,0.11611638523715129,0.0,3.5369095441625065e-06
4.669999999999894,p0_m3,0,-0.09496966523254277,0.0,3.5369095441625065e-06
4.669999999999894,p1_m0,0,-0.04225788386448116,0.0,3.5369095441625065e-06
4.669999999999894,p1_m1,0,0.01931998074796788,0.0,3.5369095441625065e-06
4.669999999999894,p1_m2,0,-0.009693418337042273,0.0,3.5369095441625065e-06
4.669999999999894,p1_m3,0,-0.03281207995205787,0.0,3.5369095441625065e-06
4.669999999999894,p2_m0,0,0.05104708265726921,0.0,3.5369095441625065e-06
4.669999999999894,p2_m1,0,-0.009795530656643577,0.0,3.5369095441625065e-06
4.669999999999894,p2_m2,0,0.019471678160929883,0.0,3.5369095441625065e-06
4.669999999999894,p2_m3,0,-0.12070216361603225,0.0,3.5369095441625065e-06
4.669999999999894,p3_m0,0,0.05010705835519648,0.0,3.5369095441625065e-06
4.669999999999894,p3_m1,0,-0.13011588479642022,0.0,3.5369095441625065e-06
4.669999999999894,p3_m2,8,3.6443733473329227,0.008380025351885425,3.5369095441625065e-06
4.669999999999894,p3_m3,0,-0.08760380654795862,0.0,3.5369095441625065e-06
4.679999999999898,p0_m0,0,0.007603225993340081,0.0,4.562645752580659e-06
4.679999999999898,p0_m1,0,-0.07139284111702598,0.0,4.562645752580659e-06
4.679999999999898,p0_m2,0,0.09408093850403539,0.0,4.562645752580659e-06
4.679999999999898,p0_m3,0,-0.07621959845659945,0.0,4.562645752580659e-06
4.679999999999898,p1_m0,0,-0.034751898217602405,0.0,4.562645752580659e-06
4.679999999999898,p1_m1,0,0.016174699802042967,0.0,4.562645752580659e-06
4.679999999999898,p1_m2,0,-0.008442952426418755,0.0,4.562645752580659e-06
4.679999999999898,p1_m3,0,-0.025554846799208355,0.0,4.562645752580659e-06
4.679999999999898,p2_m0,0,0.04154131209538673,0.0,4.562645752580659e-06
4.679999999999898,p2_m1,0,-0.008663512407420134,0.0,4.562645752580659e-06
4.679999999999898,p2_m2,0,0.016434823656478536,0.0,4.562645752580659e-06
4.679999999999898,p2_m3,0,-0.09678466207517984,0.0,4.562645752580659e-06
4.679999999999898,p3_m0,0,0.04342700883643467,0.0,4.562645752580659e-06
4.679999999999898,p3_m1,0,-0.10357684847165603,0.0,4.562645752580659e-06
4.679999999999898,p3_m2,8,10.096646579409983,0.0011690191419663992,4.562645752580659e-06
4.679999999999898,p3_m3,0,-0.0777553943679289,0.0,4.562645752580659e-06
4.689999999999901,p0_m0,0,0.01055987341459209,0.0,3.2710270267161453e-06
4.689999999999901,p0_m1,0,-0.06500051021401798,0.0,3.2710270267161453e-06
4.689999999999901,p0_m2,0,0.07606319248068946,0.0,3.2710270267161453e-06
4.689999999999901,p0_m3,0,-0.059375246885337435,0.0,3.2710270267161453e-06
4.689999999999901,p1_m0,0,-0.03220050893677838,0.0,3.2710270267161453e-06
4.689999999999901,p1_m1,0,0.014798362844731152,0.0,3.2710270267161453e-06
4.689999999999901,p1_m2,0,-0.00861162474571069,0.0,3.2710270267161453e-06
4.689999999999901,p1_m3,0,-0.016114397841736537,0.0,3.2710270267161453e-06
4.689999999999901,p2_m0,0,0.028211260115204393,0.0,3.2710270267161453e-06
4.689999999999901,p2_m1,0,-0.008543801319496119,0.0,3.2710270267161453e-06
4.689999999999901,p2_m2,0,0.014740387505953438,0.0,3.2710270267161453e-06
4.689999999999901,p2_m3,0,-0.07489082663386942,0.0,3.2710270267161453e-06
4.689999999999901,p3_m0,0,0.04607130787277077,0.0,3.2710270267161453e-06
4.689999999999901,p3_m1,0,-0.0821249131271369,0.0,3.2710270267161453e-06
4.689999999999901,p3_m2,8,4.899616589986841,0.008654680649694973,3.2710270267161453e-06
4.689999999999901,p3_m3,0,-0.0861264785031432,0.0,3.2710270267161453e-06
4.699999999999904,p0_m0,0,-0.21456516626160002,0.0,4.498121669729571e-06
4.699999999999904,p0_m1,0,0.40820604354446366,0.0,4.498121669729571e-06
4.699999999999904,p0_m2,0,-0.4167743569090733,0.0,4.498121669729571e-06
4.699999999999904,p0_m3,0,0.48015936939186044,0.0,4.498121669729571e-06
4.699999999999904,p1_m0,0,0.30143337203801485,0.0,4.498121669729571e-06
4.699999999999904,p1_m1,0,-0.15703418280675374,0.0,4.498121669729571e-06
4.699999999999904,p1_m2,0,0.12779737911181516,0.0,4.498121669729571e-06
4.699999999999904,p1_m3,0,-0.07695162277029424,0.0,4.498121669729571e-06
4.699999999999904,p2_m0,0,-0.059227361795134825,0.0,4.498121669729571e-06
4.699999999999904,p2_m1,0,0.11155237455977675,0.0,4.498121669729571e-06
4.699999999999904,p2_m2,0,-0.03242985208175267,0.0,4.498121669729571e-06
4.699999999999904,p2_m3,0,0.3111657460016127,0.0,4.498121669729571e-06
4.699999999999904,p3_m0,0,-0.3127071249350843,0.0,4.498121669729571e-06
4.699999999999904,p3_m1,0,0.33886208926793165,0.0,4.498121669729571e-06
4.699999999999904,p3_m2,0,0.86771063203753,0.0,4.498121669729571e-06
4.699999999999904,p3_m3,8,2.5031133211231973,0.015,4.498121669729571e-06
4.709999999999908,p0_m0,0,-0.14953250247078695,0.0,4.5748726971651496e-07
4.709999999999908,p0_m1,0,0.2764303812020605,0.0,4.5748726971651496e-07
4.709999999999908,p0_m2,0,-0.2773452221892566,0.0,4.5748726971651496e-07
4.709999999999908,p0_m3,0,0.3286271276921828,0.0,4.5748726971651496e-07
4.709999999999908,p1_m0,0,0.20041213685785908,0.0,4.5748726971651496e-07
4.709999999999908,p1_m1,0,-0.10307308745342258,0.0,4.5748726971651496e-07
4.709999999999908,p1_m2,0,0.08553098139616688,0.0,4.5748726971651496e-07
4.709999999999908,p1_m3,0,-0.04593146349777763,0.0,4.5748726971651496e-07
4.709999999999908,p2_m0,0,-0.048413622759330116,0.0,4.5748726971651496e-07
4.709999999999908,p2_m1,0,0.08236624428991318,0.0,4.5748726971651496e-07
4.709999999999908,p2_m2,0,-0.032261226383706244,0.0,4.5748726971651496e-07
4.709999999999908,p2_m3,0,0.21923231993641493,0.0,4.5748726971651496e-07
4.709999999999908,p3_m0,0,-0.20860386059989988,0.0,4.5748726971651496e-07
4.709999999999908,p3_m1,0,0.22269044612085492,0.0,4.5748726971651496e-07
4.709999999999908,p3_m2,0,0.5184650208748579,0.0,4.5748726971651496e-07
4.709999999999908,p3_m3,8,14.592912687537913,0.015,4.5748726971651496e-07
4.719999999999911,p0_m0,0,-0.13468369270355324,0.0,1.575718955395851e-06
4.719999999999911,p0_m1,0,0.27230344670130885,0.0,1.575718955395851e-06
4.719999999999911,p0_m2,0,-0.28545521341433644,0.0,1.575718955395851e-06
4.719999999999911,p0_m3,0,0.29890720382306296,0.0,1.575718955395851e-06
4.719999999999911,p1_m0,0,0.1863822720116893,0.0,1.575718955395851e-06
4.719999999999911,p1_m1,0,-0.09418955623721553,0.0,1.575718955395851e-06
4.719999999999911,p1_m2,0,0.07538525246805759,0.0,1.575718955395851e-06
4.719999999999911,p1_m3,0,-0.039508238063760845,0.0,1.575718955395851e-06
4.719999999999911,p2_m0,0,-0.04350544933954075,0.0,1.575718955395851e-06
4.719999999999911,p2_m1,0,0.07322792056936502,0.0,1.575718955395851e-06
4.719999999999911,p2_m2,0,-0.05513955358460351,0.0,1.575718955395851e-06
4.719999999999911,p2_m3,0,0.2030479466540495,0.0,1.575718955395851e-06
4.719999999999911,p3_m0,0,-0.202506593296657,0.0,1.575718955395851e-06
4.719999999999911,p3_m1,0,0.2165505629466474,0.0,1.575718955395851e-06
4.719999999999911,p3_m2,0,0.00016322767640300763,0.0,1.575718955395851e-06
4.719999999999911,p3_m3,8,3.9213559010943646,0.0137872100831857,1.575718955395851e-06
4.729999999999914,p0_m0,0,-0.1287369656602126,0.0,1.753619767092492e-06
4.729999999999914,p0_m1,0,0.2681037565110521,0.0,1.753619767092492e-06
4.729999999999914,p0_m2,0,-0.27893725371733485,0.0,1.753619767092492e-06
4.729999999999914,p0_m3,0,0.2932510835979214,0.0,1.753619767092492e-06
4.729999999999914,p1_m0,0,0.18126588170428456,0.0,1.753619767092492e-06
4.729999999999914,p1_m1,0,-0.09319847162921839,0.0,1.753619767092492e-06
4.729999999999914,p1_m2,0,0.07428641441520611,0.0,1.753619767092492e-06
4.729999999999914,p1_m3,0,-0.03783221171827873,0.0,1.753619767092492e-06
4.729999999999914,p2_m0,0,-0.04542505425918618,0.0,1.753619767092492e-06
4.729999999999914,p2_m1,0,0.0735412959777818,0.0,1.753619767092492e-06
4.729999999999914,p2_m2,0,-0.04758629114104354,0.0,1.753619767092492e-06
4.729999999999914,p2_m3,0,0.20347904498298208,0.0,1.753619767092492e-06
4.729999999999914,p3_m0,0,-0.2010880555479362,0.0,1.753619767092492e-06
4.729999999999914,p3_m1,0,0.2162094034157174,0.0,1.753619767092492e-06
4.729999999999914,p3_m2,0,-0.1616853444876101,0.0,1.753619767092492e-06
4.729999999999914,p3_m3,8,14.129358654906914,0.015,1.753619767092492e-06
4.739999999999918,p0_m0,0,-0.03690484584293189,0.0,6.396338427934576e-07
4.739999999999918,p0_m1,0,0.07581283730126619,0.0,6.396338427934576e-07
4.739999999999918,p0_m2,0,-0.07853957378102942,0.0,6.396338427934576e-07
4.739999999999918,p0_m3,0,0.08576426388680616,0.0,6.396338427934576e-07
4.739999999999918,p1_m0,0,0.04865230576985826,0.0,6.396338427934576e-07
4.739999999999918,p1_m1,0,-0.02563694584351416,0.0,6.396338427934576e-07
4.739999999999918,p1_m2,0,0.020236514304166536,0.0,6.396338427934576e-07
4.739999999999918,p1_m3,0,-0.008846766237126782,0.0,6.396338427934576e-07
4.739999999999918,p2_m0,0,-0.016248949208623433,0.0,6.396338427934576e-07
4.739999999999918,p2_m1,0,0.02429930438389822,0.0,6.396338427934576e-07
4.739999999999918,p2_m2,0,-0.01554534371222189,0.0,6.396338427934576e-07
4.739999999999918,p2_m3,0,0.06132984654356509,0.0,6.396338427934576e-07
4.739999999999918,p3_m0,0,-0.05825363523229299,0.0,6.396338427934576e-07
4.739999999999918,p3_m1,0,0.06189085939444238,0.0,6.396338427934576e-07
4.739999999999918,p3_m2,0,-0.042697708693843046,0.0,6.396338427934576e-07
4.739999999999918,p3_m3,8,7.163367360746512,0.002361654337852784,6.396338427934576e-07
4.749999999999921,p0_m0,0,-0.093836897651489,0.0,1.2255608051593144e-06
4.749999999999921,p0_m1,0,0.20117668594870142,0.0,1.2255608051593144e-06
4.749999999999921,p0_m2,0,-0.21507981211518673,0.0,1.2255608051593144e-06
4.749999999999921,p0_m3,0,0.20749998433576497,0.0,1.2255608051593144e-06
4.749999999999921,p1_m0,0,0.13675608713699494,0.0,1.2255608051593144e-06
4.749999999999921,p1_m1,0,-0.06508276292268864,0.0,1.2255608051593144e-06
4.749999999999921,p1_m2,0,0.05037726743751519,0.0,1.2255608051593144e-06
4.749999999999921,p1_m3,0,-0.026190860733346526,0.0,1.2255608051593144e-06
4.749999999999921,p2_m0,0,-0.029315473259750396,0.0,1.2255608051593144e-06
4.749999999999921,p2_m1,0,0.05071006152608212,0.0,1.2255608051593144e-06
4.749999999999921,p2_m2,0,-0.06045506406226069,0.0,1.2255608051593144e-06
4.749999999999921,p2_m3,0,0.14316334487107732,0.0,1.2255608051593144e-06
4.749999999999921,p3_m0,0,-0.1513014272361665,0.0,1.2255608051593144e-06
4.749999999999921,p3_m1,0,0.15432027388692335,0.0,1.2255608051593144e-06
4.749999999999921,p3_m2,0,-0.1624867558823385,0.0,1.2255608051593144e-06
4.749999999999921,p3_m3,8,3.9454963267862135,0.011645980130331008,1.2255608051593144e-06
4.759999999999924,p0_m0,0,-0.2297175376194806,0.0,3.8136022438230136e-06
4.759999999999924,p0_m1,0,0.48334905854442894,0.0,3.8136022438230136e-06
4.759999999999924,p0_m2,0,-0.5046212083143198,0.0,3.8136022438230136e-06
4.759999999999924,p0_m3,0,0.52884687724274,0.0,3.8136022438230136e-06
4.759999999999924,p1_m0,0,0.3323267149039799,0.0,3.8136022438230136e-06
4.759999999999924,p1_m1,0,-0.1722074583749574,0.0,3.8136022438230136e-06
4.759999999999924,p1_m2,0,0.1379245240061405,0.0,3.8136022438230136e-06
4.759999999999924,p1_m3,0,-0.07419030857803272,0.0,3.8136022438230136e-06
4.759999999999924,p2_m0,0,-0.07485215016338434,0.0,3.8136022438230136e-06
4.759999999999924,p2_m1,0,0.12688782881109992,0.0,3.8136022438230136e-06
4.759999999999924,p2_m2,0,-0.07721096872941666,0.0,3.8136022438230136e-06
4.759999999999924,p2_m3,0,0.36189787095049003,0.0,3.8136022438230136e-06
4.759999999999924,p3_m0,0,-0.3647786381542577,0.0,3.8136022438230136e-06
4.759999999999924,p3_m1,0,0.39494770767316634,0.0,3.8136022438230136e-06
4.759999999999924,p3_m2,0,-0.4357206313498599,0.0,3.8136022438230136e-06
4.759999999999924,p3_m3,8,3.3637024245566884,0.013881319894428527,3.8136022438230136e-06
4.769999999999928,p0_m0,0,-0.09769858472402249,0.0,2.5472792895884985e-06
4.769999999999928,p0_m1,0,0.20466697754281496,0.0,2.5472792895884985e-06
4.769999999999928,p0_m2,0,-0.21362448227912542,0.0,2.5472792895884985e-06
4.769999999999928,p0_m3,0,0.2269927413606086,0.0,2.5472792895884985e-06
4.769999999999928,p1_m0,0,0.13884694804098466,0.0,2.5472792895884985e-06
4.769999999999928,p1_m1,0,-0.0710380643503364,0.0,2.5472792895884985e-06
4.769999999999928,p1_m2,0,0.05611260440720631,0.0,2.5472792895884985e-06
4.769999999999928,p1_m3,0,-0.027575994458938897,0.0,2.5472792895884985e-06
4.769999999999928,p2_m0,0,-0.037240139915192524,0.0,2.5472792895884985e-06
4.769999999999928,p2_m1,0,0.05896991285300188,0.0,2.5472792895884985e-06
4.769999999999928,p2_m2,0,-0.038802631839330234,0.0,2.5472792895884985e-06
4.769999999999928,p2_m3,0,0.15983102774421531,0.0,2.5472792895884985e-06
4.769999999999928,p3_m0,0,-0.1576082141700457,0.0,2.5472792895884985e-06
4.769999999999928,p3_m1,0,0.1680545144433571,0.0,2.5472792895884985e-06
4.769999999999928,p3_m2,0,-0.1863607608326447,0.0,2.5472792895884985e-06
4.769999999999928,p3_m3,8,14.5029080284359,0.015,2.5472792895884985e-06
4.779999999999931,p0_m0,0,-0.02664216759230698,0.0,3.5794274828425833e-07
4.779999999999931,p0_m1,0,0.05465523292138219,0.0,3.5794274828425833e-07
4.779999999999931,p0_m2,0,-0.05667021529280004,0.0,3.5794274828425833e-07
4.779999999999931,p0_m3,0,0.0639728572378396,0.0,3.5794274828425833e-07
4.779999999999931,p1_m0,0,0.034689561742852204,0.0,3.5794274828425833e-07
4.779999999999931,p1_m1,0,-0.018119727158344763,0.0,3.5794274828425833e-07
4.779999999999931,p1_m2,0,0.014065978993300242,0.0,3.5794274828425833e-07
4.779999999999931,p1_m3,0,-0.005405314934395744,0.0,3.5794274828425833e-07
4.779999999999931,p2_m0,0,-0.013537430279977669,0.0,3.5794274828425833e-07
4.779999999999931,p2_m1,0,0.01949973765660928,0.0,3.5794274828425833e-07
4.779999999999931,p2_m2,0,-0.012128593740398493,0.0,3.5794274828425833e-07
4.779999999999931,p2_m3,0,0.04703850889965561,0.0,3.5794274828425833e-07
4.779999999999931,p3_m0,0,-0.04426088859057756,0.0,3.5794274828425833e-07
4.779999999999931,p3_m1,0,0.04670150849295797,0.0,3.5794274828425833e-07
4.779999999999931,p3_m2,0,-0.051531279349618764,0.0,3.5794274828425833e-07
4.779999999999931,p3_m3,8,7.14128101891452,0.0024032476104198165,3.5794274828425833e-07
4.789999999999934,p0_m0,0,-0.09038904595757889,0.0,1.05087945043781e-06
4.789999999999934,p0_m1,0,0.19417143335685208,0.0,1.05087945043781e-06
4.789999999999934,p0_m2,0,-0.2078385627319039,0.0,1.05087945043781e-06
4.789999999999934,p0_m3,0,0.20031970059281348,0.0,1.05087945043781e-06
4.789999999999934,p1_m0,0,0.13239023581409456,0.0,1.05087945043781e-06
4.789999999999934,p1_m1,0,-0.06246738176161646,0.0,1.05087945043781e-06
4.789999999999934,p1_m2,0,0.04820671854957238,0.0,1.05087945043781e-06
4.789999999999934,p1_m3,0,-0.025013826114549394,0.0,1.05087945043781e-06
4.789999999999934,p2_m0,0,-0.02839698680599561,0.0,1.05087945043781e-06
4.789999999999934,p2_m1,0,0.04913346422224849,0.0,1.05087945043781e-06
4.789999999999934,p2_m2,0,-0.05930622070110711,0.0,1.05087945043781e-06
4.789999999999934,p2_m3,0,0.13856303803784936,0.0,1.05087945043781e-06
4.789999999999934,p3_m0,0,-0.14694737107646955,0.0,1.05087945043781e-06
4.789999999999934,p3_m1,0,0.149740023207803,0.0,1.05087945043781e-06
4.789999999999934,p3_m2,0,-0.16614824851910023,0.0,1.05087945043781e-06
4.789999999999934,p3_m3,8,3.937874177061315,0.011669928110173755,1.05087945043781e-06
4.799999999999938,p0_m0,0,-0.2284210068506692,0.0,3.7632344378502446e-06
4.799999999999938,p0_m1,0,0.48086794075239336,0.0,3.7632344378502446e-06
4.799999999999938,p0_m2,0,-0.5021056132876488,0.0,3.7632344378502446e-06
4.799999999999938,p0_m3,0,0.5264349522570546,0.0,3.7632344378502446e-06
4.799999999999938,p1_m0,0,0.3308368837884044,0.0,3.7632344378502446e-06
4.799999999999938,p1_m1,0,-0.17124044223197893,0.0,3.7632344378502446e-06
4.799999999999938,p1_m2,0,0.1371373421538048,0.0,3.7632344378502446e-06
4.799999999999938,p1_m3,0,-0.07377823792558429,0.0,3.7632344378502446e-06
4.799999999999938,p2_m0,0,-0.07454664202168677,0.0,3.7632344378502446e-06
4.799999999999938,p2_m1,0,0.12635978652472007,0.0,3.7632344378502446e-06
4.799999999999938,p2_m2,0,-0.07657935020936382,0.0,3.7632344378502446e-06
4.799999999999938,p2_m3,0,0.36038671087415713,0.0,3.7632344378502446e-06
4.799999999999938,p3_m0,0,-0.36342663012089693,0.0,3.7632344378502446e-06
4.799999999999938,p3_m1,0,0.3935657965295566,0.0,3.7632344378502446e-06
4.799999999999938,p3_m2,0,-0.4371703566397082,0.0,3.7632344378502446e-06
4.799999999999938,p3_m3,8,3.3625507684145006,0.013885667205942585,3.7632344378502446e-06
4.809999999999941,p0_m0,0,-0.11336421906357252,0.0,2.958684918692964e-06
4.809999999999941,p0_m1,0,0.23594535648904133,0.0,2.958684918692964e-06
4.809999999999941,p0_m2,0,-0.24580549323744205,0.0,2.958684918692964e-06
4.809999999999941,p0_m3,0,0.2637982423158446,0.0,2.958684918692964e-06
4.809999999999941,p1_m0,0,0.1618850435777845,0.0,2.958684918692964e-06
4.809999999999941,p1_m1,0,-0.08314467806719968,0.0,2.958684918692964e-06
4.809999999999941,p1_m2,0,0.06594061263063428,0.0,2.958684918692964e-06
4.809999999999941,p1_m3,0,-0.03294331455374963,0.0,2.958684918692964e-06
4.809999999999941,p2_m0,0,-0.0424524776482862,0.0,2.958684918692964e-06
4.809999999999941,p2_m1,0,0.06769731190860548,0.0,2.958684918692964e-06
4.809999999999941,p2_m2,0,-0.04176564891758143,0.0,2.958684918692964e-06
4.809999999999941,p2_m3,0,0.1847537051249043,0.0,2.958684918692964e-06
4.809999999999941,p3_m0,0,-0.18229635258750893,0.0,2.958684918692964e-06
4.809999999999941,p3_m1,0,0.19554388297801034,0.0,2.958684918692964e-06
4.809999999999941,p3_m2,0,-0.21788411103106928,0.0,2.958684918692964e-06
4.809999999999941,p3_m3,8,0.8841975166816007,-0.015,2.958684918692964e-06
4.819999999999944,p0_m0,0,-0.026569487346423608,0.0,1.935419181833013e-07
4.819999999999944,p0_m1,0,0.054300130249216504,0.0,1.935419181833013e-07
4.819999999999944,p0_m2,0,-0.055847818767718486,0.0,1.935419181833013e-07
4.819999999999944,p0_m3,0,0.06561434026464456,0.0,1.935419181833013e-07
4.819999999999944,p1_m0,0,0.03432631153069898,0.0,1.935419181833013e-07
4.819999999999944,p1_m1,0,-0.01839167882811271,0.0,1.935419181833013e-07
4.819999999999944,p1_m2,0,0.014339299871466893,0.0,1.935419181833013e-07
4.819999999999944,p1_m3,0,-0.005212379430669961,0.0,1.935419181833013e-07
4.819999999999944,p2_m0,0,-0.014563993425778146,0.0,1.935419181833013e-07
4.819999999999944,p2_m1,0,0.02049819433003788,0.0,1.935419181833013e-07
4.819999999999944,p2_m2,0,-0.010575675761581383,0.0,1.935419181833013e-07
4.819999999999944,p2_m3,0,0.04864691479493622,0.0,1.935419181833013e-07
4.819999999999944,p3_m0,0,-0.04484048862298962,0.0,1.935419181833013e-07
4.819999999999944,p3_m1,0,0.04788081064527781,0.0,1.935419181833013e-07
4.819999999999944,p3_m2,0,-0.0529677012899931,0.0,1.935419181833013e-07
4.819999999999944,p3_m3,8,7.596159841793707,-0.005923940903586555,1.935419181833013e-07
4.829999999999948,p0_m0,0,-0.057472079342926446,0.0,3.654409964383737e-07
4.829999999999948,p0_m1,0,0.11795985133553182,0.0,3.654409964383737e-07
4.829999999999948,p0_m2,0,-0.12596932978112532,0.0,3.654409964383737e-07
4.829999999999948,p0_m3,0,0.12289988305327942,0.0,3.654409964383737e-07
4.829999999999948,p1_m0,0,0.08139439731467475,0.0,3.654409964383737e-07
4.829999999999948,p1_m1,0,-0.036691539784636455,0.0,3.654409964383737e-07
4.829999999999948,p1_m2,0,0.027888926025817135,0.0,3.654409964383737e-07
4.829999999999948,p1_m3,0,-0.013436810061658899,0.0,3.654409964383737e-07
4.829999999999948,p2_m0,0,-0.01933319925625324,0.0,3.654409964383737e-07
4.829999999999948,p2_m1,0,0.03143681985103495,0.0,3.654409964383737e-07
4.829999999999948,p2_m2,0,-0.03562061347151283,0.0,3.654409964383737e-07
4.829999999999948,p2_m3,0,0.08709287587970825,0.0,3.654409964383737e-07
4.829999999999948,p3_m0,0,-0.0906987204333381,0.0,3.654409964383737e-07
4.829999999999948,p3_m1,0,0.09151207430212076,0.0,3.654409964383737e-07
4.829999999999948,p3_m2,0,-0.09843900158920682,0.0,3.654409964383737e-07
4.829999999999948,p3_m3,8,4.511475335847767,0.009952555817673401,3.654409964383737e-07
4.839999999999951,p0_m0,0,-0.18595535836644422,0.0,2.939957591435518e-06
4.839999999999951,p0_m1,0,0.39954619961605387,0.0,2.939957591435518e-06
4.839999999999951,p0_m2,0,-0.4224646002939745,0.0,2.939957591435518e-06
4.839999999999951,p0_m3,0,0.42712114695595427,0.0,2.939957591435518e-06
4.839999999999951,p1_m0,0,0.2702719020162784,0.0,2.939957591435518e-06
4.839999999999951,p1_m1,0,-0.13829308585101657,0.0,2.939957591435518e-06
4.839999999999951,p1_m2,0,0.11000045547299903,0.0,2.939957591435518e-06
4.839999999999951,p1_m3,0,-0.05905178840050761,0.0,2.939957591435518e-06
4.839999999999951,p2_m0,0,-0.0594986378972706,0.0,2.939957591435518e-06
4.839999999999951,p2_m1,0,0.10271111396124136,0.0,2.939957591435518e-06
4.839999999999951,p2_m2,0,-0.07787370620677982,0.0,2.939957591435518e-06
4.839999999999951,p2_m3,0,0.29314048951711236,0.0,2.939957591435518e-06
4.839999999999951,p3_m0,0,-0.29956107483348987,0.0,2.939957591435518e-06
4.839999999999951,p3_m1,0,0.320428357924663,0.0,2.939957591435518e-06
4.839999999999951,p3_m2,0,-0.35675289888000183,0.0,2.939957591435518e-06
4.839999999999951,p3_m3,8,3.4085344693212707,0.013679563430858556,2.939957591435518e-06
4.849999999999954,p0_m0,0,-0.15658062245746646,0.0,3.904528441123901e-06
4.849999999999954,p0_m1,0,0.3252571004992918,0.0,3.904528441123901e-06
4.849999999999954,p0_m2,0,-0.3384415832199297,0.0,3.904528441123901e-06
4.849999999999954,p0_m3,0,0.36368946769553323,0.0,3.904528441123901e-06
4.849999999999954,p1_m0,0,0.22550026612993376,0.0,3.904528441123901e-06
4.849999999999954,p1_m1,0,-0.1165495133821955,0.0,3.904528441123901e-06
4.849999999999954,p1_m2,0,0.09305981348269814,0.0,3.904528441123901e-06
4.849999999999954,p1_m3,0,-0.04823412610862307,0.0,3.904528441123901e-06
4.849999999999954,p2_m0,0,-0.05537094161050534,0.0,3.904528441123901e-06
4.849999999999954,p2_m1,0,0.090401140812753,0.0,3.904528441123901e-06
4.849999999999954,p2_m2,0,-0.05207745481919304,0.0,3.904528441123901e-06
4.849999999999954,p2_m3,0,0.25172448199638986,0.0,3.904528441123901e-06
4.849999999999954,p3_m0,0,-0.24993956476145157,0.0,3.904528441123901e-06
4.849999999999954,p3_m1,0,0.27018725711976216,0.0,3.904528441123901e-06
4.849999999999954,p3_m2,0,-0.300590454934971,0.0,3.904528441123901e-06
4.849999999999954,p3_m3,8,14.112586330683598,0.015,3.904528441123901e-06
4.859999999999958,p0_m0,0,-0.06741002167425914,0.0,7.029035175310073e-07
4.859999999999958,p0_m1,0,0.1415345847280717,0.0,7.029035175310073e-07
4.859999999999958,p0_m2,0,-0.14863118324774993,0.0,7.029035175310073e-07
4.859999999999958,p0_m3,0,0.15611374926557167,0.0,7.029035175310073e-07
4.859999999999958,p1_m0,0,0.09456095937246242,0.0,7.029035175310073e-07
4.859999999999958,p1_m1,0,-0.046984540411469766,0.0,7.029035175310073e-07
4.859999999999958,p1_m2,0,0.03651280033288493,0.0,7.029035175310073e-07
4.859999999999958,p1_m3,0,-0.016899926877675362,0.0,7.029035175310073e-07
4.859999999999958,p2_m0,0,-0.027304224016040057,0.0,7.029035175310073e-07
4.859999999999958,p2_m1,0,0.04236647706371956,0.0,7.029035175310073e-07
4.859999999999958,p2_m2,0,-0.03337641834011564,0.0,7.029035175310073e-07
4.859999999999958,p2_m3,0,0.11154338622958428,0.0,7.029035175310073e-07
4.859999999999958,p3_m0,0,-0.11065758846347294,0.0,7.029035175310073e-07
4.859999999999958,p3_m1,0,0.11600337186381507,0.0,7.029035175310073e-07
4.859999999999958,p3_m2,0,-0.13159260493920455,0.0,7.029035175310073e-07
4.859999999999958,p3_m3,8,6.7327285698507175,0.015,7.029035175310073e-07
4.869999999999961,p0_m0,0,-0.19477474544712584,0.0,2.6006402318267178e-06
4.869999999999961,p0_m1,0,0.4093125763778905,0.0,2.6006402318267178e-06
4.869999999999961,p0_m2,0,-0.424058064588948,0.0,2.6006402318267178e-06
4.869999999999961,p0_m3,0,0.4494336913568536,0.0,2.6006402318267178e-06
4.869999999999961,p1_m0,0,0.2809100263456624,0.0,2.6006402318267178e-06
4.869999999999961,p1_m1,0,-0.1445589852207181,0.0,2.6006402318267178e-06
4.869999999999961,p1_m2,0,0.11552250375762435,0.0,2.6006402318267178e-06
4.869999999999961,p1_m3,0,-0.06062019463846147,0.0,2.6006402318267178e-06
4.869999999999961,p2_m0,0,-0.06688245573434828,0.0,2.6006402318267178e-06
4.869999999999961,p2_m1,0,0.1094126332338664,0.0,2.6006402318267178e-06
4.869999999999961,p2_m2,0,-0.061636282961535005,0.0,2.6006402318267178e-06
4.869999999999961,p2_m3,0,0.3109078881041231,0.0,2.6006402318267178e-06
4.869999999999961,p3_m0,0,-0.30973935648291906,0.0,2.6006402318267178e-06
4.869999999999961,p3_m1,0,0.3384213445796965,0.0,2.6006402318267178e-06
4.869999999999961,p3_m2,0,-0.3817804085844607,0.0,2.6006402318267178e-06
4.869999999999961,p3_m3,8,13.750003044277342,0.014337121076063176,2.6006402318267178e-06
4.879999999999964,p0_m0,0,-0.08016444262790266,0.0,1.2859335158335719e-06
4.879999999999964,p0_m1,0,0.17065743445671838,0.0,1.2859335158335719e-06
4.879999999999964,p0_m2,0,-0.17843835421465404,0.0,1.2859335158335719e-06
4.879999999999964,p0_m3,0,0.186169743089032,0.0,1.2859335158335719e-06
4.879999999999964,p1_m0,0,0.11390474229075573,0.0,1.2859335158335719e-06
4.879999999999964,p1_m1,0,-0.05690970193279734,0.0,1.2859335158335719e-06
4.879999999999964,p1_m2,0,0.04444898365178746,0.0,1.2859335158335719e-06
4.879999999999964,p1_m3,0,-0.0211831828016845,0.0,1.2859335158335719e-06
4.879999999999964,p2_m0,0,-0.031495479652824766,0.0,1.2859335158335719e-06
4.879999999999964,p2_m1,0,0.04921215728095559,0.0,1.2859335158335719e-06
4.879999999999964,p2_m2,0,-0.03754631931396802,0.0,1.2859335158335719e-06
4.879999999999964,p2_m3,0,0.13249536201370177,0.0,1.2859335158335719e-06
4.879999999999964,p3_m0,0,-0.13144652893494552,0.0,1.2859335158335719e-06
4.879999999999964,p3_m1,0,0.1393974943876337,0.0,1.2859335158335719e-06
4.879999999999964,p3_m2,0,-0.15927811428119826,0.0,1.2859335158335719e-06
4.879999999999964,p3_m3,8,6.695445979172664,0.015,1.2859335158335719e-06
4.889999999999968,p0_m0,0,-0.16262669589410372,0.0,2.7177622552152243e-06
4.889999999999968,p0_m1,0,0.34685343787771017,0.0,2.7177622552152243e-06
4.889999999999968,p0_m2,0,-0.36214941957995517,0.0,2.7177622552152243e-06
4.889999999999968,p0_m3,0,0.3754943231047607,0.0,2.7177622552152243e-06
4.889999999999968,p1_m0,0,0.23475976549181468,0.0,2.7177622552152243e-06
4.889999999999968,p1_m1,0,-0.12030603381822495,0.0,2.7177622552152243e-06
4.889999999999968,p1_m2,0,0.09571756885028443,0.0,2.7177622552152243e-06
4.889999999999968,p1_m3,0,-0.04965058146233902,0.0,2.7177622552152243e-06
4.889999999999968,p2_m0,0,-0.05662911420864768,0.0,2.7177622552152243e-06
4.889999999999968,p2_m1,0,0.09269281528956703,0.0,2.7177622552152243e-06
4.889999999999968,p2_m2,0,-0.05985441809294311,0.0,2.7177622552152243e-06
4.889999999999968,p2_m3,0,0.26130059547534895,0.0,2.7177622552152243e-06
4.889999999999968,p3_m0,0,-0.2616316781732186,0.0,2.7177622552152243e-06
4.889999999999968,p3_m1,0,0.28308992554009377,0.0,2.7177622552152243e-06
4.889999999999968,p3_m2,0,-0.31993140162358147,0.0,2.7177622552152243e-06
4.889999999999968,p3_m3,8,0.3428837766261417,-0.015,2.7177622552152243e-06
4.899999999999971,p0_m0,0,-0.03890814761872439,0.0,1.4348026507415571e-06
4.899999999999971,p0_m1,0,0.08392662527862545,0.0,1.4348026507415571e-06
4.899999999999971,p0_m2,0,-0.08691117774224819,0.0,1.4348026507415571e-06
4.899999999999971,p0_m3,0,0.09422320167484884,0.0,1.4348026507415571e-06
4.899999999999971,p1_m0,0,0.053991060671560974,0.0,1.4348026507415571e-06
4.899999999999971,p1_m1,0,-0.02873308258351584,0.0,1.4348026507415571e-06
4.899999999999971,p1_m2,0,0.022682761801729536,0.0,1.4348026507415571e-06
4.899999999999971,p1_m3,0,-0.010121162449015415,0.0,1.4348026507415571e-06
4.899999999999971,p2_m0,0,-0.017919559073853293,0.0,1.4348026507415571e-06
4.899999999999971,p2_m1,0,0.026741064704663944,0.0,1.4348026507415571e-06
4.899999999999971,p2_m2,0,-0.015009298639934597,0.0,1.4348026507415571e-06
4.899999999999971,p2_m3,0,0.06808270055065349,0.0,1.4348026507415571e-06
4.899999999999971,p3_m0,0,-0.06543942591137913,0.0,1.4348026507415571e-06
4.899999999999971,p3_m1,0,0.07032583823147061,0.0,1.4348026507415571e-06
4.899999999999971,p3_m2,0,-0.08032041220286798,0.0,1.4348026507415571e-06
4.899999999999971,p3_m3,8,7.589880120689806,-0.001809781628377019,1.4348026507415571e-06
4.909999999999974,p0_m0,0,-0.07802194674541273,0.0,1.231647130663916e-06
4.909999999999974,p0_m1,0,0.16594467765511603,0.0,1.231647130663916e-06
4.909999999999974,p0_m2,0,-0.17720024597220366,0.0,1.231647130663916e-06
4.909999999999974,p0_m3,0,0.16999413701043384,0.0,1.231647130663916e-06
4.909999999999974,p1_m0,0,0.11363179221414539,0.0,1.231647130663916e-06
4.909999999999974,p1_m1,0,-0.05288112303090789,0.0,1.231647130663916e-06
4.909999999999974,p1_m2,0,0.040657664755033206,0.0,1.231647130663916e-06
4.909999999999974,p1_m3,0,-0.020586604074614896,0.0,1.231647130663916e-06
4.909999999999974,p2_m0,0,-0.02535568930765805,0.0,1.231647130663916e-06
4.909999999999974,p2_m1,0,0.042642015979766516,0.0,1.231647130663916e-06
4.909999999999974,p2_m2,0,-0.04911091756264186,0.0,1.231647130663916e-06
4.909999999999974,p2_m3,0,0.11923104479920502,0.0,1.231647130663916e-06
4.909999999999974,p3_m0,0,-0.1259185479751456,0.0,1.231647130663916e-06
4.909999999999974,p3_m1,0,0.127923025077025,0.0,1.231647130663916e-06
4.909999999999974,p3_m2,0,-0.1414587596890528,0.0,1.231647130663916e-06
4.909999999999974,p3_m3,8,4.154026233022872,0.010737140459474688,1.231647130663916e-06
4.919999999999978,p0_m0,0,-0.2104481701004222,0.0,3.550904485389568e-06
4.919999999999978,p0_m1,0,0.44818622989740964,0.0,3.550904485389568e-06
4.919999999999978,p0_m2,0,-0.47029361295434485,0.0,3.550904485389568e-06
4.919999999999978,p0_m3,0,0.48441964899230805,0.0,3.550904485389568e-06
4.919999999999978,p1_m0,0,0.305360353253991,0.0,3.550904485389568e-06
4.919999999999978,p1_m1,0,-0.15734512725472413,0.0,3.550904485389568e-06
4.919999999999978,p1_m2,0,0.12572361084516429,0.0,3.550904485389568e-06
4.919999999999978,p1_m3,0,-0.0675038019529039,0.0,3.550904485389568e-06
4.919999999999978,p2_m0,0,-0.06839461379013954,0.0,3.550904485389568e-06
4.919999999999978,p2_m1,0,0.11668356093595912,0.0,3.550904485389568e-06
4.919999999999978,p2_m2,0,-0.07798868418905865,0.0,3.550904485389568e-06
4.919999999999978,p2_m3,0,0.33232815683630407,0.0,3.550904485389568e-06
4.919999999999978,p3_m0,0,-0.33707737104285534,0.0,3.550904485389568e-06
4.919999999999978,p3_m1,0,0.36300614326317016,0.0,3.550904485389568e-06
4.919999999999978,p3_m2,0,-0.4039929737006288,0.0,3.550904485389568e-06
4.919999999999978,p3_m3,8,3.3787220963321585,0.01380637491265407,3.550904485389568e-06
4.929999999999981,p0_m0,0,-0.10617403180933721,0.0,2.87049875985262e-06
4.929999999999981,p0_m1,0,0.2233876162829429,0.0,2.87049875985262e-06
4.929999999999981,p0_m2,0,-0.23330747138436586,0.0,2.87049875985262e-06
4.929999999999981,p0_m3,0,0.24687459354237004,0.0,2.87049875985262e-06
4.929999999999981,p1_m0,0,0.1517038196764963,0.0,2.87049875985262e-06
4.929999999999981,p1_m1,0,-0.07758152799368598,0.0,2.87049875985262e-06
4.929999999999981,p1_m2,0,0.06140145085390674,0.0,2.87049875985262e-06
4.929999999999981,p1_m3,0,-0.0305415122514693,0.0,2.87049875985262e-06
4.929999999999981,p2_m0,0,-0.03987870669470306,0.0,2.87049875985262e-06
4.929999999999981,p2_m1,0,0.06368256121001208,0.0,2.87049875985262e-06
4.929999999999981,p2_m2,0,-0.04173785561364609,0.0,2.87049875985262e-06
4.929999999999981,p2_m3,0,0.17344773465063845,0.0,2.87049875985262e-06
4.929999999999981,p3_m0,0,-0.1717382283214479,0.0,2.87049875985262e-06
4.929999999999981,p3_m1,0,0.18330722877542288,0.0,2.87049875985262e-06
4.929999999999981,p3_m2,0,-0.20442731509298803,0.0,2.87049875985262e-06
4.929999999999981,p3_m3,8,0.868752353512246,-0.015,2.87049875985262e-06
4.939999999999984,p0_m0,0,-0.02617566806084448,0.0,4.2555376087808595e-07
4.939999999999984,p0_m1,0,0.05438857931300022,0.0,4.2555376087808595e-07
4.939999999999984,p0_m2,0,-0.05626661219217315,0.0,4.2555376087808595e-07
4.939999999999984,p0_m3,0,0.06384066194077027,0.0,4.2555376087808595e-07
4.939999999999984,p1_m0,0,0.03420361806956039,0.0,4.2555376087808595e-07
4.939999999999984,p1_m1,0,-0.018125208206450295,0.0,4.2555376087808595e-07
4.939999999999984,p1_m2,0,0.014112970368711094,0.0,4.2555376087808595e-07
4.939999999999984,p1_m3,0,-0.00534503877853775,0.0,4.2555376087808595e-07
4.939999999999984,p2_m0,0,-0.013818812466399351,0.0,4.2555376087808595e-07
4.939999999999984,p2_m1,0,0.019785177546296356,0.0,4.2555376087808595e-07
4.939999999999984,p2_m2,0,-0.011461048764880459,0.0,4.2555376087808595e-07
4.939999999999984,p2_m3,0,0.04728788929963075,0.0,4.2555376087808595e-07
4.939999999999984,p3_m0,0,-0.044282642319466846,0.0,4.2555376087808595e-07
4.939999999999984,p3_m1,0,0.04687673422877696,0.0,4.2555376087808595e-07
4.939999999999984,p3_m2,0,-0.05214200202849562,0.0,4.2555376087808595e-07
4.939999999999984,p3_m3,8,7.1872764318890825,-0.0012632081478377852,4.2555376087808595e-07
4.949999999999988,p0_m0,0,-0.07919862042152206,0.0,8.44581466239789e-07
4.949999999999988,p0_m1,0,0.16828409095444585,0.0,8.44581466239789e-07
4.949999999999988,p0_m2,0,-0.18003387751270677,0.0,8.44581466239789e-07
4.949999999999988,p0_m3,0,0.17309996901561076,0.0,8.44581466239789e-07
4.949999999999988,p1_m0,0,0.11510757647755251,0.0,8.44581466239789e-07
4.949999999999988,p1_m1,0,-0.05348283653681702,0.0,8.44581466239789e-07
4.949999999999988,p1_m2,0,0.04108528460603627,0.0,8.44581466239789e-07
4.949999999999988,p1_m3,0,-0.02094449614531341,0.0,8.44581466239789e-07
4.949999999999988,p2_m0,0,-0.025289741313385624,0.0,8.44581466239789e-07
4.949999999999988,p2_m1,0,0.043005566510453376,0.0,8.44581466239789e-07
4.949999999999988,p2_m2,0,-0.05143525089643286,0.0,8.44581466239789e-07
4.949999999999988,p2_m3,0,0.12072985565384335,0.0,8.44581466239789e-07
4.949999999999988,p3_m0,0,-0.12783623931813057,0.0,8.44581466239789e-07
4.949999999999988,p3_m1,0,0.12952756999013285,0.0,8.44581466239789e-07
4.949999999999988,p3_m2,0,-0.14281231835576594,0.0,8.44581466239789e-07
4.949999999999988,p3_m3,8,4.108332235040446,0.011209116082522319,8.44581466239789e-07
4.959999999999991,p0_m0,0,-0.2150165369312411,0.0,3.5241887754847782e-06
4.959999999999991,p0_m1,0,0.456204534392935,0.0,3.5241887754847782e-06
4.959999999999991,p0_m2,0,-0.4782614641271776,0.0,3.5241887754847782e-06
4.959999999999991,p0_m3,0,0.4953060075133131,0.0,3.5241887754847782e-06
4.959999999999991,p1_m0,0,0.3117380208493213,0.0,3.5241887754847782e-06
4.959999999999991,p1_m1,0,-0.16081221208085958,0.0,3.5241887754847782e-06
4.959999999999991,p1_m2,0,0.12863693878395505,0.0,3.5241887754847782e-06
4.959999999999991,p1_m3,0,-0.06915578223667515,0.0,3.5241887754847782e-06
4.959999999999991,p2_m0,0,-0.06988609090238365,0.0,3.5241887754847782e-06
4.959999999999991,p2_m1,0,0.11899505171558582,0.0,3.5241887754847782e-06
4.959999999999991,p2_m2,0,-0.07696251557081603,0.0,3.5241887754847782e-06
4.959999999999991,p2_m3,0,0.33938038755295263,0.0,3.5241887754847782e-06
4.959999999999991,p3_m0,0,-0.34361670861343946,0.0,3.5241887754847782e-06
4.959999999999991,p3_m1,0,0.37069844899227106,0.0,3.5241887754847782e-06
4.959999999999991,p3_m2,0,-0.41204858276585543,0.0,3.5241887754847782e-06
4.959999999999991,p3_m3,8,3.3722698628438605,0.013838564726319093,3.5241887754847782e-06
4.969999999999994,p0_m0,0,-0.12620447921163583,0.0,3.303358827323715e-06
4.969999999999994,p0_m1,0,0.2625780281686308,0.0,3.303358827323715e-06
4.969999999999994,p0_m2,0,-0.27358801452305925,0.0,3.303358827323715e-06
4.969999999999994,p0_m3,0,0.29369005458868863,0.0,3.303358827323715e-06
4.969999999999994,p1_m0,0,0.18082391464684258,0.0,3.303358827323715e-06
4.969999999999994,p1_m1,0,-0.09303996481497531,0.0,3.303358827323715e-06
4.969999999999994,p1_m2,0,0.07402128414019797,0.0,3.303358827323715e-06
4.969999999999994,p1_m3,0,-0.037469351386777636,0.0,3.303358827323715e-06
4.969999999999994,p2_m0,0,-0.04638017891836676,0.0,3.303358827323715e-06
4.969999999999994,p2_m1,0,0.07455481197014228,0.0,3.303358827323715e-06
4.969999999999994,p2_m2,0,-0.044828671337278136,0.0,3.303358827323715e-06
4.969999999999994,p2_m3,0,0.2047889942680831,0.0,3.303358827323715e-06
4.969999999999994,p3_m0,0,-0.20254489208759596,0.0,3.303358827323715e-06
4.969999999999994,p3_m1,0,0.2177870754604682,0.0,3.303358827323715e-06
4.969999999999994,p3_m2,0,-0.24256898283573008,0.0,3.303358827323715e-06
4.969999999999994,p3_m3,8,14.38611530322798,0.015,3.303358827323715e-06
4.979999999999998,p0_m0,0,-0.03331612533895479,0.0,3.050842502213298e-07
4.979999999999998,p0_m1,0,0.06817959571900911,0.0,3.050842502213298e-07
4.979999999999998,p0_m2,0,-0.07053068480167714,0.0,3.050842502213298e-07
4.979999999999998,p0_m3,0,0.0811180511573205,0.0,3.050842502213298e-07
4.979999999999998,p1_m0,0,0.04397135641191592,0.0,3.050842502213298e-07
4.979999999999998,p1_m1,0,-0.023036686918736435,0.0,3.050842502213298e-07
4.979999999999998,p1_m2,0,0.01797651867088974,0.0,3.050842502213298e-07
4.979999999999998,p1_m3,0,-0.0070119698713139505,0.0,3.050842502213298e-07
4.979999999999998,p2_m0,0,-0.01694331686234997,0.0,3.050842502213298e-07
4.979999999999998,p2_m1,0,0.024330814665728697,0.0,3.050842502213298e-07
4.979999999999998,p2_m2,0,-0.01370189316035715,0.0,3.050842502213298e-07
4.979999999999998,p2_m3,0,0.059389958006970583,0.0,3.050842502213298e-07
4.979999999999998,p3_m0,0,-0.05550508929513195,0.0,3.050842502213298e-07
4.979999999999998,p3_m1,0,0.05913469621661347,0.0,3.050842502213298e-07
4.979999999999998,p3_m2,0,-0.06541286947226167,0.0,3.050842502213298e-07
4.979999999999998,p3_m3,8,9.974591645105596,0.000766946372203801,3.050842502213298e-07
4.990000000000001,p0_m0,0,-0.04860189331977101,0.0,2.334523818095168e-07
4.990000000000001,p0_m1,0,0.09815935010564358,0.0,2.334523818095168e-07
4.990000000000001,p0_m2,0,-0.10462146911717674,0.0,2.334523818095168e-07
4.990000000000001,p0_m3,0,0.10421241479059018,0.0,2.334523818095168e-07
4.990000000000001,p1_m0,0,0.06746616725054738,0.0,2.334523818095168e-07
4.990000000000001,p1_m1,0,-0.030328574307359173,0.0,2.334523818095168e-07
4.990000000000001,p1_m2,0,0.022985842631020964,0.0,2.334523818095168e-07
4.990000000000001,p1_m3,0,-0.010635552845355542,0.0,2.334523818095168e-07
4.990000000000001,p2_m0,0,-0.017167611719033207,0.0,2.334523818095168e-07
4.990000000000001,p2_m1,0,0.02722178058225667,0.0,2.334523818095168e-07
4.990000000000001,p2_m2,0,-0.029373368001252013,0.0,2.334523818095168e-07
4.990000000000001,p2_m3,0,0.07442809055056661,0.0,2.334523818095168e-07
4.990000000000001,p3_m0,0,-0.07616944104320525,0.0,2.334523818095168e-07
4.990000000000001,p3_m1,0,0.07711365370456026,0.0,2.334523818095168e-07
4.990000000000001,p3_m2,0,-0.08185413998630094,0.0,2.334523818095168e-07
4.990000000000001,p3_m3,8,4.6823513349596135,0.008791128718786668,2.334523818095168e-07
5.000000000000004,p0_m0,0,-0.17147918344632057,0.0,2.6525353585029272e-06
5.000000000000004,p0_m1,0,0.3701572866416093,0.0,2.6525353585029272e-06
5.000000000000004,p0_m2,0,-0.39338366533989183,0.0,2.6525353585029272e-06
5.000000000000004,p0_m3,0,0.3932920528861869,0.0,2.6525353585029272e-06
5.000000000000004,p1_m0,0,0.24958033483370823,0.0,2.6525353585029272e-06
5.000000000000004,p1_m1,0,-0.12693336955848275,0.0,2.6525353585029272e-06
5.000000000000004,p1_m2,0,0.10074475549116364,0.0,2.6525353585029272e-06
5.000000000000004,p1_m3,0,-0.05402054280082402,0.0,2.6525353585029272e-06
5.000000000000004,p2_m0,0,-0.054442700813645266,0.0,2.6525353585029272e-06
5.000000000000004,p2_m1,0,0.09471899245200803,0.0,2.6525353585029272e-06
5.000000000000004,p2_m2,0,-0.07767173851908175,0.0,2.6525353585029272e-06
5.000000000000004,p2_m3,0,0.2700478578147171,0.0,2.6525353585029272e-06
5.000000000000004,p3_m0,0,-0.27752607473241797,0.0,2.6525353585029272e-06
5.000000000000004,p3_m1,0,0.2952002599157152,0.0,2.6525353585029272e-06
5.000000000000004,p3_m2,0,-0.3290067772230093,0.0,2.6525353585029272e-06
5.000000000000004,p3_m3,8,3.440875357876904,0.013544908428816727,2.6525353585029272e-06
