time,motor,target_rad_s,speed_rad_s,wheel_speed_rad_s,commanded_torque_nm,closure_error_m
0.010000000000000002,p0_m0,8.0,7.982698695917314,8.008125622494079,4.929553586956193e-05,1.6220088865971284e-09
0.010000000000000002,p0_m1,8.0,7.98268302423308,8.008080943920366,4.93561204349211e-05,1.6220088865971284e-09
0.010000000000000002,p0_m2,0.0,2.1797338617823687e-06,2.145508592385798e-06,0.0,1.6220088865971284e-09
0.010000000000000002,p0_m3,0.0,-9.312527463716923e-06,-9.103186883191504e-06,0.0,1.6220088865971284e-09
0.010000000000000002,p1_m0,0.0,-1.0531436539934294e-06,-1.0493166480719937e-06,0.0,1.6220088865971284e-09
0.010000000000000002,p1_m1,0.0,-1.5092970891123249e-06,-1.4497500218513083e-06,0.0,1.6220088865971284e-09
0.010000000000000002,p1_m2,-4.0,-3.9914586191741837,-4.005494241592896,-2.4246353904426867e-05,1.6220088865971284e-09
0.010000000000000002,p1_m3,0.0,1.0531432345682097e-06,1.049316239214909e-06,0.0,1.6220088865971284e-09
0.010000000000000002,p2_m0,0.0,-2.8960820033768235e-06,-2.8302000163878e-06,0.0,1.6220088865971284e-09
0.010000000000000002,p2_m1,0.0,-6.429185713665169e-07,-6.346118965487464e-07,0.0,1.6220088865971284e-09
0.010000000000000002,p2_m2,0.0,6.429203980700889e-07,6.346136763251272e-07,0.0,1.6220088865971284e-09
0.010000000000000002,p2_m3,0.0,2.8960809245081642e-06,2.830198962913888e-06,0.0,1.6220088865971284e-09
0.010000000000000002,p3_m0,0.0,-2.092976741949754e-06,-2.023134928952752e-06,0.0,1.6220088865971284e-09
0.010000000000000002,p3_m1,0.0,8.95495384104024e-06,8.716282707340935e-06,0.0,1.6220088865971284e-09
0.010000000000000002,p3_m2,0.0,-8.954956105292405e-06,-8.716284917028824e-06,0.0,1.6220088865971284e-09
0.010000000000000002,p3_m3,0.0,2.092979804715615e-06,2.023137918966428e-06,0.0,1.6220088865971284e-09
0.02000000000000001,p0_m0,8.0,7.980206989810619,7.98173504744532,5.9226227751881135e-05,5.180721241588649e-10
0.02000000000000001,p0_m1,8.0,7.980206189815438,7.981732647806608,5.922954380356504e-05,5.180721241588649e-10
0.02000000000000001,p0_m2,0.0,1.6495971574836552e-06,1.650377433504636e-06,0.0,5.180721241588649e-10
0.02000000000000001,p0_m3,0.0,-8.133842044674123e-06,-8.127190415466327e-06,0.0,5.180721241588649e-10
0.02000000000000001,p1_m0,0.0,-2.002823320067917e-06,-1.9972759483485057e-06,0.0,5.180721241588649e-10
0.02000000000000001,p1_m1,0.0,-9.369673233017101e-07,-9.363932658962361e-07,0.0,5.180721241588649e-10
0.02000000000000001,p1_m2,-4.0,-3.9901118691723703,-3.990962901193967,-2.958016691889265e-05,5.180721241588649e-10
0.02000000000000001,p1_m3,0.0,2.0028227330254647e-06,1.997275363590489e-06,0.0,5.180721241588649e-10
0.02000000000000001,p2_m0,0.0,-2.3026683030894068e-06,-2.301867786062965e-06,0.0,5.180721241588649e-10
0.02000000000000001,p2_m1,0.0,-1.5963678143786364e-06,-1.5905011580354829e-06,0.0,5.180721241588649e-10
0.02000000000000001,p2_m2,0.0,1.5963696303620981e-06,1.5905029709818385e-06,0.0,5.180721241588649e-10
0.02000000000000001,p2_m3,0.0,2.3026670752218177e-06,2.301866560155057e-06,0.0,5.180721241588649e-10
0.02000000000000001,p3_m0,0.0,-1.541995583184138e-06,-1.540757714594757e-06,0.0,5.180721241588649e-10
0.02000000000000001,p3_m1,0.0,7.753021271420916e-06,7.744862816573614e-06,0.0,5.180721241588649e-10
0.02000000000000001,p3_m2,0.0,-7.753023451814994e-06,-7.744864994702915e-06,0.0,5.180721241588649e-10
0.02000000000000001,p3_m3,0.0,1.5419983787662307e-06,1.5407605071741831e-06,0.0,5.180721241588649e-10
0.03000000000000002,p0_m0,8.0,7.985586010416407,7.985325571390561,4.2248303456873697e-05,9.732121348794189e-06
0.03000000000000002,p0_m1,8.0,7.975962361715104,7.976274151226247,7.27844322464124e-05,9.732121348794189e-06
0.03000000000000002,p0_m2,0.0,0.04370602319733081,0.043498662053051196,0.0,9.732121348794189e-06
0.03000000000000002,p0_m3,0.0,-0.06040793328552816,-0.06008233024840155,0.0,9.732121348794189e-06
0.03000000000000002,p1_m0,0.0,-0.02175862148288583,-0.021768185436479924,0.0,9.732121348794189e-06
0.03000000000000002,p1_m1,0.0,0.019971324704338246,0.01994592130443282,0.0,9.732121348794189e-06
0.03000000000000002,p1_m2,-4.0,-3.99214557635436,-3.992187439404265,-2.3371061001525195e-05,9.732121348794189e-06
0.03000000000000002,p1_m3,0.0,0.0217586195722582,0.021768183512895188,0.0,9.732121348794189e-06
0.03000000000000002,p2_m0,0.0,-0.040515928222661445,-0.04029096129554502,0.0,9.732121348794189e-06
0.03000000000000002,p2_m1,0.0,0.012899974637762771,0.012754570985193458,0.0,9.732121348794189e-06
0.03000000000000002,p2_m2,0.0,-0.012899981498483103,-0.012754577813944422,0.0,9.732121348794189e-06
0.03000000000000002,p2_m3,0.0,0.040515914747334895,0.04029094787359939,0.0,9.732121348794189e-06
0.03000000000000002,p3_m0,0.0,0.023719450024101436,0.02366850797744815,0.0,9.732121348794189e-06
0.03000000000000002,p3_m1,0.0,0.02578146717275528,0.025581388298826346,0.0,9.732121348794189e-06
0.03000000000000002,p3_m2,0.0,-0.02578149532497727,-0.025581416331558547,0.0,9.732121348794189e-06
0.03000000000000002,p3_m3,0.0,-5.620820936002739,-5.604087764005265,0.0,9.732121348794189e-06
0.04000000000000003,p0_m0,8.0,7.983397233021844,7.982892493901753,4.936869562982249e-05,1.121573310260932e-05
0.04000000000000003,p0_m1,8.0,7.977466451086143,7.97783287451389,6.790387791059249e-05,1.121573310260932e-05
0.04000000000000003,p0_m2,0.0,0.06972665088336973,0.06942470358783903,0.0,1.121573310260932e-05
0.04000000000000003,p0_m3,0.0,-0.09468935827521248,-0.09426669448165381,0.0,1.121573310260932e-05
0.04000000000000003,p1_m0,0.0,-0.04057675128829405,-0.04048312222036369,0.0,1.121573310260932e-05
0.04000000000000003,p1_m1,0.0,0.03544720818515673,0.03533678960069547,0.0,1.121573310260932e-05
0.04000000000000003,p1_m2,-4.0,-3.9917287097556517,-3.991607595385413,-2.4732588436535253e-05,1.121573310260932e-05
0.04000000000000003,p1_m3,0.0,0.040576747273354564,0.0404831182161556,0.0,1.121573310260932e-05
0.04000000000000003,p2_m0,0.0,-0.06370417182306982,-0.0634443072361204,0.0,1.121573310260932e-05
0.04000000000000003,p2_m1,0.0,0.01646494844503036,0.016350437014462416,0.0,1.121573310260932e-05
0.04000000000000003,p2_m2,0.0,-0.016464959546862192,-0.01635044807239025,0.0,1.121573310260932e-05
0.04000000000000003,p2_m3,0.0,0.06370414891539578,0.06344428442105228,0.0,1.121573310260932e-05
0.04000000000000003,p3_m0,0.0,0.04125570478471213,0.041142884952509035,0.0,1.121573310260932e-05
0.04000000000000003,p3_m1,0.0,0.03751484632251171,0.037302899759716145,0.0,1.121573310260932e-05
0.04000000000000003,p3_m2,0.0,-0.037514892343281155,-0.037302945603982944,0.0,1.121573310260932e-05
0.04000000000000003,p3_m3,0.0,-9.571842485294683,-9.557523743745183,0.0,1.121573310260932e-05
0.05000000000000004,p0_m0,8.0,7.980372573523628,7.98015108434634,5.907782812745754e-05,1.9018562424285424e-05
0.05000000000000004,p0_m1,8.0,7.977861814654383,7.977956521543051,6.653799690834905e-05,1.9018562424285424e-05
0.05000000000000004,p0_m2,0.0,0.0876643718973606,0.08758022445901091,0.0,1.9018562424285424e-05
0.05000000000000004,p0_m3,0.0,-0.09816799761188677,-0.09800116524694964,0.0,1.9018562424285424e-05
0.05000000000000004,p1_m0,0.0,-0.09470448104067028,-0.09456529884838641,0.0,1.9018562424285424e-05
0.05000000000000004,p1_m1,0.0,0.07969039811690455,0.07965643062365436,0.0,1.9018562424285424e-05
0.05000000000000004,p1_m2,-4.0,-3.9954454081584623,-3.9954610531024555,-1.2899894816944979e-05,1.9018562424285424e-05
0.05000000000000004,p1_m3,0.0,0.09470447103314081,0.09456528889971642,0.0,1.9018562424285424e-05
0.05000000000000004,p2_m0,0.0,-0.08205748631869453,-0.08191981810105266,0.0,1.9018562424285424e-05
0.05000000000000004,p2_m1,0.0,-0.0033518677814608024,-0.003324602032558452,0.0,1.9018562424285424e-05
0.05000000000000004,p2_m2,0.0,0.0033518449153010837,0.0033245791674823863,0.0,1.9018562424285424e-05
0.05000000000000004,p2_m3,0.0,0.08205744583708977,0.08191977771177131,0.0,1.9018562424285424e-05
0.05000000000000004,p3_m0,0.0,0.08643931430303603,0.08629040640788832,0.0,1.9018562424285424e-05
0.05000000000000004,p3_m1,0.0,0.006571007843025094,0.006526861034087527,0.0,1.9018562424285424e-05
0.05000000000000004,p3_m2,0.0,-0.006571075445082081,-0.0065269285343771246,0.0,1.9018562424285424e-05
0.05000000000000004,p3_m3,0.0,-10.044612033456335,-10.023464253403276,0.0,1.9018562424285424e-05
0.060000000000000046,p0_m0,8.0,7.980657508092377,7.980639863470133,5.807264727116035e-05,2.1459960215191964e-05
0.060000000000000046,p0_m1,8.0,7.978333765736904,7.978496228113632,6.511220627304049e-05,2.1459960215191964e-05
0.060000000000000046,p0_m2,0.0,0.10218510570712179,0.10204175323771594,0.0,2.1459960215191964e-05
0.060000000000000046,p0_m3,0.0,-0.10046870731113348,-0.10044345889805693,0.0,2.1459960215191964e-05
0.060000000000000046,p1_m0,0.0,-0.13378083794917583,-0.13327902681273887,0.0,2.1459960215191964e-05
0.060000000000000046,p1_m1,0.0,0.1136250137716747,0.11321850395717102,0.0,2.1459960215191964e-05
0.060000000000000046,p1_m2,-4.0,-3.9933725207672994,-3.992885061105006,-1.9416169904360016e-05,2.1459960215191964e-05
0.060000000000000046,p1_m3,0.0,0.1337808243835778,0.13327901334796807,0.0,2.1459960215191964e-05
0.060000000000000046,p2_m0,0.0,-0.09584183081381133,-0.09569505997293906,0.0,2.1459960215191964e-05
0.060000000000000046,p2_m1,0.0,-0.016558392081588626,-0.0163584301650182,0.0,2.1459960215191964e-05
0.060000000000000046,p2_m2,0.0,0.01655835980117339,0.016358397991380048,0.0,2.1459960215191964e-05
0.060000000000000046,p2_m3,0.0,0.09584177804244104,0.09569500738009198,0.0,2.1459960215191964e-05
0.060000000000000046,p3_m0,0.0,0.11952918721286367,0.11914082143025026,0.0,2.1459960215191964e-05
0.060000000000000046,p3_m1,0.0,-0.016936323416289038,-0.016660137527934098,0.0,2.1459960215191964e-05
0.060000000000000046,p3_m2,0.0,0.016936239961785813,0.0166600542612415,0.0,2.1459960215191964e-05
0.060000000000000046,p3_m3,0.0,-9.862112407569969,-9.860435066444541,0.0,2.1459960215191964e-05
0.07000000000000005,p0_m0,8.0,7.980763824924675,7.980760333290724,5.7734692629323626e-05,1.6479429606302622e-05
0.07000000000000005,p0_m1,8.0,7.978566373033094,7.97864413320597,6.433767964055726e-05,1.6479429606302622e-05
0.07000000000000005,p0_m2,0.0,0.11342876890008634,0.11335992715610105,0.0,1.6479429606302622e-05
0.07000000000000005,p0_m3,0.0,-0.10406390369341546,-0.1040550826163825,0.0,1.6479429606302622e-05
0.07000000000000005,p1_m0,0.0,-0.15614808232401534,-0.15588101125492565,0.0,1.6479429606302622e-05
0.07000000000000005,p1_m1,0.0,0.13432177470128348,0.1341069901499527,0.0,1.6479429606302622e-05
0.07000000000000005,p1_m2,-4.0,-3.99234350061208,-3.9920837790091572,-2.2772760431227557e-05,1.6479429606302622e-05
0.07000000000000005,p1_m3,0.0,0.15614806719694288,0.15588099618242376,0.0,1.6479429606302622e-05
0.07000000000000005,p2_m0,0.0,-0.10665211016322067,-0.10657897150931263,0.0,1.6479429606302622e-05
0.07000000000000005,p2_m1,0.0,-0.021893519637013595,-0.021784275654891407,0.0,1.6479429606302622e-05
0.07000000000000005,p2_m2,0.0,0.02189348106853187,0.021784237143495706,0.0,1.6479429606302622e-05
0.07000000000000005,p2_m3,0.0,0.10665205014444433,0.10657891158543112,0.0,1.6479429606302622e-05
0.07000000000000005,p3_m0,0.0,0.14050936544953055,0.14030692823097482,0.0,1.6479429606302622e-05
0.07000000000000005,p3_m1,0.0,-0.030394204169918476,-0.030245454796407407,0.0,1.6479429606302622e-05
0.07000000000000005,p3_m2,0.0,0.03039411025323033,0.030245360976917678,0.0,1.6479429606302622e-05
0.07000000000000005,p3_m3,0.0,-9.674207761954195,-9.67395102262399,0.0,1.6479429606302622e-05
0.08000000000000006,p0_m0,8.0,7.974516451037596,7.972334372750563,7.689457414939404e-05,1.3097315005968226e-05
0.08000000000000006,p0_m1,8.0,7.97972422623694,7.979940555850117,6.0521077349323885e-05,1.3097315005968226e-05
0.08000000000000006,p0_m2,0.0,0.12020378868230568,0.1200961901673982,0.0,1.3097315005968226e-05
0.08000000000000006,p0_m3,0.0,-0.09112205462988514,-0.08951982818126696,0.0,1.3097315005968226e-05
0.08000000000000006,p1_m0,0.0,-0.19439201824409924,-0.19664902284751645,0.0,1.3097315005968226e-05
0.08000000000000006,p1_m1,0.0,0.16652946420406525,0.16835162167919954,0.0,1.3097315005968226e-05
0.08000000000000006,p1_m2,-4.0,-3.998433298047157,-4.000834853874194,-4.50437713101648e-06,1.3097315005968226e-05
0.08000000000000006,p1_m3,0.0,0.1943919990169212,0.196649003127846,0.0,1.3097315005968226e-05
0.08000000000000006,p2_m0,0.0,-0.1126674221037248,-0.11257434319361322,0.0,1.3097315005968226e-05
0.08000000000000006,p2_m1,0.0,-0.039226397684980256,-0.04052807866284001,0.0,1.3097315005968226e-05
0.08000000000000006,p2_m2,0.0,0.03922634922989828,0.04052802955562427,0.0,1.3097315005968226e-05
0.08000000000000006,p2_m3,0.0,0.1126673516114872,0.11257427213075502,0.0,1.3097315005968226e-05
0.08000000000000006,p3_m0,0.0,0.17448461612231506,0.17647905764361732,0.0,1.3097315005968226e-05
0.08000000000000006,p3_m1,0.0,-0.8215608405487004,-0.9521922000431391,0.0,1.3097315005968226e-05
0.08000000000000006,p3_m2,0.0,0.064447657484592,0.06701559376609738,0.0,1.3097315005968226e-05
0.08000000000000006,p3_m3,0.0,-9.503906848537019,-9.505924603381175,0.0,1.3097315005968226e-05
0.09000000000000007,p0_m0,8.0,7.959864643286447,7.959084063211632,0.00012633038367219562,3.741423348080967e-05
0.09000000000000007,p0_m1,8.0,8.002553208641114,8.004509119488668,-1.4144594060017113e-05,3.741423348080967e-05
0.09000000000000007,p0_m2,0.0,-5.392775708209918,-5.353073342858451,0.0,3.741423348080967e-05
0.09000000000000007,p0_m3,0.0,0.05359573981406052,0.05391816990211595,0.0,3.741423348080967e-05
0.09000000000000007,p1_m0,0.0,-2.566182515320897,-2.5203351558748635,0.0,3.741423348080967e-05
0.09000000000000007,p1_m1,0.0,0.15561035652906374,0.15415273858481365,0.0,3.741423348080967e-05
0.09000000000000007,p1_m2,-4.0,-3.9845203266178166,-3.9825902992441717,-4.773139109840274e-05,3.741423348080967e-05
0.09000000000000007,p1_m3,0.0,0.2987861933126973,0.2980712359559028,0.0,3.741423348080967e-05
0.09000000000000007,p2_m0,0.0,0.023356473147296473,0.024837522472880406,0.0,3.741423348080967e-05
0.09000000000000007,p2_m1,0.0,-0.22525191941490358,-0.22609731445361217,0.0,3.741423348080967e-05
0.09000000000000007,p2_m2,0.0,0.22525187789598078,0.22609727332601967,0.0,3.741423348080967e-05
0.09000000000000007,p2_m3,0.0,-0.023356556903928766,-0.02483760573453595,0.0,3.741423348080967e-05
0.09000000000000007,p3_m0,0.0,0.16434204916246536,0.1625336068583053,0.0,3.741423348080967e-05
0.09000000000000007,p3_m1,0.0,-5.468656296063388,-5.511497357722706,0.0,3.741423348080967e-05
0.09000000000000007,p3_m2,0.0,0.12708457385253968,0.12587581774703188,0.0,3.741423348080967e-05
0.09000000000000007,p3_m3,0.0,-9.293873896944415,-9.292094950266812,0.0,3.741423348080967e-05
0.10000000000000007,p0_m0,8.0,3.312690904413206,2.4261438411815344,0.011721239115656703,5.5082536856016116e-05
0.10000000000000007,p0_m1,8.0,7.988397995644496,7.985399744605189,3.2394764582627464e-05,5.5082536856016116e-05
0.10000000000000007,p0_m2,0.0,-7.597776936709113,-7.3967276836467155,0.0,5.5082536856016116e-05
0.10000000000000007,p0_m3,0.0,0.15506320281552743,0.15314070926329476,0.0,5.5082536856016116e-05
0.10000000000000007,p1_m0,0.0,-3.9151493117052714,-3.8793148618385014,0.0,5.5082536856016116e-05
0.10000000000000007,p1_m1,0.0,0.12246568219168821,0.12328375565190444,0.0,5.5082536856016116e-05
0.10000000000000007,p1_m2,-4.0,-3.9877473712067535,-3.9886648106399267,-3.7428043821927215e-05,5.5082536856016116e-05
0.10000000000000007,p1_m3,0.0,0.35915823388072005,0.3581187616524713,0.0,5.5082536856016116e-05
0.10000000000000007,p2_m0,0.0,0.13944522189373143,0.13705713134132452,0.0,5.5082536856016116e-05
0.10000000000000007,p2_m1,0.0,-0.3669270778770732,-0.3641043011747035,0.0,5.5082536856016116e-05
0.10000000000000007,p2_m2,0.0,0.3669270444855209,0.3641042673578097,0.0,5.5082536856016116e-05
0.10000000000000007,p2_m3,0.0,-0.13944530878872033,-0.1370572183113369,0.0,5.5082536856016116e-05
0.10000000000000007,p3_m0,0.0,0.12584222618631555,0.1266740788352137,0.0,5.5082536856016116e-05
0.10000000000000007,p3_m1,0.0,-11.351734459798362,-11.352094374941709,0.0,5.5082536856016116e-05
0.10000000000000007,p3_m2,0.0,0.14768354334210462,0.14752969863968013,0.0,5.5082536856016116e-05
0.10000000000000007,p3_m3,0.0,-9.059767230395797,-9.060624943240358,0.0,5.5082536856016116e-05
0.11000000000000008,p0_m0,8.0,-2.720475373590207,-2.7588602479435207,0.015,3.311910656423144e-05
0.11000000000000008,p0_m1,8.0,7.983616362669273,7.982400605965565,4.8341308409745486e-05,3.311910656423144e-05
0.11000000000000008,p0_m2,0.0,-4.018560270539389,-4.095900031298017,0.0,3.311910656423144e-05
0.11000000000000008,p0_m3,0.0,0.19371433457471426,0.19292828432139394,0.0,3.311910656423144e-05
0.11000000000000008,p1_m0,0.0,-3.895600323583147,-3.8882693802405766,0.0,3.311910656423144e-05
0.11000000000000008,p1_m1,0.0,0.10817864031731303,0.10860361072048098,0.0,3.311910656423144e-05
0.11000000000000008,p1_m2,-4.0,-3.9891636099914702,-3.9896488975502575,-3.278138205179992e-05,3.311910656423144e-05
0.11000000000000008,p1_m3,0.0,0.3814785253897394,0.3810696163446063,0.0,3.311910656423144e-05
0.11000000000000008,p2_m0,0.0,0.1804729462379244,0.1794139262922196,0.0,3.311910656423144e-05
0.11000000000000008,p2_m1,0.0,-0.4186888381106508,-0.41749193344936836,0.0,3.311910656423144e-05
0.11000000000000008,p2_m2,0.0,0.4186888014376424,0.4174918966476405,0.0,3.311910656423144e-05
0.11000000000000008,p2_m3,0.0,-0.1804730341622667,-0.17941401430233417,0.0,3.311910656423144e-05
0.11000000000000008,p3_m0,0.0,0.10979621975037002,0.11023675730514843,0.0,3.311910656423144e-05
0.11000000000000008,p3_m1,0.0,-15.433032067654205,-15.388373155801169,0.0,3.311910656423144e-05
0.11000000000000008,p3_m2,0.0,0.15683360832082144,0.15682926454575508,0.0,3.311910656423144e-05
0.11000000000000008,p3_m3,0.0,-8.852305089287416,-8.852771065804555,0.0,3.311910656423144e-05
0.12000000000000009,p0_m0,8.0,-2.0270324494220677,-2.090683468781027,0.015,1.2213510274356831e-05
0.12000000000000009,p0_m1,8.0,7.979072372763637,7.977679069804314,6.186277569003007e-05,1.2213510274356831e-05
0.12000000000000009,p0_m2,0.0,-3.948426644647202,-3.956116015097443,0.0,1.2213510274356831e-05
0.12000000000000009,p0_m3,0.0,2.1357551898067353,2.1633831210502357,0.0,1.2213510274356831e-05
0.12000000000000009,p1_m0,0.0,-3.8337624200164795,-3.8336029782232184,0.0,1.2213510274356831e-05
0.12000000000000009,p1_m1,0.0,0.09670694395121382,0.0975927592315403,0.0,1.2213510274356831e-05
0.12000000000000009,p1_m2,-4.0,-3.9904145136883065,-3.991440506108271,-2.9648375639889313e-05,1.2213510274356831e-05
0.12000000000000009,p1_m3,0.0,0.3955923343012668,0.39585794112833944,0.0,1.2213510274356831e-05
0.12000000000000009,p2_m0,0.0,0.1886729797014778,0.18711019489251932,0.0,1.2213510274356831e-05
0.12000000000000009,p2_m1,0.0,-3.1740899465120838,-3.144167164526043,0.0,1.2213510274356831e-05
0.12000000000000009,p2_m2,0.0,0.4437058439894999,0.44270572096102584,0.0,1.2213510274356831e-05
0.12000000000000009,p2_m3,0.0,-0.18867307248799822,-0.1871102880308578,0.0,1.2213510274356831e-05
0.12000000000000009,p3_m0,0.0,0.0904306674449173,0.09170694274366527,0.0,1.2213510274356831e-05
0.12000000000000009,p3_m1,0.0,-15.106808031597073,-15.100961819439567,0.0,1.2213510274356831e-05
0.12000000000000009,p3_m2,0.0,0.11964077547061516,0.11992096759479591,0.0,1.2213510274356831e-05
0.12000000000000009,p3_m3,0.0,-8.640450339132084,-8.640738614074763,0.0,1.2213510274356831e-05
0.1300000000000001,p0_m0,8.0,2.342131561778179,2.2608831829329503,0.015,6.875722539220836e-06
0.1300000000000001,p0_m1,8.0,5.680739959801635,5.280805118740905,0.005514776244003092,6.875722539220836e-06
0.1300000000000001,p0_m2,0.0,-3.6227346700967153,-3.472399023135059,0.0,6.875722539220836e-06
0.1300000000000001,p0_m3,0.0,3.1133214892737064,2.973434746749426,0.0,6.875722539220836e-06
0.1300000000000001,p1_m0,0.0,-3.7308667489091447,-3.5415843008830716,0.0,6.875722539220836e-06
0.1300000000000001,p1_m1,0.0,0.17880668870559302,0.1835692130983189,0.0,6.875722539220836e-06
0.1300000000000001,p1_m2,-4.0,-3.736763010494717,-3.5548439474786906,-8.995066388705642e-05,6.875722539220836e-06
0.1300000000000001,p1_m3,0.0,0.3462332308812628,0.3212000144543851,0.0,6.875722539220836e-06
0.1300000000000001,p2_m0,0.0,0.16896679002040785,0.15020751129039625,0.0,6.875722539220836e-06
0.1300000000000001,p2_m1,0.0,-5.671549082978358,-5.334213171521338,0.0,6.875722539220836e-06
0.1300000000000001,p2_m2,0.0,0.38667945664133707,0.3534121187447966,0.0,6.875722539220836e-06
0.1300000000000001,p2_m3,0.0,-0.18132699583579498,-0.17161426113054448,0.0,6.875722539220836e-06
0.1300000000000001,p3_m0,0.0,0.5557304756968792,0.5237340890219426,0.0,6.875722539220836e-06
0.1300000000000001,p3_m1,0.0,-9.93089217851032,-9.857781826175628,0.0,6.875722539220836e-06
0.1300000000000001,p3_m2,0.0,1.230291048904627,1.1222404007194504,0.0,6.875722539220836e-06
0.1300000000000001,p3_m3,0.0,-6.767061148033005,-6.52942466327567,0.0,6.875722539220836e-06
0.1400000000000001,p0_m0,8.0,2.333693781719865,2.3443020853790433,0.015,0.00011230410869110168
0.1400000000000001,p0_m1,8.0,2.9772356046242017,2.6998543219649527,0.014724908125989675,0.00011230410869110168
0.1400000000000001,p0_m2,0.0,-1.4365584824666662,-1.4797836805305127,0.0,0.00011230410869110168
0.1400000000000001,p0_m3,0.0,1.0124104335572794,1.0390881090147606,0.0,0.00011230410869110168
0.1400000000000001,p1_m0,0.0,-1.3644870684241637,-1.4471711154595104,0.0,0.00011230410869110168
0.1400000000000001,p1_m1,0.0,-0.24913696429118123,-0.25794641259002354,0.0,0.00011230410869110168
0.1400000000000001,p1_m2,-4.0,-1.4772409087691099,-1.2562825667830215,-0.007203793901725336,0.00011230410869110168
0.1400000000000001,p1_m3,0.0,-0.5310594549569186,-0.5478577166746541,0.0,0.00011230410869110168
0.1400000000000001,p2_m0,0.0,-0.4046830903728754,-0.3988323728985421,0.0,0.00011230410869110168
0.1400000000000001,p2_m1,0.0,-1.5744702930273347,-1.6227141307246635,0.0,0.00011230410869110168
0.1400000000000001,p2_m2,0.0,-0.7470597165333938,-0.7653867843566869,0.0,0.00011230410869110168
0.1400000000000001,p2_m3,0.0,0.27677495349564657,0.27805722720969905,0.0,0.00011230410869110168
0.1400000000000001,p3_m0,0.0,0.35329660686155867,0.3534641026465164,0.0,0.00011230410869110168
0.1400000000000001,p3_m1,0.0,-2.95227571736743,-3.0120071438244556,0.0,0.00011230410869110168
0.1400000000000001,p3_m2,0.0,0.11165980653581538,0.12537860510589513,0.0,0.00011230410869110168
0.1400000000000001,p3_m3,0.0,-2.652508236343408,-2.697655575590193,0.0,0.00011230410869110168
0.1500000000000001,p0_m0,8.0,3.7034345201773977,3.822702969322206,0.013223383009060027,0.00014040119681727286
0.1500000000000001,p0_m1,8.0,2.3424334113042216,2.33256542142944,0.015,0.00014040119681727286
0.1500000000000001,p0_m2,0.0,-1.37211670804609,-1.3787946934637816,0.0,0.00014040119681727286
0.1500000000000001,p0_m3,0.0,-0.11676617100155913,-0.11308768807265572,0.0,0.00014040119681727286
0.1500000000000001,p1_m0,0.0,-1.2324892712537465,-1.2398481395712861,0.0,0.00014040119681727286
0.1500000000000001,p1_m1,0.0,-0.5756505044056134,-0.5705666161850403,0.0,0.00014040119681727286
0.1500000000000001,p1_m2,-4.0,-1.196116093132417,-1.1784015029536636,-0.008466377064172251,0.00014040119681727286
0.1500000000000001,p1_m3,0.0,-1.4423141582301302,-1.425841615842194,0.0,0.00014040119681727286
0.1500000000000001,p2_m0,0.0,-0.5632740070987908,-0.5560591808107207,0.0,0.00014040119681727286
0.1500000000000001,p2_m1,0.0,-1.0234450486814097,-1.0442310038049936,0.0,0.00014040119681727286
0.1500000000000001,p2_m2,0.0,-2.1274184256115807,-2.1084055418924432,0.0,0.00014040119681727286
0.1500000000000001,p2_m3,0.0,0.39279628728481514,0.38788777499202515,0.0,0.00014040119681727286
0.1500000000000001,p3_m0,0.0,0.2946399523433864,0.29567073131014004,0.0,0.00014040119681727286
0.1500000000000001,p3_m1,0.0,-2.5209614087849443,-2.539244444521545,0.0,0.00014040119681727286
0.1500000000000001,p3_m2,0.0,-0.41923908853247494,-0.41524670202239866,0.0,0.00014040119681727286
0.1500000000000001,p3_m3,0.0,-1.93237711042633,-1.949474642543407,0.0,0.00014040119681727286
0.16000000000000011,p0_m0,8.0,7.994885472733632,8.205346068713688,1.2524056365661452e-06,0.0001138821463017932
0.16000000000000011,p0_m1,8.0,2.5516576788024867,2.549696221011222,0.015,0.0001138821463017932
0.16000000000000011,p0_m2,0.0,-1.3304806097404496,-1.3312418705029492,0.0,0.0001138821463017932
0.16000000000000011,p0_m3,0.0,-0.3188698895044,-0.3088751865457679,0.0,0.0001138821463017932
0.16000000000000011,p1_m0,0.0,-1.1697534536840535,-1.1711849913200265,0.0,0.0001138821463017932
0.16000000000000011,p1_m1,0.0,-0.7096922409822775,-0.70712038164888,0.0,0.0001138821463017932
0.16000000000000011,p1_m2,-4.0,-0.9029043584132359,-0.8562657865959677,-0.00919268378906926,0.0001138821463017932
0.16000000000000011,p1_m3,0.0,-1.911081023144497,-1.882393694724863,0.0,0.0001138821463017932
0.16000000000000011,p2_m0,0.0,-0.579993894538877,-0.5792748658717934,0.0,0.0001138821463017932
0.16000000000000011,p2_m1,0.0,-0.9491962578806601,-0.9480589225568439,0.0,0.0001138821463017932
0.16000000000000011,p2_m2,0.0,-2.3490948207598055,-2.316835816108884,0.0,0.0001138821463017932
0.16000000000000011,p2_m3,0.0,0.40678139052590867,0.40594274962616966,0.0,0.0001138821463017932
0.16000000000000011,p3_m0,0.0,0.25520818425192454,0.2556313353188817,0.0,0.0001138821463017932
0.16000000000000011,p3_m1,0.0,-2.4613238711383163,-2.4625453700833693,0.0,0.0001138821463017932
0.16000000000000011,p3_m2,0.0,-0.5059164767622094,-0.5007374578821088,0.0,0.0001138821463017932
0.16000000000000011,p3_m3,0.0,-1.055511613852275,-1.0531358257357148,0.0,0.0001138821463017932
0.17000000000000012,p0_m0,8.0,7.9808100252977,7.992429002576907,5.667710478541821e-05,7.762741531367688e-05
0.17000000000000012,p0_m1,8.0,2.6235803956241015,2.622490291486344,0.015,7.762741531367688e-05
0.17000000000000012,p0_m2,0.0,-1.2990359694284446,-1.299227749318189,0.0,7.762741531367688e-05
0.17000000000000012,p0_m3,0.0,-0.2979695014736539,-0.29433103276973305,0.0,7.762741531367688e-05
0.17000000000000012,p1_m0,0.0,-1.1395965044431824,-1.140069151876873,0.0,7.762741531367688e-05
0.17000000000000012,p1_m1,0.0,-0.9310587112025704,-0.9301778328509919,0.0,7.762741531367688e-05
0.17000000000000012,p1_m2,-4.0,-0.6482953916500223,-0.6156758974606846,-0.009989595508992644,7.762741531367688e-05
0.17000000000000012,p1_m3,0.0,-1.8721648602197563,-1.8696552215061875,0.0,7.762741531367688e-05
0.17000000000000012,p2_m0,0.0,-0.3505962664310034,-0.3456297381282596,0.0,7.762741531367688e-05
0.17000000000000012,p2_m1,0.0,-0.8732787576400978,-0.8755910338442372,0.0,7.762741531367688e-05
0.17000000000000012,p2_m2,0.0,-1.6192923792716853,-1.6105315249225545,0.0,7.762741531367688e-05
0.17000000000000012,p2_m3,0.0,0.40127209949644255,0.40103843462731503,0.0,7.762741531367688e-05
0.17000000000000012,p3_m0,0.0,0.2300240730032134,0.23014979132932922,0.0,7.762741531367688e-05
0.17000000000000012,p3_m1,0.0,-2.4077094703398036,-2.407838665737155,0.0,7.762741531367688e-05
0.17000000000000012,p3_m2,0.0,-0.5141575892748573,-0.5143560391300201,0.0,7.762741531367688e-05
0.17000000000000012,p3_m3,0.0,-0.19683549507405357,-0.20398555433336002,0.0,7.762741531367688e-05
0.18000000000000013,p0_m0,8.0,7.979882208455757,7.980563934862849,6.028601527385824e-05,4.950915839238242e-05
0.18000000000000013,p0_m1,8.0,2.745325559246921,2.7474484900529887,0.015,4.950915839238242e-05
0.18000000000000013,p0_m2,0.0,-1.272301345315563,-1.2723557380004218,0.0,4.950915839238242e-05
0.18000000000000013,p0_m3,0.0,-0.19229120379468578,-0.19172678207646407,0.0,4.950915839238242e-05
0.18000000000000013,p1_m0,0.0,-1.1214322645897745,-1.1215573411482629,0.0,4.950915839238242e-05
0.18000000000000013,p1_m1,0.0,-1.0467000394290589,-1.0422310011797968,0.0,4.950915839238242e-05
0.18000000000000013,p1_m2,-4.0,-0.40859434148110635,-0.3755298353562188,-0.010704835205062286,4.950915839238242e-05
0.18000000000000013,p1_m3,0.0,-1.731945100133619,-1.7365423933785777,0.0,4.950915839238242e-05
0.18000000000000013,p2_m0,0.0,-0.035938374940541765,-0.03732475544215671,0.0,4.950915839238242e-05
0.18000000000000013,p2_m1,0.0,-0.8607541080303158,-0.8610031796899031,0.0,4.950915839238242e-05
0.18000000000000013,p2_m2,0.0,-0.9775065692404125,-1.003214740105306,0.0,4.950915839238242e-05
0.18000000000000013,p2_m3,0.0,0.39054648871817677,0.3905004798367579,0.0,4.950915839238242e-05
0.18000000000000013,p3_m0,0.0,0.049723953453658876,0.04405694573851537,0.0,4.950915839238242e-05
0.18000000000000013,p3_m1,0.0,-2.3578442660455683,-2.3578653275109085,0.0,4.950915839238242e-05
0.18000000000000013,p3_m2,0.0,-0.5045195803499276,-0.5042518578401141,0.0,4.950915839238242e-05
0.18000000000000013,p3_m3,0.0,0.35346280371627836,0.3460863977034416,0.0,4.950915839238242e-05
0.19000000000000014,p0_m0,8.0,7.979890188622053,7.979944399233759,6.0342509581612807e-05,3.051795105678903e-05
0.19000000000000014,p0_m1,8.0,2.9285801491802212,2.927250593169587,0.015,3.051795105678903e-05
0.19000000000000014,p0_m2,0.0,-1.2467175801703645,-1.246717097566367,0.0,3.051795105678903e-05
0.19000000000000014,p0_m3,0.0,-0.09890011361600583,-0.09923922615978305,0.0,3.051795105678903e-05
0.19000000000000014,p1_m0,0.0,-1.1055652785539178,-1.1055648465411165,0.0,3.051795105678903e-05
0.19000000000000014,p1_m1,0.0,-0.9929118603088377,-0.9887656712957433,0.0,3.051795105678903e-05
0.19000000000000014,p1_m2,-4.0,-0.2702548783587045,-0.25487025830037874,-0.011168211538710896,3.051795105678903e-05
0.19000000000000014,p1_m3,0.0,-1.687320269501746,-1.687754628023872,0.0,3.051795105678903e-05
0.19000000000000014,p2_m0,0.0,0.15725930713930808,0.15307599913012054,0.0,3.051795105678903e-05
0.19000000000000014,p2_m1,0.0,-0.8503423696295253,-0.8503495460653341,0.0,3.051795105678903e-05
0.19000000000000014,p2_m2,0.0,-0.9459748120409106,-0.9486859774479017,0.0,3.051795105678903e-05
0.19000000000000014,p2_m3,0.0,0.3792927682979629,0.3792935119398088,0.0,3.051795105678903e-05
0.19000000000000014,p3_m0,0.0,-0.23063804817304978,-0.23047713320067503,0.0,3.051795105678903e-05
0.19000000000000014,p3_m1,0.0,-2.309164567685021,-2.309160909387463,0.0,3.051795105678903e-05
0.19000000000000014,p3_m2,0.0,-0.49193894177533093,-0.49193485905475787,0.0,3.051795105678903e-05
0.19000000000000014,p3_m3,0.0,0.6388390902712713,0.6330559677780108,0.0,3.051795105678903e-05
0.20000000000000015,p0_m0,8.0,7.979922655167626,7.979942199854201,6.025655419548137e-05,1.802713250093758e-05
0.20000000000000015,p0_m1,8.0,3.0648784393926434,3.078362841177826,0.014856436823904515,1.802713250093758e-05
0.20000000000000015,p0_m2,0.0,-1.2211283343162163,-1.2211191673514314,0.0,1.802713250093758e-05
0.20000000000000015,p0_m3,0.0,-0.05530691706952382,-0.057332647453594586,0.0,1.802713250093758e-05
0.20000000000000015,p1_m0,0.0,-1.0888545196062767,-1.0888258056615578,0.0,1.802713250093758e-05
0.20000000000000015,p1_m1,0.0,-1.0557532611211573,-1.063164961956066,0.0,1.802713250093758e-05
0.20000000000000015,p1_m2,-4.0,-0.1648095087463878,-0.14711561395203682,-0.011465275242067339,1.802713250093758e-05
0.20000000000000015,p1_m3,0.0,-1.6443416462750593,-1.6444051930006733,0.0,1.802713250093758e-05
0.20000000000000015,p2_m0,0.0,0.4302094588881289,0.43579118630333513,0.0,1.802713250093758e-05
0.20000000000000015,p2_m1,0.0,-0.838841515432218,-0.8388130824576985,0.0,1.802713250093758e-05
0.20000000000000015,p2_m2,0.0,-0.9193735363257579,-0.9195776117176825,0.0,1.802713250093758e-05
0.20000000000000015,p2_m3,0.0,0.3686700055902121,0.36867981288039253,0.0,1.802713250093758e-05
0.20000000000000015,p3_m0,0.0,-0.6812191698536232,-0.6880521265533914,0.0,1.802713250093758e-05
0.20000000000000015,p3_m1,0.0,-2.2612210698365622,-2.2612233402170396,0.0,1.802713250093758e-05
0.20000000000000015,p3_m2,0.0,-0.7243669282393074,-0.7386918305820872,0.0,1.802713250093758e-05
0.20000000000000015,p3_m3,0.0,0.9996875266329095,1.0026015953718126,0.0,1.802713250093758e-05
0.21000000000000016,p0_m0,8.0,7.980359415407736,7.98042569503376,5.8880724272417416e-05,9.311450347708057e-06
0.21000000000000016,p0_m1,8.0,3.108978982421789,3.103579564915474,0.014643056539368947,9.311450347708057e-06
0.21000000000000016,p0_m2,0.0,-1.1943969003561956,-1.1943520182795917,0.0,9.311450347708057e-06
0.21000000000000016,p0_m3,0.0,-0.055495393550061785,-0.05566760719203125,0.0,9.311450347708057e-06
0.21000000000000016,p1_m0,0.0,-1.0685640723302126,-1.06846962784007,0.0,9.311450347708057e-06
0.21000000000000016,p1_m1,0.0,-1.2761807735063364,-1.2759787180000086,0.0,9.311450347708057e-06
0.21000000000000016,p1_m2,-4.0,0.13938664722681415,0.19310946318802114,-0.012295690535656009,9.311450347708057e-06
0.21000000000000016,p1_m3,0.0,-1.60617195829385,-1.606275991547337,0.0,9.311450347708057e-06
0.21000000000000016,p2_m0,0.0,0.7286427191349744,0.7242525754791409,0.0,9.311450347708057e-06
0.21000000000000016,p2_m1,0.0,-0.823163030562318,-0.8230524659051335,0.0,9.311450347708057e-06
0.21000000000000016,p2_m2,0.0,-0.8974642843527103,-0.8975906508998966,0.0,9.311450347708057e-06
0.21000000000000016,p2_m3,0.0,0.3607160638718696,0.3607697645726419,0.0,9.311450347708057e-06
0.21000000000000016,p3_m0,0.0,-0.9240734221073889,-0.9118096678391147,0.0,9.311450347708057e-06
0.21000000000000016,p3_m1,0.0,-2.2126428464258696,-2.2126087720112313,0.0,9.311450347708057e-06
0.21000000000000016,p3_m2,0.0,-1.0122073177136643,-1.0003376263885588,0.0,9.311450347708057e-06
0.21000000000000016,p3_m3,0.0,1.337523101295518,1.3346493422706553,0.0,9.311450347708057e-06
0.22000000000000017,p0_m0,8.0,4.21859581151956,3.7326090694670184,0.010382939000732857,4.6345849615855535e-06
0.22000000000000017,p0_m1,8.0,8.002023298925126,8.323546565158141,-2.6349467298315333e-05,4.6345849615855535e-06
0.22000000000000017,p0_m2,0.0,-0.45776602535521943,-0.45958183637797934,0.0,4.6345849615855535e-06
0.22000000000000017,p0_m3,0.0,-0.08027970015672241,-0.08846922156260358,0.0,4.6345849615855535e-06
0.22000000000000017,p1_m0,0.0,-0.43053528431662436,-0.4490786507405194,0.0,4.6345849615855535e-06
0.22000000000000017,p1_m1,0.0,-0.488277876466313,-0.49264835171698285,0.0,4.6345849615855535e-06
0.22000000000000017,p1_m2,-4.0,-0.428391141846976,-0.49721727224052303,-0.010873046585771718,4.6345849615855535e-06
0.22000000000000017,p1_m3,0.0,-0.6598269942479502,-0.6660118120495611,0.0,4.6345849615855535e-06
0.22000000000000017,p2_m0,0.0,0.17365906800915532,0.17588485911637758,0.0,4.6345849615855535e-06
0.22000000000000017,p2_m1,0.0,-0.24173706009303617,-0.2491815783776899,0.0,4.6345849615855535e-06
0.22000000000000017,p2_m2,0.0,-0.4344531217277817,-0.43839829151776705,0.0,4.6345849615855535e-06
0.22000000000000017,p2_m3,0.0,0.3011096563358546,0.304550131982536,0.0,4.6345849615855535e-06
0.22000000000000017,p3_m0,0.0,-0.31999880383605894,-0.3192466424140878,0.0,4.6345849615855535e-06
0.22000000000000017,p3_m1,0.0,-0.7599167778162143,-0.7865209637658843,0.0,4.6345849615855535e-06
0.22000000000000017,p3_m2,0.0,-0.9337475164416117,-0.9340962098298374,0.0,4.6345849615855535e-06
0.22000000000000017,p3_m3,0.0,0.47117630365062163,0.4726209552239035,0.0,4.6345849615855535e-06
0.23000000000000018,p0_m0,8.0,2.508626003544998,2.408921629697992,0.015,3.5206672256014053e-06
0.23000000000000018,p0_m1,8.0,7.981498594951107,7.999061516964829,5.427133762125891e-05,3.5206672256014053e-06
0.23000000000000018,p0_m2,0.0,0.06632387636741996,0.054920010389665375,0.0,3.5206672256014053e-06
0.23000000000000018,p0_m3,0.0,-0.3460577759653846,-0.34601692625755814,0.0,3.5206672256014053e-06
0.23000000000000018,p1_m0,0.0,-0.38885345931437926,-0.39315618626282045,0.0,3.5206672256014053e-06
0.23000000000000018,p1_m1,0.0,-0.005064471763130117,-0.015444131096965493,0.0,3.5206672256014053e-06
0.23000000000000018,p1_m2,-4.0,-0.8923400264485093,-0.9514981869836707,-0.009430085062358746,3.5206672256014053e-06
0.23000000000000018,p1_m3,0.0,-0.010261801201383905,-0.020655528856696786,0.0,3.5206672256014053e-06
0.23000000000000018,p2_m0,0.0,-0.16115328053339156,-0.15423671990725676,0.0,3.5206672256014053e-06
0.23000000000000018,p2_m1,0.0,0.009630872599926737,0.00240463574880649,0.0,3.5206672256014053e-06
0.23000000000000018,p2_m2,0.0,-0.14787364983975543,-0.15292522979755802,0.0,3.5206672256014053e-06
0.23000000000000018,p2_m3,0.0,0.29016969249840663,0.29039879175622546,0.0,3.5206672256014053e-06
0.23000000000000018,p3_m0,0.0,0.10679662320807651,0.09824978035940965,0.0,3.5206672256014053e-06
0.23000000000000018,p3_m1,0.0,-0.34056442281410193,-0.35425477228513036,0.0,3.5206672256014053e-06
0.23000000000000018,p3_m2,0.0,-0.9105007709005666,-0.9105756639927487,0.0,3.5206672256014053e-06
0.23000000000000018,p3_m3,0.0,-0.18410519735762254,-0.17443023654498255,0.0,3.5206672256014053e-06
0.24000000000000019,p0_m0,8.0,2.1131946563529103,2.1136274127774617,0.015,3.4104950488159757e-06
0.24000000000000019,p0_m1,8.0,7.98020768282883,7.981223452789085,5.926663074604477e-05,3.4104950488159757e-06
0.24000000000000019,p0_m2,0.0,0.26433006971791007,0.2595471229374988,0.0,3.4104950488159757e-06
0.24000000000000019,p0_m3,0.0,-0.5211337097978856,-0.5181016532552695,0.0,3.4104950488159757e-06
0.24000000000000019,p1_m0,0.0,-0.3851989511345342,-0.38541485768159633,0.0,3.4104950488159757e-06
0.24000000000000019,p1_m1,0.0,0.184441607669662,0.1797947574862005,0.0,3.4104950488159757e-06
0.24000000000000019,p1_m2,-4.0,-1.108919520558191,-1.1350101477758836,-0.00871274969369462,3.4104950488159757e-06
0.24000000000000019,p1_m3,0.0,0.2784948591373164,0.271814332624131,0.0,3.4104950488159757e-06
0.24000000000000019,p2_m0,0.0,-0.3024773916753565,-0.29908039078582654,0.0,3.4104950488159757e-06
0.24000000000000019,p2_m1,0.0,0.0846808778203764,0.08212881243434593,0.0,3.4104950488159757e-06
0.24000000000000019,p2_m2,0.0,-0.015125397261952729,-0.01809676622345099,0.0,3.4104950488159757e-06
0.24000000000000019,p2_m3,0.0,0.2798248393165694,0.2798465770362228,0.0,3.4104950488159757e-06
0.24000000000000019,p3_m0,0.0,0.28048091928343855,0.276310764440567,0.0,3.4104950488159757e-06
0.24000000000000019,p3_m1,0.0,-0.24347511666547492,-0.24746518922618727,0.0,3.4104950488159757e-06
0.24000000000000019,p3_m2,0.0,-0.8898783578409973,-0.8899105886245432,0.0,3.4104950488159757e-06
0.24000000000000019,p3_m3,0.0,-0.48881375131137245,-0.4821161551469982,0.0,3.4104950488159757e-06
0.25000000000000017,p0_m0,8.0,1.947724024939031,1.9455327500374404,0.015,2.672917236399542e-06
0.25000000000000017,p0_m1,8.0,7.979975457444788,7.979995725846865,6.0070091123951564e-05,2.672917236399542e-06
0.25000000000000017,p0_m2,0.0,0.34245155472444183,0.3394794137606708,0.0,2.672917236399542e-06
0.25000000000000017,p0_m3,0.0,-0.541450489952288,-0.5331461310540518,0.0,2.672917236399542e-06
0.25000000000000017,p1_m0,0.0,-0.37904315708294495,-0.37902751439443555,0.0,2.672917236399542e-06
0.25000000000000017,p1_m1,0.0,0.2620513451221127,0.25991895747312826,0.0,2.672917236399542e-06
0.25000000000000017,p1_m2,-4.0,-1.1617934017811826,-1.1655494728271234,-0.008509686819340832,2.672917236399542e-06
0.25000000000000017,p1_m3,0.0,0.35752728195699096,0.35122485505036416,0.0,2.672917236399542e-06
0.25000000000000017,p2_m0,0.0,-0.34887281848653223,-0.3459909497554512,0.0,2.672917236399542e-06
0.25000000000000017,p2_m1,0.0,0.09109475359414909,0.08862055939445178,0.0,2.672917236399542e-06
0.25000000000000017,p2_m2,0.0,0.03947896175055583,0.0380580275795041,0.0,2.672917236399542e-06
0.25000000000000017,p2_m3,0.0,0.2705356250533314,0.2705784350458844,0.0,2.672917236399542e-06
0.25000000000000017,p3_m0,0.0,0.3268444799389584,0.3236471564593393,0.0,2.672917236399542e-06
0.25000000000000017,p3_m1,0.0,-0.17800893608425075,-0.17484390216261383,0.0,2.672917236399542e-06
0.25000000000000017,p3_m2,0.0,-0.6017927582761011,-0.5789978905998785,0.0,2.672917236399542e-06
0.25000000000000017,p3_m3,0.0,-0.5377558765534098,-0.5269373323131429,0.0,2.672917236399542e-06
0.2600000000000002,p0_m0,8.0,1.7648663701925322,1.7647613398913353,0.015,4.5317962283534897e-07
0.2600000000000002,p0_m1,8.0,7.9799995658019,7.980010415434361,6.000927005861012e-05,4.5317962283534897e-07
0.2600000000000002,p0_m2,0.0,0.35957284956801927,0.35966344455174015,0.0,4.5317962283534897e-07
0.2600000000000002,p0_m3,0.0,-0.4648430339100436,-0.4661721824010405,0.0,4.5317962283534897e-07
0.2600000000000002,p1_m0,0.0,-0.385801792880876,-0.38929391116375106,0.0,4.5317962283534897e-07
0.2600000000000002,p1_m1,0.0,0.2913120579318796,0.2912196754405423,0.0,4.5317962283534897e-07
0.2600000000000002,p1_m2,-4.0,-1.1364555088868635,-1.1324337874952286,-0.008577546383599035,4.5317962283534897e-07
0.2600000000000002,p1_m3,0.0,0.3402370849252611,0.33993119649675807,0.0,4.5317962283534897e-07
0.2600000000000002,p2_m0,0.0,-0.3473349613453238,-0.34815244738514967,0.0,4.5317962283534897e-07
0.2600000000000002,p2_m1,0.0,0.07225247461637975,0.07313109255602297,0.0,4.5317962283534897e-07
0.2600000000000002,p2_m2,0.0,0.05617368616740493,0.05471979358740939,0.0,4.5317962283534897e-07
0.2600000000000002,p2_m3,0.0,0.2624348861052609,0.262431780517377,0.0,4.5317962283534897e-07
0.2600000000000002,p3_m0,0.0,0.3191210295053755,0.31892975391425504,0.0,4.5317962283534897e-07
0.2600000000000002,p3_m1,0.0,-0.10208794323462624,-0.10369711812232808,0.0,4.5317962283534897e-07
0.2600000000000002,p3_m2,0.0,-0.20853974837904343,-0.217018314261675,0.0,4.5317962283534897e-07
0.2600000000000002,p3_m3,0.0,-0.45561795522091186,-0.4577145745306438,0.0,4.5317962283534897e-07
0.2700000000000002,p0_m0,8.0,8.009223708485214,8.452210922984785,-4.7204711180853564e-05,8.01533399422124e-07
0.2700000000000002,p0_m1,8.0,4.760617496003062,4.2925694431059815,0.008665009171119393,8.01533399422124e-07
0.2700000000000002,p0_m2,0.0,0.16305768247535957,0.15118496772345605,0.0,8.01533399422124e-07
0.2700000000000002,p0_m3,0.0,-0.21399957097499206,-0.2075198664043719,0.0,8.01533399422124e-07
0.2700000000000002,p1_m0,0.0,-0.18343031436277843,-0.17457094110540197,0.0,8.01533399422124e-07
0.2700000000000002,p1_m1,0.0,0.1511347579177544,0.14051660986327746,0.0,8.01533399422124e-07
0.2700000000000002,p1_m2,-4.0,-3.9980160902917725,-4.59030469250344,-0.0002915245060632499,8.01533399422124e-07
0.2700000000000002,p1_m3,0.0,0.17266962718913179,0.16679777558111192,0.0,8.01533399422124e-07
0.2700000000000002,p2_m0,0.0,-0.19315427585386316,-0.1828752256567436,0.0,8.01533399422124e-07
0.2700000000000002,p2_m1,0.0,0.07102528713573404,0.07108937391469065,0.0,8.01533399422124e-07
0.2700000000000002,p2_m2,0.0,0.02884197313244998,0.03182095597759847,0.0,8.01533399422124e-07
0.2700000000000002,p2_m3,0.0,0.16938628316567797,0.16150876401768163,0.0,8.01533399422124e-07
0.2700000000000002,p3_m0,0.0,0.312224288335431,0.3122156314989162,0.0,8.01533399422124e-07
0.2700000000000002,p3_m1,0.0,-0.019073084780346115,-0.014213840264292269,0.0,8.01533399422124e-07
0.2700000000000002,p3_m2,0.0,-0.10460245311605386,-0.11349549580457136,0.0,8.01533399422124e-07
0.2700000000000002,p3_m3,0.0,-0.20457768513833846,-0.1931992120389241,0.0,8.01533399422124e-07
0.2800000000000002,p0_m0,8.0,7.9817013325701724,8.005755955745373,5.326909662340374e-05,3.4089024730010843e-06
0.2800000000000002,p0_m1,8.0,2.921983975633471,2.720539205145585,0.014976017846158705,3.4089024730010843e-06
0.2800000000000002,p0_m2,0.0,-0.19731934591708283,-0.19520687119439872,0.0,3.4089024730010843e-06
0.2800000000000002,p0_m3,0.0,0.13153314804348967,0.1297415093481237,0.0,3.4089024730010843e-06
0.2800000000000002,p1_m0,0.0,0.10655897054048319,0.10279290449981307,0.0,3.4089024730010843e-06
0.2800000000000002,p1_m1,0.0,-0.09894292857736993,-0.0961519335398406,0.0,3.4089024730010843e-06
0.2800000000000002,p1_m2,-4.0,-3.9921912945015934,-4.025217234027521,-2.1246485268761274e-05,3.4089024730010843e-06
0.2800000000000002,p1_m3,0.0,-0.011864172706438832,-0.008535371371796642,0.0,3.4089024730010843e-06
0.2800000000000002,p2_m0,0.0,0.0937109714109159,0.09167086117600597,0.0,3.4089024730010843e-06
0.2800000000000002,p2_m1,0.0,0.06966026061939758,0.06965565136706908,0.0,3.4089024730010843e-06
0.2800000000000002,p2_m2,0.0,0.09296784919942636,0.09435586594665998,0.0,3.4089024730010843e-06
0.2800000000000002,p2_m3,0.0,0.0018340105303740583,0.003927113866916524,0.0,3.4089024730010843e-06
0.2800000000000002,p3_m0,0.0,0.30539301950980086,0.30538930856702046,0.0,3.4089024730010843e-06
0.2800000000000002,p3_m1,0.0,0.16046859090142562,0.15998647401233396,0.0,3.4089024730010843e-06
0.2800000000000002,p3_m2,0.0,-0.20396889654249833,-0.2075396312047522,0.0,3.4089024730010843e-06
0.2800000000000002,p3_m3,0.0,0.21722318073076843,0.2150925801014824,0.0,3.4089024730010843e-06
0.2900000000000002,p0_m0,8.0,4.842273621701163,4.328964808022175,0.008260763543411346,5.937370457113923e-06
0.2900000000000002,p0_m1,8.0,2.345423616353283,2.3410321796772866,0.015,5.937370457113923e-06
0.2900000000000002,p0_m2,0.0,-0.2892788401292486,-0.2799139050215864,0.0,5.937370457113923e-06
0.2900000000000002,p0_m3,0.0,0.22372816395371814,0.21287576486112866,0.0,5.937370457113923e-06
0.2900000000000002,p1_m0,0.0,0.15396620506718073,0.14539219508925463,0.0,5.937370457113923e-06
0.2900000000000002,p1_m1,0.0,-0.13307724662227383,-0.1263554313859136,0.0,5.937370457113923e-06
0.2900000000000002,p1_m2,-4.0,-1.8637591696152824,-1.6353009827215328,-0.005987498751447744,5.937370457113923e-06
0.2900000000000002,p1_m3,0.0,-0.019717299690364606,-0.012547684477131804,0.0,5.937370457113923e-06
0.2900000000000002,p2_m0,0.0,0.17176394681016816,0.1649379982974884,0.0,5.937370457113923e-06
0.2900000000000002,p2_m1,0.0,0.056779349378240855,0.04880767137966832,0.0,5.937370457113923e-06
0.2900000000000002,p2_m2,0.0,0.1356039575849611,0.13617049789039284,0.0,5.937370457113923e-06
0.2900000000000002,p2_m3,0.0,-0.02866275218534164,-0.026638363817831776,0.0,5.937370457113923e-06
0.2900000000000002,p3_m0,0.0,0.24741682604414722,0.23076168938063563,0.0,5.937370457113923e-06
0.2900000000000002,p3_m1,0.0,0.2293947808176932,0.22776346580935206,0.0,5.937370457113923e-06
0.2900000000000002,p3_m2,0.0,-0.2660013673161103,-0.2646319973487012,0.0,5.937370457113923e-06
0.2900000000000002,p3_m3,0.0,0.34850615549485287,0.3383189004605962,0.0,5.937370457113923e-06
0.3000000000000002,p0_m0,8.0,7.82063258805273,8.969470963885584,0.002514350456519578,6.181094739386947e-06
0.3000000000000002,p0_m1,8.0,7.760038422981624,9.045907082308739,0.004244191105143245,6.181094739386947e-06
0.3000000000000002,p0_m2,0.0,-0.232631796565889,-0.22362176475924114,0.0,6.181094739386947e-06
0.3000000000000002,p0_m3,0.0,0.12040023825938469,0.1205053875192764,0.0,6.181094739386947e-06
0.3000000000000002,p1_m0,0.0,0.10721730457566907,0.10553229013822771,0.0,6.181094739386947e-06
0.3000000000000002,p1_m1,0.0,-0.08253624300131109,-0.08530805021992965,0.0,6.181094739386947e-06
0.3000000000000002,p1_m2,-4.0,-3.9087785034224076,-4.560775527523579,-0.0013254507063724535,6.181094739386947e-06
0.3000000000000002,p1_m3,0.0,0.043680262957047286,0.03509328411104698,0.0,6.181094739386947e-06
0.3000000000000002,p2_m0,0.0,0.1572297936227473,0.14548390786338877,0.0,6.181094739386947e-06
0.3000000000000002,p2_m1,0.0,0.02582476259272267,0.02684601699368411,0.0,6.181094739386947e-06
0.3000000000000002,p2_m2,0.0,0.20804547390010703,0.1883309410991386,0.0,6.181094739386947e-06
0.3000000000000002,p2_m3,0.0,-0.020056109393462692,-0.016769063045132,0.0,6.181094739386947e-06
0.3000000000000002,p3_m0,0.0,0.1811904669508833,0.18351694145532002,0.0,6.181094739386947e-06
0.3000000000000002,p3_m1,0.0,0.20423846283003366,0.1930945179255135,0.0,6.181094739386947e-06
0.3000000000000002,p3_m2,0.0,-0.2664221060526225,-0.2501902371396701,0.0,6.181094739386947e-06
0.3000000000000002,p3_m3,0.0,0.30727505660200005,0.2890666334030991,0.0,6.181094739386947e-06
0.3100000000000002,p0_m0,8.0,7.984537792257105,8.049879006859678,4.155677268705294e-05,1.0783175135425371e-06
0.3100000000000002,p0_m1,8.0,6.310400626194945,5.976975476342665,0.0033125557948887902,1.0783175135425371e-06
0.3100000000000002,p0_m2,0.0,-0.11827677961221407,-0.12477131633923315,0.0,1.0783175135425371e-06
0.3100000000000002,p0_m3,0.0,0.06974375488339671,0.07356851832479902,0.0,1.0783175135425371e-06
0.3100000000000002,p1_m0,0.0,0.07543641018478045,0.07844414072108562,0.0,1.0783175135425371e-06
0.3100000000000002,p1_m1,0.0,-0.07998755716612714,-0.0808510495808904,0.0,1.0783175135425371e-06
0.3100000000000002,p1_m2,-4.0,-3.9924892811238037,-4.03022423854371,-2.003490138881281e-05,1.0783175135425371e-06
0.3100000000000002,p1_m3,0.0,-0.015436995013458521,-0.01496016440846724,0.0,1.0783175135425371e-06
0.3100000000000002,p2_m0,0.0,0.04668220558884447,0.0532659895726886,0.0,1.0783175135425371e-06
0.3100000000000002,p2_m1,0.0,0.026330639876803483,0.026357796267262392,0.0,1.0783175135425371e-06
0.3100000000000002,p2_m2,0.0,0.05434572799371919,0.059662360487743475,0.0,1.0783175135425371e-06
0.3100000000000002,p2_m3,0.0,0.009405592964683983,0.006080244316359738,0.0,1.0783175135425371e-06
0.3100000000000002,p3_m0,0.0,0.17835664551027194,0.17846843927306472,0.0,1.0783175135425371e-06
0.3100000000000002,p3_m1,0.0,0.07983607222790826,0.08578377217719596,0.0,1.0783175135425371e-06
0.3100000000000002,p3_m2,0.0,-0.1015312374886505,-0.10835725735045411,0.0,1.0783175135425371e-06
0.3100000000000002,p3_m3,0.0,0.11900702877090344,0.1288950856232318,0.0,1.0783175135425371e-06
0.32000000000000023,p0_m0,8.0,3.8543751535700657,3.381822020655158,0.011563538964049323,2.0799279455566152e-06
0.32000000000000023,p0_m1,8.0,3.3282767515929033,3.011471791334729,0.013546238250293987,2.0799279455566152e-06
0.32000000000000023,p0_m2,0.0,-0.12321631080809668,-0.1247291400502159,0.0,2.0799279455566152e-06
0.32000000000000023,p0_m3,0.0,0.06474965178032271,0.06306435690588102,0.0,2.0799279455566152e-06
0.32000000000000023,p1_m0,0.0,0.04635550155625533,0.04426459766846681,0.0,2.0799279455566152e-06
0.32000000000000023,p1_m1,0.0,-0.04773451715642585,-0.047264834750218934,0.0,2.0799279455566152e-06
0.32000000000000023,p1_m2,-4.0,-1.9309820118308008,-1.709187711433767,-0.005793790677505455,2.0799279455566152e-06
0.32000000000000023,p1_m3,0.0,0.029183388666523157,0.03383709385554283,0.0,2.0799279455566152e-06
0.32000000000000023,p2_m0,0.0,0.06478645708377573,0.0659188551576141,0.0,2.0799279455566152e-06
0.32000000000000023,p2_m1,0.0,-0.045148061296693534,-0.04365989328456386,0.0,2.0799279455566152e-06
0.32000000000000023,p2_m2,0.0,0.08781010607040347,0.09297218030430641,0.0,2.0799279455566152e-06
0.32000000000000023,p2_m3,0.0,0.005358934838982181,0.004966017849449495,0.0,2.0799279455566152e-06
0.32000000000000023,p3_m0,0.0,0.0672702888374778,0.07325459299731331,0.0,2.0799279455566152e-06
0.32000000000000023,p3_m1,0.0,0.12667688544690167,0.1315266504090697,0.0,2.0799279455566152e-06
0.32000000000000023,p3_m2,0.0,-0.13927951032057778,-0.14445084998915378,0.0,2.0799279455566152e-06
0.32000000000000023,p3_m3,0.0,0.15143179324726588,0.1542991270852647,0.0,2.0799279455566152e-06
0.33000000000000024,p0_m0,8.0,7.983400926548942,8.950976321563852,0.0006102771842947404,4.770521189391576e-06
0.33000000000000024,p0_m1,8.0,6.888476495032782,8.305492359312863,0.015,4.770521189391576e-06
0.33000000000000024,p0_m2,0.0,-0.21419204308647066,-0.20652233755860674,0.0,4.770521189391576e-06
0.33000000000000024,p0_m3,0.0,0.10522096261367282,0.10577486492459999,0.0,4.770521189391576e-06
0.33000000000000024,p1_m0,0.0,0.07503955163649953,0.07625543847606936,0.0,4.770521189391576e-06
0.33000000000000024,p1_m1,0.0,-0.07325423495090436,-0.0699104025308324,0.0,4.770521189391576e-06
0.33000000000000024,p1_m2,-4.0,-3.9942551044191554,-4.469194558816305,-0.00026130453731310245,4.770521189391576e-06
0.33000000000000024,p1_m3,0.0,0.0460095085000723,0.038644539072382834,0.0,4.770521189391576e-06
0.33000000000000024,p2_m0,0.0,0.16760915920580194,0.15491545804062942,0.0,4.770521189391576e-06
0.33000000000000024,p2_m1,0.0,-0.055502536667928724,-0.0535835532267101,0.0,4.770521189391576e-06
0.33000000000000024,p2_m2,0.0,0.2204465094702858,0.19989169886867722,0.0,4.770521189391576e-06
0.33000000000000024,p2_m3,0.0,-0.013917210321947437,-0.012589826511749114,0.0,4.770521189391576e-06
0.33000000000000024,p3_m0,0.0,0.06603772293976995,0.06680860001218618,0.0,4.770521189391576e-06
0.33000000000000024,p3_m1,0.0,0.16173663184265188,0.1556161267562173,0.0,4.770521189391576e-06
0.33000000000000024,p3_m2,0.0,-0.21603994679673585,-0.20557985691942318,0.0,4.770521189391576e-06
0.33000000000000024,p3_m3,0.0,0.3009472840227606,0.28259463240650246,0.0,4.770521189391576e-06
0.34000000000000025,p0_m0,8.0,7.983656437294504,8.03657888540356,4.5242926153597375e-05,1.1302319813222942e-06
0.34000000000000025,p0_m1,8.0,6.346791451399292,6.0314371058099105,0.0033057042006023264,1.1302319813222942e-06
0.34000000000000025,p0_m2,0.0,-0.11304273107656373,-0.1181939732072269,0.0,1.1302319813222942e-06
0.34000000000000025,p0_m3,0.0,0.06593641143258959,0.06836177265740678,0.0,1.1302319813222942e-06
0.34000000000000025,p1_m0,0.0,0.06461350288467008,0.06666432974443957,0.0,1.1302319813222942e-06
0.34000000000000025,p1_m1,0.0,-0.07215181776566641,-0.07274662249750477,0.0,1.1302319813222942e-06
0.34000000000000025,p1_m2,-4.0,-3.9917402489727465,-4.01844805313647,-2.30828781984429e-05,1.1302319813222942e-06
0.34000000000000025,p1_m3,0.0,-0.013399319250199148,-0.012595695462432263,0.0,1.1302319813222942e-06
0.34000000000000025,p2_m0,0.0,0.05109939171479065,0.05701549012468333,0.0,1.1302319813222942e-06
0.34000000000000025,p2_m1,0.0,-0.052990522917722646,-0.05290679230379137,0.0,1.1302319813222942e-06
0.34000000000000025,p2_m2,0.0,0.05918990551096847,0.06437719711885077,0.0,1.1302319813222942e-06
0.34000000000000025,p2_m3,0.0,0.00914269042382828,0.006284856396485239,0.0,1.1302319813222942e-06
0.34000000000000025,p3_m0,0.0,0.06549372271854556,0.06550683524368532,0.0,1.1302319813222942e-06
0.34000000000000025,p3_m1,0.0,0.06803305488255289,0.07276799297797053,0.0,1.1302319813222942e-06
0.34000000000000025,p3_m2,0.0,-0.08707653106987572,-0.09258086613015651,0.0,1.1302319813222942e-06
0.34000000000000025,p3_m3,0.0,0.11747414708789204,0.12601109158626259,0.0,1.1302319813222942e-06
0.35000000000000026,p0_m0,8.0,4.465670758372547,3.9537185572609115,0.009500893817297655,2.2336495108076738e-06
0.35000000000000026,p0_m1,8.0,3.339004256238822,3.0189751915649423,0.013500306120279333,2.2336495108076738e-06
0.35000000000000026,p0_m2,0.0,-0.14194248516256316,-0.14216817214321917,0.0,2.2336495108076738e-06
0.35000000000000026,p0_m3,0.0,0.08658379635950592,0.08493690695443387,0.0,2.2336495108076738e-06
0.35000000000000026,p1_m0,0.0,0.0670453041161273,0.06404569186097453,0.0,2.2336495108076738e-06
0.35000000000000026,p1_m1,0.0,-0.06383703724047833,-0.06257281895162223,0.0,2.2336495108076738e-06
0.35000000000000026,p1_m2,-4.0,-2.221128902254114,-1.9826001849962256,-0.004805883011307688,2.2336495108076738e-06
0.35000000000000026,p1_m3,0.0,0.006235694228702812,0.010420526760433337,0.0,2.2336495108076738e-06
0.35000000000000026,p2_m0,0.0,0.08230883668394123,0.08245572591310413,0.0,2.2336495108076738e-06
0.35000000000000026,p2_m1,0.0,-0.0810302659473732,-0.08166811799532571,0.0,2.2336495108076738e-06
0.35000000000000026,p2_m2,0.0,0.08311911244107478,0.08700603057629129,0.0,2.2336495108076738e-06
0.35000000000000026,p2_m3,0.0,-0.005178604778674836,-0.004974576834164054,0.0,2.2336495108076738e-06
0.35000000000000026,p3_m0,0.0,-0.014445911273109121,-0.010849839072038129,0.0,2.2336495108076738e-06
0.35000000000000026,p3_m1,0.0,0.12053390352798443,0.12409675035036571,0.0,2.2336495108076738e-06
0.35000000000000026,p3_m2,0.0,-0.12917585922233,-0.13261647679444202,0.0,2.2336495108076738e-06
0.35000000000000026,p3_m3,0.0,0.17083810301619118,0.17222520507720526,0.0,2.2336495108076738e-06
0.36000000000000026,p0_m0,8.0,6.863826099316795,8.197385974829414,0.015,4.84065405456516e-06
0.36000000000000026,p0_m1,8.0,2.664296859434426,2.6257271154530843,0.015,4.84065405456516e-06
0.36000000000000026,p0_m2,0.0,-0.2119863400970777,-0.22049662369551956,0.0,4.84065405456516e-06
0.36000000000000026,p0_m3,0.0,0.08382846359103742,0.09762532670842056,0.0,4.84065405456516e-06
0.36000000000000026,p1_m0,0.0,0.058611009823818214,0.06702953505596959,0.0,4.84065405456516e-06
0.36000000000000026,p1_m1,0.0,-0.0695756657409024,-0.07832643976775154,0.0,4.84065405456516e-06
0.36000000000000026,p1_m2,-4.0,-3.9129071155823163,-4.507407014448474,-0.0012487641802226674,4.84065405456516e-06
0.36000000000000026,p1_m3,0.0,0.07460398412582113,0.06509510477456713,0.0,4.84065405456516e-06
0.36000000000000026,p2_m0,0.0,0.17126361369077334,0.17327623980066612,0.0,4.84065405456516e-06
0.36000000000000026,p2_m1,0.0,-0.09269487301091985,-0.0977140805407054,0.0,4.84065405456516e-06
0.36000000000000026,p2_m2,0.0,0.24061195223002782,0.2305964777305864,0.0,4.84065405456516e-06
0.36000000000000026,p2_m3,0.0,-0.012133389959728,-0.016151944767474842,0.0,4.84065405456516e-06
0.36000000000000026,p3_m0,0.0,-0.014579993089642787,-0.013959058832016183,0.0,4.84065405456516e-06
0.36000000000000026,p3_m1,0.0,0.17819016887524777,0.18456611204688247,0.0,4.84065405456516e-06
0.36000000000000026,p3_m2,0.0,-0.2420081474862021,-0.24338747674125158,0.0,4.84065405456516e-06
0.36000000000000026,p3_m3,0.0,0.3022160308694945,0.30659755669865163,0.0,4.84065405456516e-06
0.3700000000000003,p0_m0,8.0,7.98671025297113,8.081867760774164,3.292061785281675e-05,2.155526945277218e-06
0.3700000000000003,p0_m1,8.0,6.8846503429635835,6.7312513170461825,0.0017163368856781274,2.155526945277218e-06
0.3700000000000003,p0_m2,0.0,-0.13115198004469117,-0.1336760023911247,0.0,2.155526945277218e-06
0.3700000000000003,p0_m3,0.0,0.07669568658283392,0.07717521119549893,0.0,2.155526945277218e-06
0.3700000000000003,p1_m0,0.0,0.06759910537203775,0.06824075497484264,0.0,2.155526945277218e-06
0.3700000000000003,p1_m1,0.0,-0.08446051194275923,-0.08294379174794075,0.0,2.155526945277218e-06
0.3700000000000003,p1_m2,-4.0,-3.9922434122886585,-4.026793700105424,-2.102767860045729e-05,2.155526945277218e-06
0.3700000000000003,p1_m3,0.0,-0.0057576359070349754,-0.004544618272544467,0.0,2.155526945277218e-06
0.3700000000000003,p2_m0,0.0,0.0667726721058677,0.07069954505480812,0.0,2.155526945277218e-06
0.3700000000000003,p2_m1,0.0,-0.09011837864289608,-0.08998681541906924,0.0,2.155526945277218e-06
0.3700000000000003,p2_m2,0.0,0.0761048243774394,0.07986372453590497,0.0,2.155526945277218e-06
0.3700000000000003,p2_m3,0.0,0.0044903942630688705,0.002412726971639533,0.0,2.155526945277218e-06
0.3700000000000003,p3_m0,0.0,-0.013336204883311475,-0.01332938723899444,0.0,2.155526945277218e-06
0.3700000000000003,p3_m1,0.0,0.08683510971144479,0.08977658449775841,0.0,2.155526945277218e-06
0.3700000000000003,p3_m2,0.0,-0.11048444790634115,-0.11405737542442927,0.0,2.155526945277218e-06
0.3700000000000003,p3_m3,0.0,0.14171852291267445,0.14704080035458564,0.0,2.155526945277218e-06
0.3800000000000003,p0_m0,8.0,4.836022801694263,4.322334769575948,0.008265341592187933,2.3183429287307516e-06
0.3800000000000003,p0_m1,8.0,3.515166049076633,3.1636267181621944,0.012890145891084899,2.3183429287307516e-06
0.3800000000000003,p0_m2,0.0,-0.14422765825261197,-0.14450758208951403,0.0,2.3183429287307516e-06
0.3800000000000003,p0_m3,0.0,0.09006253422793474,0.08883159384887554,0.0,2.3183429287307516e-06
0.3800000000000003,p1_m0,0.0,0.07193031739158633,0.06904672055531712,0.0,2.3183429287307516e-06
0.3800000000000003,p1_m1,0.0,-0.06951620126701762,-0.06821373382851201,0.0,2.3183429287307516e-06
0.3800000000000003,p1_m2,-4.0,-2.3982902466102916,-2.1610632808019457,-0.004215433427049633,2.3183429287307516e-06
0.3800000000000003,p1_m3,0.0,0.0005650530763773924,0.004376935898263088,0.0,2.3183429287307516e-06
0.3800000000000003,p2_m0,0.0,0.08497690111004012,0.08510697905619076,0.0,2.3183429287307516e-06
0.3800000000000003,p2_m1,0.0,-0.09320548911358593,-0.09598009238665853,0.0,2.3183429287307516e-06
0.3800000000000003,p2_m2,0.0,0.08015236742704712,0.08358633461443042,0.0,2.3183429287307516e-06
0.3800000000000003,p2_m3,0.0,-0.0075527369259988245,-0.006119692365405096,0.0,2.3183429287307516e-06
0.3800000000000003,p3_m0,0.0,-0.051665440841798756,-0.050415390199071784,0.0,2.3183429287307516e-06
0.3800000000000003,p3_m1,0.0,0.11596373948130466,0.11914177112373736,0.0,2.3183429287307516e-06
0.3800000000000003,p3_m2,0.0,-0.12663525855443752,-0.12989578250185904,0.0,2.3183429287307516e-06
0.3800000000000003,p3_m3,0.0,0.17130235167420918,0.17279007585314415,0.0,2.3183429287307516e-06
0.3900000000000003,p0_m0,8.0,2.800561783070184,2.6270536732201086,0.015,4.751354214232202e-06
0.3900000000000003,p0_m1,8.0,2.7270396759131743,2.678975410137562,0.015,4.751354214232202e-06
0.3900000000000003,p0_m2,0.0,-0.19716647697453554,-0.1998487783162744,0.0,4.751354214232202e-06
0.3900000000000003,p0_m3,0.0,0.06867579581682864,0.07053886068833673,0.0,4.751354214232202e-06
0.3900000000000003,p1_m0,0.0,0.04801517821599837,0.04858880086867599,0.0,4.751354214232202e-06
0.3900000000000003,p1_m1,0.0,-0.058739106743148264,-0.06427849503549922,0.0,4.751354214232202e-06
0.3900000000000003,p1_m2,-4.0,-3.58374012062905,-4.215315894336816,-0.007373061868941827,4.751354214232202e-06
0.3900000000000003,p1_m3,0.0,0.08304145034230717,0.08061323225132724,0.0,4.751354214232202e-06
0.3900000000000003,p2_m0,0.0,0.16183126067020773,0.16334348041451807,0.0,4.751354214232202e-06
0.3900000000000003,p2_m1,0.0,-0.10203827535449353,-0.105456545316088,0.0,4.751354214232202e-06
0.3900000000000003,p2_m2,0.0,0.2398336495614147,0.23775421773945624,0.0,4.751354214232202e-06
0.3900000000000003,p2_m3,0.0,-0.010136787068333817,-0.011479998560247007,0.0,4.751354214232202e-06
0.3900000000000003,p3_m0,0.0,-0.051198954375856205,-0.05083413353609387,0.0,4.751354214232202e-06
0.3900000000000003,p3_m1,0.0,0.16910236204386395,0.17746438466561146,0.0,4.751354214232202e-06
0.3900000000000003,p3_m2,0.0,-0.23523871658950857,-0.23671965115549842,0.0,4.751354214232202e-06
0.3900000000000003,p3_m3,0.0,0.2869833012126247,0.28707757588133387,0.0,4.751354214232202e-06
0.4000000000000003,p0_m0,8.0,7.988914407288287,8.116513634920684,2.4524586204760722e-05,2.5844595343929593e-06
0.4000000000000003,p0_m1,8.0,7.996529963006118,8.243111669073345,-5.79629377693891e-06,2.5844595343929593e-06
0.4000000000000003,p0_m2,0.0,-0.13782359767678543,-0.1364277236234926,0.0,2.5844595343929593e-06
0.4000000000000003,p0_m3,0.0,0.08047783830944855,0.07868155079138303,0.0,2.5844595343929593e-06
0.4000000000000003,p1_m0,0.0,0.06758576132360883,0.06636631534261835,0.0,2.5844595343929593e-06
0.4000000000000003,p1_m1,0.0,-0.0906621634676137,-0.08974485364886788,0.0,2.5844595343929593e-06
0.4000000000000003,p1_m2,-4.0,-3.9929278999274875,-4.038731766053354,-1.8123707798612278e-05,2.5844595343929593e-06
0.4000000000000003,p1_m3,0.0,-0.0018695167702981795,-0.0004999270671373518,0.0,2.5844595343929593e-06
0.4000000000000003,p2_m0,0.0,0.0709448330966108,0.07050351031426275,0.0,2.5844595343929593e-06
0.4000000000000003,p2_m1,0.0,-0.10762419612701482,-0.10736581837585132,0.0,2.5844595343929593e-06
0.4000000000000003,p2_m2,0.0,0.08427973272956367,0.08496480848282013,0.0,2.5844595343929593e-06
0.4000000000000003,p2_m3,0.0,0.004803050497339905,0.0051947037893820824,0.0,2.5844595343929593e-06
0.4000000000000003,p3_m0,0.0,-0.04911531522062679,-0.04910334196657399,0.0,2.5844595343929593e-06
0.4000000000000003,p3_m1,0.0,0.09280353333808883,0.09224003039134424,0.0,2.5844595343929593e-06
0.4000000000000003,p3_m2,0.0,-0.11813901151342997,-0.11795214544592045,0.0,2.5844595343929593e-06
0.4000000000000003,p3_m3,0.0,0.14974040517557038,0.14894149060169662,0.0,2.5844595343929593e-06
0.4100000000000003,p0_m0,8.0,5.246034921971843,4.748217769731311,0.0069061717963796255,1.5569914577765809e-06
0.4100000000000003,p0_m1,8.0,3.8968924870920936,3.4845261155203073,0.01157922350182813,1.5569914577765809e-06
0.4100000000000003,p0_m2,0.0,-0.1286380944863441,-0.12904989952794393,0.0,1.5569914577765809e-06
0.4100000000000003,p0_m3,0.0,0.08217653222225804,0.08105629732100597,0.0,1.5569914577765809e-06
0.4100000000000003,p1_m0,0.0,0.06829001513414387,0.06611393627678769,0.0,1.5569914577765809e-06
0.4100000000000003,p1_m1,0.0,-0.06792628733765278,-0.06643175147922563,0.0,1.5569914577765809e-06
0.4100000000000003,p1_m2,-4.0,-2.5937852317972756,-2.3689592588507917,-0.003493116618981537,1.5569914577765809e-06
0.4100000000000003,p1_m3,0.0,-0.00410462020365495,-0.0005883731960463571,0.0,1.5569914577765809e-06
0.4100000000000003,p2_m0,0.0,0.07245253098628457,0.07277574616643846,0.0,1.5569914577765809e-06
0.4100000000000003,p2_m1,0.0,-0.09210047918793922,-0.09395892908837745,0.0,1.5569914577765809e-06
0.4100000000000003,p2_m2,0.0,0.0676290185130427,0.07081901096947756,0.0,1.5569914577765809e-06
0.4100000000000003,p2_m3,0.0,-0.004697147446206909,-0.003266145935685048,0.0,1.5569914577765809e-06
0.4100000000000003,p3_m0,0.0,-0.06414584414927196,-0.06436273298264333,0.0,1.5569914577765809e-06
0.4100000000000003,p3_m1,0.0,0.09756143341687355,0.1004604758213636,0.0,1.5569914577765809e-06
0.4100000000000003,p3_m2,0.0,-0.11120589665385329,-0.1145444925225443,0.0,1.5569914577765809e-06
0.4100000000000003,p3_m3,0.0,0.1482004808587884,0.15003510356271377,0.0,1.5569914577765809e-06
0.4200000000000003,p0_m0,8.0,2.887789426378061,2.6588943520047748,0.015,4.205410586310322e-06
0.4200000000000003,p0_m1,8.0,2.8230629393921416,2.753798767393841,0.015,4.205410586310322e-06
0.4200000000000003,p0_m2,0.0,-0.17448556907278645,-0.17459830548050478,0.0,4.205410586310322e-06
0.4200000000000003,p0_m3,0.0,0.05859000073157191,0.058477510824005076,0.0,4.205410586310322e-06
0.4200000000000003,p1_m0,0.0,0.038677521364273555,0.039736964227844576,0.0,4.205410586310322e-06
0.4200000000000003,p1_m1,0.0,-0.04534179059001965,-0.04688292875443325,0.0,4.205410586310322e-06
0.4200000000000003,p1_m2,-4.0,-1.539768794148706,-1.4437456589762443,-0.007317674641169281,4.205410586310322e-06
0.4200000000000003,p1_m3,0.0,0.08320030144198319,0.07757014590376249,0.0,4.205410586310322e-06
0.4200000000000003,p2_m0,0.0,0.1396214136770782,0.14391878558496285,0.0,4.205410586310322e-06
0.4200000000000003,p2_m1,0.0,-0.09760370440630307,-0.09754364146019397,0.0,4.205410586310322e-06
0.4200000000000003,p2_m2,0.0,0.21722521651479756,0.22225085156247784,0.0,4.205410586310322e-06
0.4200000000000003,p2_m3,0.0,-0.003303866624900448,-0.0034041585831169714,0.0,4.205410586310322e-06
0.4200000000000003,p3_m0,0.0,-0.06433670766014714,-0.0642101398710037,0.0,4.205410586310322e-06
0.4200000000000003,p3_m1,0.0,0.1468825390736699,0.14462382678823524,0.0,4.205410586310322e-06
0.4200000000000003,p3_m2,0.0,-0.21408370691176595,-0.20665662699505732,0.0,4.205410586310322e-06
0.4200000000000003,p3_m3,0.0,0.25691503346277966,0.2607018939608094,0.0,4.205410586310322e-06
0.4300000000000003,p0_m0,8.0,7.991900937433305,8.164449102720239,1.3376642712823462e-05,2.347922295466701e-06
0.4300000000000003,p0_m1,8.0,7.454482606303641,7.593477926196275,-2.5646361744376734e-05,2.347922295466701e-06
0.4300000000000003,p0_m2,0.0,-0.1642195597261409,-0.15894498428088058,0.0,2.347922295466701e-06
0.4300000000000003,p0_m3,0.0,0.0943137238869238,0.09009171630703557,0.0,2.347922295466701e-06
0.4300000000000003,p1_m0,0.0,0.08178497437889794,0.07822816553538792,0.0,2.347922295466701e-06
0.4300000000000003,p1_m1,0.0,-0.07605617850367723,-0.07420357235088601,0.0,2.347922295466701e-06
0.4300000000000003,p1_m2,-4.0,-3.9955982963003485,-4.078474364296368,-7.3897769113862036e-06,2.347922295466701e-06
0.4300000000000003,p1_m3,0.0,-0.010832534781636111,-0.00771063759747896,0.0,2.347922295466701e-06
0.4300000000000003,p2_m0,0.0,0.09671862259108982,0.0938892516518517,0.0,2.347922295466701e-06
0.4300000000000003,p2_m1,0.0,-0.10117464814489119,-0.10103133133151446,0.0,2.347922295466701e-06
0.4300000000000003,p2_m2,0.0,0.10352608232663363,0.10305419766237849,0.0,2.347922295466701e-06
0.4300000000000003,p2_m3,0.0,-0.001059200850147069,-0.0006030940836874559,0.0,2.347922295466701e-06
0.4300000000000003,p3_m0,0.0,-0.0618821087276386,-0.06192892653305196,0.0,2.347922295466701e-06
0.4300000000000003,p3_m1,0.0,0.08420588347354359,0.08491784779077112,0.0,2.347922295466701e-06
0.4300000000000003,p3_m2,0.0,-0.11398252762487188,-0.11472368673145547,0.0,2.347922295466701e-06
0.4300000000000003,p3_m3,0.0,0.2009329232860848,0.1942941937617978,0.0,2.347922295466701e-06
0.44000000000000034,p0_m0,8.0,5.697354854471512,5.2368173360361,0.005466763156385606,1.6897865261135633e-06
0.44000000000000034,p0_m1,8.0,3.734086025183841,3.355729691054367,0.01214168303971057,1.6897865261135633e-06
0.44000000000000034,p0_m2,0.0,-0.15909108236888242,-0.1586360785437975,0.0,1.6897865261135633e-06
0.44000000000000034,p0_m3,0.0,0.10428835761035916,0.10306014021547215,0.0,1.6897865261135633e-06
0.44000000000000034,p1_m0,0.0,0.09033110221812261,0.08766474333830897,0.0,1.6897865261135633e-06
0.44000000000000034,p1_m1,0.0,-0.07599817116916552,-0.07361868258559662,0.0,1.6897865261135633e-06
0.44000000000000034,p1_m2,-4.0,-2.59311029754484,-2.3685435625596507,-0.0034941031178044183,1.6897865261135633e-06
0.44000000000000034,p1_m3,0.0,-0.015205760124654777,-0.011484419992805655,0.0,1.6897865261135633e-06
0.44000000000000034,p2_m0,0.0,0.09671289347378266,0.09645689941093714,0.0,1.6897865261135633e-06
0.44000000000000034,p2_m1,0.0,-0.09477916826046105,-0.09600493803793902,0.0,1.6897865261135633e-06
0.44000000000000034,p2_m2,0.0,0.07975093788665995,0.08264245055415952,0.0,1.6897865261135633e-06
0.44000000000000034,p2_m3,0.0,-0.013707865705190631,-0.011793755839943363,0.0,1.6897865261135633e-06
0.44000000000000034,p3_m0,0.0,-0.0829967865850475,-0.08308618454987769,0.0,1.6897865261135633e-06
0.44000000000000034,p3_m1,0.0,0.10851567269492021,0.11045536478402355,0.0,1.6897865261135633e-06
0.44000000000000034,p3_m2,0.0,-0.1198432397054226,-0.12224472162306782,0.0,1.6897865261135633e-06
0.44000000000000034,p3_m3,0.0,0.19130858050893224,0.19238201246524805,0.0,1.6897865261135633e-06
0.45000000000000034,p0_m0,8.0,2.9996093858682378,2.7270031048996315,0.014685819844753641,4.406802395166104e-06
0.45000000000000034,p0_m1,8.0,2.745421654434459,2.6956847214511575,0.015,4.406802395166104e-06
0.45000000000000034,p0_m2,0.0,-0.19415910914950812,-0.19448718097983558,0.0,4.406802395166104e-06
0.45000000000000034,p0_m3,0.0,0.08082224087051189,0.07971225836999267,0.0,4.406802395166104e-06
0.45000000000000034,p1_m0,0.0,0.056942107564774726,0.05817598228449039,0.0,4.406802395166104e-06
0.45000000000000034,p1_m1,0.0,-0.05162610735099844,-0.0524966184155321,0.0,4.406802395166104e-06
0.45000000000000034,p1_m2,-4.0,-1.5029296513687158,-1.4015927021371835,-0.007421598607324085,4.406802395166104e-06
0.45000000000000034,p1_m3,0.0,0.07759303068730504,0.07250556014654581,0.0,4.406802395166104e-06
0.45000000000000034,p2_m0,0.0,0.14774009593529458,0.15157791540060456,0.0,4.406802395166104e-06
0.45000000000000034,p2_m1,0.0,-0.10314937751303821,-0.10296254860951427,0.0,4.406802395166104e-06
0.45000000000000034,p2_m2,0.0,0.21144177171856585,0.21655353223835674,0.0,4.406802395166104e-06
0.45000000000000034,p2_m3,0.0,-0.010095683249227655,-0.010241561628882805,0.0,4.406802395166104e-06
0.45000000000000034,p3_m0,0.0,-0.08336953398341336,-0.08318237980589757,0.0,4.406802395166104e-06
0.45000000000000034,p3_m1,0.0,0.16074213716557748,0.15812263790861353,0.0,4.406802395166104e-06
0.45000000000000034,p3_m2,0.0,-0.23240203103726434,-0.22404087554604454,0.0,4.406802395166104e-06
0.45000000000000034,p3_m3,0.0,0.2773387471783889,0.28054127180895866,0.0,4.406802395166104e-06
0.46000000000000035,p0_m0,8.0,7.991479331278048,8.158690518070818,1.4859042709090887e-05,3.6849733365333535e-06
0.46000000000000035,p0_m1,8.0,8.008791697029302,8.449673086507957,-4.79859553861548e-05,3.6849733365333535e-06
0.46000000000000035,p0_m2,0.0,-0.16939555945488932,-0.16374765926696316,0.0,3.6849733365333535e-06
0.46000000000000035,p0_m3,0.0,0.10936134359481624,0.10414933972602015,0.0,3.6849733365333535e-06
0.46000000000000035,p1_m0,0.0,0.08635948547803637,0.08302122136456926,0.0,3.6849733365333535e-06
0.46000000000000035,p1_m1,0.0,-0.08741806850417219,-0.08608324233998567,0.0,3.6849733365333535e-06
0.46000000000000035,p1_m2,-4.0,-3.9978375388815355,-4.1134021834726235,1.355543139831994e-06,3.6849733365333535e-06
0.46000000000000035,p1_m3,0.0,-0.001846527689227075,-0.00039488328015590185,0.0,3.6849733365333535e-06
0.46000000000000035,p2_m0,0.0,0.09961009391552034,0.09532076365282136,0.0,3.6849733365333535e-06
0.46000000000000035,p2_m1,0.0,-0.10290750853807985,-0.102811791990316,0.0,3.6849733365333535e-06
0.46000000000000035,p2_m2,0.0,0.10895691300288712,0.10641077850034254,0.0,3.6849733365333535e-06
0.46000000000000035,p2_m3,0.0,-0.002683464965103774,-0.0010371163939415019,0.0,3.6849733365333535e-06
0.46000000000000035,p3_m0,0.0,-0.08865894298281914,-0.08843348713545969,0.0,3.6849733365333535e-06
0.46000000000000035,p3_m1,0.0,0.11339636822648354,0.10973820380925148,0.0,3.6849733365333535e-06
0.46000000000000035,p3_m2,0.0,-0.14622784637781291,-0.14232327897834862,0.0,3.6849733365333535e-06
0.46000000000000035,p3_m3,0.0,0.20106683090745353,0.19407403061621606,0.0,3.6849733365333535e-06
0.47000000000000036,p0_m0,8.0,6.173514851140766,5.79001987849917,0.00317391314910798,1.7280760997506997e-06
0.47000000000000036,p0_m1,8.0,4.169405595242092,3.7362002240250622,0.010661278893181992,1.7280760997506997e-06
0.47000000000000036,p0_m2,0.0,-0.1456001853052402,-0.14649546683855824,0.0,1.7280760997506997e-06
0.47000000000000036,p0_m3,0.0,0.0975744300540942,0.09789480104722623,0.0,1.7280760997506997e-06
0.47000000000000036,p1_m0,0.0,0.08587130207256086,0.08464887455189174,0.0,1.7280760997506997e-06
0.47000000000000036,p1_m1,0.0,-0.08054007511225611,-0.07878652721176391,0.0,1.7280760997506997e-06
0.47000000000000036,p1_m2,-4.0,-3.1846985503805754,-2.8899489534916967,-0.0014975366726327328,1.7280760997506997e-06
0.47000000000000036,p1_m3,0.0,-0.018160060229629026,-0.015161539165933787,0.0,1.7280760997506997e-06
0.47000000000000036,p2_m0,0.0,0.08412959167549935,0.08531239687301773,0.0,1.7280760997506997e-06
0.47000000000000036,p2_m1,0.0,-0.09243033540435146,-0.09279950893636688,0.0,1.7280760997506997e-06
0.47000000000000036,p2_m2,0.0,0.06840107880034066,0.07156749909134026,0.0,1.7280760997506997e-06
0.47000000000000036,p2_m3,0.0,-0.01256832877631155,-0.011662426970311246,0.0,1.7280760997506997e-06
0.47000000000000036,p3_m0,0.0,-0.09160291865147678,-0.09224910090548573,0.0,1.7280760997506997e-06
0.47000000000000036,p3_m1,0.0,0.099066658033206,0.10161104586458616,0.0,1.7280760997506997e-06
0.47000000000000036,p3_m2,0.0,-0.11324564230362429,-0.11614763452367767,0.0,1.7280760997506997e-06
0.47000000000000036,p3_m3,0.0,0.1657449857554476,0.1686574831935311,0.0,1.7280760997506997e-06
0.48000000000000037,p0_m0,8.0,3.0848168871775647,2.767373254010071,0.014338363514772141,4.075844998898869e-06
0.48000000000000037,p0_m1,8.0,2.8154168205125467,2.7116900162118043,0.015,4.075844998898869e-06
0.48000000000000037,p0_m2,0.0,-0.1783699401407556,-0.18078813282447712,0.0,4.075844998898869e-06
0.48000000000000037,p0_m3,0.0,0.07696094453963906,0.07633783389695656,0.0,4.075844998898869e-06
0.48000000000000037,p1_m0,0.0,0.05029975080974281,0.05210005099074003,0.0,4.075844998898869e-06
0.48000000000000037,p1_m1,0.0,-0.05194173137153654,-0.05314642958782433,0.0,4.075844998898869e-06
0.48000000000000037,p1_m2,-4.0,-1.5974466557510023,-1.4561121751669106,-0.007056002219787818,4.075844998898869e-06
0.48000000000000037,p1_m3,0.0,0.07669128277521105,0.07446423266088244,0.0,4.075844998898869e-06
0.48000000000000037,p2_m0,0.0,0.12620244316204657,0.1305967605613045,0.0,4.075844998898869e-06
0.48000000000000037,p2_m1,0.0,-0.10159573301746426,-0.10132745869693521,0.0,4.075844998898869e-06
0.48000000000000037,p2_m2,0.0,0.18016745935254674,0.18636316395839475,0.0,4.075844998898869e-06
0.48000000000000037,p2_m3,0.0,-0.008378520515071573,-0.008515194341840768,0.0,4.075844998898869e-06
0.48000000000000037,p3_m0,0.0,-0.09150253326568172,-0.09145765506964354,0.0,4.075844998898869e-06
0.48000000000000037,p3_m1,0.0,0.15670889159878226,0.15305017387766046,0.0,4.075844998898869e-06
0.48000000000000037,p3_m2,0.0,-0.22421096166392163,-0.2213068082375804,0.0,4.075844998898869e-06
0.48000000000000037,p3_m3,0.0,0.2443567608375472,0.24886607469797672,0.0,4.075844998898869e-06
0.4900000000000004,p0_m0,8.0,8.000576860610394,8.310818065478918,-2.0487399950546605e-05,3.1768370340807905e-06
0.4900000000000004,p0_m1,8.0,8.008569565658734,8.445176789700033,-4.835590410471014e-05,3.1768370340807905e-06
0.4900000000000004,p0_m2,0.0,-0.16488360642703911,-0.16231674391701714,0.0,3.1768370340807905e-06
0.4900000000000004,p0_m3,0.0,0.08724714862755455,0.08577197461935061,0.0,3.1768370340807905e-06
0.4900000000000004,p1_m0,0.0,0.07692551444737399,0.07666194843802275,0.0,3.1768370340807905e-06
0.4900000000000004,p1_m1,0.0,-0.06726893396637323,-0.06667556713461431,0.0,3.1768370340807905e-06
0.4900000000000004,p1_m2,-4.0,-3.999982146194719,-4.149310701577165,7.928328537047947e-06,3.1768370340807905e-06
0.4900000000000004,p1_m3,0.0,0.0018168003164502878,0.0006298351695212627,0.0,3.1768370340807905e-06
0.4900000000000004,p2_m0,0.0,0.10442701715368835,0.10073592751514038,0.0,3.1768370340807905e-06
0.4900000000000004,p2_m1,0.0,-0.09843551909716988,-0.09842265619925057,0.0,3.1768370340807905e-06
0.4900000000000004,p2_m2,0.0,0.12387676836226492,0.11866414493116194,0.0,3.1768370340807905e-06
0.4900000000000004,p2_m3,0.0,-0.0002525751453356787,0.0009320360398858654,0.0,3.1768370340807905e-06
0.4900000000000004,p3_m0,0.0,-0.08877102405483742,-0.08877615445065087,0.0,3.1768370340807905e-06
0.4900000000000004,p3_m1,0.0,0.09039888449274798,0.08689419788719123,0.0,3.1768370340807905e-06
0.4900000000000004,p3_m2,0.0,-0.12642409115203945,-0.12225089376081219,0.0,3.1768370340807905e-06
0.4900000000000004,p3_m3,0.0,0.2107612327209102,0.20635508696971752,0.0,3.1768370340807905e-06
0.5000000000000003,p0_m0,8.0,6.1906423966345425,5.812981062517334,0.0031856453950116865,5.528648530710513e-07
0.5000000000000003,p0_m1,8.0,4.416179810028157,3.959508560516003,0.009825230610809272,5.528648530710513e-07
0.5000000000000003,p0_m2,0.0,-0.13142083876379496,-0.13232184878679462,0.0,5.528648530710513e-07
0.5000000000000003,p0_m3,0.0,0.08085455198057168,0.08119900471898626,0.0,5.528648530710513e-07
0.5000000000000003,p1_m0,0.0,0.0764248459529458,0.07510658496957383,0.0,5.528648530710513e-07
0.5000000000000003,p1_m1,0.0,-0.06804962845028392,-0.06617977407498236,0.0,5.528648530710513e-07
0.5000000000000003,p1_m2,-4.0,-3.1848745099094202,-2.8946637138162985,-0.0014964113435777682,5.528648530710513e-07
0.5000000000000003,p1_m3,0.0,-0.016506188366264125,-0.013251593137976267,0.0,5.528648530710513e-07
0.5000000000000003,p2_m0,0.0,0.07504588120235064,0.07651414544349609,0.0,5.528648530710513e-07
0.5000000000000003,p2_m1,0.0,-0.08675933303416002,-0.08715280273987791,0.0,5.528648530710513e-07
0.5000000000000003,p2_m2,0.0,0.06525839778221323,0.06889812635579068,0.0,5.528648530710513e-07
0.5000000000000003,p2_m3,0.0,-0.007155311378390569,-0.006403623137287835,0.0,5.528648530710513e-07
0.5000000000000003,p3_m0,0.0,-0.08892095766229999,-0.08895093314102606,0.0,5.528648530710513e-07
0.5000000000000003,p3_m1,0.0,0.0811848723884633,0.08385439035809587,0.0,5.528648530710513e-07
0.5000000000000003,p3_m2,0.0,-0.09709459290177483,-0.10043339202397818,0.0,5.528648530710513e-07
0.5000000000000003,p3_m3,0.0,0.15248515265279772,0.15563873068605377,0.0,5.528648530710513e-07
0.5100000000000003,p0_m0,8.0,3.084485571086821,2.765120446848167,0.014337049483259099,3.4020225683992883e-06
0.5100000000000003,p0_m1,8.0,2.8845407240001473,2.743822277668234,0.015,3.4020225683992883e-06
0.5100000000000003,p0_m2,0.0,-0.16145478714723085,-0.1647207279075837,0.0,3.4020225683992883e-06
0.5100000000000003,p0_m3,0.0,0.06201929097810236,0.06193721914327465,0.0,3.4020225683992883e-06
0.5100000000000003,p1_m0,0.0,0.03998683705254223,0.041964953985682535,0.0,3.4020225683992883e-06
0.5100000000000003,p1_m1,0.0,-0.041250224211968105,-0.0427416347130127,0.0,3.4020225683992883e-06
0.5100000000000003,p1_m2,-4.0,-1.5947782435601072,-1.4525123111990565,-0.007063356547682487,3.4020225683992883e-06
0.5100000000000003,p1_m3,0.0,0.07929961521950354,0.0772580608366402,0.0,3.4020225683992883e-06
0.5100000000000003,p2_m0,0.0,0.11378247937155933,0.11886111375082986,0.0,3.4020225683992883e-06
0.5100000000000003,p2_m1,0.0,-0.09527638110168567,-0.09501290084118579,0.0,3.4020225683992883e-06
0.5100000000000003,p2_m2,0.0,0.17181185026820678,0.17866258134323212,0.0,3.4020225683992883e-06
0.5100000000000003,p2_m3,0.0,-0.003021157977549267,-0.0031740141639985484,0.0,3.4020225683992883e-06
0.5100000000000003,p3_m0,0.0,-0.08727941833486273,-0.08730966956136295,0.0,3.4020225683992883e-06
0.5100000000000003,p3_m1,0.0,0.14532178870701254,0.14106073362732408,0.0,3.4020225683992883e-06
0.5100000000000003,p3_m2,0.0,-0.20985891662889558,-0.20806241618409133,0.0,3.4020225683992883e-06
0.5100000000000003,p3_m3,0.0,0.2256588165321585,0.23130741731009197,0.0,3.4020225683992883e-06
0.5200000000000004,p0_m0,8.0,8.000547613666628,8.310617335990246,-2.0729456380763622e-05,4.476058586351447e-06
0.5200000000000004,p0_m1,8.0,8.017683567164676,8.79810963384848,4.95894835211681e-05,4.476058586351447e-06
0.5200000000000004,p0_m2,0.0,-0.2019738157435087,-0.18868028852149588,0.0,4.476058586351447e-06
0.5200000000000004,p0_m3,0.0,0.12351073712814796,0.11313172924152343,0.0,4.476058586351447e-06
0.5200000000000004,p1_m0,0.0,0.09130972517765626,0.0849317235120139,0.0,4.476058586351447e-06
0.5200000000000004,p1_m1,0.0,-0.0940592750051203,-0.09091701083662139,0.0,4.476058586351447e-06
0.5200000000000004,p1_m2,-4.0,-4.000063472282211,-4.150273033597005,9.154699510895093e-06,4.476058586351447e-06
0.5200000000000004,p1_m3,0.0,0.006595988771099864,0.00778759436912249,0.0,4.476058586351447e-06
0.5200000000000004,p2_m0,0.0,0.13776061963309272,0.12587760331791956,0.0,4.476058586351447e-06
0.5200000000000004,p2_m1,0.0,-0.09998615013286304,-0.09960734763218235,0.0,4.476058586351447e-06
0.5200000000000004,p2_m2,0.0,0.15275600262073147,0.1431123779639438,0.0,4.476058586351447e-06
0.5200000000000004,p2_m3,0.0,-0.01609030415134242,-0.0117336644298906,0.0,4.476058586351447e-06
0.5200000000000004,p3_m0,0.0,-0.08510630669858596,-0.08507868978914697,0.0,4.476058586351447e-06
0.5200000000000004,p3_m1,0.0,0.13805481892321989,0.12898728493903708,0.0,4.476058586351447e-06
0.5200000000000004,p3_m2,0.0,-0.17866394418718415,-0.16808536461497314,0.0,4.476058586351447e-06
0.5200000000000004,p3_m3,0.0,0.2552525809763049,0.23675361065612588,0.0,4.476058586351447e-06
0.5300000000000004,p0_m0,8.0,7.981185029175174,7.998183032294746,5.532164074897672e-05,1.1442020473318388e-06
0.5300000000000004,p0_m1,8.0,5.068177654698928,4.603711843374341,0.007651035288139222,1.1442020473318388e-06
0.5300000000000004,p0_m2,0.0,-0.13505340232678792,-0.1405882032067828,0.0,1.1442020473318388e-06
0.5300000000000004,p0_m3,0.0,0.08656429862347173,0.08983742492460307,0.0,1.1442020473318388e-06
0.5300000000000004,p1_m0,0.0,0.08198143357066297,0.08379542966701418,0.0,1.1442020473318388e-06
0.5300000000000004,p1_m1,0.0,-0.08967505648368528,-0.09023694134314286,0.0,1.1442020473318388e-06
0.5300000000000004,p1_m2,-4.0,-3.990632320748259,-3.9993598101774754,-2.7645578513397774e-05,1.1442020473318388e-06
0.5300000000000004,p1_m3,0.0,-0.02485822483000996,-0.023510590005350294,0.0,1.1442020473318388e-06
0.5300000000000004,p2_m0,0.0,0.07319717704381463,0.07884807194907346,0.0,1.1442020473318388e-06
0.5300000000000004,p2_m1,0.0,-0.09440746017314156,-0.09369081882751787,0.0,1.1442020473318388e-06
0.5300000000000004,p2_m2,0.0,0.060622093359943036,0.06602540325685914,0.0,1.1442020473318388e-06
0.5300000000000004,p2_m3,0.0,-0.009195464368738084,-0.011337246362407054,0.0,1.1442020473318388e-06
0.5300000000000004,p3_m0,0.0,-0.08572347895173821,-0.0878266213858674,0.0,1.1442020473318388e-06
0.5300000000000004,p3_m1,0.0,0.08352809211851471,0.08848204422504889,0.0,1.1442020473318388e-06
0.5300000000000004,p3_m2,0.0,-0.09970683178895215,-0.10515110282739269,0.0,1.1442020473318388e-06
0.5300000000000004,p3_m3,0.0,0.14633881878625482,0.15499710003698283,0.0,1.1442020473318388e-06
0.5400000000000004,p0_m0,8.0,3.602642900879501,3.1627204804621827,0.012444979372734411,3.105263076102326e-06
0.5400000000000004,p0_m1,8.0,2.996235883115564,2.7728032858182106,0.014736432024346737,3.105263076102326e-06
0.5400000000000004,p0_m2,0.0,-0.1559143583779618,-0.15846711920460588,0.0,3.105263076102326e-06
0.5400000000000004,p0_m3,0.0,0.08327167558748194,0.08260519149164658,0.0,3.105263076102326e-06
0.5400000000000004,p1_m0,0.0,0.05175731681256212,0.0512521426762045,0.0,3.105263076102326e-06
0.5400000000000004,p1_m1,0.0,-0.0570560631208767,-0.05753010556864277,0.0,3.105263076102326e-06
0.5400000000000004,p1_m2,-4.0,-1.8106099435399885,-1.6045867058838514,-0.006222761786300872,3.105263076102326e-06
0.5400000000000004,p1_m3,0.0,0.04256539918178692,0.046902430271790384,0.0,3.105263076102326e-06
0.5400000000000004,p2_m0,0.0,0.09840898801568598,0.10088202556540084,0.0,3.105263076102326e-06
0.5400000000000004,p2_m1,0.0,-0.10132797056379184,-0.10053288926395186,0.0,3.105263076102326e-06
0.5400000000000004,p2_m2,0.0,0.12183357020157619,0.12774833552247064,0.0,3.105263076102326e-06
0.5400000000000004,p2_m3,0.0,-0.008946892364154798,-0.009120647553415502,0.0,3.105263076102326e-06
0.5400000000000004,p3_m0,0.0,-0.09369442218040389,-0.09341521560488553,0.0,3.105263076102326e-06
0.5400000000000004,p3_m1,0.0,0.15388557685528895,0.15400298704229654,0.0,3.105263076102326e-06
0.5400000000000004,p3_m2,0.0,-0.1743966313891241,-0.18170601360586905,0.0,3.105263076102326e-06
0.5400000000000004,p3_m3,0.0,0.20198484950414858,0.206018714902797,0.0,3.105263076102326e-06
0.5500000000000004,p0_m0,8.0,8.015118205013323,8.750087675051422,4.943229734675825e-05,5.108323766946512e-06
0.5500000000000004,p0_m1,8.0,7.787862665984695,9.086674103071601,0.003530725689320878,5.108323766946512e-06
0.5500000000000004,p0_m2,0.0,-0.22218927348593814,-0.2080205406042024,0.0,5.108323766946512e-06
0.5500000000000004,p0_m3,0.0,0.1191113113886727,0.11239445262321561,0.0,5.108323766946512e-06
0.5500000000000004,p1_m0,0.0,0.08629315294822361,0.08243448572439027,0.0,5.108323766946512e-06
0.5500000000000004,p1_m1,0.0,-0.08274265067961636,-0.0796071676664263,0.0,5.108323766946512e-06
0.5500000000000004,p1_m2,-4.0,-4.007153237000782,-4.365434994754345,-1.6569025644621592e-05,5.108323766946512e-06
0.5500000000000004,p1_m3,0.0,0.03281329658173257,0.028869488340346833,0.0,5.108323766946512e-06
0.5500000000000004,p2_m0,0.0,0.17046434432873803,0.15399989077684573,0.0,5.108323766946512e-06
0.5500000000000004,p2_m1,0.0,-0.10650563054822296,-0.10562747070054429,0.0,5.108323766946512e-06
0.5500000000000004,p2_m2,0.0,0.20897591157227902,0.18879914806511652,0.0,5.108323766946512e-06
0.5500000000000004,p2_m3,0.0,-0.0220374550795763,-0.0179459993181555,0.0,5.108323766946512e-06
0.5500000000000004,p3_m0,0.0,-0.0918858172508931,-0.09178598395569842,0.0,5.108323766946512e-06
0.5500000000000004,p3_m1,0.0,0.16177685621080695,0.1513264157391782,0.0,5.108323766946512e-06
0.5500000000000004,p3_m2,0.0,-0.2158656648509649,-0.20130691257538444,0.0,5.108323766946512e-06
0.5500000000000004,p3_m3,0.0,0.3028518380086639,0.27812565739846795,0.0,5.108323766946512e-06
0.5600000000000004,p0_m0,8.0,7.982730491692277,8.022463931943113,4.9020113804084884e-05,7.861413155355582e-07
0.5600000000000004,p0_m1,8.0,5.480745588985243,5.054090227968832,0.006282448006997333,7.861413155355582e-07
0.5600000000000004,p0_m2,0.0,-0.1450132823728663,-0.15032999365852598,0.0,7.861413155355582e-07
0.5600000000000004,p0_m3,0.0,0.0878418784692791,0.09098412124387513,0.0,7.861413155355582e-07
0.5600000000000004,p1_m0,0.0,0.08485899542540962,0.08665425977293896,0.0,7.861413155355582e-07
0.5600000000000004,p1_m1,0.0,-0.08289337374280449,-0.08404403070310042,0.0,7.861413155355582e-07
0.5600000000000004,p1_m2,-4.0,-3.9913555706718586,-4.011421958824479,-2.4734328031460696e-05,7.861413155355582e-07
0.5600000000000004,p1_m3,0.0,-0.024782715628115404,-0.023340490779121596,0.0,7.861413155355582e-07
0.5600000000000004,p2_m0,0.0,0.08050479280369634,0.08625629493961687,0.0,7.861413155355582e-07
0.5600000000000004,p2_m1,0.0,-0.10132084947555517,-0.10001265763393712,0.0,7.861413155355582e-07
0.5600000000000004,p2_m2,0.0,0.07037499650123485,0.07603629367443666,0.0,7.861413155355582e-07
0.5600000000000004,p2_m3,0.0,-0.008134069796830914,-0.010661405662647085,0.0,7.861413155355582e-07
0.5600000000000004,p3_m0,0.0,-0.08912551075715816,-0.08915751698186843,0.0,7.861413155355582e-07
0.5600000000000004,p3_m1,0.0,0.07848580785355312,0.08410548791692837,0.0,7.861413155355582e-07
0.5600000000000004,p3_m2,0.0,-0.09857452725184403,-0.10505384632582862,0.0,7.861413155355582e-07
0.5600000000000004,p3_m3,0.0,0.16531151012514483,0.17340689261386372,0.0,7.861413155355582e-07
0.5700000000000004,p0_m0,8.0,3.8583297078656758,3.3879203498069357,0.011565815163787347,2.556994196429761e-06
0.5700000000000004,p0_m1,8.0,3.10045022494559,2.8440740752021294,0.01435353818953497,2.556994196429761e-06
0.5700000000000004,p0_m2,0.0,-0.1500460933192319,-0.15209126798299102,0.0,2.556994196429761e-06
0.5700000000000004,p0_m3,0.0,0.08473104658924617,0.08351914737617043,0.0,2.556994196429761e-06
0.5700000000000004,p1_m0,0.0,0.05564038794582556,0.054142029765448366,0.0,2.556994196429761e-06
0.5700000000000004,p1_m1,0.0,-0.05181082752287277,-0.05180101822293478,0.0,2.556994196429761e-06
0.5700000000000004,p1_m2,-4.0,-1.7994454371077064,-1.590031268682968,-0.006242688426854483,2.556994196429761e-06
0.5700000000000004,p1_m3,0.0,0.03285918154738341,0.03722768686616499,0.0,2.556994196429761e-06
0.5700000000000004,p2_m0,0.0,0.09241135308209894,0.09430741941159425,0.0,2.556994196429761e-06
0.5700000000000004,p2_m1,0.0,-0.1001845463126904,-0.09964166449171347,0.0,2.556994196429761e-06
0.5700000000000004,p2_m2,0.0,0.10948609604196065,0.11507539445252628,0.0,2.556994196429761e-06
0.5700000000000004,p2_m3,0.0,-0.0050068301156476975,-0.0054441343379526465,0.0,2.556994196429761e-06
0.5700000000000004,p3_m0,0.0,-0.0929984299216636,-0.09288935118373219,0.0,2.556994196429761e-06
0.5700000000000004,p3_m1,0.0,0.14405535516827409,0.14659770230490837,0.0,2.556994196429761e-06
0.5700000000000004,p3_m2,0.0,-0.15700855501450575,-0.16305822001431125,0.0,2.556994196429761e-06
0.5700000000000004,p3_m3,0.0,0.19556270823309588,0.19907185935381153,0.0,2.556994196429761e-06
0.5800000000000004,p0_m0,8.0,7.984531361621216,8.949812636074368,0.0005993160110054481,5.050592937878437e-06
0.5800000000000004,p0_m1,8.0,6.8430399345699255,8.27044685615518,0.015,5.050592937878437e-06
0.5800000000000004,p0_m2,0.0,-0.23544044456459812,-0.2270778630777453,0.0,5.050592937878437e-06
0.5800000000000004,p0_m3,0.0,0.12536545106517233,0.12501830044547527,0.0,5.050592937878437e-06
0.5800000000000004,p1_m0,0.0,0.0899981746580236,0.0900890108504841,0.0,5.050592937878437e-06
0.5800000000000004,p1_m1,0.0,-0.08086435122140756,-0.07731026247083982,0.0,5.050592937878437e-06
0.5800000000000004,p1_m2,-4.0,-3.9947947302551094,-4.484141710584124,-0.00026342033639085164,5.050592937878437e-06
0.5800000000000004,p1_m3,0.0,0.0396175481734319,0.03309866848091738,0.0,5.050592937878437e-06
0.5800000000000004,p2_m0,0.0,0.19031117124953545,0.17692269866193241,0.0,5.050592937878437e-06
0.5800000000000004,p2_m1,0.0,-0.09862219892611006,-0.0984426648795944,0.0,5.050592937878437e-06
0.5800000000000004,p2_m2,0.0,0.2359498754912036,0.21486338891456566,0.0,5.050592937878437e-06
0.5800000000000004,p2_m3,0.0,-0.02406157055458917,-0.022315631335706944,0.0,5.050592937878437e-06
0.5800000000000004,p3_m0,0.0,-0.09147659691453737,-0.09135273988370919,0.0,5.050592937878437e-06
0.5800000000000004,p3_m1,0.0,0.17250954112914332,0.16593262059717015,0.0,5.050592937878437e-06
0.5800000000000004,p3_m2,0.0,-0.23215094105527198,-0.2209739574750772,0.0,5.050592937878437e-06
0.5800000000000004,p3_m3,0.0,0.33440617501784353,0.3151395162513261,0.0,5.050592937878437e-06
0.5900000000000004,p0_m0,8.0,7.983656250213655,8.036443313401094,4.524288826248046e-05,5.3241858767707e-07
0.5900000000000004,p0_m1,8.0,6.340574511493838,6.024425756580911,0.0033330086017411215,5.3241858767707e-07
0.5900000000000004,p0_m2,0.0,-0.13583810891217224,-0.13943333136868125,0.0,5.3241858767707e-07
0.5900000000000004,p0_m3,0.0,0.08156295843774578,0.08337325416358547,0.0,5.3241858767707e-07
0.5900000000000004,p1_m0,0.0,0.0793861830766548,0.08038522549393012,0.0,5.3241858767707e-07
0.5900000000000004,p1_m1,0.0,-0.07727135038823109,-0.07762793302152945,0.0,5.3241858767707e-07
0.5900000000000004,p1_m2,-4.0,-3.991820550469705,-4.019320640162257,-2.2772084281190264e-05,5.3241858767707e-07
0.5900000000000004,p1_m3,0.0,-0.023386292018895558,-0.02157196034580211,0.0,5.3241858767707e-07
0.5900000000000004,p2_m0,0.0,0.07056188689099224,0.07560642032395153,0.0,5.3241858767707e-07
0.5900000000000004,p2_m1,0.0,-0.09519112079488949,-0.09523019344027467,0.0,5.3241858767707e-07
0.5900000000000004,p2_m2,0.0,0.06617912357860374,0.07157089951176264,0.0,5.3241858767707e-07
0.5900000000000004,p2_m3,0.0,0.000934847974588791,-0.0016403739465413476,0.0,5.3241858767707e-07
0.5900000000000004,p3_m0,0.0,-0.0885067969764573,-0.08854968397724691,0.0,5.3241858767707e-07
0.5900000000000004,p3_m1,0.0,0.06654555046274338,0.07220723706639975,0.0,5.3241858767707e-07
0.5900000000000004,p3_m2,0.0,-0.08762306488325515,-0.09409073032608345,0.0,5.3241858767707e-07
0.5900000000000004,p3_m3,0.0,0.15449652343794318,0.16067217610874251,0.0,5.3241858767707e-07
0.6000000000000004,p0_m0,8.0,4.473090430977754,3.9625990039142,0.009483301903998922,1.6944672392244537e-06
0.6000000000000004,p0_m1,8.0,3.340122641359543,3.0205019470804935,0.013497974494797636,1.6944672392244537e-06
0.6000000000000004,p0_m2,0.0,-0.13929844286185636,-0.14030425402758717,0.0,1.6944672392244537e-06
0.6000000000000004,p0_m3,0.0,0.08860707393241993,0.08706541069131753,0.0,1.6944672392244537e-06
0.6000000000000004,p1_m0,0.0,0.06564395631037202,0.06288461004589246,0.0,1.6944672392244537e-06
0.6000000000000004,p1_m1,0.0,-0.05262319565278871,-0.0519711756093663,0.0,1.6944672392244537e-06
0.6000000000000004,p1_m2,-4.0,-1.9105617553696346,-1.6848510137433679,-0.00584274866034768,1.6944672392244537e-06
0.6000000000000004,p1_m3,0.0,0.012172150073502076,0.016125091383958574,0.0,1.6944672392244537e-06
0.6000000000000004,p2_m0,0.0,0.0820841898948483,0.08286594024726081,0.0,1.6944672392244537e-06
0.6000000000000004,p2_m1,0.0,-0.09429968836825742,-0.09507935951677121,0.0,1.6944672392244537e-06
0.6000000000000004,p2_m2,0.0,0.08477799299970315,0.08912913475481343,0.0,1.6944672392244537e-06
0.6000000000000004,p2_m3,0.0,-7.585928497605327e-05,-0.0006150917611510134,0.0,1.6944672392244537e-06
0.6000000000000004,p3_m0,0.0,-0.09120121706762084,-0.09106928746764777,0.0,1.6944672392244537e-06
0.6000000000000004,p3_m1,0.0,0.11897870469759815,0.12292093173356308,0.0,1.6944672392244537e-06
0.6000000000000004,p3_m2,0.0,-0.12936858977857935,-0.13315666707842697,0.0,1.6944672392244537e-06
0.6000000000000004,p3_m3,0.0,0.17745048537558836,0.1796836382398199,0.0,1.6944672392244537e-06
0.6100000000000004,p0_m0,8.0,6.993093884169818,8.314040050698484,0.015,4.574603568218132e-06
0.6100000000000004,p0_m1,8.0,2.7463336084922276,2.7060082461371393,0.015,4.574603568218132e-06
0.6100000000000004,p0_m2,0.0,-0.20506125271475587,-0.215491240678074,0.0,4.574603568218132e-06
0.6100000000000004,p0_m3,0.0,0.08492310585109866,0.1013978486690065,0.0,4.574603568218132e-06
0.6100000000000004,p1_m0,0.0,0.060980865916483086,0.07182138399674177,0.0,4.574603568218132e-06
0.6100000000000004,p1_m1,0.0,-0.055593430716387844,-0.06573604487194626,0.0,4.574603568218132e-06
0.6100000000000004,p1_m2,-4.0,-3.569675623250626,-4.264551572467443,-0.007653304760970886,4.574603568218132e-06
0.6100000000000004,p1_m3,0.0,0.06629552776226995,0.05575107388503223,0.0,4.574603568218132e-06
0.6100000000000004,p2_m0,0.0,0.17950834095416376,0.1831863931164588,0.0,4.574603568218132e-06
0.6100000000000004,p2_m1,0.0,-0.0942779188564358,-0.09402659785787172,0.0,4.574603568218132e-06
0.6100000000000004,p2_m2,0.0,0.25674180359514526,0.2472605244362803,0.0,4.574603568218132e-06
0.6100000000000004,p2_m3,0.0,-0.00844233907964066,-0.013578060817388184,0.0,4.574603568218132e-06
0.6100000000000004,p3_m0,0.0,-0.09010360038032782,-0.0899664234961818,0.0,4.574603568218132e-06
0.6100000000000004,p3_m1,0.0,0.1571357057295206,0.16344137852004315,0.0,4.574603568218132e-06
0.6100000000000004,p3_m2,0.0,-0.22309297261738587,-0.22536032213379628,0.0,4.574603568218132e-06
0.6100000000000004,p3_m3,0.0,0.31645213084525925,0.3234040487213988,0.0,4.574603568218132e-06
0.6200000000000004,p0_m0,8.0,7.98665700550893,8.08089950452644,3.3303519570933026e-05,1.1491436244453375e-06
0.6200000000000004,p0_m1,8.0,7.435171390210475,7.398318361300412,1.0680676754426522e-05,1.1491436244453375e-06
0.6200000000000004,p0_m2,0.0,-0.14544532173792454,-0.1431290142617924,0.0,1.1491436244453375e-06
0.6200000000000004,p0_m3,0.0,0.08733233083788083,0.08482197451195601,0.0,1.1491436244453375e-06
0.6200000000000004,p1_m0,0.0,0.08097700006433431,0.07855578718069457,0.0,1.1491436244453375e-06
0.6200000000000004,p1_m1,0.0,-0.07501651365311783,-0.07335742679913115,0.0,1.1491436244453375e-06
0.6200000000000004,p1_m2,-4.0,-3.993296280536899,-4.042984350713274,-1.688832704832155e-05,1.1491436244453375e-06
0.6200000000000004,p1_m3,0.0,-0.020401640802288887,-0.017039518652089608,0.0,1.1491436244453375e-06
0.6200000000000004,p2_m0,0.0,0.07692671157117723,0.0776449346620611,0.0,1.1491436244453375e-06
0.6200000000000004,p2_m1,0.0,-0.09054098623945557,-0.09059432367118186,0.0,1.1491436244453375e-06
0.6200000000000004,p2_m2,0.0,0.07835840818650724,0.0813496022762349,0.0,1.1491436244453375e-06
0.6200000000000004,p2_m3,0.0,0.005443888058830124,0.004699235676508768,0.0,1.1491436244453375e-06
0.6200000000000004,p3_m0,0.0,-0.08688605805975437,-0.08694750832422925,0.0,1.1491436244453375e-06
0.6200000000000004,p3_m1,0.0,0.068103322421106,0.07105467109043846,0.0,1.1491436244453375e-06
0.6200000000000004,p3_m2,0.0,-0.09282732345353917,-0.09629656002327396,0.0,1.1491436244453375e-06
0.6200000000000004,p3_m3,0.0,0.1703600292101765,0.1690860771458154,0.0,1.1491436244453375e-06
0.6300000000000004,p0_m0,8.0,5.245924968666342,4.747784976037774,0.006910111863005822,1.0871144052918126e-06
0.6300000000000004,p0_m1,8.0,3.6867820702158527,3.303692240892123,0.012297970994294586,1.0871144052918126e-06
0.6300000000000004,p0_m2,0.0,-0.13792126417866715,-0.13824457304546856,0.0,1.0871144052918126e-06
0.6300000000000004,p0_m3,0.0,0.09264886471554704,0.09138862919576075,0.0,1.0871144052918126e-06
0.6300000000000004,p1_m0,0.0,0.07723744685119079,0.07482149620867877,0.0,1.0871144052918126e-06
0.6300000000000004,p1_m1,0.0,-0.05981884738486706,-0.058321910214846374,0.0,1.0871144052918126e-06
0.6300000000000004,p1_m2,-4.0,-2.2135839034782756,-1.9734616646240448,-0.004817843341166824,1.0871144052918126e-06
0.6300000000000004,p1_m3,0.0,-0.005896350900736641,-0.002471784175191597,0.0,1.0871144052918126e-06
0.6300000000000004,p2_m0,0.0,0.08020315816311999,0.08037987995002525,0.0,1.0871144052918126e-06
0.6300000000000004,p2_m1,0.0,-0.08779212511998154,-0.09008232162557227,0.0,1.0871144052918126e-06
0.6300000000000004,p2_m2,0.0,0.07141294086035765,0.07464664928897505,0.0,1.0871144052918126e-06
0.6300000000000004,p2_m3,0.0,-0.001648640084419613,-0.00018439119400279213,0.0,1.0871144052918126e-06
0.6300000000000004,p3_m0,0.0,-0.09069059061930017,-0.0901648620468857,0.0,1.0871144052918126e-06
0.6300000000000004,p3_m1,0.0,0.10024452659986442,0.10283777413726057,0.0,1.0871144052918126e-06
0.6300000000000004,p3_m2,0.0,-0.11284720007642131,-0.11571764477222184,0.0,1.0871144052918126e-06
0.6300000000000004,p3_m3,0.0,0.16978267805330516,0.17142089968721055,0.0,1.0871144052918126e-06
0.6400000000000005,p0_m0,8.0,2.9319095905586248,2.7012101352029783,0.014964487235107396,4.19271498645171e-06
0.6400000000000005,p0_m1,8.0,2.78917826524558,2.7429431499587578,0.015,4.19271498645171e-06
0.6400000000000005,p0_m2,0.0,-0.18238431571958186,-0.1818460795666793,0.0,4.19271498645171e-06
0.6400000000000005,p0_m3,0.0,0.06732883380166646,0.06687105822997544,0.0,4.19271498645171e-06
0.6400000000000005,p1_m0,0.0,0.047284968873514334,0.04828699037143857,0.0,4.19271498645171e-06
0.6400000000000005,p1_m1,0.0,-0.04066201252856568,-0.041975209405842054,0.0,4.19271498645171e-06
0.6400000000000005,p1_m2,-4.0,-1.4461105456944825,-1.3807989880016942,-0.007653439435345633,4.19271498645171e-06
0.6400000000000005,p1_m3,0.0,0.07723401525898531,0.07243218394719582,0.0,4.19271498645171e-06
0.6400000000000005,p2_m0,0.0,0.15012594162088042,0.1539204590975095,0.0,4.19271498645171e-06
0.6400000000000005,p2_m1,0.0,-0.0930208080146707,-0.09287999067124704,0.0,4.19271498645171e-06
0.6400000000000005,p2_m2,0.0,0.2280008167168027,0.2323810099849906,0.0,4.19271498645171e-06
0.6400000000000005,p2_m3,0.0,-0.00044578516465777497,-0.0005915326449505426,0.0,4.19271498645171e-06
0.6400000000000005,p3_m0,0.0,-0.08939543594046966,-0.08940737728109376,0.0,4.19271498645171e-06
0.6400000000000005,p3_m1,0.0,0.14745148752379406,0.1454128845216378,0.0,4.19271498645171e-06
0.6400000000000005,p3_m2,0.0,-0.21577654883886596,-0.20899653717159755,0.0,4.19271498645171e-06
0.6400000000000005,p3_m3,0.0,0.27736604240366003,0.28038743853406695,0.0,4.19271498645171e-06
0.6500000000000005,p0_m0,8.0,7.991740278368052,8.162566001560938,1.3933880164890056e-05,2.4788996490578523e-06
0.6500000000000005,p0_m1,8.0,8.00185185709272,8.330489949648358,-2.6150929400108325e-05,2.4788996490578523e-06
0.6500000000000005,p0_m2,0.0,-0.16701655525143075,-0.16179031021010315,0.0,2.4788996490578523e-06
0.6500000000000005,p0_m3,0.0,0.09920331857803451,0.09496382765170164,0.0,2.4788996490578523e-06
0.6500000000000005,p1_m0,0.0,0.08708135119585236,0.0838117345986327,0.0,2.4788996490578523e-06
0.6500000000000005,p1_m1,0.0,-0.07424008978142135,-0.07318159181398869,0.0,2.4788996490578523e-06
0.6500000000000005,p1_m2,-4.0,-3.9959237331884108,-4.084164634840631,-6.123993110752845e-06,2.4788996490578523e-06
0.6500000000000005,p1_m3,0.0,-0.014616620300885935,-0.012144392715825623,0.0,2.4788996490578523e-06
0.6500000000000005,p2_m0,0.0,0.09851209305912491,0.0948677703177136,0.0,2.4788996490578523e-06
0.6500000000000005,p2_m1,0.0,-0.08944000681802473,-0.0894717417933964,0.0,2.4788996490578523e-06
0.6500000000000005,p2_m2,0.0,0.10346468888197695,0.1022234955927214,0.0,2.4788996490578523e-06
0.6500000000000005,p2_m3,0.0,0.0002127801374391774,0.0017467544831504594,0.0,2.4788996490578523e-06
0.6500000000000005,p3_m0,0.0,-0.08631357629146556,-0.08636505490777999,0.0,2.4788996490578523e-06
0.6500000000000005,p3_m1,0.0,0.0842061857102264,0.08310980652913218,0.0,2.4788996490578523e-06
0.6500000000000005,p3_m2,0.0,-0.11459043243473431,-0.11353465214731136,0.0,2.4788996490578523e-06
0.6500000000000005,p3_m3,0.0,0.20695708273623406,0.20016604554621106,0.0,2.4788996490578523e-06
0.6600000000000005,p0_m0,8.0,6.17410704101775,5.790902753520722,0.003175113481548026,1.21373122949857e-06
0.6600000000000005,p0_m1,8.0,3.9281908630403533,3.5190213192481785,0.011478996281248856,1.21373122949857e-06
0.6600000000000005,p0_m2,0.0,-0.158755858429323,-0.15835702046941236,0.0,1.21373122949857e-06
0.6600000000000005,p0_m3,0.0,0.10644828105941813,0.10558206572026964,0.0,1.21373122949857e-06
0.6600000000000005,p1_m0,0.0,0.09556556309872878,0.09345670366231473,0.0,1.21373122949857e-06
0.6600000000000005,p1_m1,0.0,-0.07990680458644076,-0.07722374938287148,0.0,1.21373122949857e-06
0.6600000000000005,p1_m2,-4.0,-2.8310737715860315,-2.6064612339541258,-0.0024582568378207206,1.21373122949857e-06
0.6600000000000005,p1_m3,0.0,-0.023658770318700294,-0.0201600512227572,0.0,1.21373122949857e-06
0.6600000000000005,p2_m0,0.0,0.0961201741326667,0.0961036091368783,0.0,1.21373122949857e-06
0.6600000000000005,p2_m1,0.0,-0.08720166462215087,-0.08780755122575903,0.0,1.21373122949857e-06
0.6600000000000005,p2_m2,0.0,0.07411004534268024,0.0768261800198214,0.0,1.21373122949857e-06
0.6600000000000005,p2_m3,0.0,-0.016000947358525437,-0.014122907225852726,0.0,1.21373122949857e-06
0.6600000000000005,p3_m0,0.0,-0.09668844564047893,-0.09692026049652752,0.0,1.21373122949857e-06
0.6600000000000005,p3_m1,0.0,0.10200843056502942,0.10369114083485097,0.0,1.21373122949857e-06
0.6600000000000005,p3_m2,0.0,-0.11366892437320224,-0.1157249359974044,0.0,1.21373122949857e-06
0.6600000000000005,p3_m3,0.0,0.1887592135823395,0.19016910167492412,0.0,1.21373122949857e-06
0.6700000000000005,p0_m0,8.0,3.102951954428527,2.788217445222541,0.014288282820120186,4.09211776619703e-06
0.6700000000000005,p0_m1,8.0,2.7519997638350566,2.6806201646546635,0.015,4.09211776619703e-06
0.6700000000000005,p0_m2,0.0,-0.18928663317669947,-0.190938523680768,0.0,4.09211776619703e-06
0.6700000000000005,p0_m3,0.0,0.08572448954851762,0.08451345618630414,0.0,4.09211776619703e-06
0.6700000000000005,p1_m0,0.0,0.05846377920091395,0.06018329982337944,0.0,4.09211776619703e-06
0.6700000000000005,p1_m1,0.0,-0.05213031087814481,-0.05292437122928808,0.0,4.09211776619703e-06
0.6700000000000005,p1_m2,-4.0,-1.524633709771529,-1.4005870765913375,-0.007311623930151556,4.09211776619703e-06
0.6700000000000005,p1_m3,0.0,0.07495920908997117,0.0716709711018377,0.0,4.09211776619703e-06
0.6700000000000005,p2_m0,0.0,0.1370189537619107,0.14090002000410742,0.0,4.09211776619703e-06
0.6700000000000005,p2_m1,0.0,-0.09995267111233502,-0.09953937541919279,0.0,4.09211776619703e-06
0.6700000000000005,p2_m2,0.0,0.18963067434136324,0.19521849280453915,0.0,4.09211776619703e-06
0.6700000000000005,p2_m3,0.0,-0.009902301886718297,-0.010094066193741636,0.0,4.09211776619703e-06
0.6700000000000005,p3_m0,0.0,-0.0964624884842636,-0.0963613451721383,0.0,4.09211776619703e-06
0.6700000000000005,p3_m1,0.0,0.1613464509706173,0.15780428820506126,0.0,4.09211776619703e-06
0.6700000000000005,p3_m2,0.0,-0.23243429961112144,-0.227356288367405,0.0,4.09211776619703e-06
0.6700000000000005,p3_m3,0.0,0.26430707475739657,0.26792709485765576,0.0,4.09211776619703e-06
0.6800000000000005,p0_m0,8.0,8.000405600785246,8.308377446477065,-2.0261079087275037e-05,4.065594155199686e-06
0.6800000000000005,p0_m1,8.0,8.016046892988564,8.602960847418563,-5.351812649392329e-05,4.065594155199686e-06
0.6800000000000005,p0_m2,0.0,-0.18096505726397105,-0.17331873133734121,0.0,4.065594155199686e-06
0.6800000000000005,p0_m3,0.0,0.10713401934104765,0.10154337603878323,0.0,4.065594155199686e-06
0.6800000000000005,p1_m0,0.0,0.08644057158826576,0.08315456121274284,0.0,4.065594155199686e-06
0.6800000000000005,p1_m1,0.0,-0.0822925729062987,-0.08077266994292437,0.0,4.065594155199686e-06
0.6800000000000005,p1_m2,-4.0,-4.000344493055772,-4.155487193297214,1.0249347106332075e-05,4.065594155199686e-06
0.6800000000000005,p1_m3,0.0,0.005487171092865208,0.0055698958731960815,0.0,4.065594155199686e-06
0.6800000000000005,p2_m0,0.0,0.11788061414496957,0.10972304354932623,0.0,4.065594155199686e-06
0.6800000000000005,p2_m1,0.0,-0.09702524037662297,-0.09696917449033174,0.0,4.065594155199686e-06
0.6800000000000005,p2_m2,0.0,0.13918586152328322,0.13173008224685887,0.0,4.065594155199686e-06
0.6800000000000005,p2_m3,0.0,-0.007195928936668364,-0.0039817825459971656,0.0,4.065594155199686e-06
0.6800000000000005,p3_m0,0.0,-0.0938822146054335,-0.09383824765098144,0.0,4.065594155199686e-06
0.6800000000000005,p3_m1,0.0,0.12217686645787641,0.1162184536903665,0.0,4.065594155199686e-06
0.6800000000000005,p3_m2,0.0,-0.1615393149208647,-0.15453862665127685,0.0,4.065594155199686e-06
0.6800000000000005,p3_m3,0.0,0.22548458668108948,0.21341743531270335,0.0,4.065594155199686e-06
0.6900000000000005,p0_m0,8.0,7.9811798673314,7.99806473997486,5.535391115014132e-05,5.466329457418286e-07
0.6900000000000005,p0_m1,8.0,5.045468165787814,4.574839123923661,0.007727933989552147,5.466329457418286e-07
0.6900000000000005,p0_m2,0.0,-0.12759764634855347,-0.132558239443747,0.0,5.466329457418286e-07
0.6900000000000005,p0_m3,0.0,0.08177205993807839,0.08516988836055663,0.0,5.466329457418286e-07
0.6900000000000005,p1_m0,0.0,0.08003919326570096,0.08164893248619837,0.0,5.466329457418286e-07
0.6900000000000005,p1_m1,0.0,-0.08172865013549593,-0.08176524850880688,0.0,5.466329457418286e-07
0.6900000000000005,p1_m2,-4.0,-3.747905290983158,-3.5796473122794152,-2.7506229740403842e-05,5.466329457418286e-07
0.6900000000000005,p1_m3,0.0,-0.024445519780276453,-0.022806084228583438,0.0,5.466329457418286e-07
0.6900000000000005,p2_m0,0.0,0.06604510877482445,0.07137632488113128,0.0,5.466329457418286e-07
0.6900000000000005,p2_m1,0.0,-0.0916082421328483,-0.09082484393882989,0.0,5.466329457418286e-07
0.6900000000000005,p2_m2,0.0,0.05595789603993056,0.06118343959314848,0.0,5.466329457418286e-07
0.6900000000000005,p2_m3,0.0,-0.005054510501293228,-0.006844287832385325,0.0,5.466329457418286e-07
0.6900000000000005,p3_m0,0.0,-0.09342660707689256,-0.09485015728547214,0.0,5.466329457418286e-07
0.6900000000000005,p3_m1,0.0,0.07759878222543469,0.08232674642672554,0.0,5.466329457418286e-07
0.6900000000000005,p3_m2,0.0,-0.09322564952806428,-0.098342887477138,0.0,5.466329457418286e-07
0.6900000000000005,p3_m3,0.0,0.13613486294464192,0.14449123094413846,0.0,5.466329457418286e-07
0.7000000000000005,p0_m0,8.0,3.6076302632550243,3.1695296177107277,0.01243580457388103,2.855855798340514e-06
0.7000000000000005,p0_m1,8.0,2.9900428665666707,2.7686244912932447,0.014760737599385612,2.855855798340514e-06
0.7000000000000005,p0_m2,0.0,-0.14951835722391288,-0.1522299392223164,0.0,2.855855798340514e-06
0.7000000000000005,p0_m3,0.0,0.07987505364987108,0.07917689941185421,0.0,2.855855798340514e-06
0.7000000000000005,p1_m0,0.0,0.04897909540101815,0.04872438687782783,0.0,2.855855798340514e-06
0.7000000000000005,p1_m1,0.0,-0.048941157833693516,-0.049551181912834474,0.0,2.855855798340514e-06
0.7000000000000005,p1_m2,-4.0,-1.6964499244050701,-1.5048987723068292,-0.006610922163188757,2.855855798340514e-06
0.7000000000000005,p1_m3,0.0,0.0472587326390495,0.05151925974423269,0.0,2.855855798340514e-06
0.7000000000000005,p2_m0,0.0,0.0928748738970886,0.09552547209742179,0.0,2.855855798340514e-06
0.7000000000000005,p2_m1,0.0,-0.09735149904383203,-0.09666730522765907,0.0,2.855855798340514e-06
0.7000000000000005,p2_m2,0.0,0.1204645869273301,0.12650131373960238,0.0,2.855855798340514e-06
0.7000000000000005,p2_m3,0.0,-0.0020979563256769327,-0.0023692118835770934,0.0,2.855855798340514e-06
0.7000000000000005,p3_m0,0.0,-0.09453642038874832,-0.0944936984487908,0.0,2.855855798340514e-06
0.7000000000000005,p3_m1,0.0,0.15054921393393675,0.15018045216368459,0.0,2.855855798340514e-06
0.7000000000000005,p3_m2,0.0,-0.17351706694206265,-0.18090929385059623,0.0,2.855855798340514e-06
0.7000000000000005,p3_m3,0.0,0.19646313934102044,0.2005991567138191,0.0,2.855855798340514e-06
0.7100000000000005,p0_m0,8.0,8.01522173401232,8.748828252911066,4.6594287381724444e-05,5.004169420412304e-06
0.7100000000000005,p0_m1,8.0,7.78896285840544,9.08828014127636,0.00350160840752043,5.004169420412304e-06
0.7100000000000005,p0_m2,0.0,-0.21777805648005952,-0.20381150864502146,0.0,5.004169420412304e-06
0.7100000000000005,p0_m3,0.0,0.1172446480661223,0.11052721306141502,0.0,5.004169420412304e-06
0.7100000000000005,p1_m0,0.0,0.0844153735154543,0.08061843078918121,0.0,5.004169420412304e-06
0.7100000000000005,p1_m1,0.0,-0.07740626069658042,-0.07407918516374334,0.0,5.004169420412304e-06
0.7100000000000005,p1_m2,-4.0,-4.007831003712042,-4.379277449935513,-1.5596078576367134e-05,5.004169420412304e-06
0.7100000000000005,p1_m3,0.0,0.032825160498560615,0.029057821636935315,0.0,5.004169420412304e-06
0.7100000000000005,p2_m0,0.0,0.16951591057641655,0.15285543987667652,0.0,5.004169420412304e-06
0.7100000000000005,p2_m1,0.0,-0.10291935151117694,-0.1020201648936745,0.0,5.004169420412304e-06
0.7100000000000005,p2_m2,0.0,0.21026114953796882,0.1898397710371374,0.0,5.004169420412304e-06
0.7100000000000005,p2_m3,0.0,-0.017524308841774368,-0.01362727200022928,0.0,5.004169420412304e-06
0.7100000000000005,p3_m0,0.0,-0.09276213100480964,-0.09267429912872893,0.0,5.004169420412304e-06
0.7100000000000005,p3_m1,0.0,0.1588199332570129,0.148511841724148,0.0,5.004169420412304e-06
0.7100000000000005,p3_m2,0.0,-0.21229012674601874,-0.19800195082359304,0.0,5.004169420412304e-06
0.7100000000000005,p3_m3,0.0,0.30182671005022416,0.27689927508679496,0.0,5.004169420412304e-06
0.7200000000000005,p0_m0,8.0,7.982737622890352,8.022400964307648,4.903629855221592e-05,6.543250445470581e-07
0.7200000000000005,p0_m1,8.0,5.486945465425885,5.060489496948049,0.006259691107765866,6.543250445470581e-07
0.7200000000000005,p0_m2,0.0,-0.14441588355723556,-0.15058287973465823,0.0,6.543250445470581e-07
0.7200000000000005,p0_m3,0.0,0.08915809062389964,0.09333296717815785,0.0,6.543250445470581e-07
0.7200000000000005,p1_m0,0.0,0.08536455654893657,0.0880192102055412,0.0,6.543250445470581e-07
0.7200000000000005,p1_m1,0.0,-0.08115452306183374,-0.08322210907116978,0.0,6.543250445470581e-07
0.7200000000000005,p1_m2,-4.0,-3.991376881849803,-4.012143507323784,-2.4551965392941355e-05,6.543250445470581e-07
0.7200000000000005,p1_m3,0.0,-0.02571553917608386,-0.02497306740166404,0.0,6.543250445470581e-07
0.7200000000000005,p2_m0,0.0,0.08017763868787642,0.0864942174613235,0.0,6.543250445470581e-07
0.7200000000000005,p2_m1,0.0,-0.09952866882828999,-0.09950910498325155,0.0,6.543250445470581e-07
0.7200000000000005,p2_m2,0.0,0.07027447225186072,0.07598050267251692,0.0,6.543250445470581e-07
0.7200000000000005,p2_m3,0.0,-0.006456997946148721,-0.009335748362595727,0.0,6.543250445470581e-07
0.7200000000000005,p3_m0,0.0,-0.08995214286399299,-0.08998377981683109,0.0,6.543250445470581e-07
0.7200000000000005,p3_m1,0.0,0.07795606461953472,0.0839653160160691,0.0,6.543250445470581e-07
0.7200000000000005,p3_m2,0.0,-0.09787500194217195,-0.10475742335794515,0.0,6.543250445470581e-07
0.7200000000000005,p3_m3,0.0,0.16534788808107717,0.17436425697484736,0.0,6.543250445470581e-07
0.7300000000000005,p0_m0,8.0,3.855527506168531,3.3836114046002614,0.01156793889740369,2.512193921079046e-06
0.7300000000000005,p0_m1,8.0,3.101944544620362,2.844702705282916,0.01434510335079299,2.512193921079046e-06
0.7300000000000005,p0_m2,0.0,-0.15427106919823347,-0.1559658783255911,0.0,2.512193921079046e-06
0.7300000000000005,p0_m3,0.0,0.08700093507823459,0.08573537711907146,0.0,2.512193921079046e-06
0.7300000000000005,p1_m0,0.0,0.05824872430063983,0.056592566876485687,0.0,2.512193921079046e-06
0.7300000000000005,p1_m1,0.0,-0.05704972494613532,-0.05670634337141146,0.0,2.512193921079046e-06
0.7300000000000005,p1_m2,-4.0,-1.9279267456355764,-1.7064190198673876,-0.005808330917110387,2.512193921079046e-06
0.7300000000000005,p1_m3,0.0,0.028395228667750787,0.03279715666638369,0.0,2.512193921079046e-06
0.7300000000000005,p2_m0,0.0,0.09667968941286452,0.09821358871651803,0.0,2.512193921079046e-06
0.7300000000000005,p2_m1,0.0,-0.10335863946390356,-0.10249729650525607,0.0,2.512193921079046e-06
0.7300000000000005,p2_m2,0.0,0.11036588880569254,0.11567493320356809,0.0,2.512193921079046e-06
0.7300000000000005,p2_m3,0.0,-0.008974849013291951,-0.009068749632473708,0.0,2.512193921079046e-06
0.7300000000000005,p3_m0,0.0,-0.09703287278696983,-0.09682641024339235,0.0,2.512193921079046e-06
0.7300000000000005,p3_m1,0.0,0.1454302837610765,0.14816324670137018,0.0,2.512193921079046e-06
0.7300000000000005,p3_m2,0.0,-0.1568873352206103,-0.1626423835828893,0.0,2.512193921079046e-06
0.7300000000000005,p3_m3,0.0,0.19913687674856898,0.2022833462256845,0.0,2.512193921079046e-06
0.7400000000000005,p0_m0,8.0,7.983635131919287,8.950505410233053,0.0006078333643700678,5.06413987296956e-06
0.7400000000000005,p0_m1,8.0,6.829202070075843,8.256869323421329,0.015,5.06413987296956e-06
0.7400000000000005,p0_m2,0.0,-0.23368629515280026,-0.22557457889325405,0.0,5.06413987296956e-06
0.7400000000000005,p0_m3,0.0,0.12031463731349665,0.12053305614557044,0.0,5.06413987296956e-06
0.7400000000000005,p1_m0,0.0,0.0863247265126279,0.08679949118076696,0.0,5.06413987296956e-06
0.7400000000000005,p1_m1,0.0,-0.0811804931855524,-0.07814088255065024,0.0,5.06413987296956e-06
0.7400000000000005,p1_m2,-4.0,-3.994240835602866,-4.468796880318138,-0.0002611478255914004,5.06413987296956e-06
0.7400000000000005,p1_m3,0.0,0.043748507330985,0.03662390529894893,0.0,5.06413987296956e-06
0.7400000000000005,p2_m0,0.0,0.1881193607354732,0.1751458698475822,0.0,5.06413987296956e-06
0.7400000000000005,p2_m1,0.0,-0.1087805121566669,-0.10766558422519908,0.0,5.06413987296956e-06
0.7400000000000005,p2_m2,0.0,0.23481997949171968,0.21393740024803312,0.0,5.06413987296956e-06
0.7400000000000005,p2_m3,0.0,-0.0253870511971467,-0.023640663630006997,0.0,5.06413987296956e-06
0.7400000000000005,p3_m0,0.0,-0.09540003701046851,-0.09527253926191565,0.0,5.06413987296956e-06
0.7400000000000005,p3_m1,0.0,0.1732706171934851,0.16667169089566553,0.0,5.06413987296956e-06
0.7400000000000005,p3_m2,0.0,-0.23418841558685985,-0.22272432850858298,0.0,5.06413987296956e-06
0.7400000000000005,p3_m3,0.0,0.3298779136268777,0.31116351201454195,0.0,5.06413987296956e-06
0.7500000000000006,p0_m0,8.0,7.9836502375839995,8.036536309826252,4.526735476466737e-05,1.0608473831718104e-06
0.7500000000000006,p0_m1,8.0,6.895378528956463,6.604592100386252,0.001615652614281002,1.0608473831718104e-06
0.7500000000000006,p0_m2,0.0,-0.11208635150152356,-0.1159700684294027,0.0,1.0608473831718104e-06
0.7500000000000006,p0_m3,0.0,0.06654366097310276,0.06803201356338212,0.0,1.0608473831718104e-06
0.7500000000000006,p1_m0,0.0,0.06340844673548321,0.06468058961685824,0.0,1.0608473831718104e-06
0.7500000000000006,p1_m1,0.0,-0.07740086251634502,-0.07645991476539833,0.0,1.0608473831718104e-06
0.7500000000000006,p1_m2,-4.0,-3.9917316351941574,-4.018423468114812,-2.311758555788268e-05,1.0608473831718104e-06
0.7500000000000006,p1_m3,0.0,-0.012176022272525382,-0.011078024215593235,0.0,1.0608473831718104e-06
0.7500000000000006,p2_m0,0.0,0.0523836185789004,0.057477525464918085,0.0,1.0608473831718104e-06
0.7500000000000006,p2_m1,0.0,-0.1051428578478124,-0.10511431329682287,0.0,1.0608473831718104e-06
0.7500000000000006,p2_m2,0.0,0.0606406526883407,0.06539523829140806,0.0,1.0608473831718104e-06
0.7500000000000006,p2_m3,0.0,0.00813484099252153,0.005651722019805987,0.0,1.0608473831718104e-06
0.7500000000000006,p3_m0,0.0,-0.09250480999077042,-0.09253462913524907,0.0,1.0608473831718104e-06
0.7500000000000006,p3_m1,0.0,0.06660057241185008,0.07045314331584185,0.0,1.0608473831718104e-06
0.7500000000000006,p3_m2,0.0,-0.0874357510836434,-0.09207548050210944,0.0,1.0608473831718104e-06
0.7500000000000006,p3_m3,0.0,0.11833109030956467,0.12549605855093163,0.0,1.0608473831718104e-06
0.7600000000000006,p0_m0,8.0,4.83367389124289,4.319290341891195,0.008276049364978555,1.8006957409803811e-06
0.7600000000000006,p0_m1,8.0,3.4852680104886713,3.134342316206979,0.012990949321473762,1.8006957409803811e-06
0.7600000000000006,p0_m2,0.0,-0.13601066451395838,-0.13610191988748482,0.0,1.8006957409803811e-06
0.7600000000000006,p0_m3,0.0,0.08744242189632725,0.08592812929185337,0.0,1.8006957409803811e-06
0.7600000000000006,p1_m0,0.0,0.07020523839801282,0.06713904476303484,0.0,1.8006957409803811e-06
0.7600000000000006,p1_m1,0.0,-0.06317476348430469,-0.061895225895628424,0.0,1.8006957409803811e-06
0.7600000000000006,p1_m2,-4.0,-2.214551579256066,-1.974698495278229,-0.004819727728695524,1.8006957409803811e-06
0.7600000000000006,p1_m3,0.0,0.0010531627829524408,0.004848172954552606,0.0,1.8006957409803811e-06
0.7600000000000006,p2_m0,0.0,0.07910227332122939,0.07908438467945603,0.0,1.8006957409803811e-06
0.7600000000000006,p2_m1,0.0,-0.09840653695326973,-0.10067784999876052,0.0,1.8006957409803811e-06
0.7600000000000006,p2_m2,0.0,0.07513531596876251,0.07852302109300452,0.0,1.8006957409803811e-06
0.7600000000000006,p2_m3,0.0,-0.003352892992121988,-0.0019786063777090415,0.0,1.8006957409803811e-06
0.7600000000000006,p3_m0,0.0,-0.09511359840628993,-0.09468311328655318,0.0,1.8006957409803811e-06
0.7600000000000006,p3_m1,0.0,0.1100791261840191,0.11309798693116853,0.0,1.8006957409803811e-06
0.7600000000000006,p3_m2,0.0,-0.12002575870641527,-0.12306623562090718,0.0,1.8006957409803811e-06
0.7600000000000006,p3_m3,0.0,0.16429927203695882,0.16547540716880846,0.0,1.8006957409803811e-06
0.7700000000000006,p0_m0,8.0,2.8901670495842087,2.7381036688125144,0.015,4.593888744554605e-06
0.7700000000000006,p0_m1,8.0,2.7647766650884504,2.731100327977178,0.015,4.593888744554605e-06
0.7700000000000006,p0_m2,0.0,-0.1867538190104898,-0.18499667350725216,0.0,4.593888744554605e-06
0.7700000000000006,p0_m3,0.0,0.06341999396847314,0.06273695967574164,0.0,4.593888744554605e-06
0.7700000000000006,p1_m0,0.0,0.04653980505339816,0.0472456731972093,0.0,4.593888744554605e-06
0.7700000000000006,p1_m1,0.0,-0.046301648616187185,-0.046739600371631364,0.0,4.593888744554605e-06
0.7700000000000006,p1_m2,-4.0,-1.518113639246087,-1.4676477388918936,-0.007530951052012762,4.593888744554605e-06
0.7700000000000006,p1_m3,0.0,0.07923486161769533,0.07514881627812023,0.0,4.593888744554605e-06
0.7700000000000006,p2_m0,0.0,0.16065226295886176,0.16179438898784002,0.0,4.593888744554605e-06
0.7700000000000006,p2_m1,0.0,-0.10026623037234841,-0.10018679178549701,0.0,4.593888744554605e-06
0.7700000000000006,p2_m2,0.0,0.24569750300224474,0.246895881111732,0.0,4.593888744554605e-06
0.7700000000000006,p2_m3,0.0,-0.0035458097623266957,-0.0036154877494976143,0.0,4.593888744554605e-06
0.7700000000000006,p3_m0,0.0,-0.09384378901172413,-0.09383638035391997,0.0,4.593888744554605e-06
0.7700000000000006,p3_m1,0.0,0.15040928547970447,0.1487586320890503,0.0,4.593888744554605e-06
0.7700000000000006,p3_m2,0.0,-0.21951652555981324,-0.21389416529235938,0.0,4.593888744554605e-06
0.7700000000000006,p3_m3,0.0,0.2866470204229666,0.2866947825570209,0.0,4.593888744554605e-06
0.7800000000000006,p0_m0,8.0,7.988948163654147,8.11576285904612,2.4450491793572837e-05,1.3923735700711758e-06
0.7800000000000006,p0_m1,8.0,6.907934310091047,6.824881109003166,0.001663260470615942,1.3923735700711758e-06
0.7800000000000006,p0_m2,0.0,-0.16972007280167273,-0.16645046598791066,0.0,1.3923735700711758e-06
0.7800000000000006,p0_m3,0.0,0.10185648172889046,0.09840378265407469,0.0,1.3923735700711758e-06
0.7800000000000006,p1_m0,0.0,0.09390447690083878,0.09070093402257894,0.0,1.3923735700711758e-06
0.7800000000000006,p1_m1,0.0,-0.07662769620883256,-0.07546333503723296,0.0,1.3923735700711758e-06
0.7800000000000006,p1_m2,-4.0,-3.994320259316352,-4.058433035112968,-1.249329296649071e-05,1.3923735700711758e-06
0.7800000000000006,p1_m3,0.0,-0.023491904142654754,-0.019457594088115152,0.0,1.3923735700711758e-06
0.7800000000000006,p2_m0,0.0,0.10616654048408757,0.10494409737207834,0.0,1.3923735700711758e-06
0.7800000000000006,p2_m1,0.0,-0.09631198021678403,-0.09636470167359698,0.0,1.3923735700711758e-06
0.7800000000000006,p2_m2,0.0,0.09801233555835351,0.09989525009295364,0.0,1.3923735700711758e-06
0.7800000000000006,p2_m3,0.0,-0.005891235537919668,-0.006393872868691595,0.0,1.3923735700711758e-06
0.7800000000000006,p3_m0,0.0,-0.09048418696288138,-0.09054999647792505,0.0,1.3923735700711758e-06
0.7800000000000006,p3_m1,0.0,0.07687181752094703,0.08087200706312542,0.0,1.3923735700711758e-06
0.7800000000000006,p3_m2,0.0,-0.10502012222397289,-0.10938861912588654,0.0,1.3923735700711758e-06
0.7800000000000006,p3_m3,0.0,0.2141682522224559,0.20993843670422827,0.0,1.3923735700711758e-06
0.7900000000000006,p0_m0,8.0,4.843181970765004,4.3310419215283265,0.008245142253123814,1.5681441528501256e-06
0.7900000000000006,p0_m1,8.0,3.5396166918752403,3.189917343229646,0.012809660443599914,1.5681441528501256e-06
0.7900000000000006,p0_m2,0.0,-0.1502524944979428,-0.15109378847264868,0.0,1.5681441528501256e-06
0.7900000000000006,p0_m3,0.0,0.09657784358962462,0.09552132205473181,0.0,1.5681441528501256e-06
0.7900000000000006,p1_m0,0.0,0.07732763026777108,0.0746750881501446,0.0,1.5681441528501256e-06
0.7900000000000006,p1_m1,0.0,-0.06104694873389623,-0.059813108960857064,0.0,1.5681441528501256e-06
0.7900000000000006,p1_m2,-4.0,-2.2195332742701597,-1.980828338396667,-0.004803668725021989,1.5681441528501256e-06
0.7900000000000006,p1_m3,0.0,-0.0007289300520048008,0.002901238489776604,0.0,1.5681441528501256e-06
0.7900000000000006,p2_m0,0.0,0.09369033533309348,0.09436944779685161,0.0,1.5681441528501256e-06
0.7900000000000006,p2_m1,0.0,-0.09423019068136998,-0.09652061798914845,0.0,1.5681441528501256e-06
0.7900000000000006,p2_m2,0.0,0.08602251494820999,0.08990517539107701,0.0,1.5681441528501256e-06
0.7900000000000006,p2_m3,0.0,-0.006736834021051245,-0.0054954479949868296,0.0,1.5681441528501256e-06
0.7900000000000006,p3_m0,0.0,-0.09349450489830119,-0.09301320740755604,0.0,1.5681441528501256e-06
0.7900000000000006,p3_m1,0.0,0.11242278406382049,0.11560822980352957,0.0,1.5681441528501256e-06
0.7900000000000006,p3_m2,0.0,-0.1252777660239732,-0.1286161787917788,0.0,1.5681441528501256e-06
0.7900000000000006,p3_m3,0.0,0.19057308378013477,0.19295020158997803,0.0,1.5681441528501256e-06
0.8000000000000006,p0_m0,8.0,2.8268075326698483,2.651308734689609,0.015,4.450639302117028e-06
0.8000000000000006,p0_m1,8.0,2.7927560255390875,2.7581804919932686,0.015,4.450639302117028e-06
0.8000000000000006,p0_m2,0.0,-0.19141185642098085,-0.19052398774018794,0.0,4.450639302117028e-06
0.8000000000000006,p0_m3,0.0,0.06703424147478285,0.06699719360409555,0.0,4.450639302117028e-06
0.8000000000000006,p1_m0,0.0,0.050250268493370984,0.051129744255658,0.0,4.450639302117028e-06
0.8000000000000006,p1_m1,0.0,-0.04600253890841912,-0.04725808807543884,0.0,4.450639302117028e-06
0.8000000000000006,p1_m2,-4.0,-1.484780133189109,-1.4223800339355164,-0.007529814232283081,4.450639302117028e-06
0.8000000000000006,p1_m3,0.0,0.07926407490862517,0.07505514977850282,0.0,4.450639302117028e-06
0.8000000000000006,p2_m0,0.0,0.16778738843752145,0.17097669966337758,0.0,4.450639302117028e-06
0.8000000000000006,p2_m1,0.0,-0.09715706588980787,-0.09704726206880177,0.0,4.450639302117028e-06
0.8000000000000006,p2_m2,0.0,0.25154524077988555,0.25477917859661137,0.0,4.450639302117028e-06
0.8000000000000006,p2_m3,0.0,-0.006781683365884596,-0.006918474665618378,0.0,4.450639302117028e-06
0.8000000000000006,p3_m0,0.0,-0.09229217192734557,-0.09230015374052682,0.0,4.450639302117028e-06
0.8000000000000006,p3_m1,0.0,0.1520800948765056,0.15048031228856673,0.0,4.450639302117028e-06
0.8000000000000006,p3_m2,0.0,-0.22257362299863184,-0.21698225756251677,0.0,4.450639302117028e-06
0.8000000000000006,p3_m3,0.0,0.2980316069615027,0.30053233686322495,0.0,4.450639302117028e-06
0.8100000000000006,p0_m0,8.0,7.988889995144705,8.11619154207321,2.4608264778468227e-05,2.4802960885402067e-06
0.8100000000000006,p0_m1,8.0,7.996482650707212,8.242322576633828,-5.605684750483064e-06,2.4802960885402067e-06
0.8100000000000006,p0_m2,0.0,-0.13631559572173113,-0.13493430703491177,0.0,2.4802960885402067e-06
0.8100000000000006,p0_m3,0.0,0.08106258549846179,0.07927607452722293,0.0,2.4802960885402067e-06
0.8100000000000006,p1_m0,0.0,0.07052139193716325,0.06923550195420586,0.0,2.4802960885402067e-06
0.8100000000000006,p1_m1,0.0,-0.07877789536709538,-0.0781006706470481,0.0,2.4802960885402067e-06
0.8100000000000006,p1_m2,-4.0,-3.9941988672477176,-4.058482824459269,-1.2843355172803773e-05,2.4802960885402067e-06
0.8100000000000006,p1_m3,0.0,-0.004707765937829151,-0.0032796241316619835,0.0,2.4802960885402067e-06
0.8100000000000006,p2_m0,0.0,0.07553216665167423,0.0750235999516967,0.0,2.4802960885402067e-06
0.8100000000000006,p2_m1,0.0,-0.09344740239539269,-0.09345332986314708,0.0,2.4802960885402067e-06
0.8100000000000006,p2_m2,0.0,0.092296017685971,0.09275002982620976,0.0,2.4802960885402067e-06
0.8100000000000006,p2_m3,0.0,0.005316356555752547,0.00574499471767138,0.0,2.4802960885402067e-06
0.8100000000000006,p3_m0,0.0,-0.08925239143803902,-0.08925814514699339,0.0,2.4802960885402067e-06
0.8100000000000006,p3_m1,0.0,0.0861604453235732,0.08560102834911372,0.0,2.4802960885402067e-06
0.8100000000000006,p3_m2,0.0,-0.1140112012974024,-0.11379361088415073,0.0,2.4802960885402067e-06
0.8100000000000006,p3_m3,0.0,0.15787280788344485,0.15699142294447557,0.0,2.4802960885402067e-06
0.8200000000000006,p0_m0,8.0,6.1782578313079775,5.793518188864262,0.00314056207528789,1.2151640551101575e-06
0.8200000000000006,p0_m1,8.0,4.123992138535141,3.6860029760026407,0.01081114499173462,1.2151640551101575e-06
0.8200000000000006,p0_m2,0.0,-0.13911938144367517,-0.1392378248570111,0.0,1.2151640551101575e-06
0.8200000000000006,p0_m3,0.0,0.09124427439343795,0.09085895992517284,0.0,1.2151640551101575e-06
0.8200000000000006,p1_m0,0.0,0.08423565214485494,0.08242721416796212,0.0,1.2151640551101575e-06
0.8200000000000006,p1_m1,0.0,-0.08051047048815609,-0.07829074678899058,0.0,1.2151640551101575e-06
0.8200000000000006,p1_m2,-4.0,-3.1856975929978195,-2.8840569817905113,-0.0014983016671867736,1.2151640551101575e-06
0.8200000000000006,p1_m3,0.0,-0.021251869100677695,-0.01797766652939568,0.0,1.2151640551101575e-06
0.8200000000000006,p2_m0,0.0,0.08074812015204144,0.08134155893894443,0.0,1.2151640551101575e-06
0.8200000000000006,p2_m1,0.0,-0.08937182013126885,-0.08961048639796933,0.0,1.2151640551101575e-06
0.8200000000000006,p2_m2,0.0,0.06482082726939727,0.06777058134643035,0.0,1.2151640551101575e-06
0.8200000000000006,p2_m3,0.0,-0.012969442782912954,-0.01170272658755227,0.0,1.2151640551101575e-06
0.8200000000000006,p3_m0,0.0,-0.09713447477722961,-0.09723954278139166,0.0,1.2151640551101575e-06
0.8200000000000006,p3_m1,0.0,0.09357644477780902,0.09556070803427386,0.0,1.2151640551101575e-06
0.8200000000000006,p3_m2,0.0,-0.10524355768257997,-0.10760349515896818,0.0,1.2151640551101575e-06
0.8200000000000006,p3_m3,0.0,0.1579853768266903,0.15994945252902482,0.0,1.2151640551101575e-06
0.8300000000000006,p0_m0,8.0,3.085377272796732,2.7673530271180686,0.014334545745024909,3.949559696900436e-06
0.8300000000000006,p0_m1,8.0,2.7973145357913247,2.6998153004454477,0.015,3.949559696900436e-06
0.8300000000000006,p0_m2,0.0,-0.17689854441024888,-0.1789993303119692,0.0,3.949559696900436e-06
0.8300000000000006,p0_m3,0.0,0.07519240340921286,0.07426142463538618,0.0,3.949559696900436e-06
0.8300000000000006,p1_m0,0.0,0.04994778460075649,0.05161120115222918,0.0,3.949559696900436e-06
0.8300000000000006,p1_m1,0.0,-0.05203338704542379,-0.05310852177616073,0.0,3.949559696900436e-06
0.8300000000000006,p1_m2,-4.0,-1.5950990039174215,-1.4536701930448583,-0.007062337780197781,3.949559696900436e-06
0.8300000000000006,p1_m3,0.0,0.07621295112253468,0.07404457658267291,0.0,3.949559696900436e-06
0.8300000000000006,p2_m0,0.0,0.12629633011859032,0.13039008084291087,0.0,3.949559696900436e-06
0.8300000000000006,p2_m1,0.0,-0.10046560633600926,-0.1000877596726447,0.0,3.949559696900436e-06
0.8300000000000006,p2_m2,0.0,0.17988460635210107,0.18585097427768202,0.0,3.949559696900436e-06
0.8300000000000006,p2_m3,0.0,-0.008019431774925857,-0.008174451123207475,0.0,3.949559696900436e-06
0.8300000000000006,p3_m0,0.0,-0.09587981450082565,-0.09582714726905316,0.0,3.949559696900436e-06
0.8300000000000006,p3_m1,0.0,0.15542223649067421,0.151463894555747,0.0,3.949559696900436e-06
0.8300000000000006,p3_m2,0.0,-0.22306187347730355,-0.21984584068801696,0.0,3.949559696900436e-06
0.8300000000000006,p3_m3,0.0,0.24349228223429012,0.24751557832204493,0.0,3.949559696900436e-06
0.8400000000000006,p0_m0,8.0,8.000555264327627,8.310697422260523,-2.0383555004874765e-05,3.7849910037756334e-06
0.8400000000000006,p0_m1,8.0,8.015981948115645,8.601907521369096,-5.4323084061335795e-05,3.7849910037756334e-06
0.8400000000000006,p0_m2,0.0,-0.19536402722378812,-0.18915533550599184,0.0,3.7849910037756334e-06
0.8400000000000006,p0_m3,0.0,0.11066612727294198,0.10597890190503839,0.0,3.7849910037756334e-06
0.8400000000000006,p1_m0,0.0,0.09124922470134193,0.08909151458637919,0.0,3.7849910037756334e-06
0.8400000000000006,p1_m1,0.0,-0.08182388532435958,-0.08031575430418715,0.0,3.7849910037756334e-06
0.8400000000000006,p1_m2,-4.0,-4.000029845675197,-4.15029429717629,8.047359788290187e-06,3.7849910037756334e-06
0.8400000000000006,p1_m3,0.0,-0.0013933568676829865,-0.0022375190196849857,0.0,3.7849910037756334e-06
0.8400000000000006,p2_m0,0.0,0.12897084013766644,0.12219689719986368,0.0,3.7849910037756334e-06
0.8400000000000006,p2_m1,0.0,-0.10444714990377087,-0.10410152302994215,0.0,3.7849910037756334e-06
0.8400000000000006,p2_m2,0.0,0.14098439389202963,0.13377782374002764,0.0,3.7849910037756334e-06
0.8400000000000006,p2_m3,0.0,-0.010957846190469404,-0.008506200971157788,0.0,3.7849910037756334e-06
0.8400000000000006,p3_m0,0.0,-0.09309310838379155,-0.09309458649837081,0.0,3.7849910037756334e-06
0.8400000000000006,p3_m1,0.0,0.11041328894824179,0.10403822030021462,0.0,3.7849910037756334e-06
0.8400000000000006,p3_m2,0.0,-0.14930970722813805,-0.14189137779823416,0.0,3.7849910037756334e-06
0.8400000000000006,p3_m3,0.0,0.2516948618529397,0.24244949081396888,0.0,3.7849910037756334e-06
0.8500000000000006,p0_m0,8.0,6.936954167906912,6.438232782548154,0.0015009069056431273,9.503243109276366e-07
0.8500000000000006,p0_m1,8.0,4.443889284089448,3.9942415635277784,0.009738851673091242,9.503243109276366e-07
0.8500000000000006,p0_m2,0.0,-0.14686321410026337,-0.1484214314594057,0.0,9.503243109276366e-07
0.8500000000000006,p0_m3,0.0,0.09454105941395498,0.0957105942076957,0.0,9.503243109276366e-07
0.8500000000000006,p1_m0,0.0,0.08683924381828809,0.08630563329871863,0.0,9.503243109276366e-07
0.8500000000000006,p1_m1,0.0,-0.07802025537786739,-0.0762693288975403,0.0,9.503243109276366e-07
0.8500000000000006,p1_m2,-4.0,-3.181493822593501,-2.890963327429734,-0.0015011767274286513,9.503243109276366e-07
0.8500000000000006,p1_m3,0.0,-0.021511682046302313,-0.01866613584971469,0.0,9.503243109276366e-07
0.8500000000000006,p2_m0,0.0,0.08650672444005564,0.08846577503457966,0.0,9.503243109276366e-07
0.8500000000000006,p2_m1,0.0,-0.09360787675323917,-0.09313103041343594,0.0,9.503243109276366e-07
0.8500000000000006,p2_m2,0.0,0.07056577246505522,0.07413897446854248,0.0,9.503243109276366e-07
0.8500000000000006,p2_m3,0.0,-0.012384367330330584,-0.011720705123455577,0.0,9.503243109276366e-07
0.8500000000000006,p3_m0,0.0,-0.09563596992811728,-0.09596873536600696,0.0,9.503243109276366e-07
0.8500000000000006,p3_m1,0.0,0.0893765248952533,0.09211392766100215,0.0,9.503243109276366e-07
0.8500000000000006,p3_m2,0.0,-0.1050006391655324,-0.10827325689465528,0.0,9.503243109276366e-07
0.8500000000000006,p3_m3,0.0,0.1719342023098282,0.17596987358529093,0.0,9.503243109276366e-07
0.8600000000000007,p0_m0,8.0,3.2351754441253644,2.8767958742990083,0.013790919458390446,3.5140902106402864e-06
0.8600000000000007,p0_m1,8.0,2.8710226794889833,2.725428583032109,0.015,3.5140902106402864e-06
0.8600000000000007,p0_m2,0.0,-0.16829091656148204,-0.17173368824831964,0.0,3.5140902106402864e-06
0.8600000000000007,p0_m3,0.0,0.07708917265466661,0.07680130782182575,0.0,3.5140902106402864e-06
0.8600000000000007,p1_m0,0.0,0.049186149446617866,0.05154991426935941,0.0,3.5140902106402864e-06
0.8600000000000007,p1_m1,0.0,-0.046146669778817324,-0.04750436731436993,0.0,3.5140902106402864e-06
0.8600000000000007,p1_m2,-4.0,-1.562263547403893,-1.4140650174123874,-0.007143626687585227,3.5140902106402864e-06
0.8600000000000007,p1_m3,0.0,0.07177742813270079,0.07166690895380025,0.0,3.5140902106402864e-06
0.8600000000000007,p2_m0,0.0,0.11479346136864822,0.11945133688149522,0.0,3.5140902106402864e-06
0.8600000000000007,p2_m1,0.0,-0.09966359872639831,-0.09941899688920884,0.0,3.5140902106402864e-06
0.8600000000000007,p2_m2,0.0,0.16150671915540366,0.1682979135733824,0.0,3.5140902106402864e-06
0.8600000000000007,p2_m3,0.0,-0.0042595695197083115,-0.004617706007461849,0.0,3.5140902106402864e-06
0.8600000000000007,p3_m0,0.0,-0.09348713448287559,-0.09350757507652963,0.0,3.5140902106402864e-06
0.8600000000000007,p3_m1,0.0,0.1532605521758661,0.148583421127619,0.0,3.5140902106402864e-06
0.8600000000000007,p3_m2,0.0,-0.2130880260754263,-0.21532077641910333,0.0,3.5140902106402864e-06
0.8600000000000007,p3_m3,0.0,0.2317052023934814,0.23716875088703357,0.0,3.5140902106402864e-06
0.8700000000000007,p0_m0,8.0,8.006861184703745,8.420169267029424,-4.087345182492186e-05,4.396525987392694e-06
0.8700000000000007,p0_m1,8.0,8.017919983827005,8.796543601514944,4.489275611466681e-05,4.396525987392694e-06
0.8700000000000007,p0_m2,0.0,-0.1933234595570207,-0.18224599056414215,0.0,4.396525987392694e-06
0.8700000000000007,p0_m3,0.0,0.11164862575245627,0.10417089549454109,0.0,4.396525987392694e-06
0.8700000000000007,p1_m0,0.0,0.08572187569928111,0.08142282837333166,0.0,4.396525987392694e-06
0.8700000000000007,p1_m1,0.0,-0.08057487220533675,-0.07836855831138285,0.0,4.396525987392694e-06
0.8700000000000007,p1_m2,-4.0,-4.003409356549297,-4.212140417045053,2.0297188149322134e-05,4.396525987392694e-06
0.8700000000000007,p1_m3,0.0,0.012742082858740565,0.012079803365240425,0.0,4.396525987392694e-06
0.8700000000000007,p2_m0,0.0,0.13402384449888372,0.12186733043407262,0.0,4.396525987392694e-06
0.8700000000000007,p2_m1,0.0,-0.09711074464473098,-0.09704608136945538,0.0,4.396525987392694e-06
0.8700000000000007,p2_m2,0.0,0.16052468438735676,0.14852256194366584,0.0,4.396525987392694e-06
0.8700000000000007,p2_m3,0.0,-0.00932637601907368,-0.00514880689403109,0.0,4.396525987392694e-06
0.8700000000000007,p3_m0,0.0,-0.0912442262253564,-0.09119173276762156,0.0,4.396525987392694e-06
0.8700000000000007,p3_m1,0.0,0.13180197874596056,0.12344230350146237,0.0,4.396525987392694e-06
0.8700000000000007,p3_m2,0.0,-0.1748841692161491,-0.1646453201942695,0.0,4.396525987392694e-06
0.8700000000000007,p3_m3,0.0,0.24941258268223512,0.2313819679894094,0.0,4.396525987392694e-06
0.8800000000000007,p0_m0,8.0,7.98155502502819,8.004045423118901,5.3802036593395995e-05,7.226590570051984e-07
0.8800000000000007,p0_m1,8.0,5.072612470880393,4.6076335339676975,0.007631625587777115,7.226590570051984e-07
0.8800000000000007,p0_m2,0.0,-0.13555535282960535,-0.1411313548496914,0.0,7.226590570051984e-07
0.8800000000000007,p0_m3,0.0,0.08681801727688886,0.09004402378584513,0.0,7.226590570051984e-07
0.8800000000000007,p1_m0,0.0,0.08367058480711785,0.08550383280611598,0.0,7.226590570051984e-07
0.8800000000000007,p1_m1,0.0,-0.08511133595939041,-0.08599066211407803,0.0,7.226590570051984e-07
0.8800000000000007,p1_m2,-4.0,-3.9908302811287126,-4.002706256375913,-2.6884983015760255e-05,7.226590570051984e-07
0.8800000000000007,p1_m3,0.0,-0.02590285466039333,-0.02452247301930545,0.0,7.226590570051984e-07
0.8800000000000007,p2_m0,0.0,0.07118931450151325,0.07690675676545483,0.0,7.226590570051984e-07
0.8800000000000007,p2_m1,0.0,-0.09374986712800983,-0.09332288904225979,0.0,7.226590570051984e-07
0.8800000000000007,p2_m2,0.0,0.0610227062762163,0.0666024190301132,0.0,7.226590570051984e-07
0.8800000000000007,p2_m3,0.0,-0.006053915959523469,-0.008185964232602783,0.0,7.226590570051984e-07
0.8800000000000007,p3_m0,0.0,-0.08883364072762735,-0.08886161720916225,0.0,7.226590570051984e-07
0.8800000000000007,p3_m1,0.0,0.08157418112665395,0.08661423001704206,0.0,7.226590570051984e-07
0.8800000000000007,p3_m2,0.0,-0.0988606681241731,-0.10472636573935547,0.0,7.226590570051984e-07
0.8800000000000007,p3_m3,0.0,0.14477479099935134,0.15353540957030326,0.0,7.226590570051984e-07
0.8900000000000007,p0_m0,8.0,3.856724828813633,3.3869640210846543,0.011576470177562984,2.9536957327563267e-06
0.8900000000000007,p0_m1,8.0,2.9904318401471803,2.764243688507415,0.014744125300719788,2.9536957327563267e-06
0.8900000000000007,p0_m2,0.0,-0.16027405411955026,-0.16204091307407853,0.0,2.9536957327563267e-06
0.8900000000000007,p0_m3,0.0,0.09409870047330252,0.09286164705947839,0.0,2.9536957327563267e-06
0.8900000000000007,p1_m0,0.0,0.06165101534145355,0.060324351509522665,0.0,2.9536957327563267e-06
0.8900000000000007,p1_m1,0.0,-0.058683831024330765,-0.058741481839375824,0.0,2.9536957327563267e-06
0.8900000000000007,p1_m2,-4.0,-1.795900058139498,-1.5869952278547574,-0.00625743859374464,2.9536957327563267e-06
0.8900000000000007,p1_m3,0.0,0.032186040388115934,0.03649109634786609,0.0,2.9536957327563267e-06
0.8900000000000007,p2_m0,0.0,0.09938094331592616,0.10113737843459011,0.0,2.9536957327563267e-06
0.8900000000000007,p2_m1,0.0,-0.10220815179417286,-0.10114761400230252,0.0,2.9536957327563267e-06
0.8900000000000007,p2_m2,0.0,0.11423757730775456,0.1196391962270795,0.0,2.9536957327563267e-06
0.8900000000000007,p2_m3,0.0,-0.006440171787866095,-0.0065768358307907665,0.0,2.9536957327563267e-06
0.8900000000000007,p3_m0,0.0,-0.09855259102587963,-0.09825625739180215,0.0,2.9536957327563267e-06
0.8900000000000007,p3_m1,0.0,0.15455517448274333,0.1560383252496109,0.0,2.9536957327563267e-06
0.8900000000000007,p3_m2,0.0,-0.16696046003774442,-0.17355510334345997,0.0,2.9536957327563267e-06
0.8900000000000007,p3_m3,0.0,0.20581572250397906,0.20882093154427117,0.0,2.9536957327563267e-06
0.9000000000000007,p0_m0,8.0,7.984511796134958,8.949863195686271,0.0005995014300106645,5.244976790767619e-06
0.9000000000000007,p0_m1,8.0,6.945657732362872,8.365510915949887,0.015,5.244976790767619e-06
0.9000000000000007,p0_m2,0.0,-0.23953962794418962,-0.23090022272606184,0.0,5.244976790767619e-06
0.9000000000000007,p0_m3,0.0,0.1279597819167034,0.12744609176962515,0.0,5.244976790767619e-06
0.9000000000000007,p1_m0,0.0,0.09434440190067131,0.09405933135766756,0.0,5.244976790767619e-06
0.9000000000000007,p1_m1,0.0,-0.08406749435356006,-0.080823669815328,0.0,5.244976790767619e-06
0.9000000000000007,p1_m2,-4.0,-3.994800406490494,-4.484596817531899,-0.0002636203510360353,5.244976790767619e-06
0.9000000000000007,p1_m3,0.0,0.03937516322157575,0.03292423698868344,0.0,5.244976790767619e-06
0.9000000000000007,p2_m0,0.0,0.19277708196865287,0.17916289093402704,0.0,5.244976790767619e-06
0.9000000000000007,p2_m1,0.0,-0.10051959987870238,-0.10030943513450102,0.0,5.244976790767619e-06
0.9000000000000007,p2_m2,0.0,0.23791328734217396,0.21668794735962102,0.0,5.244976790767619e-06
0.9000000000000007,p2_m3,0.0,-0.024258135990194406,-0.02237776926120827,0.0,5.244976790767619e-06
0.9000000000000007,p3_m0,0.0,-0.09685367812422283,-0.09671882105932478,0.0,5.244976790767619e-06
0.9000000000000007,p3_m1,0.0,0.17814006496311913,0.17121290587969676,0.0,5.244976790767619e-06
0.9000000000000007,p3_m2,0.0,-0.23789638014695186,-0.22621871411475894,0.0,5.244976790767619e-06
0.9000000000000007,p3_m3,0.0,0.33783282517968277,0.3181914649739064,0.0,5.244976790767619e-06
0.9100000000000007,p0_m0,8.0,7.983656076639298,8.036439517026084,4.523336547296619e-05,4.1920001071833347e-07
0.9100000000000007,p0_m1,8.0,5.905967545811881,5.530645788483416,0.004880570259363188,4.1920001071833347e-07
0.9100000000000007,p0_m2,0.0,-0.15236359549784198,-0.15713085513543013,0.0,4.1920001071833347e-07
0.9100000000000007,p0_m3,0.0,0.09340911652996119,0.0963675492152487,0.0,4.1920001071833347e-07
0.9100000000000007,p1_m0,0.0,0.09046033878071075,0.09213376600495371,0.0,4.1920001071833347e-07
0.9100000000000007,p1_m1,0.0,-0.08086133448078849,-0.0822395020513512,0.0,4.1920001071833347e-07
0.9100000000000007,p1_m2,-4.0,-3.9918323590059295,-4.019344081466175,-2.272270018531497e-05,4.1920001071833347e-07
0.9100000000000007,p1_m3,0.0,-0.027856352453163518,-0.026389660744198015,0.0,4.1920001071833347e-07
0.9100000000000007,p2_m0,0.0,0.09032319258961855,0.09545959248759978,0.0,4.1920001071833347e-07
0.9100000000000007,p2_m1,0.0,-0.09702836852586422,-0.0970608758767869,0.0,4.1920001071833347e-07
0.9100000000000007,p2_m2,0.0,0.07701136672302886,0.08236871116139888,0.0,4.1920001071833347e-07
0.9100000000000007,p2_m3,0.0,-0.007583684928890157,-0.010163394932286383,0.0,4.1920001071833347e-07
0.9100000000000007,p3_m0,0.0,-0.09373524219812604,-0.09377351414209553,0.0,4.1920001071833347e-07
0.9100000000000007,p3_m1,0.0,0.07425955940399637,0.0804197498989457,0.0,4.1920001071833347e-07
0.9100000000000007,p3_m2,0.0,-0.0959255031090708,-0.10293125984365316,0.0,4.1920001071833347e-07
0.9100000000000007,p3_m3,0.0,0.18339397951629538,0.1903035665968162,0.0,4.1920001071833347e-07
0.9200000000000007,p0_m0,8.0,3.8629404996669314,3.3915299628348183,0.011544741879250333,1.98313039226324e-06
0.9200000000000007,p0_m1,8.0,3.219684035852532,2.9327316020185545,0.013932250273426622,1.98313039226324e-06
0.9200000000000007,p0_m2,0.0,-0.1396700542753287,-0.1418935018542629,0.0,1.98313039226324e-06
0.9200000000000007,p0_m3,0.0,0.07781145402770562,0.07659052648775452,0.0,1.98313039226324e-06
0.9200000000000007,p1_m0,0.0,0.05116504226005709,0.049566915529429094,0.0,1.98313039226324e-06
0.9200000000000007,p1_m1,0.0,-0.04521457425091532,-0.045113085541743175,0.0,1.98313039226324e-06
0.9200000000000007,p1_m2,-4.0,-1.8002974228023936,-1.5906192798328371,-0.006236690929927251,1.98313039226324e-06
0.9200000000000007,p1_m3,0.0,0.03232175034542305,0.03666956359276624,0.0,1.98313039226324e-06
0.9200000000000007,p2_m0,0.0,0.08660577982419446,0.08859968273440652,0.0,1.98313039226324e-06
0.9200000000000007,p2_m1,0.0,-0.09483322214733336,-0.09438021748146977,0.0,1.98313039226324e-06
0.9200000000000007,p2_m2,0.0,0.10456550031779681,0.11024064503049602,0.0,1.98313039226324e-06
0.9200000000000007,p2_m3,0.0,-0.0013750090949838725,-0.0018449135665404186,0.0,1.98313039226324e-06
0.9200000000000007,p3_m0,0.0,-0.08959124739411407,-0.0898339945062779,0.0,1.98313039226324e-06
0.9200000000000007,p3_m1,0.0,0.1339384435701198,0.13749405544513216,0.0,1.98313039226324e-06
0.9200000000000007,p3_m2,0.0,-0.14773880644647375,-0.1531575394953284,0.0,1.98313039226324e-06
0.9200000000000007,p3_m3,0.0,0.18585615998459545,0.1897369490869203,0.0,1.98313039226324e-06
0.9300000000000007,p0_m0,8.0,7.984467528849455,8.949929551701528,0.0006011534645554839,4.7927498664117445e-06
0.9300000000000007,p0_m1,8.0,2.6573953868195845,2.6271975482529206,0.015,4.7927498664117445e-06
0.9300000000000007,p0_m2,0.0,-0.24934162450681085,-0.26031584455074297,0.0,4.7927498664117445e-06
0.9300000000000007,p0_m3,0.0,0.13675711560334627,0.1536774958213478,0.0,4.7927498664117445e-06
0.9300000000000007,p1_m0,0.0,0.09427955428962578,0.10551685399435377,0.0,4.7927498664117445e-06
0.9300000000000007,p1_m1,0.0,-0.09045084239187598,-0.10022904927653181,0.0,4.7927498664117445e-06
0.9300000000000007,p1_m2,-4.0,-3.99490909503421,-4.484907401188219,-0.00026381712296905623,4.7927498664117445e-06
0.9300000000000007,p1_m3,0.0,0.04096839313048069,0.030950882708357275,0.0,4.7927498664117445e-06
0.9300000000000007,p2_m0,0.0,0.20326360815003058,0.2054225924168968,0.0,4.7927498664117445e-06
0.9300000000000007,p2_m1,0.0,-0.10112973584726433,-0.1000111487028455,0.0,4.7927498664117445e-06
0.9300000000000007,p2_m2,0.0,0.24520933625346697,0.23341511946034116,0.0,4.7927498664117445e-06
0.9300000000000007,p2_m3,0.0,-0.02856984982395738,-0.03365775831610051,0.0,4.7927498664117445e-06
0.9300000000000007,p3_m0,0.0,-0.0882832933150366,-0.08822459580437,0.0,4.7927498664117445e-06
0.9300000000000007,p3_m1,0.0,0.183285475187074,0.19009505048387693,0.0,4.7927498664117445e-06
0.9300000000000007,p3_m2,0.0,-0.2434559455992936,-0.24753691004693076,0.0,4.7927498664117445e-06
0.9300000000000007,p3_m3,0.0,0.35567395231734245,0.361326365482353,0.0,4.7927498664117445e-06
0.9400000000000007,p0_m0,8.0,7.983638486933856,8.036439710534493,4.5365468786449096e-05,1.5373269323559933e-06
0.9400000000000007,p0_m1,8.0,6.897985746715033,6.670860859783224,0.0016678203116870325,1.5373269323559933e-06
0.9400000000000007,p0_m2,0.0,-0.12676181622949523,-0.13007290174299438,0.0,1.5373269323559933e-06
0.9400000000000007,p0_m3,0.0,0.08073348719171625,0.0817175188496173,0.0,1.5373269323559933e-06
0.9400000000000007,p1_m0,0.0,0.07141115257880039,0.07235917681635935,0.0,1.5373269323559933e-06
0.9400000000000007,p1_m1,0.0,-0.08683337530504281,-0.08512742135818824,0.0,1.5373269323559933e-06
0.9400000000000007,p1_m2,-4.0,-3.9917805306608667,-4.019306904919303,-2.2961908130525456e-05,1.5373269323559933e-06
0.9400000000000007,p1_m3,0.0,-0.01492477360161348,-0.013730299508611273,0.0,1.5373269323559933e-06
0.9400000000000007,p2_m0,0.0,0.06393319738744603,0.06859182204788308,0.0,1.5373269323559933e-06
0.9400000000000007,p2_m1,0.0,-0.09757761393499514,-0.09754758899666348,0.0,1.5373269323559933e-06
0.9400000000000007,p2_m2,0.0,0.06795322124350273,0.0724415573883488,0.0,1.5373269323559933e-06
0.9400000000000007,p2_m3,0.0,0.004273494873257099,0.002033507054523388,0.0,1.5373269323559933e-06
0.9400000000000007,p3_m0,0.0,-0.08549114277087917,-0.08552302653577837,0.0,1.5373269323559933e-06
0.9400000000000007,p3_m1,0.0,0.0762937547308662,0.0797199032544191,0.0,1.5373269323559933e-06
0.9400000000000007,p3_m2,0.0,-0.09780501197245321,-0.10194567097003653,0.0,1.5373269323559933e-06
0.9400000000000007,p3_m3,0.0,0.137947370665581,0.1444365321401863,0.0,1.5373269323559933e-06
0.9500000000000007,p0_m0,8.0,5.238583964403518,4.738418441989075,0.006932025865025712,2.003781062012737e-06
0.9500000000000007,p0_m1,8.0,3.504169591939184,3.1520364507775227,0.012925545399374733,2.003781062012737e-06
0.9500000000000007,p0_m2,0.0,-0.15219585138973152,-0.15172838917425674,0.0,2.003781062012737e-06
0.9500000000000007,p0_m3,0.0,0.10243772918369624,0.10109923912006377,0.0,2.003781062012737e-06
0.9500000000000007,p1_m0,0.0,0.0845863886975291,0.08145125539571582,0.0,2.003781062012737e-06
0.9500000000000007,p1_m1,0.0,-0.07594747479949644,-0.0741673901159868,0.0,2.003781062012737e-06
0.9500000000000007,p1_m2,-4.0,-2.3888362627962936,-2.1501608890816652,-0.004241561358400976,2.003781062012737e-06
0.9500000000000007,p1_m3,0.0,-0.009543395158771716,-0.005801987925432195,0.0,2.003781062012737e-06
0.9500000000000007,p2_m0,0.0,0.09140408458498593,0.09091283950907443,0.0,2.003781062012737e-06
0.9500000000000007,p2_m1,0.0,-0.09662758849039282,-0.09911072524840417,0.0,2.003781062012737e-06
0.9500000000000007,p2_m2,0.0,0.07700005359767925,0.07985636522202119,0.0,2.003781062012737e-06
0.9500000000000007,p2_m3,0.0,-0.011190970182339234,-0.009367751075777163,0.0,2.003781062012737e-06
0.9500000000000007,p3_m0,0.0,-0.09760115874386327,-0.0962412750103141,0.0,2.003781062012737e-06
0.9500000000000007,p3_m1,0.0,0.11503591319237197,0.11741978911281296,0.0,2.003781062012737e-06
0.9500000000000007,p3_m2,0.0,-0.1227776715114912,-0.12537529264674,0.0,2.003781062012737e-06
0.9500000000000007,p3_m3,0.0,0.18203299316206378,0.18266059544551966,0.0,2.003781062012737e-06
0.9600000000000007,p0_m0,8.0,2.9141238674396175,2.682530305706577,0.015,4.695294410858832e-06
0.9600000000000007,p0_m1,8.0,2.7302828443774656,2.7007190940632353,0.015,4.695294410858832e-06
0.9600000000000007,p0_m2,0.0,-0.19633183612333538,-0.19522293279557928,0.0,4.695294410858832e-06
0.9600000000000007,p0_m3,0.0,0.07674311925383955,0.07575061305877258,0.0,4.695294410858832e-06
0.9600000000000007,p1_m0,0.0,0.05625557541685009,0.05714736590887675,0.0,4.695294410858832e-06
0.9600000000000007,p1_m1,0.0,-0.0530611501347385,-0.054056379391958224,0.0,4.695294410858832e-06
0.9600000000000007,p1_m2,-4.0,-1.4886331217993358,-1.4086364360965056,-0.007499767902443496,4.695294410858832e-06
0.9600000000000007,p1_m3,0.0,0.07786664923049023,0.0725794692496053,0.0,4.695294410858832e-06
0.9600000000000007,p2_m0,0.0,0.15937588495914518,0.16261960975371698,0.0,4.695294410858832e-06
0.9600000000000007,p2_m1,0.0,-0.10262263535535293,-0.1024545642358487,0.0,4.695294410858832e-06
0.9600000000000007,p2_m2,0.0,0.23241332281808616,0.2364551372624574,0.0,4.695294410858832e-06
0.9600000000000007,p2_m3,0.0,-0.008936343634579971,-0.009075105590590883,0.0,4.695294410858832e-06
0.9600000000000007,p3_m0,0.0,-0.0957890977883212,-0.09574231051140523,0.0,4.695294410858832e-06
0.9600000000000007,p3_m1,0.0,0.1608370946881283,0.15883533733528415,0.0,4.695294410858832e-06
0.9600000000000007,p3_m2,0.0,-0.2319115403558961,-0.22468692173843707,0.0,4.695294410858832e-06
0.9600000000000007,p3_m3,0.0,0.2889582166768918,0.2911364364629411,0.0,4.695294410858832e-06
0.9700000000000008,p0_m0,8.0,7.991803318282558,8.1639345513262,1.3561977789887436e-05,3.147566212476918e-06
0.9700000000000008,p0_m1,8.0,8.001810185065683,8.329117672071675,-2.578216668619682e-05,3.147566212476918e-06
0.9700000000000008,p0_m2,0.0,-0.15391587715467417,-0.15079432278124075,0.0,3.147566212476918e-06
0.9700000000000008,p0_m3,0.0,0.0915217806633962,0.08859857175260491,0.0,3.147566212476918e-06
0.9700000000000008,p1_m0,0.0,0.07495034643953206,0.07304991199975908,0.0,3.147566212476918e-06
0.9700000000000008,p1_m1,0.0,-0.09365409720548193,-0.09251575364332229,0.0,3.147566212476918e-06
0.9700000000000008,p1_m2,-4.0,-3.994118981413583,-4.057334119549411,-1.3173870195748895e-05,3.147566212476918e-06
0.9700000000000008,p1_m3,0.0,0.0004577102253339033,0.0017091536374919268,0.0,3.147566212476918e-06
0.9700000000000008,p2_m0,0.0,0.08732293113562617,0.08525880557554301,0.0,3.147566212476918e-06
0.9700000000000008,p2_m1,0.0,-0.10428230904596592,-0.10417103250775128,0.0,3.147566212476918e-06
0.9700000000000008,p2_m2,0.0,0.10068475009410159,0.09987494880471888,0.0,3.147566212476918e-06
0.9700000000000008,p2_m3,0.0,3.565472773908977e-05,0.0010223740898173863,0.0,3.147566212476918e-06
0.9700000000000008,p3_m0,0.0,-0.09278619158987275,-0.09278341165718167,0.0,3.147566212476918e-06
0.9700000000000008,p3_m1,0.0,0.1068959499580374,0.1048656698763211,0.0,3.147566212476918e-06
0.9700000000000008,p3_m2,0.0,-0.1349448090340649,-0.1331364726289165,0.0,3.147566212476918e-06
0.9700000000000008,p3_m3,0.0,0.17553478486869475,0.17228379012981046,0.0,3.147566212476918e-06
0.9800000000000008,p0_m0,8.0,5.697800522573998,5.237270959318841,0.00546448712801341,1.4117764365440461e-06
0.9800000000000008,p0_m1,8.0,4.13944667046485,3.7018208527471144,0.010756931251175085,1.4117764365440461e-06
0.9800000000000008,p0_m2,0.0,-0.13114678313691253,-0.13178373552941636,0.0,1.4117764365440461e-06
0.9800000000000008,p0_m3,0.0,0.08497930250819537,0.08465581060619255,0.0,1.4117764365440461e-06
0.9800000000000008,p1_m0,0.0,0.07366932315107066,0.07195366369667372,0.0,1.4117764365440461e-06
0.9800000000000008,p1_m1,0.0,-0.07403382514737533,-0.0722981095296384,0.0,1.4117764365440461e-06
0.9800000000000008,p1_m2,-4.0,-2.839581341953851,-2.6139779129346787,-0.0024235738138136845,1.4117764365440461e-06
0.9800000000000008,p1_m3,0.0,-0.01048122745558939,-0.007057797443754468,0.0,1.4117764365440461e-06
0.9800000000000008,p2_m0,0.0,0.07413241606319215,0.07491995944292919,0.0,1.4117764365440461e-06
0.9800000000000008,p2_m1,0.0,-0.08967237291879848,-0.0907974575672613,0.0,1.4117764365440461e-06
0.9800000000000008,p2_m2,0.0,0.06555162644313603,0.068871197545437,0.0,1.4117764365440461e-06
0.9800000000000008,p2_m3,0.0,-0.007157962448440202,-0.005937628356776506,0.0,1.4117764365440461e-06
0.9800000000000008,p3_m0,0.0,-0.09082376385444199,-0.0905261240428281,0.0,1.4117764365440461e-06
0.9800000000000008,p3_m1,0.0,0.09406608292978347,0.09691987052761256,0.0,1.4117764365440461e-06
0.9800000000000008,p3_m2,0.0,-0.10819608709696986,-0.11159102180026131,0.0,1.4117764365440461e-06
0.9800000000000008,p3_m3,0.0,0.14890076307441066,0.1513281963856882,0.0,1.4117764365440461e-06
0.9900000000000008,p0_m0,8.0,2.9744724862294953,2.6986343264256996,0.014758813659564645,3.975455921272964e-06
0.9900000000000008,p0_m1,8.0,2.8447938163785107,2.745050708402464,0.015,3.975455921272964e-06
0.9900000000000008,p0_m2,0.0,-0.17001310248747112,-0.17168791888169077,0.0,3.975455921272964e-06
0.9900000000000008,p0_m3,0.0,0.061629008609937246,0.06153547967571397,0.0,3.975455921272964e-06
0.9900000000000008,p1_m0,0.0,0.03980979658587426,0.04128699897699732,0.0,3.975455921272964e-06
0.9900000000000008,p1_m1,0.0,-0.04552035148420382,-0.04720897313500421,0.0,3.975455921272964e-06
0.9900000000000008,p1_m2,-4.0,-1.5602455823906962,-1.4415628141856536,-0.007217247909045299,3.975455921272964e-06
0.9900000000000008,p1_m3,0.0,0.08342465633962251,0.07898331404830133,0.0,3.975455921272964e-06
0.9900000000000008,p2_m0,0.0,0.1269404413279964,0.13189871405174847,0.0,3.975455921272964e-06
0.9900000000000008,p2_m1,0.0,-0.0969081034112543,-0.09678644152825996,0.0,3.975455921272964e-06
0.9900000000000008,p2_m2,0.0,0.194680577172694,0.2008543864105352,0.0,3.975455921272964e-06
0.9900000000000008,p2_m3,0.0,-0.002452675010497423,-0.00266946161423754,0.0,3.975455921272964e-06
0.9900000000000008,p3_m0,0.0,-0.08798854049343297,-0.08807068929685444,0.0,3.975455921272964e-06
0.9900000000000008,p3_m1,0.0,0.14842507644811206,0.14546398194383964,0.0,3.975455921272964e-06
0.9900000000000008,p3_m2,0.0,-0.2161546725251373,-0.20995480738899777,0.0,3.975455921272964e-06
0.9900000000000008,p3_m3,0.0,0.24125762855371014,0.24612793447035547,0.0,3.975455921272964e-06
1.0000000000000007,p0_m0,8.0,7.995544391858058,8.227810911456181,-1.7145363292740967e-06,3.008003699618654e-06
1.0000000000000007,p0_m1,8.0,8.008549652629043,8.446313064453948,-4.7640522178127755e-05,3.008003699618654e-06
1.0000000000000007,p0_m2,0.0,-0.17710662047248601,-0.16956936748702864,0.0,3.008003699618654e-06
1.0000000000000007,p0_m3,0.0,0.10069092669241285,0.09511107996273618,0.0,3.008003699618654e-06
1.0000000000000007,p1_m0,0.0,0.0846825969683699,0.08069801279729152,0.0,3.008003699618654e-06
1.0000000000000007,p1_m1,0.0,-0.0780009725611286,-0.07674035136654499,0.0,3.008003699618654e-06
1.0000000000000007,p1_m2,-4.0,-3.9975379855087803,-4.108571917703695,-5.168378147990538e-08,3.008003699618654e-06
1.0000000000000007,p1_m3,0.0,-0.006326972859467904,-0.004236990641334943,0.0,3.008003699618654e-06
1.0000000000000007,p2_m0,0.0,0.10951039631898332,0.10336338061767142,0.0,3.008003699618654e-06
1.0000000000000007,p2_m1,0.0,-0.10084346958476903,-0.10061762988992232,0.0,3.008003699618654e-06
1.0000000000000007,p2_m2,0.0,0.11910786651492437,0.11510032426008418,0.0,3.008003699618654e-06
1.0000000000000007,p2_m3,0.0,-0.0033659537217360625,-0.0012065145114701845,0.0,3.008003699618654e-06
1.0000000000000007,p3_m0,0.0,-0.08521424920334134,-0.08526321932393363,0.0,3.008003699618654e-06
1.0000000000000007,p3_m1,0.0,0.09377693809496414,0.09109385291744489,0.0,3.008003699618654e-06
1.0000000000000007,p3_m2,0.0,-0.12718894199123512,-0.1240659577229805,0.0,3.008003699618654e-06
1.0000000000000007,p3_m3,0.0,0.22175847424688105,0.21110644302336481,0.0,3.008003699618654e-06
1.0099999999999996,p0_m0,8.0,5.70850617517764,5.250844136800434,0.0054281520706110096,1.060814691741684e-06
1.0099999999999996,p0_m1,8.0,4.163196129701372,3.7296832820559267,0.010679637620027218,1.060814691741684e-06
1.0099999999999996,p0_m2,0.0,-0.13901275398845409,-0.13934072829125518,0.0,1.060814691741684e-06
1.0099999999999996,p0_m3,0.0,0.08831777992239927,0.08767317636493019,0.0,1.060814691741684e-06
1.0099999999999996,p1_m0,0.0,0.07794919186341524,0.07592868698763669,0.0,1.060814691741684e-06
1.0099999999999996,p1_m1,0.0,-0.07005641043165946,-0.06785983350440725,0.0,1.060814691741684e-06
1.0099999999999996,p1_m2,-4.0,-2.838826559704417,-2.615899234798706,-0.0024454607393266533,1.060814691741684e-06
1.0099999999999996,p1_m3,0.0,-0.013746290241649826,-0.010079271805103547,0.0,1.060814691741684e-06
1.0099999999999996,p2_m0,0.0,0.08145014109200636,0.08214145183862645,0.0,1.060814691741684e-06
1.0099999999999996,p2_m1,0.0,-0.09101442494086094,-0.09166618190245548,0.0,1.060814691741684e-06
1.0099999999999996,p2_m2,0.0,0.07082279662681579,0.07428167254160332,0.0,1.060814691741684e-06
1.0099999999999996,p2_m3,0.0,-0.008773797691597699,-0.007399189702167969,0.0,1.060814691741684e-06
1.0099999999999996,p3_m0,0.0,-0.08645512953440751,-0.0862802391808683,0.0,1.060814691741684e-06
1.0099999999999996,p3_m1,0.0,0.09087557601250437,0.0933738983320772,0.0,1.060814691741684e-06
1.0099999999999996,p3_m2,0.0,-0.10633880681560015,-0.10947937691927959,0.0,1.060814691741684e-06
1.0099999999999996,p3_m3,0.0,0.16418678283919133,0.16648976641331573,0.0,1.060814691741684e-06
1.0199999999999985,p0_m0,8.0,2.976271996859541,2.6994438173684485,0.014751559913510109,3.821966745998855e-06
1.0199999999999985,p0_m1,8.0,2.8521898271005366,2.748909291426512,0.015,3.821966745998855e-06
1.0199999999999985,p0_m2,0.0,-0.1713038201868278,-0.1732546873519424,0.0,3.821966745998855e-06
1.0199999999999985,p0_m3,0.0,0.061979113725457786,0.06200926339304392,0.0,3.821966745998855e-06
1.0199999999999985,p1_m0,0.0,0.04112096475980425,0.042760382894353945,0.0,3.821966745998855e-06
1.0199999999999985,p1_m1,0.0,-0.04328522401082666,-0.04493393368202866,0.0,3.821966745998855e-06
1.0199999999999985,p1_m2,-4.0,-1.5590704074574295,-1.440135630072547,-0.007220375760619549,3.821966745998855e-06
1.0199999999999985,p1_m3,0.0,0.0830735180970354,0.07859393701349879,0.0,3.821966745998855e-06
1.0199999999999985,p2_m0,0.0,0.12870620270138125,0.13387529514102597,0.0,3.821966745998855e-06
1.0199999999999985,p2_m1,0.0,-0.09775227755343792,-0.09762113311414646,0.0,3.821966745998855e-06
1.0199999999999985,p2_m2,0.0,0.19572464716437693,0.20207629657958784,0.0,3.821966745998855e-06
1.0199999999999985,p2_m3,0.0,-0.003411580537825353,-0.003651575891976829,0.0,3.821966745998855e-06
1.0199999999999985,p3_m0,0.0,-0.08423846551709162,-0.0842833494812943,0.0,3.821966745998855e-06
1.0199999999999985,p3_m1,0.0,0.14723726175505908,0.14411449240455695,0.0,3.821966745998855e-06
1.0199999999999985,p3_m2,0.0,-0.21621035503730227,-0.21014500823281632,0.0,3.821966745998855e-06
1.0199999999999985,p3_m3,0.0,0.24562818365383413,0.2508939397756834,0.0,3.821966745998855e-06
1.0299999999999974,p0_m0,8.0,7.995496097565894,8.22757312325155,-1.6525562404634542e-06,4.078175769196309e-06
1.0299999999999974,p0_m1,8.0,8.015943736401997,8.602705659653163,-5.305745425498643e-05,4.078175769196309e-06
1.0299999999999974,p0_m2,0.0,-0.18415613644835313,-0.1747233680429519,0.0,4.078175769196309e-06
1.0299999999999974,p0_m3,0.0,0.11282528750687625,0.10502426949196093,0.0,4.078175769196309e-06
1.0299999999999974,p1_m0,0.0,0.08538682596437855,0.08056211058317708,0.0,4.078175769196309e-06
1.0299999999999974,p1_m1,0.0,-0.09306719146795445,-0.09078354635009761,0.0,4.078175769196309e-06
1.0299999999999974,p1_m2,-4.0,-3.9975341779695137,-4.109127970723191,2.1124854415344174e-07,4.078175769196309e-06
1.0299999999999974,p1_m3,0.0,0.0030056593090789533,0.004480671318822408,0.0,4.078175769196309e-06
1.0299999999999974,p2_m0,0.0,0.11917079115807892,0.11120838050621526,0.0,4.078175769196309e-06
1.0299999999999974,p2_m1,0.0,-0.10157106149889233,-0.10131407399058043,0.0,4.078175769196309e-06
1.0299999999999974,p2_m2,0.0,0.13299038742409575,0.12722672540857616,0.0,4.078175769196309e-06
1.0299999999999974,p2_m3,0.0,-0.010000151880092475,-0.006894697915427478,0.0,4.078175769196309e-06
1.0299999999999974,p3_m0,0.0,-0.0818999360378745,-0.0818861446196804,0.0,4.078175769196309e-06
1.0299999999999974,p3_m1,0.0,0.1240863709581596,0.11777315800817385,0.0,4.078175769196309e-06
1.0299999999999974,p3_m2,0.0,-0.16041418389299592,-0.15331522252185478,0.0,4.078175769196309e-06
1.0299999999999974,p3_m3,0.0,0.2263867007773866,0.21390634170406983,0.0,4.078175769196309e-06
1.0399999999999963,p0_m0,8.0,7.499395131341803,7.1625200452645545,5.6441952414520104e-05,1.2480416542800285e-06
1.0399999999999963,p0_m1,8.0,4.723247177679281,4.256299477915375,0.008800088722517389,1.2480416542800285e-06
1.0399999999999963,p0_m2,0.0,-0.13850829749171872,-0.14176188586640498,0.0,1.2480416542800285e-06
1.0399999999999963,p0_m3,0.0,0.08964000769114513,0.0921204694202606,0.0,1.2480416542800285e-06
1.0399999999999963,p1_m0,0.0,0.08386124240592796,0.08438087830841975,0.0,1.2480416542800285e-06
1.0399999999999963,p1_m1,0.0,-0.08859881935907331,-0.08773307411016974,0.0,1.2480416542800285e-06
1.0399999999999963,p1_m2,-4.0,-3.7483550358621778,-3.5779912313583453,-2.8132887541151953e-05,1.2480416542800285e-06
1.0399999999999963,p1_m3,0.0,-0.024388121762335548,-0.02225731724311654,0.0,1.2480416542800285e-06
1.0399999999999963,p2_m0,0.0,0.07697027133311349,0.08059676663623945,0.0,1.2480416542800285e-06
1.0399999999999963,p2_m1,0.0,-0.09390875952743888,-0.0930346678447155,0.0,1.2480416542800285e-06
1.0399999999999963,p2_m2,0.0,0.062149580428895075,0.06638562351375349,0.0,1.2480416542800285e-06
1.0399999999999963,p2_m3,0.0,-0.01135265937823648,-0.011989022084251219,0.0,1.2480416542800285e-06
1.0399999999999963,p3_m0,0.0,-0.08174887748673039,-0.08315580081203693,0.0,1.2480416542800285e-06
1.0399999999999963,p3_m1,0.0,0.08756404246459704,0.0911031609720297,0.0,1.2480416542800285e-06
1.0399999999999963,p3_m2,0.0,-0.1029471328198528,-0.10685406503455173,0.0,1.2480416542800285e-06
1.0399999999999963,p3_m3,0.0,0.15179168323500716,0.1578576531160335,0.0,1.2480416542800285e-06
1.0499999999999952,p0_m0,8.0,3.389992711339947,2.987921336233805,0.013201195161551823,3.469331520511955e-06
1.0499999999999952,p0_m1,8.0,2.9238828041735334,2.733079081868721,0.015,3.469331520511955e-06
1.0499999999999952,p0_m2,0.0,-0.16256722062978077,-0.16577052827883187,0.0,3.469331520511955e-06
1.0499999999999952,p0_m3,0.0,0.08105867695107374,0.08067895861691972,0.0,3.469331520511955e-06
1.0499999999999952,p1_m0,0.0,0.05046604355358454,0.05279051831048936,0.0,3.469331520511955e-06
1.0499999999999952,p1_m1,0.0,-0.05499177662578918,-0.05605009739708297,0.0,3.469331520511955e-06
1.0499999999999952,p1_m2,-4.0,-1.716940572692608,-1.5298292162395182,-0.006567306645488993,3.469331520511955e-06
1.0499999999999952,p1_m3,0.0,0.05721126630453618,0.060991678105239644,0.0,3.469331520511955e-06
1.0499999999999952,p2_m0,0.0,0.10575545388608706,0.10927276608206096,0.0,3.469331520511955e-06
1.0499999999999952,p2_m1,0.0,-0.10150482623185406,-0.1009469116586713,0.0,3.469331520511955e-06
1.0499999999999952,p2_m2,0.0,0.13929826453235708,0.14573890671942602,0.0,3.469331520511955e-06
1.0499999999999952,p2_m3,0.0,-0.006831799186665724,-0.007171342836660617,0.0,3.469331520511955e-06
1.0499999999999952,p3_m0,0.0,-0.08737539917476334,-0.08720619352733781,0.0,3.469331520511955e-06
1.0499999999999952,p3_m1,0.0,0.15678199809234974,0.15326155681297718,0.0,3.469331520511955e-06
1.0499999999999952,p3_m2,0.0,-0.19629235730878072,-0.20444816964969728,0.0,3.469331520511955e-06
1.0499999999999952,p3_m3,0.0,0.21450335859977782,0.2193120281171923,0.0,3.469331520511955e-06
1.059999999999994,p0_m0,8.0,8.013667478302231,8.56643890320619,-4.537795616460727e-05,4.893787203692793e-06
1.059999999999994,p0_m1,8.0,7.984396647130858,9.00976414430798,0.0006359362902620847,4.893787203692793e-06
1.059999999999994,p0_m2,0.0,-0.20695021675396288,-0.19360348159510168,0.0,4.893787203692793e-06
1.059999999999994,p0_m3,0.0,0.11385087382899642,0.10616980161982026,0.0,4.893787203692793e-06
1.059999999999994,p1_m0,0.0,0.08467362099822362,0.08039041721264571,0.0,4.893787203692793e-06
1.059999999999994,p1_m1,0.0,-0.08264279547931298,-0.08019708876767269,0.0,4.893787203692793e-06
1.059999999999994,p1_m2,-4.0,-4.006229058706071,-4.276891787941715,2.154566769491595e-05,4.893787203692793e-06
1.059999999999994,p1_m3,0.0,0.02395362765532354,0.021546080771797815,0.0,4.893787203692793e-06
1.059999999999994,p2_m0,0.0,0.15114359328159524,0.13591874103775328,0.0,4.893787203692793e-06
1.059999999999994,p2_m1,0.0,-0.10633188408232544,-0.10566244850313081,0.0,4.893787203692793e-06
1.059999999999994,p2_m2,0.0,0.18367662150613773,0.16700911920543526,0.0,4.893787203692793e-06
1.059999999999994,p2_m3,0.0,-0.015316774366156234,-0.01065142519119676,0.0,4.893787203692793e-06
1.059999999999994,p3_m0,0.0,-0.08548129778559337,-0.08539282573399673,0.0,4.893787203692793e-06
1.059999999999994,p3_m1,0.0,0.14721000884219532,0.13697717871080956,0.0,4.893787203692793e-06
1.059999999999994,p3_m2,0.0,-0.19594315304350976,-0.182685383359023,0.0,4.893787203692793e-06
1.059999999999994,p3_m3,0.0,0.2735900648646477,0.25092538390643404,0.0,4.893787203692793e-06
1.069999999999993,p0_m0,8.0,7.9820525357823575,8.01196245224714,5.180505271309155e-05,8.092414164523567e-07
1.069999999999993,p0_m1,8.0,5.098681116411458,4.647513271564878,0.00755783131587909,8.092414164523567e-07
1.069999999999993,p0_m2,0.0,-0.14713101714834115,-0.1515204851859178,0.0,8.092414164523567e-07
1.069999999999993,p0_m3,0.0,0.09073053982541573,0.09360052892295427,0.0,8.092414164523567e-07
1.069999999999993,p1_m0,0.0,0.08705516549275982,0.08819012644504476,0.0,8.092414164523567e-07
1.069999999999993,p1_m1,0.0,-0.08354995680836992,-0.08356127517290539,0.0,8.092414164523567e-07
1.069999999999993,p1_m2,-4.0,-3.7507661872814086,-3.591157043905528,-2.5913719390302957e-05,8.092414164523567e-07
1.069999999999993,p1_m3,0.0,-0.02541358150490613,-0.023341475477332525,0.0,8.092414164523567e-07
1.069999999999993,p2_m0,0.0,0.08364456086335599,0.08862272882972506,0.0,8.092414164523567e-07
1.069999999999993,p2_m1,0.0,-0.09923363045490598,-0.09802251647232739,0.0,8.092414164523567e-07
1.069999999999993,p2_m2,0.0,0.07018066877419053,0.07547865213683684,0.0,8.092414164523567e-07
1.069999999999993,p2_m3,0.0,-0.010665286882930098,-0.01227533091646911,0.0,8.092414164523567e-07
1.069999999999993,p3_m0,0.0,-0.08536066895795226,-0.08708992864814917,0.0,8.092414164523567e-07
1.069999999999993,p3_m1,0.0,0.08258576244728429,0.08745816464882886,0.0,8.092414164523567e-07
1.069999999999993,p3_m2,0.0,-0.10107521758913834,-0.10640741766638033,0.0,8.092414164523567e-07
1.069999999999993,p3_m3,0.0,0.16837485266284485,0.17590372242767652,0.0,8.092414164523567e-07
1.0799999999999919,p0_m0,8.0,3.610501013676999,3.17222204512907,0.012425054077934315,2.879376422273878e-06
1.0799999999999919,p0_m1,8.0,3.0081854840693603,2.783682173795607,0.014697760561406769,2.879376422273878e-06
1.0799999999999919,p0_m2,0.0,-0.1548046270416879,-0.15780468625614855,0.0,2.879376422273878e-06
1.0799999999999919,p0_m3,0.0,0.08211737949450083,0.08150370180885422,0.0,2.879376422273878e-06
1.0799999999999919,p1_m0,0.0,0.05075167507308944,0.050536487675999865,0.0,2.879376422273878e-06
1.0799999999999919,p1_m1,0.0,-0.049265375024567466,-0.049858543923039254,0.0,2.879376422273878e-06
1.0799999999999919,p1_m2,-4.0,-1.6988651983615037,-1.5069550841626036,-0.006601813890356336,2.879376422273878e-06
1.0799999999999919,p1_m3,0.0,0.046870317188936646,0.05116084634232998,0.0,2.879376422273878e-06
1.0799999999999919,p2_m0,0.0,0.09765526559271862,0.10058750279064683,0.0,2.879376422273878e-06
1.0799999999999919,p2_m1,0.0,-0.10019962452019636,-0.09975897753258091,0.0,2.879376422273878e-06
1.0799999999999919,p2_m2,0.0,0.12431623389314113,0.13060857533660614,0.0,2.879376422273878e-06
1.0799999999999919,p2_m3,0.0,-0.0033131436605067922,-0.003815862984194541,0.0,2.879376422273878e-06
1.0799999999999919,p3_m0,0.0,-0.08871108865365694,-0.08862167015196547,0.0,2.879376422273878e-06
1.0799999999999919,p3_m1,0.0,0.15188851837257888,0.15176624215519924,0.0,2.879376422273878e-06
1.0799999999999919,p3_m2,0.0,-0.17532870321916816,-0.18277657833476746,0.0,2.879376422273878e-06
1.0799999999999919,p3_m3,0.0,0.2055193474892494,0.21017684591440922,0.0,2.879376422273878e-06
1.0899999999999908,p0_m0,8.0,8.015206720554932,8.748704714475926,4.669544889126964e-05,5.010804350229771e-06
1.0899999999999908,p0_m1,8.0,7.79006599811607,9.089402475382999,0.0034721392180020586,5.010804350229771e-06
1.0899999999999908,p0_m2,0.0,-0.22477361589884262,-0.21018820111819006,0.0,5.010804350229771e-06
1.0899999999999908,p0_m3,0.0,0.12408813218493522,0.11657501655423365,0.0,5.010804350229771e-06
1.0899999999999908,p1_m0,0.0,0.09047495175334694,0.08597267366978878,0.0,5.010804350229771e-06
1.0899999999999908,p1_m1,0.0,-0.08117530636383138,-0.07749228681236985,0.0,5.010804350229771e-06
1.0899999999999908,p1_m2,-4.0,-4.007828473050059,-4.379209480932298,-1.5629528865657606e-05,5.010804350229771e-06
1.0899999999999908,p1_m3,0.0,0.02985293324809861,0.026503180931141734,0.0,5.010804350229771e-06
1.0899999999999908,p2_m0,0.0,0.1745866391182449,0.15757349161357787,0.0,5.010804350229771e-06
1.0899999999999908,p2_m1,0.0,-0.09832832256473892,-0.09820161805475713,0.0,5.010804350229771e-06
1.0899999999999908,p2_m2,0.0,0.21180228608398802,0.19145283032901333,0.0,5.010804350229771e-06
1.0899999999999908,p2_m3,0.0,-0.020021341043541308,-0.015887544762465965,0.0,5.010804350229771e-06
1.0899999999999908,p3_m0,0.0,-0.08706833427777558,-0.08697752012692245,0.0,5.010804350229771e-06
1.0899999999999908,p3_m1,0.0,0.1616943236067135,0.1511198630619743,0.0,5.010804350229771e-06
1.0899999999999908,p3_m2,0.0,-0.21582162401679997,-0.20124610239287102,0.0,5.010804350229771e-06
1.0899999999999908,p3_m3,0.0,0.3102596618598077,0.28482406897679374,0.0,5.010804350229771e-06
1.0999999999999897,p0_m0,8.0,7.982737896507502,8.022407511741228,4.9050896183221227e-05,5.210513500151607e-07
1.0999999999999897,p0_m1,8.0,6.309556673703371,5.975810907711692,0.0033132064983985954,5.210513500151607e-07
1.0999999999999897,p0_m2,0.0,-0.11520095221401133,-0.12080171452621925,0.0,5.210513500151607e-07
1.0999999999999897,p0_m3,0.0,0.070981632228177,0.0738490430565398,0.0,5.210513500151607e-07
1.0999999999999897,p1_m0,0.0,0.06996332763156382,0.0720809160750484,0.0,5.210513500151607e-07
1.0999999999999897,p1_m1,0.0,-0.07743490292051088,-0.07781303216798431,0.0,5.210513500151607e-07
1.0999999999999897,p1_m2,-4.0,-3.991367453211826,-4.012143858292398,-2.4596103810451632e-05,5.210513500151607e-07
1.0999999999999897,p1_m3,0.0,-0.019386463392870295,-0.018448751703530063,0.0,5.210513500151607e-07
1.0999999999999897,p2_m0,0.0,0.05106390030589811,0.05779386147412661,0.0,5.210513500151607e-07
1.0999999999999897,p2_m1,0.0,-0.09513589687947867,-0.09516953785609922,0.0,5.210513500151607e-07
1.0999999999999897,p2_m2,0.0,0.05413096324123043,0.06003744271701181,0.0,5.210513500151607e-07
1.0999999999999897,p2_m3,0.0,0.0088855966062371,0.005582126864154885,0.0,5.210513500151607e-07
1.0999999999999897,p3_m0,0.0,-0.08438934334059794,-0.08442353495679934,0.0,5.210513500151607e-07
1.0999999999999897,p3_m1,0.0,0.0645875807895006,0.06989451707151882,0.0,5.210513500151607e-07
1.0999999999999897,p3_m2,0.0,-0.08365443986500395,-0.08980741185580807,0.0,5.210513500151607e-07
1.0999999999999897,p3_m3,0.0,0.11736504740022942,0.12696356812822399,0.0,5.210513500151607e-07
1.1099999999999886,p0_m0,8.0,4.141405606507826,3.64410063941927,0.010588899443871333,1.868027599239073e-06
1.1099999999999886,p0_m1,8.0,3.3276660938425864,3.009954613947709,0.013543427404452302,1.868027599239073e-06
1.1099999999999886,p0_m2,0.0,-0.1313087157761578,-0.13229810639241502,0.0,1.868027599239073e-06
1.1099999999999886,p0_m3,0.0,0.07640777535614672,0.0749305200563884,0.0,1.868027599239073e-06
1.1099999999999886,p1_m0,0.0,0.0549034840057381,0.05243401595497066,0.0,1.868027599239073e-06
1.1099999999999886,p1_m1,0.0,-0.05433403330471546,-0.05365407512982816,0.0,1.868027599239073e-06
1.1099999999999886,p1_m2,-4.0,-2.0638513886816003,-1.8309737561543247,-0.005338044426229128,1.868027599239073e-06
1.1099999999999886,p1_m3,0.0,0.01763197420225195,0.02180375148039913,0.0,1.868027599239073e-06
1.1099999999999886,p2_m0,0.0,0.0765728473443603,0.07726517293218377,0.0,1.868027599239073e-06
1.1099999999999886,p2_m1,0.0,-0.09659153396690377,-0.0968808937445995,0.0,1.868027599239073e-06
1.1099999999999886,p2_m2,0.0,0.08641414699819032,0.09082729231049746,0.0,1.868027599239073e-06
1.1099999999999886,p2_m3,0.0,-0.0008025047435356472,-0.0003460541847302922,0.0,1.868027599239073e-06
1.1099999999999886,p3_m0,0.0,-0.08506486542266531,-0.08501074911295627,0.0,1.868027599239073e-06
1.1099999999999886,p3_m1,0.0,0.12113677442838673,0.1254138918243634,0.0,1.868027599239073e-06
1.1099999999999886,p3_m2,0.0,-0.13147321941405343,-0.13552504203596996,0.0,1.868027599239073e-06
1.1099999999999886,p3_m3,0.0,0.16248195460112833,0.16465959850690393,0.0,1.868027599239073e-06
1.1199999999999875,p0_m0,8.0,7.796556570435958,9.026074744996983,0.003186849051691568,4.685563182447445e-06
1.1199999999999875,p0_m1,8.0,2.6940750077210933,2.6546619675359393,0.015,4.685563182447445e-06
1.1199999999999875,p0_m2,0.0,-0.21917105289997893,-0.23092035099985134,0.0,4.685563182447445e-06
1.1199999999999875,p0_m3,0.0,0.09994529997975012,0.11864204615581476,0.0,4.685563182447445e-06
1.1199999999999875,p1_m0,0.0,0.06815717317903257,0.08041193428176023,0.0,4.685563182447445e-06
1.1199999999999875,p1_m1,0.0,-0.0726317765177446,-0.08340940542025249,0.0,4.685563182447445e-06
1.1199999999999875,p1_m2,-4.0,-3.912845471647113,-4.523089097867822,-0.0012570076536500034,4.685563182447445e-06
1.1199999999999875,p1_m3,0.0,0.06017564401620239,0.04843033561315358,0.0,4.685563182447445e-06
1.1199999999999875,p2_m0,0.0,0.1831619826719741,0.18601110388423434,0.0,4.685563182447445e-06
1.1199999999999875,p2_m1,0.0,-0.10234963983254573,-0.10141442314808123,0.0,4.685563182447445e-06
1.1199999999999875,p2_m2,0.0,0.24565620529102009,0.23332578898135975,0.0,4.685563182447445e-06
1.1199999999999875,p2_m3,0.0,-0.015970220783629818,-0.02170606712968236,0.0,4.685563182447445e-06
1.1199999999999875,p3_m0,0.0,-0.09896090281110935,-0.09725542110618669,0.0,4.685563182447445e-06
1.1199999999999875,p3_m1,0.0,0.1670019905223089,0.17440499568032142,0.0,4.685563182447445e-06
1.1199999999999875,p3_m2,0.0,-0.23138124293016207,-0.23483258802967308,0.0,4.685563182447445e-06
1.1199999999999875,p3_m3,0.0,0.3203489616364406,0.32704925054472794,0.0,4.685563182447445e-06
1.1299999999999863,p0_m0,8.0,7.984908712982736,8.055554330346208,4.018758192035765e-05,1.9871359334519486e-06
1.1299999999999863,p0_m1,8.0,7.434980043837447,7.398973866500779,1.0415811841877344e-05,1.9871359334519486e-06
1.1299999999999863,p0_m2,0.0,-0.13135158579422168,-0.13204805018883703,0.0,1.9871359334519486e-06
1.1299999999999863,p0_m3,0.0,0.08269296248339521,0.08193532855270955,0.0,1.9871359334519486e-06
1.1299999999999863,p1_m0,0.0,0.07076368239530126,0.07025362645831257,0.0,1.9871359334519486e-06
1.1299999999999863,p1_m1,0.0,-0.09024938673902785,-0.08771074323380122,0.0,1.9871359334519486e-06
1.1299999999999863,p1_m2,-4.0,-3.992292209131796,-4.027701167788876,-2.0991164198540523e-05,1.9871359334519486e-06
1.1299999999999863,p1_m3,0.0,-0.011494315977085102,-0.009842881317871534,0.0,1.9871359334519486e-06
1.1299999999999863,p2_m0,0.0,0.06694577118012755,0.06942540654057762,0.0,1.9871359334519486e-06
1.1299999999999863,p2_m1,0.0,-0.0987004583861284,-0.09865847347975883,0.0,1.9871359334519486e-06
1.1299999999999863,p2_m2,0.0,0.07385184782602593,0.07694169973196585,0.0,1.9871359334519486e-06
1.1299999999999863,p2_m3,0.0,0.005231525138377955,0.004033524365225462,0.0,1.9871359334519486e-06
1.1299999999999863,p3_m0,0.0,-0.09569690367518568,-0.0955599229856318,0.0,1.9871359334519486e-06
1.1299999999999863,p3_m1,0.0,0.08010394928679347,0.08172509469680544,0.0,1.9871359334519486e-06
1.1299999999999863,p3_m2,0.0,-0.10410840696608521,-0.10630637667342936,0.0,1.9871359334519486e-06
1.1299999999999863,p3_m3,0.0,0.14317705841373096,0.1462829539686714,0.0,1.9871359334519486e-06
1.1399999999999852,p0_m0,8.0,5.2391235719827645,4.739220899795414,0.006928106557970164,1.7948570126936364e-06
1.1399999999999852,p0_m1,8.0,3.6866727759910614,3.303997058188234,0.012299013604584146,1.7948570126936364e-06
1.1399999999999852,p0_m2,0.0,-0.1421570025099203,-0.14210725896881388,0.0,1.7948570126936364e-06
1.1399999999999852,p0_m3,0.0,0.09257884337305707,0.09147937579285728,0.0,1.7948570126936364e-06
1.1399999999999852,p1_m0,0.0,0.07765456059063203,0.07502122630534346,0.0,1.7948570126936364e-06
1.1399999999999852,p1_m1,0.0,-0.0744342851354611,-0.07279699378683668,0.0,1.7948570126936364e-06
1.1399999999999852,p1_m2,-4.0,-2.591034009403838,-2.3655051634886686,-0.0035017080265616115,1.7948570126936364e-06
1.1399999999999852,p1_m3,0.0,-0.009045204645919597,-0.005477854634177336,0.0,1.7948570126936364e-06
1.1399999999999852,p2_m0,0.0,0.08410894689708893,0.08398847419860124,0.0,1.7948570126936364e-06
1.1399999999999852,p2_m1,0.0,-0.09326557142635782,-0.09534625953357782,0.0,1.7948570126936364e-06
1.1399999999999852,p2_m2,0.0,0.07271082793482073,0.07566664256016167,0.0,1.7948570126936364e-06
1.1399999999999852,p2_m3,0.0,-0.010267772896555517,-0.008580519348559525,0.0,1.7948570126936364e-06
1.1399999999999852,p3_m0,0.0,-0.10012022444015135,-0.09912101454582038,0.0,1.7948570126936364e-06
1.1399999999999852,p3_m1,0.0,0.10590474296147528,0.10843576804500077,0.0,1.7948570126936364e-06
1.1399999999999852,p3_m2,0.0,-0.11659382115061444,-0.11943885356657866,0.0,1.7948570126936364e-06
1.1399999999999852,p3_m3,0.0,0.16698860414009825,0.1681946296764007,0.0,1.7948570126936364e-06
1.1499999999999841,p0_m0,8.0,2.887961136613803,2.6588028325124062,0.015,4.479376644406707e-06
1.1499999999999841,p0_m1,8.0,2.7670208900807465,2.7209335437512023,0.015,4.479376644406707e-06
1.1499999999999841,p0_m2,0.0,-0.18856504467699295,-0.1879588569121162,0.0,4.479376644406707e-06
1.1499999999999841,p0_m3,0.0,0.06914958409816829,0.06842186174222827,0.0,4.479376644406707e-06
1.1499999999999841,p1_m0,0.0,0.048990714627093576,0.04994683374869985,0.0,4.479376644406707e-06
1.1499999999999841,p1_m1,0.0,-0.05259819135330909,-0.053724724150401526,0.0,4.479376644406707e-06
1.1499999999999841,p1_m2,-4.0,-1.5391217093106142,-1.4428180176425873,-0.0073172718813617095,4.479376644406707e-06
1.1499999999999841,p1_m3,0.0,0.08093873486404304,0.07545471122271745,0.0,4.479376644406707e-06
1.1499999999999841,p2_m0,0.0,0.15186522640859296,0.1554298926632066,0.0,4.479376644406707e-06
1.1499999999999841,p2_m1,0.0,-0.1006840678736986,-0.10050990389837243,0.0,4.479376644406707e-06
1.1499999999999841,p2_m2,0.0,0.22513759895602467,0.2295444600802492,0.0,4.479376644406707e-06
1.1499999999999841,p2_m3,0.0,-0.006903923434322864,-0.007060078377184375,0.0,4.479376644406707e-06
1.1499999999999841,p3_m0,0.0,-0.09779331131519557,-0.09781127207328706,0.0,4.479376644406707e-06
1.1499999999999841,p3_m1,0.0,0.15486911126846034,0.152640330927326,0.0,4.479376644406707e-06
1.1499999999999841,p3_m2,0.0,-0.22610616516075313,-0.21835238825895212,0.0,4.479376644406707e-06
1.1499999999999841,p3_m3,0.0,0.2753056821361497,0.2780409222781346,0.0,4.479376644406707e-06
1.159999999999983,p0_m0,8.0,7.991855272612507,8.164397158500021,1.3375795622814657e-05,2.361767753393633e-06
1.159999999999983,p0_m1,8.0,8.001849591130796,8.330602828444299,-2.5921076559320967e-05,2.361767753393633e-06
1.159999999999983,p0_m2,0.0,-0.16660227977660988,-0.16041000668006355,0.0,2.361767753393633e-06
1.159999999999983,p0_m3,0.0,0.09710379944723427,0.09235553935304293,0.0,2.361767753393633e-06
1.159999999999983,p1_m0,0.0,0.08468980996534832,0.08072159689559844,0.0,2.361767753393633e-06
1.159999999999983,p1_m1,0.0,-0.08265010273935441,-0.08170417668058343,0.0,2.361767753393633e-06
1.159999999999983,p1_m2,-4.0,-3.9955552447065914,-4.078417767198953,-7.362007495502088e-06,2.361767753393633e-06
1.159999999999983,p1_m3,0.0,-0.011112197450800823,-0.008039017271223511,0.0,2.361767753393633e-06
1.159999999999983,p2_m0,0.0,0.09901203014871211,0.09459001932164002,0.0,2.361767753393633e-06
1.159999999999983,p2_m1,0.0,-0.10403080696155131,-0.10386299787932929,0.0,2.361767753393633e-06
1.159999999999983,p2_m2,0.0,0.1062623148662915,0.10458092142927697,0.0,2.361767753393633e-06
1.159999999999983,p2_m3,0.0,-0.00026437874436131576,0.0011782007126685892,0.0,2.361767753393633e-06
1.159999999999983,p3_m0,0.0,-0.09460358283123227,-0.09463902687402902,0.0,2.361767753393633e-06
1.159999999999983,p3_m1,0.0,0.08657434622207473,0.08613194617974747,0.0,2.361767753393633e-06
1.159999999999983,p3_m2,0.0,-0.11792318405639785,-0.11746047560739437,0.0,2.361767753393633e-06
1.159999999999983,p3_m3,0.0,0.2029649065452106,0.19450971702913614,0.0,2.361767753393633e-06
1.169999999999982,p0_m0,8.0,5.698477351030365,5.238168432177014,0.0054634306073222064,1.280858779385629e-06
1.169999999999982,p0_m1,8.0,3.921506876240259,3.5120319989759348,0.011499186541848248,1.280858779385629e-06
1.169999999999982,p0_m2,0.0,-0.14502730616529477,-0.14521891903978462,0.0,1.280858779385629e-06
1.169999999999982,p0_m3,0.0,0.09495579427299337,0.09402440033939727,0.0,1.280858779385629e-06
1.169999999999982,p1_m0,0.0,0.08275707933971922,0.08070310470787656,0.0,1.280858779385629e-06
1.169999999999982,p1_m1,0.0,-0.0709297545985048,-0.06890429901657326,0.0,1.280858779385629e-06
1.169999999999982,p1_m2,-4.0,-2.593136260489634,-2.3687368443098173,-0.003495940076994436,1.280858779385629e-06
1.169999999999982,p1_m3,0.0,-0.012858580028472743,-0.00936664788851554,0.0,1.280858779385629e-06
1.169999999999982,p2_m0,0.0,0.08653000882901637,0.08681161596748152,0.0,1.280858779385629e-06
1.169999999999982,p2_m1,0.0,-0.09262779688307683,-0.09376598574687416,0.0,1.280858779385629e-06
1.169999999999982,p2_m2,0.0,0.07369115805918562,0.0768261312840908,0.0,1.280858779385629e-06
1.169999999999982,p2_m3,0.0,-0.008990421311686297,-0.0073414661787331815,0.0,1.280858779385629e-06
1.169999999999982,p3_m0,0.0,-0.09679987496887194,-0.09624486024012868,0.0,1.280858779385629e-06
1.169999999999982,p3_m1,0.0,0.09839732339261775,0.10067172187371211,0.0,1.280858779385629e-06
1.169999999999982,p3_m2,0.0,-0.1121899134048892,-0.11505400398409363,0.0,1.280858779385629e-06
1.169999999999982,p3_m3,0.0,0.17372163576041194,0.17560446881290126,0.0,1.280858779385629e-06
1.1799999999999808,p0_m0,8.0,2.9954611727662703,2.7223640594996024,0.014698037773447963,4.109055742729033e-06
1.1799999999999808,p0_m1,8.0,2.795434758511379,2.724324049686017,0.015,4.109055742729033e-06
1.1799999999999808,p0_m2,0.0,-0.18217272360868206,-0.18314682852964692,0.0,4.109055742729033e-06
1.1799999999999808,p0_m3,0.0,0.07141603498764487,0.0708316655527486,0.0,4.109055742729033e-06
1.1799999999999808,p1_m0,0.0,0.04877877176419964,0.050136107543634005,0.0,4.109055742729033e-06
1.1799999999999808,p1_m1,0.0,-0.04607117083831847,-0.047344517762865516,0.0,4.109055742729033e-06
1.1799999999999808,p1_m2,-4.0,-1.5001113896709226,-1.3983865701705966,-0.007429533536281607,4.109055742729033e-06
1.1799999999999808,p1_m3,0.0,0.07996103158944003,0.074921862030264,0.0,4.109055742729033e-06
1.1799999999999808,p2_m0,0.0,0.13894723132904924,0.14335706691036362,0.0,4.109055742729033e-06
1.1799999999999808,p2_m1,0.0,-0.09959735637618597,-0.09947442676783913,0.0,4.109055742729033e-06
1.1799999999999808,p2_m2,0.0,0.20532730768352914,0.21090398340380118,0.0,4.109055742729033e-06
1.1799999999999808,p2_m3,0.0,-0.0030998912935460733,-0.0033635288488260843,0.0,4.109055742729033e-06
1.1799999999999808,p3_m0,0.0,-0.09385249971271489,-0.09390195513201724,0.0,4.109055742729033e-06
1.1799999999999808,p3_m1,0.0,0.1525981576415564,0.14980206220384262,0.0,4.109055742729033e-06
1.1799999999999808,p3_m2,0.0,-0.22318123987506874,-0.21554547578488353,0.0,4.109055742729033e-06
1.1799999999999808,p3_m3,0.0,0.2626695256012104,0.2667099046473593,0.0,4.109055742729033e-06
1.1899999999999797,p0_m0,8.0,7.99538589794905,8.22587449870882,-1.227120888971811e-06,3.4412310045480142e-06
1.1899999999999797,p0_m1,8.0,8.008714155613182,8.447664448338827,-4.7939435446782144e-05,3.4412310045480142e-06
1.1899999999999797,p0_m2,0.0,-0.16242231264280577,-0.1574270466289061,0.0,3.4412310045480142e-06
1.1899999999999797,p0_m3,0.0,0.09633138226290287,0.09227280274285264,0.0,3.4412310045480142e-06
1.1899999999999797,p1_m0,0.0,0.07932705395258571,0.07699134522315146,0.0,3.4412310045480142e-06
1.1899999999999797,p1_m1,0.0,-0.078851309553512,-0.07761971390325645,0.0,3.4412310045480142e-06
1.1899999999999797,p1_m2,-4.0,-3.9977475619174068,-4.112935154488514,1.0495016000735546e-06,3.4412310045480142e-06
1.1899999999999797,p1_m3,0.0,0.0006098956259454162,0.0012283524945982851,0.0,3.4412310045480142e-06
1.1899999999999797,p2_m0,0.0,0.0970279803567095,0.0919599763024951,0.0,3.4412310045480142e-06
1.1899999999999797,p2_m1,0.0,-0.09637063136977296,-0.0963498314547065,0.0,3.4412310045480142e-06
1.1899999999999797,p2_m2,0.0,0.1167080509707523,0.11264813297216063,0.0,3.4412310045480142e-06
1.1899999999999797,p2_m3,0.0,0.0017082528367673398,0.003929862440457886,0.0,3.4412310045480142e-06
1.1899999999999797,p3_m0,0.0,-0.09110705031115134,-0.09108946768166355,0.0,3.4412310045480142e-06
1.1899999999999797,p3_m1,0.0,0.10460326851874167,0.10083878582551842,0.0,3.4412310045480142e-06
1.1899999999999797,p3_m2,0.0,-0.13904338423357485,-0.13489037186290245,0.0,3.4412310045480142e-06
1.1899999999999797,p3_m3,0.0,0.19361197990255558,0.18615483245236897,0.0,3.4412310045480142e-06
1.1999999999999786,p0_m0,8.0,6.950471461186129,6.440406070285214,0.0014833074792733418,6.251922469546502e-07
1.1999999999999786,p0_m1,8.0,4.700898873363278,4.229495275123181,0.008869713670278834,6.251922469546502e-07
1.1999999999999786,p0_m2,0.0,-0.12638832163276661,-0.12852153917371514,0.0,6.251922469546502e-07
1.1999999999999786,p0_m3,0.0,0.08178780192923266,0.0833780986209441,0.0,6.251922469546502e-07
1.1999999999999786,p1_m0,0.0,0.07787156617479683,0.07749279084823671,0.0,6.251922469546502e-07
1.1999999999999786,p1_m1,0.0,-0.07721703339034891,-0.07567398449053961,0.0,6.251922469546502e-07
1.1999999999999786,p1_m2,-4.0,-3.5014796007380435,-3.2104639948092433,-0.0007535521685504039,6.251922469546502e-07
1.1999999999999786,p1_m3,0.0,-0.021845435088641667,-0.019110555440216014,0.0,6.251922469546502e-07
1.1999999999999786,p2_m0,0.0,0.0667497895926983,0.06952364759943913,0.0,6.251922469546502e-07
1.1999999999999786,p2_m1,0.0,-0.08923732307452088,-0.0885883399038217,0.0,6.251922469546502e-07
1.1999999999999786,p2_m2,0.0,0.05631352560945839,0.06037376116184873,0.0,6.251922469546502e-07
1.1999999999999786,p2_m3,0.0,-0.005112536219714093,-0.005199398802993306,0.0,6.251922469546502e-07
1.1999999999999786,p3_m0,0.0,-0.09053160017745035,-0.09095536282267253,0.0,6.251922469546502e-07
1.1999999999999786,p3_m1,0.0,0.07927790688686835,0.08244686782071914,0.0,6.251922469546502e-07
1.1999999999999786,p3_m2,0.0,-0.09421774192522674,-0.09802276386234032,0.0,6.251922469546502e-07
1.1999999999999786,p3_m3,0.0,0.13683961832658856,0.14170960099101704,0.0,6.251922469546502e-07
1.2099999999999775,p0_m0,8.0,3.217159342160015,2.8547093204265757,0.013832970042184508,3.2156068704514935e-06
1.2099999999999775,p0_m1,8.0,2.936757837459531,2.751462465057382,0.015,3.2156068704514935e-06
1.2099999999999775,p0_m2,0.0,-0.15261980237390926,-0.15623783937493238,0.0,3.2156068704514935e-06
1.2099999999999775,p0_m3,0.0,0.06538616974036691,0.06526077856775321,0.0,3.2156068704514935e-06
1.2099999999999775,p1_m0,0.0,0.040748902204050745,0.043236853587006886,0.0,3.2156068704514935e-06
1.2099999999999775,p1_m1,0.0,-0.0440863283031243,-0.04551961878189983,0.0,3.2156068704514935e-06
1.2099999999999775,p1_m2,-4.0,-1.6435517438001708,-1.4775317999767716,-0.006853672294876426,3.2156068704514935e-06
1.2099999999999775,p1_m3,0.0,0.07074660879084005,0.07222652680087413,0.0,3.2156068704514935e-06
1.2099999999999775,p2_m0,0.0,0.10095777341350781,0.10540428184975183,0.0,3.2156068704514935e-06
1.2099999999999775,p2_m1,0.0,-0.09608645234936491,-0.09574126853980242,0.0,3.2156068704514935e-06
1.2099999999999775,p2_m2,0.0,0.148670471453624,0.15554813281407623,0.0,3.2156068704514935e-06
1.2099999999999775,p2_m3,0.0,9.113916049036252e-05,-0.00023292306326999605,0.0,3.2156068704514935e-06
1.2099999999999775,p3_m0,0.0,-0.0875070268262615,-0.08760057159871046,0.0,3.2156068704514935e-06
1.2099999999999775,p3_m1,0.0,0.14708047119792822,0.14188641156873888,0.0,3.2156068704514935e-06
1.2099999999999775,p3_m2,0.0,-0.19970987531888273,-0.20432397592633927,0.0,3.2156068704514935e-06
1.2099999999999775,p3_m3,0.0,0.2065316354168541,0.2119912958705299,0.0,3.2156068704514935e-06
1.2199999999999764,p0_m0,8.0,8.006923441817849,8.42128036030009,-4.099958498590972e-05,4.876699118371606e-06
1.2199999999999764,p0_m1,8.0,7.9833249539541224,9.010608322529643,0.000645166494601308,4.876699118371606e-06
1.2199999999999764,p0_m2,0.0,-0.21814202102538524,-0.20190274331320401,0.0,4.876699118371606e-06
1.2199999999999764,p0_m3,0.0,0.1309601779791864,0.11930401479043562,0.0,4.876699118371606e-06
1.2199999999999764,p1_m0,0.0,0.09392926930961011,0.08696324670213047,0.0,4.876699118371606e-06
1.2199999999999764,p1_m1,0.0,-0.09366799454366925,-0.08977327887321326,0.0,4.876699118371606e-06
1.2199999999999764,p1_m2,-4.0,-4.003064695260937,-4.205554599030317,1.885071562017604e-05,4.876699118371606e-06
1.2199999999999764,p1_m3,0.0,0.014185368128504487,0.014235808050850743,0.0,4.876699118371606e-06
1.2199999999999764,p2_m0,0.0,0.1557130780280452,0.14027581341332537,0.0,4.876699118371606e-06
1.2199999999999764,p2_m1,0.0,-0.10072247652076036,-0.10023547293832466,0.0,4.876699118371606e-06
1.2199999999999764,p2_m2,0.0,0.17505322841042936,0.16100581460102795,0.0,4.876699118371606e-06
1.2199999999999764,p2_m3,0.0,-0.019319724880882846,-0.014163491429132343,0.0,4.876699118371606e-06
1.2199999999999764,p3_m0,0.0,-0.08555341990540347,-0.08551336023961462,0.0,4.876699118371606e-06
1.2199999999999764,p3_m1,0.0,0.15329677335804845,0.141903782161263,0.0,4.876699118371606e-06
1.2199999999999764,p3_m2,0.0,-0.19856242921326134,-0.18476718447503995,0.0,4.876699118371606e-06
1.2199999999999764,p3_m3,0.0,0.28237585924244873,0.258503062015697,0.0,4.876699118371606e-06
1.2299999999999753,p0_m0,8.0,7.981554756684925,8.00410207229843,5.380123959730554e-05,1.3250780788394178e-06
1.2299999999999753,p0_m1,8.0,5.101004267693637,4.648928892097868,0.0075420638765866,1.3250780788394178e-06
1.2299999999999753,p0_m2,0.0,-0.14324317811370582,-0.14877767123042945,0.0,1.3250780788394178e-06
1.2299999999999753,p0_m3,0.0,0.09272865096164055,0.09586288917816899,0.0,1.3250780788394178e-06
1.2299999999999753,p1_m0,0.0,0.08603568525595863,0.0878088899433558,0.0,1.3250780788394178e-06
1.2299999999999753,p1_m1,0.0,-0.09179604038184556,-0.09249028170108121,0.0,1.3250780788394178e-06
1.2299999999999753,p1_m2,-4.0,-3.9908017858261267,-4.002343431720306,-2.6994118781723308e-05,1.3250780788394178e-06
1.2299999999999753,p1_m3,0.0,-0.025507239667809566,-0.02409068055538323,0.0,1.3250780788394178e-06
1.2299999999999753,p2_m0,0.0,0.07775188777821433,0.08342497193381736,0.0,1.3250780788394178e-06
1.2299999999999753,p2_m1,0.0,-0.09693216220912856,-0.09629805203112793,0.0,1.3250780788394178e-06
1.2299999999999753,p2_m2,0.0,0.06542327039281191,0.07095597955354198,0.0,1.3250780788394178e-06
1.2299999999999753,p2_m3,0.0,-0.009263888399699733,-0.011369429228960582,0.0,1.3250780788394178e-06
1.2299999999999753,p3_m0,0.0,-0.08320503906482427,-0.0832323154551087,0.0,1.3250780788394178e-06
1.2299999999999753,p3_m1,0.0,0.08822119264335285,0.09323906614117912,0.0,1.3250780788394178e-06
1.2299999999999753,p3_m2,0.0,-0.10623335747998078,-0.11206734965883525,0.0,1.3250780788394178e-06
1.2299999999999753,p3_m3,0.0,0.15470548827087252,0.16337438923459194,0.0,1.3250780788394178e-06
1.2399999999999742,p0_m0,8.0,3.603344770487834,3.1632959201127115,0.012441756581224681,3.186529363647662e-06
1.2399999999999742,p0_m1,8.0,3.007219155069127,2.7819260943855637,0.014698212843806539,3.186529363647662e-06
1.2399999999999742,p0_m2,0.0,-0.15815447638724703,-0.1607874345161738,0.0,3.186529363647662e-06
1.2399999999999742,p0_m3,0.0,0.08485614384849481,0.0842075048106578,0.0,3.186529363647662e-06
1.2399999999999742,p1_m0,0.0,0.05282064071536497,0.05233192529963535,0.0,3.186529363647662e-06
1.2399999999999742,p1_m1,0.0,-0.05771144737742983,-0.05815954120817597,0.0,3.186529363647662e-06
1.2399999999999742,p1_m2,-4.0,-1.8123509329809848,-1.6060355370493418,-0.006216097267966154,3.186529363647662e-06
1.2399999999999742,p1_m3,0.0,0.042273553086711636,0.046652941001002576,0.0,3.186529363647662e-06
1.2399999999999742,p2_m0,0.0,0.09938444275050179,0.10192041189420226,0.0,3.186529363647662e-06
1.2399999999999742,p2_m1,0.0,-0.1024526933032218,-0.10172434326797279,0.0,3.186529363647662e-06
1.2399999999999742,p2_m2,0.0,0.1229787730583457,0.12898659496829507,0.0,3.186529363647662e-06
1.2399999999999742,p2_m3,0.0,-0.006520378606728768,-0.006788342089859901,0.0,3.186529363647662e-06
1.2399999999999742,p3_m0,0.0,-0.08947918375490117,-0.0893113010040258,0.0,3.186529363647662e-06
1.2399999999999742,p3_m1,0.0,0.1552977382666438,0.15561139470187776,0.0,3.186529363647662e-06
1.2399999999999742,p3_m2,0.0,-0.17613849692638484,-0.18349495014491013,0.0,3.186529363647662e-06
1.2399999999999742,p3_m3,0.0,0.20391626406138008,0.2080633748585656,0.0,3.186529363647662e-06
1.2499999999999731,p0_m0,8.0,8.015097623085717,8.750191685514928,4.983982018546218e-05,5.1406909525208575e-06
1.2499999999999731,p0_m1,8.0,7.788282816994305,9.08703751283347,0.003519535763004873,5.1406909525208575e-06
1.2499999999999731,p0_m2,0.0,-0.2235542439013134,-0.20937881358713226,0.0,5.1406909525208575e-06
1.2499999999999731,p0_m3,0.0,0.11988031003849368,0.11317926896116297,0.0,5.1406909525208575e-06
1.2499999999999731,p1_m0,0.0,0.08684137985598478,0.08298383269310702,0.0,5.1406909525208575e-06
1.2499999999999731,p1_m1,0.0,-0.08347820343257663,-0.08034184565372891,0.0,5.1406909525208575e-06
1.2499999999999731,p1_m2,-4.0,-4.007156143073968,-4.365546656167426,-1.6609974501227143e-05,5.1406909525208575e-06
1.2499999999999731,p1_m3,0.0,0.03342107727151004,0.02939949831383917,0.0,5.1406909525208575e-06
1.2499999999999731,p2_m0,0.0,0.17123663643095977,0.1547443864417217,0.0,5.1406909525208575e-06
1.2499999999999731,p2_m1,0.0,-0.10757117980597079,-0.1067027305140727,0.0,5.1406909525208575e-06
1.2499999999999731,p2_m2,0.0,0.20966157273353964,0.18948243455009078,0.0,5.1406909525208575e-06
1.2499999999999731,p2_m3,0.0,-0.020465899535809313,-0.016461068215347843,0.0,5.1406909525208575e-06
1.2499999999999731,p3_m0,0.0,-0.08777816173703029,-0.08768506456389243,0.0,5.1406909525208575e-06
1.2499999999999731,p3_m1,0.0,0.1629416148921021,0.1524520245714842,0.0,5.1406909525208575e-06
1.2499999999999731,p3_m2,0.0,-0.21758715780680277,-0.20294579201742852,0.0,5.1406909525208575e-06
1.2499999999999731,p3_m3,0.0,0.3040593866509857,0.27931708332394634,0.0,5.1406909525208575e-06
1.259999999999972,p0_m0,8.0,7.9827258084859825,8.022464417169225,4.9017332153380445e-05,7.964425021322511e-07
1.259999999999972,p0_m1,8.0,5.480992424238131,5.054424274908191,0.0062825136203969395,7.964425021322511e-07
1.259999999999972,p0_m2,0.0,-0.14478388247652269,-0.14950892973388252,0.0,7.964425021322511e-07
1.259999999999972,p0_m3,0.0,0.08748430006926719,0.09014330968202419,0.0,7.964425021322511e-07
1.259999999999972,p1_m0,0.0,0.08428937214049616,0.08553031003553133,0.0,7.964425021322511e-07
1.259999999999972,p1_m1,0.0,-0.08245993290035697,-0.08300429361279939,0.0,7.964425021322511e-07
1.259999999999972,p1_m2,-4.0,-3.9913698918093745,-4.011449340888279,-2.4730233963405458e-05,7.964425021322511e-07
1.259999999999972,p1_m3,0.0,-0.023957397371794465,-0.022034025007023856,0.0,7.964425021322511e-07
1.259999999999972,p2_m0,0.0,0.0802906679120984,0.08566344230724834,0.0,7.964425021322511e-07
1.259999999999972,p2_m1,0.0,-0.10219787518537495,-0.1007632728797386,0.0,7.964425021322511e-07
1.259999999999972,p2_m2,0.0,0.07066411377324996,0.0763090692148162,0.0,7.964425021322511e-07
1.259999999999972,p2_m3,0.0,-0.007162949080583368,-0.00936923515764613,0.0,7.964425021322511e-07
1.259999999999972,p3_m0,0.0,-0.08511491407312105,-0.08514816857416668,0.0,7.964425021322511e-07
1.259999999999972,p3_m1,0.0,0.07851505401501413,0.08390105051913052,0.0,7.964425021322511e-07
1.259999999999972,p3_m2,0.0,-0.0987708223535376,-0.10501383673289524,0.0,7.964425021322511e-07
1.259999999999972,p3_m3,0.0,0.1650184390482291,0.17255244800927716,0.0,7.964425021322511e-07
1.269999999999971,p0_m0,8.0,3.8584022183513,3.3879930881477613,0.011565491770936102,2.558786648410304e-06
1.269999999999971,p0_m1,8.0,3.1011047893959067,2.844757540748901,0.014351427654336004,2.558786648410304e-06
1.269999999999971,p0_m2,0.0,-0.14971325140177796,-0.15178457367163437,0.0,2.558786648410304e-06
1.269999999999971,p0_m3,0.0,0.08441533028850988,0.0831975087015349,0.0,2.558786648410304e-06
1.269999999999971,p1_m0,0.0,0.05514126998072703,0.05366323523246978,0.0,2.558786648410304e-06
1.269999999999971,p1_m1,0.0,-0.05136681106367447,-0.05138012341134773,0.0,2.558786648410304e-06
1.269999999999971,p1_m2,-4.0,-1.7982763625511233,-1.5889329038312348,-0.006246353987438098,2.558786648410304e-06
1.269999999999971,p1_m3,0.0,0.03343807976231354,0.037808007320911156,0.0,2.558786648410304e-06
1.269999999999971,p2_m0,0.0,0.09231044340231533,0.09422688850959522,0.0,2.558786648410304e-06
1.269999999999971,p2_m1,0.0,-0.10040938473205702,-0.09989476820361098,0.0,2.558786648410304e-06
1.269999999999971,p2_m2,0.0,0.10968307846887639,0.11528527396124083,0.0,2.558786648410304e-06
1.269999999999971,p2_m3,0.0,-0.0024371003177508306,-0.00271160935520365,0.0,2.558786648410304e-06
1.269999999999971,p3_m0,0.0,-0.08959074279905786,-0.08952777205585916,0.0,2.558786648410304e-06
1.269999999999971,p3_m1,0.0,0.144077682882985,0.14665600955511104,0.0,2.558786648410304e-06
1.269999999999971,p3_m2,0.0,-0.1570977664287056,-0.163177889030633,0.0,2.558786648410304e-06
1.269999999999971,p3_m3,0.0,0.195345813660962,0.19888146135788237,0.0,2.558786648410304e-06
1.2799999999999698,p0_m0,8.0,7.984414599415733,8.949860284539268,0.0006003744727859326,5.061562846316013e-06
1.2799999999999698,p0_m1,8.0,6.842697472690983,8.270096748175359,0.015,5.061562846316013e-06
1.2799999999999698,p0_m2,0.0,-0.23585659488595928,-0.2274227689614607,0.0,5.061562846316013e-06
1.2799999999999698,p0_m3,0.0,0.12523347325364442,0.12490299950181556,0.0,5.061562846316013e-06
1.2799999999999698,p1_m0,0.0,0.08969855512127592,0.08980283020788918,0.0,5.061562846316013e-06
1.2799999999999698,p1_m1,0.0,-0.08104314028841461,-0.07744995332283926,0.0,5.061562846316013e-06
1.2799999999999698,p1_m2,-4.0,-3.9947931202741005,-4.484615783543503,-0.0002637472368437521,5.061562846316013e-06
1.2799999999999698,p1_m3,0.0,0.0404171449507446,0.03383495971105486,0.0,5.061562846316013e-06
1.2799999999999698,p2_m0,0.0,0.19072321126626096,0.177286234941872,0.0,5.061562846316013e-06
1.2799999999999698,p2_m1,0.0,-0.09883779794016176,-0.09866062927827327,0.0,5.061562846316013e-06
1.2799999999999698,p2_m2,0.0,0.23633747768705796,0.2152221124888623,0.0,5.061562846316013e-06
1.2799999999999698,p2_m3,0.0,-0.022037960435472796,-0.020426863526867796,0.0,5.061562846316013e-06
1.2799999999999698,p3_m0,0.0,-0.08814462005056993,-0.08802400554183529,0.0,5.061562846316013e-06
1.2799999999999698,p3_m1,0.0,0.1727788537093374,0.16618542008447493,0.0,5.061562846316013e-06
1.2799999999999698,p3_m2,0.0,-0.23292556730693761,-0.22167901434720916,0.0,5.061562846316013e-06
1.2799999999999698,p3_m3,0.0,0.3346257073018927,0.3152685324948007,0.0,5.061562846316013e-06
1.2899999999999687,p0_m0,8.0,7.98364975330256,8.036453246775114,4.527464823495908e-05,7.701295448703934e-07
1.2899999999999687,p0_m1,8.0,6.895597344840573,6.604819072491513,0.0016154689868927844,7.701295448703934e-07
1.2899999999999687,p0_m2,0.0,-0.11578446517820999,-0.11927768526508205,0.0,7.701295448703934e-07
1.2899999999999687,p0_m3,0.0,0.07102903930468239,0.07206933506875764,0.0,7.701295448703934e-07
1.2899999999999687,p1_m0,0.0,0.06840399557450798,0.06918561081944512,0.0,7.701295448703934e-07
1.2899999999999687,p1_m1,0.0,-0.07727051368882266,-0.07630794626320547,0.0,7.701295448703934e-07
1.2899999999999687,p1_m2,-4.0,-3.9918020285932307,-4.019329982259478,-2.2845779103715993e-05,7.701295448703934e-07
1.2899999999999687,p1_m3,0.0,-0.01664066629013841,-0.015097601862682906,0.0,7.701295448703934e-07
1.2899999999999687,p2_m0,0.0,0.05044639802156216,0.05591720766235357,0.0,7.701295448703934e-07
1.2899999999999687,p2_m1,0.0,-0.09544743158462712,-0.09548583715185043,0.0,7.701295448703934e-07
1.2899999999999687,p2_m2,0.0,0.05778666693574623,0.0629944842689736,0.0,7.701295448703934e-07
1.2899999999999687,p2_m3,0.0,0.012068417640482434,0.00926647450058842,0.0,7.701295448703934e-07
1.2899999999999687,p3_m0,0.0,-0.08530738363702009,-0.08534613929854039,0.0,7.701295448703934e-07
1.2899999999999687,p3_m1,0.0,0.06452597836948326,0.06862365596012147,0.0,7.701295448703934e-07
1.2899999999999687,p3_m2,0.0,-0.08523951965029161,-0.09011025607121324,0.0,7.701295448703934e-07
1.2899999999999687,p3_m3,0.0,0.11812344681002104,0.12556180599659464,0.0,7.701295448703934e-07
1.2999999999999676,p0_m0,8.0,4.470383837047972,3.9581675638319673,0.00948382888251974,1.5794245919450275e-06
1.2999999999999676,p0_m1,8.0,3.4856052078115725,3.135089554956907,0.012993522280666974,1.5794245919450275e-06
1.2999999999999676,p0_m2,0.0,-0.12966031318426627,-0.13032932879542053,0.0,1.5794245919450275e-06
1.2999999999999676,p0_m3,0.0,0.07908829791689712,0.07769858068300373,0.0,1.5794245919450275e-06
1.2999999999999676,p1_m0,0.0,0.06117615782036851,0.05845938036456488,0.0,1.5794245919450275e-06
1.2999999999999676,p1_m1,0.0,-0.058366591394338654,-0.05734877446231898,0.0,1.5794245919450275e-06
1.2999999999999676,p1_m2,-4.0,-2.2206555467126794,-1.9822662924511758,-0.004807431521476109,1.5794245919450275e-06
1.2999999999999676,p1_m3,0.0,0.007239426287274587,0.011166287175740308,0.0,1.5794245919450275e-06
1.2999999999999676,p2_m0,0.0,0.07449771969909498,0.07490017173890938,0.0,1.5794245919450275e-06
1.2999999999999676,p2_m1,0.0,-0.09525535915701029,-0.09651971051466042,0.0,1.5794245919450275e-06
1.2999999999999676,p2_m2,0.0,0.07740743869464022,0.08130408121653376,0.0,1.5794245919450275e-06
1.2999999999999676,p2_m3,0.0,-0.0013032885861752614,-0.0004247921088515562,0.0,1.5794245919450275e-06
1.2999999999999676,p3_m0,0.0,-0.08547168477235273,-0.0850859098222114,0.0,1.5794245919450275e-06
1.2999999999999676,p3_m1,0.0,0.10997820899608485,0.11364075012661692,0.0,1.5794245919450275e-06
1.2999999999999676,p3_m2,0.0,-0.1215740341937918,-0.1251036672953,0.0,1.5794245919450275e-06
1.2999999999999676,p3_m3,0.0,0.15663896108063163,0.15851193988926443,0.0,1.5794245919450275e-06
1.3099999999999665,p0_m0,8.0,6.936816253925107,8.264534372826349,0.015,4.49274776821334e-06
1.3099999999999665,p0_m1,8.0,2.7528523544097685,2.702660322476066,0.015,4.49274776821334e-06
1.3099999999999665,p0_m2,0.0,-0.1950763532177733,-0.20231448465120777,0.0,4.49274776821334e-06
1.3099999999999665,p0_m3,0.0,0.07173608923008837,0.08440993169090695,0.0,4.49274776821334e-06
1.3099999999999665,p1_m0,0.0,0.04954463667015378,0.057288362967557314,0.0,4.49274776821334e-06
1.3099999999999665,p1_m1,0.0,-0.05567124104699652,-0.06318236093539592,0.0,4.49274776821334e-06
1.3099999999999665,p1_m2,-4.0,-3.580870647861028,-4.23221643142876,-0.007434645930260081,4.49274776821334e-06
1.3099999999999665,p1_m3,0.0,0.07529158029470456,0.06582495447700405,0.0,4.49274776821334e-06
1.3099999999999665,p2_m0,0.0,0.16813773454471795,0.17011481417761323,0.0,4.49274776821334e-06
1.3099999999999665,p2_m1,0.0,-0.10207843725633085,-0.10630931879130595,0.0,4.49274776821334e-06
1.3099999999999665,p2_m2,0.0,0.24701300366374035,0.23806084795425939,0.0,4.49274776821334e-06
1.3099999999999665,p2_m3,0.0,-0.00585625311827933,-0.0098856977178594,0.0,4.49274776821334e-06
1.3099999999999665,p3_m0,0.0,-0.0978453735649043,-0.10763452604134684,0.0,4.49274776821334e-06
1.3099999999999665,p3_m1,0.0,0.153532968915482,0.1582374847940271,0.0,4.49274776821334e-06
1.3099999999999665,p3_m2,0.0,-0.22066759343187528,-0.2210467938557422,0.0,4.49274776821334e-06
1.3099999999999665,p3_m3,0.0,0.2954819694328982,0.2996400348085327,0.0,4.49274776821334e-06
1.3199999999999654,p0_m0,8.0,7.986604892816272,8.081266457930965,3.3270082239685194e-05,2.518798620256894e-06
1.3199999999999654,p0_m1,8.0,7.996528020167735,8.243104212607738,-5.789671136732011e-06,2.518798620256894e-06
1.3199999999999654,p0_m2,0.0,-0.14113660360436614,-0.13944075363486833,0.0,2.518798620256894e-06
1.3199999999999654,p0_m3,0.0,0.08860437203450823,0.08632783477033125,0.0,2.518798620256894e-06
1.3199999999999654,p1_m0,0.0,0.07338661580471366,0.07182169658883834,0.0,2.518798620256894e-06
1.3199999999999654,p1_m1,0.0,-0.09297123560010394,-0.09173839511080978,0.0,2.518798620256894e-06
1.3199999999999654,p1_m2,-4.0,-3.993003667597648,-4.039960268316132,-1.780760226996492e-05,2.518798620256894e-06
1.3199999999999654,p1_m3,0.0,-0.00870387591590206,-0.007059442448411056,0.0,2.518798620256894e-06
1.3199999999999654,p2_m0,0.0,0.07546878011179453,0.07490230264142149,0.0,2.518798620256894e-06
1.3199999999999654,p2_m1,0.0,-0.09900682243278831,-0.0989133979000996,0.0,2.518798620256894e-06
1.3199999999999654,p2_m2,0.0,0.08432175561753705,0.085223645094372,0.0,2.518798620256894e-06
1.3199999999999654,p2_m3,0.0,0.00397236965448981,0.00455213451981995,0.0,2.518798620256894e-06
1.3199999999999654,p3_m0,0.0,-0.0960829367327854,-0.09586829125943194,0.0,2.518798620256894e-06
1.3199999999999654,p3_m1,0.0,0.0877163843690636,0.08705834042864265,0.0,2.518798620256894e-06
1.3199999999999654,p3_m2,0.0,-0.11430926884915751,-0.11402131196675963,0.0,2.518798620256894e-06
1.3199999999999654,p3_m3,0.0,0.15744242778569348,0.15637516374214186,0.0,2.518798620256894e-06
1.3299999999999643,p0_m0,8.0,5.690634471096615,5.227064397062701,0.005486108493700443,1.6043606212989326e-06
1.3299999999999643,p0_m1,8.0,3.9003531970036907,3.4887879805376243,0.011569720176977672,1.6043606212989326e-06
1.3299999999999643,p0_m2,0.0,-0.14162386560063486,-0.14169393867189795,0.0,1.6043606212989326e-06
1.3299999999999643,p0_m3,0.0,0.09322136004278149,0.09243175915051036,0.0,1.6043606212989326e-06
1.3299999999999643,p1_m0,0.0,0.08116515692924317,0.07903277910742618,0.0,1.6043606212989326e-06
1.3299999999999643,p1_m1,0.0,-0.07858765783036342,-0.07678281265241414,0.0,1.6043606212989326e-06
1.3299999999999643,p1_m2,-4.0,-2.832776505538705,-2.6064431622129955,-0.0024404264795053246,1.6043606212989326e-06
1.3299999999999643,p1_m3,0.0,-0.014856604811446742,-0.011514353215897374,0.0,1.6043606212989326e-06
1.3299999999999643,p2_m0,0.0,0.08313033806298513,0.08330614935360996,0.0,1.6043606212989326e-06
1.3299999999999643,p2_m1,0.0,-0.09104447912696065,-0.0921921585197995,0.0,1.6043606212989326e-06
1.3299999999999643,p2_m2,0.0,0.06869030531118114,0.07155353416543464,0.0,1.6043606212989326e-06
1.3299999999999643,p2_m3,0.0,-0.011693759705321168,-0.010160868106116617,0.0,1.6043606212989326e-06
1.3299999999999643,p3_m0,0.0,-0.10094046319925272,-0.10046548111923777,0.0,1.6043606212989326e-06
1.3299999999999643,p3_m1,0.0,0.09990204236293873,0.1021689934534031,0.0,1.6043606212989326e-06
1.3299999999999643,p3_m2,0.0,-0.11152566334695255,-0.11422931138211374,0.0,1.6043606212989326e-06
1.3299999999999643,p3_m3,0.0,0.16339812416287364,0.16494236871957485,0.0,1.6043606212989326e-06
1.3399999999999632,p0_m0,8.0,2.9766842090115886,2.7014413674143314,0.01475053366688879,4.259567007969898e-06
1.3399999999999632,p0_m1,8.0,2.777939085534743,2.7094748640719732,0.015,4.259567007969898e-06
1.3399999999999632,p0_m2,0.0,-0.18397082427175712,-0.1846827885095332,0.0,4.259567007969898e-06
1.3399999999999632,p0_m3,0.0,0.07240007621719954,0.07152259834845952,0.0,4.259567007969898e-06
1.3399999999999632,p1_m0,0.0,0.04923246233461774,0.05049763329087347,0.0,4.259567007969898e-06
1.3399999999999632,p1_m1,0.0,-0.05266036859268118,-0.05381903927104981,0.0,4.259567007969898e-06
1.3399999999999632,p1_m2,-4.0,-1.5604401022915642,-1.4422187480407003,-0.0072155359550236334,4.259567007969898e-06
1.3399999999999632,p1_m3,0.0,0.08059591447378181,0.07625949550326998,0.0,4.259567007969898e-06
1.3399999999999632,p2_m0,0.0,0.13892211858011264,0.1429789444433799,0.0,4.259567007969898e-06
1.3399999999999632,p2_m1,0.0,-0.10073336653412099,-0.10050084488651957,0.0,4.259567007969898e-06
1.3399999999999632,p2_m2,0.0,0.20251001785132638,0.20791666910427406,0.0,4.259567007969898e-06
1.3399999999999632,p2_m3,0.0,-0.005987448813886443,-0.0062186771869033935,0.0,4.259567007969898e-06
1.3399999999999632,p3_m0,0.0,-0.09773134259031914,-0.0977588260639929,0.0,4.259567007969898e-06
1.3399999999999632,p3_m1,0.0,0.15540489522766138,0.15246022375101198,0.0,4.259567007969898e-06
1.3399999999999632,p3_m2,0.0,-0.2267917050908209,-0.21964909148583386,0.0,4.259567007969898e-06
1.3399999999999632,p3_m3,0.0,0.2596175749420474,0.26315046569071554,0.0,4.259567007969898e-06
1.3499999999999621,p0_m0,8.0,7.995541041602417,8.227780984865225,-1.7039739726847359e-06,3.1132470100919376e-06
1.3499999999999621,p0_m1,8.0,8.008647059894168,8.44770814964772,-4.7933474048244666e-05,3.1132470100919376e-06
1.3499999999999621,p0_m2,0.0,-0.18334275602976444,-0.17584606970044572,0.0,3.1132470100919376e-06
1.3499999999999621,p0_m3,0.0,0.10492686015098114,0.0994285591413555,0.0,3.1132470100919376e-06
1.3499999999999621,p1_m0,0.0,0.08897653811750353,0.08502653676729041,0.0,3.1132470100919376e-06
1.3499999999999621,p1_m1,0.0,-0.08294525729957336,-0.08174196070416269,0.0,3.1132470100919376e-06
1.3499999999999621,p1_m2,-4.0,-3.9975380905589293,-4.108599608718899,-5.011411488053952e-08,3.1132470100919376e-06
1.3499999999999621,p1_m3,0.0,-0.00754423672824096,-0.005475339615747059,0.0,3.1132470100919376e-06
1.3499999999999621,p2_m0,0.0,0.11391437504209002,0.10786775132389011,0.0,3.1132470100919376e-06
1.3499999999999621,p2_m1,0.0,-0.10437005626155399,-0.10414435234013855,0.0,3.1132470100919376e-06
1.3499999999999621,p2_m2,0.0,0.12188177988719073,0.1179335360548957,0.0,3.1132470100919376e-06
1.3499999999999621,p2_m3,0.0,-0.005343297434374123,-0.003167454440103558,0.0,3.1132470100919376e-06
1.3499999999999621,p3_m0,0.0,-0.09471724519060261,-0.09476318288198754,0.0,3.1132470100919376e-06
1.3499999999999621,p3_m1,0.0,0.09721113185234798,0.094543306976776,0.0,3.1132470100919376e-06
1.3499999999999621,p3_m2,0.0,-0.13227495115411747,-0.12915212594879275,0.0,3.1132470100919376e-06
1.3499999999999621,p3_m3,0.0,0.2296059938353475,0.2190210100427788,0.0,3.1132470100919376e-06
1.359999999999961,p0_m0,8.0,6.178835606320114,5.798046590878671,0.0031892610319224925,1.0920553122398026e-06
1.359999999999961,p0_m1,8.0,4.166992702323878,3.734185515617405,0.01066883613148581,1.0920553122398026e-06
1.359999999999961,p0_m2,0.0,-0.14698052747768336,-0.1475351158661241,0.0,1.0920553122398026e-06
1.359999999999961,p0_m3,0.0,0.09555995143240521,0.09549573426242557,0.0,1.0920553122398026e-06
1.359999999999961,p1_m0,0.0,0.08583358322951287,0.08437301383053976,0.0,1.0920553122398026e-06
1.359999999999961,p1_m1,0.0,-0.07522789567314818,-0.0731196074875006,0.0,1.0920553122398026e-06
1.359999999999961,p1_m2,-4.0,-2.83719698514952,-2.6136911721254146,-0.0024460267963990036,1.0920553122398026e-06
1.359999999999961,p1_m3,0.0,-0.01812494708959876,-0.014820747320847077,0.0,1.0920553122398026e-06
1.359999999999961,p2_m0,0.0,0.08675980920538791,0.08759030965983233,0.0,1.0920553122398026e-06
1.359999999999961,p2_m1,0.0,-0.09263119900315972,-0.09293521191259788,0.0,1.0920553122398026e-06
1.359999999999961,p2_m2,0.0,0.07140428498405409,0.07461874567490813,0.0,1.0920553122398026e-06
1.359999999999961,p2_m3,0.0,-0.010847957204247615,-0.009476618417181143,0.0,1.0920553122398026e-06
1.359999999999961,p3_m0,0.0,-0.09706827490657458,-0.09671539868600393,0.0,1.0920553122398026e-06
1.359999999999961,p3_m1,0.0,0.09351307633293371,0.09583082265611376,0.0,1.0920553122398026e-06
1.359999999999961,p3_m2,0.0,-0.10820723241263747,-0.11115055181895579,0.0,1.0920553122398026e-06
1.359999999999961,p3_m3,0.0,0.17356874627972904,0.17615579222520888,0.0,1.0920553122398026e-06
1.36999999999996,p0_m0,8.0,3.1000610349203,2.7845595444306883,0.014296651438800335,3.827638257867449e-06
1.36999999999996,p0_m1,8.0,2.82290825573018,2.7195111369924065,0.015,3.827638257867449e-06
1.36999999999996,p0_m2,0.0,-0.1763548740886401,-0.17894169111014996,0.0,3.827638257867449e-06
1.36999999999996,p0_m3,0.0,0.07445062589924041,0.07395421155805623,0.0,3.827638257867449e-06
1.36999999999996,p1_m0,0.0,0.049230606577293085,0.05103434711995033,0.0,3.827638257867449e-06
1.36999999999996,p1_m1,0.0,-0.04625042208325828,-0.04757646619250807,0.0,3.827638257867449e-06
1.36999999999996,p1_m2,-4.0,-1.523617182925089,-1.398743048477205,-0.00731355106960145,3.827638257867449e-06
1.36999999999996,p1_m3,0.0,0.07783084967151395,0.07471078003905819,0.0,3.827638257867449e-06
1.36999999999996,p2_m0,0.0,0.12634982875712011,0.13106075826195954,0.0,3.827638257867449e-06
1.36999999999996,p2_m1,0.0,-0.09969471902813387,-0.09952375285785448,0.0,3.827638257867449e-06
1.36999999999996,p2_m2,0.0,0.1828238450204774,0.18914487293312487,0.0,3.827638257867449e-06
1.36999999999996,p2_m3,0.0,-0.0023984578544050026,-0.002775185545328425,0.0,3.827638257867449e-06
1.36999999999996,p3_m0,0.0,-0.09345171276380958,-0.09352052351613281,0.0,3.827638257867449e-06
1.36999999999996,p3_m1,0.0,0.15311349082417003,0.14942168074202736,0.0,3.827638257867449e-06
1.36999999999996,p3_m2,0.0,-0.2217206446807349,-0.21779892925204095,0.0,3.827638257867449e-06
1.36999999999996,p3_m3,0.0,0.2472467290455522,0.25212814700299485,0.0,3.827638257867449e-06
1.3799999999999588,p0_m0,8.0,8.00041232682331,8.308484222821527,-2.0284037911029175e-05,3.976698151177062e-06
1.3799999999999588,p0_m1,8.0,8.01597936807433,8.601665450483035,-5.361485189597381e-05,3.976698151177062e-06
1.3799999999999588,p0_m2,0.0,-0.17636808543012672,-0.1685921899617654,0.0,3.976698151177062e-06
1.3799999999999588,p0_m3,0.0,0.10294876977497407,0.09725001507601634,0.0,3.976698151177062e-06
1.3799999999999588,p1_m0,0.0,0.08196180913916634,0.07867863025657384,0.0,3.976698151177062e-06
1.3799999999999588,p1_m1,0.0,-0.07903826791184,-0.07743422034376009,0.0,3.976698151177062e-06
1.3799999999999588,p1_m2,-4.0,-4.000350063891626,-4.155552565133767,1.0268923270272623e-05,3.976698151177062e-06
1.3799999999999588,p1_m3,0.0,0.006889984193035788,0.006972861593246314,0.0,3.976698151177062e-06
1.3799999999999588,p2_m0,0.0,0.1140036438238173,0.105734884761515,0.0,3.976698151177062e-06
1.3799999999999588,p2_m1,0.0,-0.09681152312684883,-0.09677061018808981,0.0,3.976698151177062e-06
1.3799999999999588,p2_m2,0.0,0.136790120335685,0.12926923874943144,0.0,3.976698151177062e-06
1.3799999999999588,p2_m3,0.0,-0.0034166479174026214,-0.0002055903788906985,0.0,3.976698151177062e-06
1.3799999999999588,p3_m0,0.0,-0.09097768312121363,-0.09094412229979297,0.0,3.976698151177062e-06
1.3799999999999588,p3_m1,0.0,0.11795972358920429,0.11199077100445186,0.0,3.976698151177062e-06
1.3799999999999588,p3_m2,0.0,-0.15657198821117418,-0.1495695639138519,0.0,3.976698151177062e-06
1.3799999999999588,p3_m3,0.0,0.21926110392254883,0.20701973237851734,0.0,3.976698151177062e-06
1.3899999999999577,p0_m0,8.0,7.981178425371914,7.998065848841311,5.535771138226498e-05,9.011259759183908e-07
1.3899999999999577,p0_m1,8.0,4.7309848819339315,4.264693225843205,0.008782509195915965,9.011259759183908e-07
1.3899999999999577,p0_m2,0.0,-0.14067878826952596,-0.14510965068276627,0.0,9.011259759183908e-07
1.3899999999999577,p0_m3,0.0,0.09097883962799942,0.09376436613937437,0.0,9.011259759183908e-07
1.3899999999999577,p1_m0,0.0,0.08709390607771453,0.08841654617898999,0.0,9.011259759183908e-07
1.3899999999999577,p1_m1,0.0,-0.08584349693238555,-0.08586955311066143,0.0,9.011259759183908e-07
1.3899999999999577,p1_m2,-4.0,-3.747272715238845,-3.578554538965266,-2.751117245609924e-05,9.011259759183908e-07
1.3899999999999577,p1_m3,0.0,-0.02650674018385101,-0.024772792253953915,0.0,9.011259759183908e-07
1.3899999999999577,p2_m0,0.0,0.07674001833376175,0.08147829137508575,0.0,9.011259759183908e-07
1.3899999999999577,p2_m1,0.0,-0.09288637383772369,-0.09250996204349926,0.0,9.011259759183908e-07
1.3899999999999577,p2_m2,0.0,0.06256892337541382,0.067421090993221,0.0,9.011259759183908e-07
1.3899999999999577,p2_m3,0.0,-0.009873011640918807,-0.011206276304931484,0.0,9.011259759183908e-07
1.3899999999999577,p3_m0,0.0,-0.09183604290584191,-0.09414536531454706,0.0,9.011259759183908e-07
1.3899999999999577,p3_m1,0.0,0.0870526689487736,0.09133699617808977,0.0,9.011259759183908e-07
1.3899999999999577,p3_m2,0.0,-0.1025645818070745,-0.10685806026970404,0.0,9.011259759183908e-07
1.3899999999999577,p3_m3,0.0,0.1526142772642281,0.16021963377010806,0.0,9.011259759183908e-07
1.3999999999999566,p0_m0,8.0,3.6104570066061443,3.173214215298074,0.012430080637537946,3.298596827272141e-06
1.3999999999999566,p0_m1,8.0,2.912858936648026,2.7195001841182136,0.015,3.298596827272141e-06
1.3999999999999566,p0_m2,0.0,-0.1660527169422458,-0.1686762612303516,0.0,3.298596827272141e-06
1.3999999999999566,p0_m3,0.0,0.0920923890448405,0.0913349024556394,0.0,3.298596827272141e-06
1.3999999999999566,p1_m0,0.0,0.057515989631029406,0.057378505637623305,0.0,3.298596827272141e-06
1.3999999999999566,p1_m1,0.0,-0.05645371151805344,-0.05705758079869533,0.0,3.298596827272141e-06
1.3999999999999566,p1_m2,-4.0,-1.696360697654585,-1.5052214126492809,-0.006612808300294983,3.298596827272141e-06
1.3999999999999566,p1_m3,0.0,0.04613904919290075,0.05029177326086795,0.0,3.298596827272141e-06
1.3999999999999566,p2_m0,0.0,0.10546667004960075,0.10819359751150487,0.0,3.298596827272141e-06
1.3999999999999566,p2_m1,0.0,-0.10208301827511371,-0.10125398790099806,0.0,3.298596827272141e-06
1.3999999999999566,p2_m2,0.0,0.12974477004652665,0.1357585602723617,0.0,3.298596827272141e-06
1.3999999999999566,p2_m3,0.0,-0.004991707905480313,-0.005418930334002507,0.0,3.298596827272141e-06
1.3999999999999566,p3_m0,0.0,-0.09795895996711892,-0.097774127104903,0.0,3.298596827272141e-06
1.3999999999999566,p3_m1,0.0,0.16129709574347262,0.1600345762960372,0.0,3.298596827272141e-06
1.3999999999999566,p3_m2,0.0,-0.18689648115371296,-0.19456136435534524,0.0,3.298596827272141e-06
1.3999999999999566,p3_m3,0.0,0.21711239013171982,0.2211509585509137,0.0,3.298596827272141e-06
1.4099999999999555,p0_m0,8.0,8.01551922100513,8.745992381754766,3.9328644615379996e-05,5.198175298069882e-06
1.4099999999999555,p0_m1,8.0,7.79965706080383,9.098444202429008,0.0031992487758260896,5.198175298069882e-06
1.4099999999999555,p0_m2,0.0,-0.22725395621700842,-0.21290297337784292,0.0,5.198175298069882e-06
1.4099999999999555,p0_m3,0.0,0.12531118703167318,0.1181447872745948,0.0,5.198175298069882e-06
1.4099999999999555,p1_m0,0.0,0.0942848367527566,0.08964534317147706,0.0,5.198175298069882e-06
1.4099999999999555,p1_m1,0.0,-0.08274686263528022,-0.07949187037484225,0.0,5.198175298069882e-06
1.4099999999999555,p1_m2,-4.0,-4.007825068595419,-4.377981085338894,-1.4991506639082442e-05,5.198175298069882e-06
1.4099999999999555,p1_m3,0.0,0.02956455088063772,0.026185853586117733,0.0,5.198175298069882e-06
1.4099999999999555,p2_m0,0.0,0.1733247516955634,0.15686702021530866,0.0,5.198175298069882e-06
1.4099999999999555,p2_m1,0.0,-0.10007918803411667,-0.09993139366324429,0.0,5.198175298069882e-06
1.4099999999999555,p2_m2,0.0,0.21007264646589174,0.19023477873667907,0.0,5.198175298069882e-06
1.4099999999999555,p2_m3,0.0,-0.02006874749972334,-0.015961817436084647,0.0,5.198175298069882e-06
1.4099999999999555,p3_m0,0.0,-0.09605130462347455,-0.09595788926604797,0.0,5.198175298069882e-06
1.4099999999999555,p3_m1,0.0,0.16638244777800687,0.15565103099713373,0.0,5.198175298069882e-06
1.4099999999999555,p3_m2,0.0,-0.22035095843258246,-0.20565896655473728,0.0,5.198175298069882e-06
1.4099999999999555,p3_m3,0.0,0.30958109011150536,0.28477354404973737,0.0,5.198175298069882e-06
1.4199999999999544,p0_m0,8.0,7.982715581774149,8.022201497334677,4.908709578950177e-05,4.2403471738432434e-07
1.4199999999999544,p0_m1,8.0,5.875843328476909,5.476853442301501,0.004980527336447832,4.2403471738432434e-07
1.4199999999999544,p0_m2,0.0,-0.13538421396496564,-0.14054689534109677,0.0,4.2403471738432434e-07
1.4199999999999544,p0_m3,0.0,0.0816562970207814,0.08440866444796913,0.0,4.2403471738432434e-07
1.4199999999999544,p1_m0,0.0,0.08082206959070896,0.08255742909013757,0.0,4.2403471738432434e-07
1.4199999999999544,p1_m1,0.0,-0.07930372295709656,-0.07991160969457388,0.0,4.2403471738432434e-07
1.4199999999999544,p1_m2,-4.0,-3.9914010427389175,-4.012114176608863,-2.455873514040663e-05,4.2403471738432434e-07
1.4199999999999544,p1_m3,0.0,-0.024010195051261222,-0.02252708100941527,0.0,4.2403471738432434e-07
1.4199999999999544,p2_m0,0.0,0.07060060642931121,0.07654709700465356,0.0,4.2403471738432434e-07
1.4199999999999544,p2_m1,0.0,-0.09466293298858215,-0.09309825371028482,0.0,4.2403471738432434e-07
1.4199999999999544,p2_m2,0.0,0.06401835517298284,0.06979695759358591,0.0,4.2403471738432434e-07
1.4199999999999544,p2_m3,0.0,-0.0012871539237273226,-0.004010910395051461,0.0,4.2403471738432434e-07
1.4199999999999544,p3_m0,0.0,-0.09315393743315573,-0.09318921964234864,0.0,4.2403471738432434e-07
1.4199999999999544,p3_m1,0.0,0.07064012358636042,0.07627837838572919,0.0,4.2403471738432434e-07
1.4199999999999544,p3_m2,0.0,-0.09025478649618847,-0.0967521143391088,0.0,4.2403471738432434e-07
1.4199999999999544,p3_m3,0.0,0.15160348750189034,0.15981449732193276,0.0,4.2403471738432434e-07
1.4299999999999533,p0_m0,8.0,3.8565040101310917,3.3853416588111944,0.011566853633930873,2.0466964057851286e-06
1.4299999999999533,p0_m1,8.0,3.206509716475027,2.9206639079835193,0.01397745740522484,2.0466964057851286e-06
1.4299999999999533,p0_m2,0.0,-0.13431754570485258,-0.1363613470069594,0.0,2.0466964057851286e-06
1.4299999999999533,p0_m3,0.0,0.07378718114314914,0.07243758787472991,0.0,2.0466964057851286e-06
1.4299999999999533,p1_m0,0.0,0.04793248984636074,0.046265041676068784,0.0,2.0466964057851286e-06
1.4299999999999533,p1_m1,0.0,-0.04438691437902815,-0.044328614601640545,0.0,2.0466964057851286e-06
1.4299999999999533,p1_m2,-4.0,-1.7989261431316637,-1.5892353751450223,-0.006241588100937689,2.0466964057851286e-06
1.4299999999999533,p1_m3,0.0,0.03378443591682992,0.038162035583697504,0.0,2.0466964057851286e-06
1.4299999999999533,p2_m0,0.0,0.08019378619281384,0.08194812454071713,0.0,2.0466964057851286e-06
1.4299999999999533,p2_m1,0.0,-0.09274022747796942,-0.0922186598325978,0.0,2.0466964057851286e-06
1.4299999999999533,p2_m2,0.0,0.10049538241271018,0.10599751637101469,0.0,2.0466964057851286e-06
1.4299999999999533,p2_m3,0.0,0.003169051575750892,0.0030442862559443644,0.0,2.0466964057851286e-06
1.4299999999999533,p3_m0,0.0,-0.08742147829532075,-0.08778702343438331,0.0,2.0466964057851286e-06
1.4299999999999533,p3_m1,0.0,0.1324285433188888,0.13590947972257778,0.0,2.0466964057851286e-06
1.4299999999999533,p3_m2,0.0,-0.14561335653215846,-0.1510390905951758,0.0,2.0466964057851286e-06
1.4299999999999533,p3_m3,0.0,0.17557499516145647,0.1790605658104616,0.0,2.0466964057851286e-06
1.4399999999999522,p0_m0,8.0,7.984331083606749,8.950373458981973,0.0006025738191228207,4.829221946260616e-06
1.4399999999999522,p0_m1,8.0,2.7829381477049746,2.798212266388544,0.015,4.829221946260616e-06
1.4399999999999522,p0_m2,0.0,-0.2464819613547702,-0.2563044860099405,0.0,4.829221946260616e-06
1.4399999999999522,p0_m3,0.0,0.13350584131172122,0.14921558138001026,0.0,4.829221946260616e-06
1.4399999999999522,p1_m0,0.0,0.09180194562297835,0.10259518660465645,0.0,4.829221946260616e-06
1.4399999999999522,p1_m1,0.0,-0.08980073721321781,-0.09895024144065127,0.0,4.829221946260616e-06
1.4399999999999522,p1_m2,-4.0,-3.994901409530849,-4.485137813726648,-0.00026398834079668145,4.829221946260616e-06
1.4399999999999522,p1_m3,0.0,0.042023014855379494,0.0322851088916379,0.0,4.829221946260616e-06
1.4399999999999522,p2_m0,0.0,0.19998461473805831,0.20114686980737012,0.0,4.829221946260616e-06
1.4399999999999522,p2_m1,0.0,-0.09916434068864373,-0.09802434098074676,0.0,4.829221946260616e-06
1.4399999999999522,p2_m2,0.0,0.24334495286460847,0.2310301056017581,0.0,4.829221946260616e-06
1.4399999999999522,p2_m3,0.0,-0.024255666179618256,-0.029073347452087672,0.0,4.829221946260616e-06
1.4399999999999522,p3_m0,0.0,-0.08615524822824705,-0.08610231465910853,0.0,4.829221946260616e-06
1.4399999999999522,p3_m1,0.0,0.18165120130440413,0.18811126967779068,0.0,4.829221946260616e-06
1.4399999999999522,p3_m2,0.0,-0.24094001278739682,-0.2441161615598901,0.0,4.829221946260616e-06
1.4399999999999522,p3_m3,0.0,0.35054586537873605,0.35488200890625304,0.0,4.829221946260616e-06
1.449999999999951,p0_m0,8.0,7.98364480153134,8.03647884738133,4.5290235107839476e-05,1.4218675952998943e-06
1.449999999999951,p0_m1,8.0,6.88868005642803,6.658181611590822,0.001693106658688805,1.4218675952998943e-06
1.449999999999951,p0_m2,0.0,-0.12656918956750654,-0.12968616852426107,0.0,1.4218675952998943e-06
1.449999999999951,p0_m3,0.0,0.08017448157303969,0.08095382320276598,0.0,1.4218675952998943e-06
1.449999999999951,p1_m0,0.0,0.07220996358446626,0.0728937544646343,0.0,1.4218675952998943e-06
1.449999999999951,p1_m1,0.0,-0.08585583624277493,-0.08420910530012607,0.0,1.4218675952998943e-06
1.449999999999951,p1_m2,-4.0,-3.9917911931561627,-4.019334975911977,-2.287986761605021e-05,1.4218675952998943e-06
1.449999999999951,p1_m3,0.0,-0.016073829652713905,-0.014637355545773337,0.0,1.4218675952998943e-06
1.449999999999951,p2_m0,0.0,0.06123052562464816,0.06611425216680557,0.0,1.4218675952998943e-06
1.449999999999951,p2_m1,0.0,-0.09563264047070638,-0.09560231996132226,0.0,1.4218675952998943e-06
1.449999999999951,p2_m2,0.0,0.06540722874443321,0.07017721218865815,0.0,1.4218675952998943e-06
1.449999999999951,p2_m3,0.0,0.007104970066008008,0.004670754117122472,0.0,1.4218675952998943e-06
1.449999999999951,p3_m0,0.0,-0.08338037772321333,-0.0834156107486901,0.0,1.4218675952998943e-06
1.449999999999951,p3_m1,0.0,0.07453869636961281,0.07812813177740437,0.0,1.4218675952998943e-06
1.449999999999951,p3_m2,0.0,-0.09557226125546851,-0.09988047515278793,0.0,1.4218675952998943e-06
1.449999999999951,p3_m3,0.0,0.1349030962287506,0.14154552800184067,0.0,1.4218675952998943e-06
1.45999999999995,p0_m0,8.0,4.833596718722386,4.319193609196188,0.008276179009135565,1.926548075749366e-06
1.45999999999995,p0_m1,8.0,3.4986755225933135,3.146998759585507,0.012946013080823998,1.926548075749366e-06
1.45999999999995,p0_m2,0.0,-0.14031109496766422,-0.1406259400942166,0.0,1.926548075749366e-06
1.45999999999995,p0_m3,0.0,0.09173597885749057,0.09041720955372387,0.0,1.926548075749366e-06
1.45999999999995,p1_m0,0.0,0.07284255385993152,0.0698971597285673,0.0,1.926548075749366e-06
1.45999999999995,p1_m1,0.0,-0.06563709941792344,-0.06446571276013373,0.0,1.926548075749366e-06
1.45999999999995,p1_m2,-4.0,-2.2146769023185495,-1.974839768301347,-0.004819230347067894,1.926548075749366e-06
1.45999999999995,p1_m3,0.0,-0.00015676713793678928,0.0035881674113413965,0.0,1.926548075749366e-06
1.45999999999995,p2_m0,0.0,0.08173526420157541,0.08187675190252953,0.0,1.926548075749366e-06
1.45999999999995,p2_m1,0.0,-0.09435192528616941,-0.09654911281910114,0.0,1.926548075749366e-06
1.45999999999995,p2_m2,0.0,0.07650541069831669,0.0799843968700482,0.0,1.926548075749366e-06
1.45999999999995,p2_m3,0.0,-0.0035410074176893546,-0.0021617216597898327,0.0,1.926548075749366e-06
1.45999999999995,p3_m0,0.0,-0.08923456410555909,-0.0881828335078039,0.0,1.926548075749366e-06
1.45999999999995,p3_m1,0.0,0.11236502712854356,0.11551917713713071,0.0,1.926548075749366e-06
1.45999999999995,p3_m2,0.0,-0.12245995714057963,-0.1256280889290735,0.0,1.926548075749366e-06
1.45999999999995,p3_m3,0.0,0.16931026005915273,0.1707652030006079,0.0,1.926548075749366e-06
1.469999999999949,p0_m0,8.0,2.8175278949477867,2.641916660123478,0.015,4.6321264273929965e-06
1.469999999999949,p0_m1,8.0,2.7766344124645044,2.74464339849722,0.015,4.6321264273929965e-06
1.469999999999949,p0_m2,0.0,-0.1899948290576872,-0.18911425647100988,0.0,4.6321264273929965e-06
1.469999999999949,p0_m3,0.0,0.06565739667683597,0.06556448054018871,0.0,4.6321264273929965e-06
1.469999999999949,p1_m0,0.0,0.04811856532419049,0.048872960426162605,0.0,4.6321264273929965e-06
1.469999999999949,p1_m1,0.0,-0.04878320733870585,-0.050127415212183356,0.0,4.6321264273929965e-06
1.469999999999949,p1_m2,-4.0,-1.5201407865893772,-1.4708558438695851,-0.007538490292982876,4.6321264273929965e-06
1.469999999999949,p1_m3,0.0,0.07943050215470139,0.07523894289163036,0.0,4.6321264273929965e-06
1.469999999999949,p2_m0,0.0,0.1642197531487595,0.16690430272108764,0.0,4.6321264273929965e-06
1.469999999999949,p2_m1,0.0,-0.09709126143459705,-0.09697090172953823,0.0,4.6321264273929965e-06
1.469999999999949,p2_m2,0.0,0.24860684208136719,0.2513144835843753,0.0,4.6321264273929965e-06
1.469999999999949,p2_m3,0.0,-0.0016267094642168508,-0.001772155203778909,0.0,4.6321264273929965e-06
1.469999999999949,p3_m0,0.0,-0.0878341214900715,-0.08783043552201435,0.0,4.6321264273929965e-06
1.469999999999949,p3_m1,0.0,0.1520959792073676,0.15048972898819732,0.0,4.6321264273929965e-06
1.469999999999949,p3_m2,0.0,-0.22175901618976462,-0.216108938647769,0.0,4.6321264273929965e-06
1.469999999999949,p3_m3,0.0,0.29139340319881923,0.2932528074096644,0.0,4.6321264273929965e-06
1.4799999999999478,p0_m0,8.0,7.988992641318453,8.116465622135102,2.4338562376022388e-05,1.4358889229945318e-06
1.4799999999999478,p0_m1,8.0,6.9165472857493135,6.835570138953145,0.0016358409633055687,1.4358889229945318e-06
1.4799999999999478,p0_m2,0.0,-0.17157012318316292,-0.1682782136181663,0.0,1.4358889229945318e-06
1.4799999999999478,p0_m3,0.0,0.10330295678188578,0.09999664263516904,0.0,1.4358889229945318e-06
1.4799999999999478,p1_m0,0.0,0.09387593323335681,0.09077982446870363,0.0,1.4358889229945318e-06
1.4799999999999478,p1_m1,0.0,-0.07895955641693371,-0.0776920227531684,0.0,1.4358889229945318e-06
1.4799999999999478,p1_m2,-4.0,-3.9943153851310442,-4.05843711227621,-1.2554004462998148e-05,1.4358889229945318e-06
1.4799999999999478,p1_m3,0.0,-0.022991136945554064,-0.019051956420727864,0.0,1.4358889229945318e-06
1.4799999999999478,p2_m0,0.0,0.1084810873023341,0.107083749441779,0.0,1.4358889229945318e-06
1.4799999999999478,p2_m1,0.0,-0.09319416040747039,-0.09324406739907563,0.0,1.4358889229945318e-06
1.4799999999999478,p2_m2,0.0,0.10031429698109441,0.1020220673051487,0.0,1.4358889229945318e-06
1.4799999999999478,p2_m3,0.0,-0.0052645512484106845,-0.005684753078535662,0.0,1.4358889229945318e-06
1.4799999999999478,p3_m0,0.0,-0.08460132797095062,-0.08466619303706614,0.0,1.4358889229945318e-06
1.4799999999999478,p3_m1,0.0,0.0777785876672915,0.08171309028900324,0.0,1.4358889229945318e-06
1.4799999999999478,p3_m2,0.0,-0.1061453769789241,-0.11044792218403741,0.0,1.4358889229945318e-06
1.4799999999999478,p3_m3,0.0,0.21732557430592908,0.21286632038974493,0.0,1.4358889229945318e-06
1.4899999999999467,p0_m0,8.0,4.848106568378122,4.336097123889238,0.008228828517906224,1.5290040072345878e-06
1.4899999999999467,p0_m1,8.0,3.5432715576014506,3.193125304902359,0.012797599817837822,1.5290040072345878e-06
1.4899999999999467,p0_m2,0.0,-0.15228055633930498,-0.15300906616167934,0.0,1.5290040072345878e-06
1.4899999999999467,p0_m3,0.0,0.09793232259082062,0.09684784518919924,0.0,1.5290040072345878e-06
1.4899999999999467,p1_m0,0.0,0.07840312030361436,0.07564771646966402,0.0,1.5290040072345878e-06
1.4899999999999467,p1_m1,0.0,-0.06314473967447683,-0.061801825793566516,0.0,1.5290040072345878e-06
1.4899999999999467,p1_m2,-4.0,-2.218829284659031,-1.9800773457967695,-0.004805837668809858,1.5290040072345878e-06
1.4899999999999467,p1_m3,0.0,-0.0014360293033210366,0.0022812684090074416,0.0,1.5290040072345878e-06
1.4899999999999467,p2_m0,0.0,0.0953143128331828,0.09593982919813725,0.0,1.5290040072345878e-06
1.4899999999999467,p2_m1,0.0,-0.09361089050643857,-0.09580727536213535,0.0,1.5290040072345878e-06
1.4899999999999467,p2_m2,0.0,0.08701564052654044,0.09089499450007305,0.0,1.5290040072345878e-06
1.4899999999999467,p2_m3,0.0,-0.007222534615443231,-0.005889461016597964,0.0,1.5290040072345878e-06
1.4899999999999467,p3_m0,0.0,-0.09020101312756344,-0.08913165143887977,0.0,1.5290040072345878e-06
1.4899999999999467,p3_m1,0.0,0.11339527767092013,0.11651829286660217,0.0,1.5290040072345878e-06
1.4899999999999467,p3_m2,0.0,-0.12625086538979038,-0.12953683819861958,0.0,1.5290040072345878e-06
1.4899999999999467,p3_m3,0.0,0.19282705880655696,0.19513197080107358,0.0,1.5290040072345878e-06
1.4999999999999456,p0_m0,8.0,2.894020351864242,2.7417409104828847,0.015,4.443453565882076e-06
1.4999999999999456,p0_m1,8.0,2.7850412413464727,2.7474112211711375,0.015,4.443453565882076e-06
1.4999999999999456,p0_m2,0.0,-0.19159882873321876,-0.18991221802799485,0.0,4.443453565882076e-06
1.4999999999999456,p0_m3,0.0,0.0667130404179156,0.06614470709782098,0.0,4.443453565882076e-06
1.4999999999999456,p1_m0,0.0,0.05091084979549407,0.051815096859556375,0.0,4.443453565882076e-06
1.4999999999999456,p1_m1,0.0,-0.0458293166488834,-0.04616669154142814,0.0,4.443453565882076e-06
1.4999999999999456,p1_m2,-4.0,-1.4767896622074235,-1.412357075908993,-0.007539334853800065,4.443453565882076e-06
1.4999999999999456,p1_m3,0.0,0.0796694964849332,0.07535695274777204,0.0,4.443453565882076e-06
1.4999999999999456,p2_m0,0.0,0.16652855742698414,0.1681887509980204,0.0,4.443453565882076e-06
1.4999999999999456,p2_m1,0.0,-0.09668009513249264,-0.09653935398051744,0.0,4.443453565882076e-06
1.4999999999999456,p2_m2,0.0,0.24988449947044733,0.2515973880735945,0.0,4.443453565882076e-06
1.4999999999999456,p2_m3,0.0,-0.004988954770197961,-0.005170929839489864,0.0,4.443453565882076e-06
1.4999999999999456,p3_m0,0.0,-0.08874085060173008,-0.08873552246511929,0.0,4.443453565882076e-06
1.4999999999999456,p3_m1,0.0,0.15301274681352933,0.15140589693105055,0.0,4.443453565882076e-06
1.4999999999999456,p3_m2,0.0,-0.2239196741402501,-0.21825567997894316,0.0,4.443453565882076e-06
1.4999999999999456,p3_m3,0.0,0.29666369772740586,0.29739910694039273,0.0,4.443453565882076e-06
1.5099999999999445,p0_m0,8.0,7.988848540175899,8.115516040117518,2.4771246766949418e-05,2.441506037109885e-06
1.5099999999999445,p0_m1,8.0,7.996485782291731,8.242408641633125,-5.623664100987469e-06,2.441506037109885e-06
1.5099999999999445,p0_m2,0.0,-0.1357689524497226,-0.13442991591444534,0.0,2.441506037109885e-06
1.5099999999999445,p0_m3,0.0,0.0811244065247645,0.07931152375190001,0.0,2.441506037109885e-06
1.5099999999999445,p1_m0,0.0,0.07025687567457982,0.06901389836812426,0.0,2.441506037109885e-06
1.5099999999999445,p1_m1,0.0,-0.0784907999293891,-0.0777580565421402,0.0,2.441506037109885e-06
1.5099999999999445,p1_m2,-4.0,-3.9942085165747887,-4.058596274604435,-1.2804756926615202e-05,2.441506037109885e-06
1.5099999999999445,p1_m3,0.0,-0.004420007214727864,-0.002998551088607519,0.0,2.441506037109885e-06
1.5099999999999445,p2_m0,0.0,0.07457045839798801,0.07410469299186145,0.0,2.441506037109885e-06
1.5099999999999445,p2_m1,0.0,-0.09302034458772457,-0.0930216382633616,0.0,2.441506037109885e-06
1.5099999999999445,p2_m2,0.0,0.08958510445523094,0.09022683745657539,0.0,2.441506037109885e-06
1.5099999999999445,p2_m3,0.0,0.005661531241689983,0.006124916679853736,0.0,2.441506037109885e-06
1.5099999999999445,p3_m0,0.0,-0.08579699625194946,-0.08580133099117247,0.0,2.441506037109885e-06
1.5099999999999445,p3_m1,0.0,0.08556252935893159,0.08508378559818151,0.0,2.441506037109885e-06
1.5099999999999445,p3_m2,0.0,-0.11354969809625434,-0.11341490747387195,0.0,2.441506037109885e-06
1.5099999999999445,p3_m3,0.0,0.15614047659548902,0.15536097908823343,0.0,2.441506037109885e-06
1.5199999999999434,p0_m0,8.0,6.178293652166468,5.79354042051517,0.003140281005588996,1.135527562350424e-06
1.5199999999999434,p0_m1,8.0,4.1247315666638675,3.686806978529371,0.010808871156526137,1.135527562350424e-06
1.5199999999999434,p0_m2,0.0,-0.13715432217949647,-0.13752150895705934,0.0,1.135527562350424e-06
1.5199999999999434,p0_m3,0.0,0.08911110699103308,0.0890157317478096,0.0,1.135527562350424e-06
1.5199999999999434,p1_m0,0.0,0.08251721284032715,0.08095529208394536,0.0,1.135527562350424e-06
1.5199999999999434,p1_m1,0.0,-0.07866828735031138,-0.0766961484479187,0.0,1.135527562350424e-06
1.5199999999999434,p1_m2,-4.0,-3.1857861255934603,-2.884167778842749,-0.0014981666094612317,1.135527562350424e-06
1.5199999999999434,p1_m3,0.0,-0.019845843387492203,-0.016763095595585448,0.0,1.135527562350424e-06
1.5199999999999434,p2_m0,0.0,0.07944603007821939,0.08016750739948847,0.0,1.135527562350424e-06
1.5199999999999434,p2_m1,0.0,-0.08760424091699578,-0.08808525758058343,0.0,1.135527562350424e-06
1.5199999999999434,p2_m2,0.0,0.06393132161807186,0.06685988130099935,0.0,1.135527562350424e-06
1.5199999999999434,p2_m3,0.0,-0.01216598940723601,-0.010988019906195945,0.0,1.135527562350424e-06
1.5199999999999434,p3_m0,0.0,-0.09476621760087459,-0.09496384605662733,0.0,1.135527562350424e-06
1.5199999999999434,p3_m1,0.0,0.09249881083263388,0.09461556060337273,0.0,1.135527562350424e-06
1.5199999999999434,p3_m2,0.0,-0.1042646527568378,-0.10676668321540883,0.0,1.135527562350424e-06
1.5199999999999434,p3_m3,0.0,0.15575609214414293,0.15794171437267665,0.0,1.135527562350424e-06
1.5299999999999423,p0_m0,8.0,3.084434283278266,2.7661265636221244,0.014336105547471322,3.92178300771917e-06
1.5299999999999423,p0_m1,8.0,2.7976296121562543,2.6999083879427093,0.015,3.92178300771917e-06
1.5299999999999423,p0_m2,0.0,-0.17636076385599003,-0.17847535436116885,0.0,3.92178300771917e-06
1.5299999999999423,p0_m3,0.0,0.0742374977986606,0.07327913476207909,0.0,3.92178300771917e-06
1.5299999999999423,p1_m0,0.0,0.049173159590398724,0.05080402113684144,0.0,3.92178300771917e-06
1.5299999999999423,p1_m1,0.0,-0.05158414636532469,-0.05267445554840639,0.0,3.92178300771917e-06
1.5299999999999423,p1_m2,-4.0,-1.5939565042845882,-1.4522100969013882,-0.007064463999608962,3.92178300771917e-06
1.5299999999999423,p1_m3,0.0,0.07709995744333702,0.07505220597271414,0.0,3.92178300771917e-06
1.5299999999999423,p2_m0,0.0,0.12609326625842282,0.13018942011623058,0.0,3.92178300771917e-06
1.5299999999999423,p2_m1,0.0,-0.09947413152565672,-0.09907642787983105,0.0,3.92178300771917e-06
1.5299999999999423,p2_m2,0.0,0.17976264791170105,0.18572337763257676,0.0,3.92178300771917e-06
1.5299999999999423,p2_m3,0.0,-0.005080988168161184,-0.005380597119839589,0.0,3.92178300771917e-06
1.5299999999999423,p3_m0,0.0,-0.09323317269448395,-0.09318926393315434,0.0,3.92178300771917e-06
1.5299999999999423,p3_m1,0.0,0.1553412795530561,0.15132335297080127,0.0,3.92178300771917e-06
1.5299999999999423,p3_m2,0.0,-0.2233028145311924,-0.22020762740166508,0.0,3.92178300771917e-06
1.5299999999999423,p3_m3,0.0,0.242997857021117,0.24700856646652622,0.0,3.92178300771917e-06
1.5399999999999412,p0_m0,8.0,8.00044300239653,8.310586458787453,-2.0757755690107517e-05,3.979815706455173e-06
1.5399999999999412,p0_m1,8.0,8.01625491579637,8.602272433653418,-5.346632359953318e-05,3.979815706455173e-06
1.5399999999999412,p0_m2,0.0,-0.18894471821536,-0.1908986895846738,0.0,3.979815706455173e-06
1.5399999999999412,p0_m3,0.0,0.10714097391348264,0.10683677252280212,0.0,3.979815706455173e-06
1.5399999999999412,p1_m0,0.0,0.0873570220103767,0.08991716627170783,0.0,3.979815706455173e-06
1.5399999999999412,p1_m1,0.0,-0.08182236435803472,-0.08052397341514583,0.0,3.979815706455173e-06
1.5399999999999412,p1_m2,-4.0,-3.9997214052050922,-4.149981511870302,9.069518671963373e-06,3.979815706455173e-06
1.5399999999999412,p1_m3,0.0,0.002094685516311386,-0.002805815322865678,0.0,3.979815706455173e-06
1.5399999999999412,p2_m0,0.0,0.12318881844533057,0.12310157782966058,0.0,3.979815706455173e-06
1.5399999999999412,p2_m1,0.0,-0.10353999701047586,-0.10306384552096057,0.0,3.979815706455173e-06
1.5399999999999412,p2_m2,0.0,0.1384858171499565,0.13269883230295693,0.0,3.979815706455173e-06
1.5399999999999412,p2_m3,0.0,-0.007238567096531012,-0.0076535008373764,0.0,3.979815706455173e-06
1.5399999999999412,p3_m0,0.0,-0.090508032497488,-0.09033506129496874,0.0,3.979815706455173e-06
1.5399999999999412,p3_m1,0.0,0.11253277746784388,0.10338676373003437,0.0,3.979815706455173e-06
1.5399999999999412,p3_m2,0.0,-0.15165537081516173,-0.14154612784890377,0.0,3.979815706455173e-06
1.5399999999999412,p3_m3,0.0,0.23904211229252378,0.24432203350416928,0.0,3.979815706455173e-06
1.54999999999994,p0_m0,8.0,6.9369338513604815,6.438222104721492,0.001500957178990303,9.467770910176908e-07
1.54999999999994,p0_m1,8.0,4.443908205801041,3.9942662889664518,0.009738977546392531,9.467770910176908e-07
1.54999999999994,p0_m2,0.0,-0.14873426056368233,-0.1499650764147368,0.0,9.467770910176908e-07
1.54999999999994,p0_m3,0.0,0.09582787694345822,0.09675224552035877,0.0,9.467770910176908e-07
1.54999999999994,p1_m0,0.0,0.08844057739792495,0.08763726626840058,0.0,9.467770910176908e-07
1.54999999999994,p1_m1,0.0,-0.07923567560891175,-0.07730815701293725,0.0,9.467770910176908e-07
1.54999999999994,p1_m2,-4.0,-3.1814551034560012,-2.890946721326263,-0.0015012569514033904,9.467770910176908e-07
1.54999999999994,p1_m3,0.0,-0.022833100297670935,-0.01975136451878983,0.0,9.467770910176908e-07
1.54999999999994,p2_m0,0.0,0.0875367300132423,0.08926724923712617,0.0,9.467770910176908e-07
1.54999999999994,p2_m1,0.0,-0.09309295988033423,-0.09262278403658128,0.0,9.467770910176908e-07
1.54999999999994,p2_m2,0.0,0.07009770548059267,0.07365329995900446,0.0,9.467770910176908e-07
1.54999999999994,p2_m3,0.0,-0.01263206747837982,-0.011808586900947032,0.0,9.467770910176908e-07
1.54999999999994,p3_m0,0.0,-0.09368430035319136,-0.09412839873014767,0.0,9.467770910176908e-07
1.54999999999994,p3_m1,0.0,0.0895256767245195,0.09225662805141846,0.0,9.467770910176908e-07
1.54999999999994,p3_m2,0.0,-0.10529863140096302,-0.10856700637963254,0.0,9.467770910176908e-07
1.54999999999994,p3_m3,0.0,0.17374924081508872,0.17735931166659594,0.0,9.467770910176908e-07
1.559999999999939,p0_m0,8.0,3.23420557806097,2.875568761208357,0.013792510408917555,3.5167587586588045e-06
1.559999999999939,p0_m1,8.0,2.871262926448963,2.7255019611585563,0.015,3.5167587586588045e-06
1.559999999999939,p0_m2,0.0,-0.1690416195364801,-0.1725148404119006,0.0,3.5167587586588045e-06
1.559999999999939,p0_m3,0.0,0.07742701761734866,0.07712253648892688,0.0,3.5167587586588045e-06
1.559999999999939,p1_m0,0.0,0.04983592175787833,0.052234515820793206,0.0,3.5167587586588045e-06
1.559999999999939,p1_m1,0.0,-0.04667295786139722,-0.04805830826696081,0.0,3.5167587586588045e-06
1.559999999999939,p1_m2,-4.0,-1.5611443618458862,-1.4126632618102646,-0.007145627874961811,3.5167587586588045e-06
1.559999999999939,p1_m3,0.0,0.0716619366146899,0.07165748726755442,0.0,3.5167587586588045e-06
1.559999999999939,p2_m0,0.0,0.11534867704980369,0.1200198132870279,0.0,3.5167587586588045e-06
1.559999999999939,p2_m1,0.0,-0.09946781588835692,-0.09920714482502609,0.0,3.5167587586588045e-06
1.559999999999939,p2_m2,0.0,0.16152380891921206,0.16831570499514273,0.0,3.5167587586588045e-06
1.559999999999939,p2_m3,0.0,-0.002166534164156572,-0.0026948164988837304,0.0,3.5167587586588045e-06
1.559999999999939,p3_m0,0.0,-0.09105714655224402,-0.09110447415926701,0.0,3.5167587586588045e-06
1.559999999999939,p3_m1,0.0,0.15379333971426198,0.1490770290780333,0.0,3.5167587586588045e-06
1.559999999999939,p3_m2,0.0,-0.21363754559868264,-0.21600990042257975,0.0,3.5167587586588045e-06
1.559999999999939,p3_m3,0.0,0.23254488538943804,0.23801712511510878,0.0,3.5167587586588045e-06
1.569999999999938,p0_m0,8.0,8.006867967555959,8.420280381421794,-4.0942935010351176e-05,4.4347593496176294e-06
1.569999999999938,p0_m1,8.0,8.017915612901735,8.796547386788982,4.510192125239687e-05,4.4347593496176294e-06
1.569999999999938,p0_m2,0.0,-0.19303501373601553,-0.18186088215681503,0.0,4.4347593496176294e-06
1.569999999999938,p0_m3,0.0,0.1109260856864179,0.10337021732910598,0.0,4.4347593496176294e-06
1.569999999999938,p1_m0,0.0,0.08493944926257942,0.08054321951904908,0.0,4.4347593496176294e-06
1.569999999999938,p1_m1,0.0,-0.08110094705105422,-0.07890516136096033,0.0,4.4347593496176294e-06
1.569999999999938,p1_m2,-4.0,-4.003421110332358,-4.212329387187967,2.0499895716000972e-05,4.4347593496176294e-06
1.569999999999938,p1_m3,0.0,0.014013772196760883,0.01340831380386828,0.0,4.4347593496176294e-06
1.569999999999938,p2_m0,0.0,0.13540793165811946,0.12329606732784394,0.0,4.4347593496176294e-06
1.569999999999938,p2_m1,0.0,-0.09694769560583276,-0.0968784194464844,0.0,4.4347593496176294e-06
1.569999999999938,p2_m2,0.0,0.16176316303700058,0.1498190598803813,0.0,4.4347593496176294e-06
1.569999999999938,p2_m3,0.0,-0.009245855764010049,-0.005158277126613789,0.0,4.4347593496176294e-06
1.569999999999938,p3_m0,0.0,-0.08890392668419422,-0.08884780093936948,0.0,4.4347593496176294e-06
1.569999999999938,p3_m1,0.0,0.13273323500122056,0.12440205480731191,0.0,4.4347593496176294e-06
1.569999999999938,p3_m2,0.0,-0.1761922295182402,-0.16595119886380855,0.0,4.4347593496176294e-06
1.569999999999938,p3_m3,0.0,0.2505594107105082,0.23255506926015795,0.0,4.4347593496176294e-06
1.5799999999999368,p0_m0,8.0,7.981556778635253,8.004056187357937,5.379730062507715e-05,4.566990738019216e-07
1.5799999999999368,p0_m1,8.0,5.423711670032526,4.969606237115878,0.006459250172735401,4.566990738019216e-07
1.5799999999999368,p0_m2,0.0,-0.12172158280796407,-0.12761708463664997,0.0,4.566990738019216e-07
1.5799999999999368,p0_m3,0.0,0.07631088385943952,0.07977449618314329,0.0,4.566990738019216e-07
1.5799999999999368,p1_m0,0.0,0.07556727458212492,0.07759984802541003,0.0,4.566990738019216e-07
1.5799999999999368,p1_m1,0.0,-0.08057281405058364,-0.08129780014857721,0.0,4.566990738019216e-07
1.5799999999999368,p1_m2,-4.0,-3.9908317628906644,-4.002721191821993,-2.6883622784330098e-05,4.566990738019216e-07
1.5799999999999368,p1_m3,0.0,-0.02325167230424637,-0.02199446021020713,0.0,4.566990738019216e-07
1.5799999999999368,p2_m0,0.0,0.05991354781820378,0.06609152451281163,0.0,4.566990738019216e-07
1.5799999999999368,p2_m1,0.0,-0.09282755602235916,-0.09187344555396716,0.0,4.566990738019216e-07
1.5799999999999368,p2_m2,0.0,0.05411987752788047,0.05991146232303665,0.0,4.566990738019216e-07
1.5799999999999368,p2_m3,0.0,0.00010415891416920804,-0.0023986890482840407,0.0,4.566990738019216e-07
1.5799999999999368,p3_m0,0.0,-0.08649555498117212,-0.08652520367354642,0.0,4.566990738019216e-07
1.5799999999999368,p3_m1,0.0,0.07151273829838287,0.07676204603107441,0.0,4.566990738019216e-07
1.5799999999999368,p3_m2,0.0,-0.08832005672254428,-0.09440388564971487,0.0,4.566990738019216e-07
1.5799999999999368,p3_m3,0.0,0.12734013083151027,0.13660095929316393,0.0,4.566990738019216e-07
1.5899999999999357,p0_m0,8.0,3.8547460574606482,3.384220743176528,0.011578382810711172,2.53532560112002e-06
1.5899999999999357,p0_m1,8.0,3.0801365117874977,2.8267081325532444,0.014423944292925941,2.53532560112002e-06
1.5899999999999357,p0_m2,0.0,-0.1435570295271881,-0.14528718532473156,0.0,2.53532560112002e-06
1.5899999999999357,p0_m3,0.0,0.08146130299646576,0.08010840833147549,0.0,2.53532560112002e-06
1.5899999999999357,p1_m0,0.0,0.0528244218620235,0.05128984835723344,0.0,2.53532560112002e-06
1.5899999999999357,p1_m1,0.0,-0.051197730617193064,-0.051213692432090695,0.0,2.53532560112002e-06
1.5899999999999357,p1_m2,-4.0,-1.7961859795386956,-1.5868743043491467,-0.006253797116189467,2.53532560112002e-06
1.5899999999999357,p1_m3,0.0,0.033579154419882344,0.037941724496585096,0.0,2.53532560112002e-06
1.5899999999999357,p2_m0,0.0,0.08686388011043364,0.08847382699977938,0.0,2.53532560112002e-06
1.5899999999999357,p2_m1,0.0,-0.09760113310548038,-0.09668969617683175,0.0,2.53532560112002e-06
1.5899999999999357,p2_m2,0.0,0.105114562207083,0.1104516218996987,0.0,2.53532560112002e-06
1.5899999999999357,p2_m3,0.0,0.0012002611479976061,0.0012140590841335163,0.0,2.53532560112002e-06
1.5899999999999357,p3_m0,0.0,-0.09041500754260455,-0.09039492015669975,0.0,2.53532560112002e-06
1.5899999999999357,p3_m1,0.0,0.1425212240105493,0.14486836129006636,0.0,2.53532560112002e-06
1.5899999999999357,p3_m2,0.0,-0.15442824234024566,-0.16043799905485936,0.0,2.53532560112002e-06
1.5899999999999357,p3_m3,0.0,0.18493273161651333,0.1878855229169906,0.0,2.53532560112002e-06
1.5999999999999346,p0_m0,8.0,7.98430972731505,8.950112464549441,0.0006014722418952649,5.072730716293758e-06
1.5999999999999346,p0_m1,8.0,6.832074344340602,8.260201946150985,0.015,5.072730716293758e-06
1.5999999999999346,p0_m2,0.0,-0.22926338577066926,-0.22108157435738407,0.0,5.072730716293758e-06
1.5999999999999346,p0_m3,0.0,0.11792137640225939,0.11811205978377344,0.0,5.072730716293758e-06
1.5999999999999346,p1_m0,0.0,0.08326272573577381,0.08383521230390525,0.0,5.072730716293758e-06
1.5999999999999346,p1_m1,0.0,-0.07775022977603586,-0.07455164668475976,0.0,5.072730716293758e-06
1.5999999999999346,p1_m2,-4.0,-3.994793851519823,-4.4849582437354965,-0.0002639248416317286,5.072730716293758e-06
1.5999999999999346,p1_m3,0.0,0.043928041523397125,0.037035793056950976,0.0,5.072730716293758e-06
1.5999999999999346,p2_m0,0.0,0.185775032044955,0.172488057798697,0.0,5.072730716293758e-06
1.5999999999999346,p2_m1,0.0,-0.10350940912497684,-0.10234235363320723,0.0,5.072730716293758e-06
1.5999999999999346,p2_m2,0.0,0.234862808654746,0.21364302499785986,0.0,5.072730716293758e-06
1.5999999999999346,p2_m3,0.0,-0.017567082571430147,-0.01623918310478741,0.0,5.072730716293758e-06
1.5999999999999346,p3_m0,0.0,-0.08894171335528317,-0.08882400836876514,0.0,5.072730716293758e-06
1.5999999999999346,p3_m1,0.0,0.16993586884515027,0.16350188509219366,0.0,5.072730716293758e-06
1.5999999999999346,p3_m2,0.0,-0.22973433734122517,-0.2186320952821966,0.0,5.072730716293758e-06
1.5999999999999346,p3_m3,0.0,0.32610338142867085,0.30696062458117374,0.0,5.072730716293758e-06
1.6099999999999335,p0_m0,8.0,7.9836530179811795,8.036461889744505,4.52420123217685e-05,8.320910855481943e-07
1.6099999999999335,p0_m1,8.0,5.90554824650231,5.530746787448089,0.004881343730889713,8.320910855481943e-07
1.6099999999999335,p0_m2,0.0,-0.14151120047600022,-0.14649376088159846,0.0,8.320910855481943e-07
1.6099999999999335,p0_m3,0.0,0.0845167669794907,0.08753715217922566,0.0,8.320910855481943e-07
1.6099999999999335,p1_m0,0.0,0.08132417529234683,0.08321255198563918,0.0,8.320910855481943e-07
1.6099999999999335,p1_m1,0.0,-0.0777600988207663,-0.07911368039074994,0.0,8.320910855481943e-07
1.6099999999999335,p1_m2,-4.0,-3.991816689096335,-4.019346785397664,-2.2772846758588815e-05,8.320910855481943e-07
1.6099999999999335,p1_m3,0.0,-0.022179763133211308,-0.02093721979340047,0.0,8.320910855481943e-07
1.6099999999999335,p2_m0,0.0,0.07786998758178339,0.08355270888563793,0.0,8.320910855481943e-07
1.6099999999999335,p2_m1,0.0,-0.0998979925525289,-0.09986550760288766,0.0,8.320910855481943e-07
1.6099999999999335,p2_m2,0.0,0.07255916215481911,0.07804210788849021,0.0,8.320910855481943e-07
1.6099999999999335,p2_m3,0.0,-0.001813375771447418,-0.0045362766573605485,0.0,8.320910855481943e-07
1.6099999999999335,p3_m0,0.0,-0.0860775703350184,-0.08611344933636232,0.0,8.320910855481943e-07
1.6099999999999335,p3_m1,0.0,0.07433990893566352,0.08017553767067287,0.0,8.320910855481943e-07
1.6099999999999335,p3_m2,0.0,-0.09582823125875571,-0.10251014951902035,0.0,8.320910855481943e-07
1.6099999999999335,p3_m3,0.0,0.1637171533580355,0.17131719039991058,0.0,8.320910855481943e-07
1.6199999999999324,p0_m0,8.0,4.1486396202911955,3.652729380426976,0.010570274424149538,2.3127125503022937e-06
1.6199999999999324,p0_m1,8.0,3.215382601388248,2.927113039744914,0.013936708726573807,2.3127125503022937e-06
1.6199999999999324,p0_m2,0.0,-0.14831390567498304,-0.1494474751440136,0.0,2.3127125503022937e-06
1.6199999999999324,p0_m3,0.0,0.08861830991825752,0.08705172450225714,0.0,2.3127125503022937e-06
1.6199999999999324,p1_m0,0.0,0.06267362250175332,0.06018381451162874,0.0,2.3127125503022937e-06
1.6199999999999324,p1_m1,0.0,-0.05562265875197042,-0.05495867204020363,0.0,2.3127125503022937e-06
1.6199999999999324,p1_m2,-4.0,-1.9185836881257716,-1.6945406019053912,-0.0058241021104417446,2.3127125503022937e-06
1.6199999999999324,p1_m3,0.0,0.019553672116625294,0.023825341802136465,0.0,2.3127125503022937e-06
1.6199999999999324,p2_m0,0.0,0.09035175632662253,0.09134485879454797,0.0,2.3127125503022937e-06
1.6199999999999324,p2_m1,0.0,-0.10060114952340186,-0.1004645410362236,0.0,2.3127125503022937e-06
1.6199999999999324,p2_m2,0.0,0.09811988993818037,0.1028950006900913,0.0,2.3127125503022937e-06
1.6199999999999324,p2_m3,0.0,-0.002421462711659343,-0.0021586725620262935,0.0,2.3127125503022937e-06
1.6199999999999324,p3_m0,0.0,-0.09045899300899234,-0.09038663711676738,0.0,2.3127125503022937e-06
1.6199999999999324,p3_m1,0.0,0.13419417697919245,0.13853755968883383,0.0,2.3127125503022937e-06
1.6199999999999324,p3_m2,0.0,-0.14353503662018244,-0.1481817775202684,0.0,2.3127125503022937e-06
1.6199999999999324,p3_m3,0.0,0.19006088478981123,0.19256099076701996,0.0,2.3127125503022937e-06
1.6299999999999313,p0_m0,8.0,7.807636445312764,9.035661448436997,0.0028805805849576246,4.905419894473697e-06
1.6299999999999313,p0_m1,8.0,2.6743947784535176,2.6420315625669994,0.015,4.905419894473697e-06
1.6299999999999313,p0_m2,0.0,-0.23375121588628966,-0.24617769293236424,0.0,4.905419894473697e-06
1.6299999999999313,p0_m3,0.0,0.11495168927109557,0.13429621505662956,0.0,4.905419894473697e-06
1.6299999999999313,p1_m0,0.0,0.0834077344446388,0.09575630938684851,0.0,4.905419894473697e-06
1.6299999999999313,p1_m1,0.0,-0.07741921179962372,-0.08874011595079673,0.0,4.905419894473697e-06
1.6299999999999313,p1_m2,-4.0,-3.9118506426372086,-4.541924280520337,-0.001278661514389448,4.905419894473697e-06
1.6299999999999313,p1_m3,0.0,0.05283074805785678,0.04118989874208391,0.0,4.905419894473697e-06
1.6299999999999313,p2_m0,0.0,0.1940434081888778,0.19728222166463324,0.0,4.905419894473697e-06
1.6299999999999313,p2_m1,0.0,-0.09938216439828355,-0.09919112842684409,0.0,4.905419894473697e-06
1.6299999999999313,p2_m2,0.0,0.25132130374882355,0.23899886572786763,0.0,4.905419894473697e-06
1.6299999999999313,p2_m3,0.0,-0.019611152898059123,-0.02551219654782636,0.0,4.905419894473697e-06
1.6299999999999313,p3_m0,0.0,-0.08918979073686871,-0.08908769221206388,0.0,4.905419894473697e-06
1.6299999999999313,p3_m1,0.0,0.176299050566703,0.18378076396412843,0.0,4.905419894473697e-06
1.6299999999999313,p3_m2,0.0,-0.24187405170793227,-0.2455041073456146,0.0,4.905419894473697e-06
1.6299999999999313,p3_m3,0.0,0.3401824922043066,0.34750575223421454,0.0,4.905419894473697e-06
1.6399999999999302,p0_m0,8.0,7.98488276008333,8.055013320367124,4.017694342075107e-05,1.3138620392411893e-06
1.6399999999999302,p0_m1,8.0,6.8981082200684325,6.670643006596948,0.001667646727204029,1.3138620392411893e-06
1.6399999999999302,p0_m2,0.0,-0.12347283457513857,-0.126526155230718,0.0,1.3138620392411893e-06
1.6399999999999302,p0_m3,0.0,0.07534159808585003,0.07603802524094604,0.0,1.3138620392411893e-06
1.6399999999999302,p1_m0,0.0,0.07027398743311314,0.07090326932327697,0.0,1.3138620392411893e-06
1.6399999999999302,p1_m1,0.0,-0.07654670208672666,-0.0756247178833285,0.0,1.3138620392411893e-06
1.6399999999999302,p1_m2,-4.0,-3.9923871548073864,-4.028896533570158,-2.0496155357479395e-05,1.3138620392411893e-06
1.6399999999999302,p1_m3,0.0,-0.013666342439044648,-0.012131264949007592,0.0,1.3138620392411893e-06
1.6399999999999302,p2_m0,0.0,0.0582753142180811,0.06321973732421339,0.0,1.3138620392411893e-06
1.6399999999999302,p2_m1,0.0,-0.09584779003020906,-0.09588445032452826,0.0,1.3138620392411893e-06
1.6399999999999302,p2_m2,0.0,0.06722822150208879,0.07198737368588252,0.0,1.3138620392411893e-06
1.6399999999999302,p2_m3,0.0,0.009732156969137372,0.007193667899797033,0.0,1.3138620392411893e-06
1.6399999999999302,p3_m0,0.0,-0.08625570250343581,-0.08629297747594235,0.0,1.3138620392411893e-06
1.6399999999999302,p3_m1,0.0,0.07214215683522036,0.0758445363155986,0.0,1.3138620392411893e-06
1.6399999999999302,p3_m2,0.0,-0.09507694875902568,-0.09951377697244655,0.0,1.3138620392411893e-06
1.6399999999999302,p3_m3,0.0,0.13065164324791348,0.1373458001462064,0.0,1.3138620392411893e-06
1.649999999999929,p0_m0,8.0,4.837708379383151,4.3233577585082825,0.008259479348346668,1.853258477453571e-06
1.649999999999929,p0_m1,8.0,3.502496317748211,3.150437185628452,0.012933017069294037,1.853258477453571e-06
1.649999999999929,p0_m2,0.0,-0.1446838489815672,-0.14460102484252027,0.0,1.853258477453571e-06
1.649999999999929,p0_m3,0.0,0.09212002861419102,0.09074362149837059,0.0,1.853258477453571e-06
1.649999999999929,p1_m0,0.0,0.0750076056574405,0.07193296933048095,0.0,1.853258477453571e-06
1.649999999999929,p1_m1,0.0,-0.06932737120157581,-0.06767237589451273,0.0,1.853258477453571e-06
1.649999999999929,p1_m2,-4.0,-2.3956860966555307,-2.1584094374545817,-0.004223910216081556,1.853258477453571e-06
1.649999999999929,p1_m3,0.0,-0.0032225487030096956,0.000643274832743651,0.0,1.853258477453571e-06
1.649999999999929,p2_m0,0.0,0.08549337193467563,0.08534066257194689,0.0,1.853258477453571e-06
1.649999999999929,p2_m1,0.0,-0.09800289824669925,-0.10082664886226234,0.0,1.853258477453571e-06
1.649999999999929,p2_m2,0.0,0.07880065103205239,0.08208774312577587,0.0,1.853258477453571e-06
1.649999999999929,p2_m3,0.0,-0.008049033962857433,-0.006409785383257867,0.0,1.853258477453571e-06
1.649999999999929,p3_m0,0.0,-0.0918631234134908,-0.09048298262734361,0.0,1.853258477453571e-06
1.649999999999929,p3_m1,0.0,0.11370691707680723,0.11653849553038803,0.0,1.853258477453571e-06
1.649999999999929,p3_m2,0.0,-0.12383663191605425,-0.12673333602316367,0.0,1.853258477453571e-06
1.649999999999929,p3_m3,0.0,0.17227633419388091,0.17338057340944557,0.0,1.853258477453571e-06
1.659999999999928,p0_m0,8.0,2.7959297319030645,2.623228225218006,0.015,4.62977466452843e-06
1.659999999999928,p0_m1,8.0,2.7646518688078534,2.733144506652598,0.015,4.62977466452843e-06
1.659999999999928,p0_m2,0.0,-0.19285935914193242,-0.1917315826367847,0.0,4.62977466452843e-06
1.659999999999928,p0_m3,0.0,0.06603730045459942,0.0657238576497552,0.0,4.62977466452843e-06
1.659999999999928,p1_m0,0.0,0.049596766332102415,0.050374891700161656,0.0,4.62977466452843e-06
1.659999999999928,p1_m1,0.0,-0.0524782805725532,-0.05356963680563535,0.0,4.62977466452843e-06
1.659999999999928,p1_m2,-4.0,-1.5217254087975547,-1.4437266633261396,-0.007390138260190049,4.62977466452843e-06
1.659999999999928,p1_m3,0.0,0.08143786981756332,0.07669049381389431,0.0,4.62977466452843e-06
1.659999999999928,p2_m0,0.0,0.16511496370053247,0.16784523565938309,0.0,4.62977466452843e-06
1.659999999999928,p2_m1,0.0,-0.10120471998500753,-0.10106080881864371,0.0,4.62977466452843e-06
1.659999999999928,p2_m2,0.0,0.2473497638109185,0.2502887653808652,0.0,4.62977466452843e-06
1.659999999999928,p2_m3,0.0,-0.004894901148578236,-0.0050406757222172536,0.0,4.62977466452843e-06
1.659999999999928,p3_m0,0.0,-0.09016348934669624,-0.09015796892437544,0.0,4.62977466452843e-06
1.659999999999928,p3_m1,0.0,0.1551186719417629,0.1533957732815308,0.0,4.62977466452843e-06
1.659999999999928,p3_m2,0.0,-0.2268989416628813,-0.22072912243814993,0.0,4.62977466452843e-06
1.659999999999928,p3_m3,0.0,0.2912651414679199,0.29310675671753883,0.0,4.62977466452843e-06
1.6699999999999269,p0_m0,8.0,7.988924506759102,8.11655557628818,2.4497328048388668e-05,2.332347099944783e-06
1.6699999999999269,p0_m1,8.0,7.996486171468892,8.242556508255129,-5.6519548404185824e-06,2.332347099944783e-06
1.6699999999999269,p0_m2,0.0,-0.13733675393388095,-0.13565677692101574,0.0,2.332347099944783e-06
1.6699999999999269,p0_m3,0.0,0.08122670919339565,0.07910769464099528,0.0,2.332347099944783e-06
1.6699999999999269,p1_m0,0.0,0.07114550492138193,0.06952124806678438,0.0,2.332347099944783e-06
1.6699999999999269,p1_m1,0.0,-0.08179736697182996,-0.08110934000093448,0.0,2.332347099944783e-06
1.6699999999999269,p1_m2,-4.0,-3.994085710607853,-4.056545399643716,-1.3353221677337767e-05,2.332347099944783e-06
1.6699999999999269,p1_m3,0.0,-0.005851983641870476,-0.0040649736510169265,0.0,2.332347099944783e-06
1.6699999999999269,p2_m0,0.0,0.0702173497548549,0.07010117670187874,0.0,2.332347099944783e-06
1.6699999999999269,p2_m1,0.0,-0.1043949002307544,-0.10426395036574004,0.0,2.332347099944783e-06
1.6699999999999269,p2_m2,0.0,0.0859358292498541,0.08691420337207395,0.0,2.332347099944783e-06
1.6699999999999269,p2_m3,0.0,0.009384694107223368,0.00944951890548667,0.0,2.332347099944783e-06
1.6699999999999269,p3_m0,0.0,-0.08711335117708635,-0.08713044928110586,0.0,2.332347099944783e-06
1.6699999999999269,p3_m1,0.0,0.08323271781060937,0.08304748147092884,0.0,2.332347099944783e-06
1.6699999999999269,p3_m2,0.0,-0.11142634684851467,-0.11157170355703054,0.0,2.332347099944783e-06
1.6699999999999269,p3_m3,0.0,0.15044949925459664,0.14986155346702865,0.0,2.332347099944783e-06
1.6799999999999258,p0_m0,8.0,5.693259378498956,5.230922823340556,0.005478327429989606,1.429511042926058e-06
1.6799999999999258,p0_m1,8.0,3.900384575803947,3.4888355794155865,0.011569800579048967,1.429511042926058e-06
1.6799999999999258,p0_m2,0.0,-0.1411493380283744,-0.14101088732090838,0.0,1.429511042926058e-06
1.6799999999999258,p0_m3,0.0,0.09115173961984246,0.0901523453424847,0.0,1.429511042926058e-06
1.6799999999999258,p1_m0,0.0,0.08124125061367717,0.078924350029896,0.0,1.429511042926058e-06
1.6799999999999258,p1_m1,0.0,-0.07592351815538265,-0.07386620571835575,0.0,1.429511042926058e-06
1.6799999999999258,p1_m2,-4.0,-2.8339623121141893,-2.608433964714976,-0.0024425038603706254,1.429511042926058e-06
1.6799999999999258,p1_m3,0.0,-0.014579798820227863,-0.011050903539778686,0.0,1.429511042926058e-06
1.6799999999999258,p2_m0,0.0,0.08201299600586884,0.08206060322497344,0.0,1.429511042926058e-06
1.6799999999999258,p2_m1,0.0,-0.09395105262023641,-0.09505696345218931,0.0,1.429511042926058e-06
1.6799999999999258,p2_m2,0.0,0.06919270399337575,0.07211880857698298,0.0,1.429511042926058e-06
1.6799999999999258,p2_m3,0.0,-0.010437539819231787,-0.008786627932670609,0.0,1.429511042926058e-06
1.6799999999999258,p3_m0,0.0,-0.0956353471947321,-0.09533184727724275,0.0,1.429511042926058e-06
1.6799999999999258,p3_m1,0.0,0.09893641978777618,0.10111328699622069,0.0,1.429511042926058e-06
1.6799999999999258,p3_m2,0.0,-0.1111661447991501,-0.11380121129008365,0.0,1.429511042926058e-06
1.6799999999999258,p3_m3,0.0,0.16197797996750946,0.1633267725428159,0.0,1.429511042926058e-06
1.6899999999999247,p0_m0,8.0,2.976367540516646,2.700683189655009,0.01475008962207516,4.2032258129722345e-06
1.6899999999999247,p0_m1,8.0,2.7770062192777036,2.708494270365771,0.015,4.2032258129722345e-06
1.6899999999999247,p0_m2,0.0,-0.18368136708586477,-0.18440750319372406,0.0,4.2032258129722345e-06
1.6899999999999247,p0_m3,0.0,0.07136830773593178,0.0704396546097107,0.0,4.2032258129722345e-06
1.6899999999999247,p1_m0,0.0,0.04903573632641714,0.05030802681961554,0.0,4.2032258129722345e-06
1.6899999999999247,p1_m1,0.0,-0.05168648286393008,-0.052796567027734394,0.0,4.2032258129722345e-06
1.6899999999999247,p1_m2,-4.0,-1.5596274548829265,-1.4410431805740616,-0.00721686152671195,4.2032258129722345e-06
1.6899999999999247,p1_m3,0.0,0.08129547995475328,0.07704491159767364,0.0,4.2032258129722345e-06
1.6899999999999247,p2_m0,0.0,0.13856230523322483,0.14259308126294465,0.0,4.2032258129722345e-06
1.6899999999999247,p2_m1,0.0,-0.10263956624320417,-0.10245486645634294,0.0,4.2032258129722345e-06
1.6899999999999247,p2_m2,0.0,0.20269031429788706,0.2081095559052452,0.0,4.2032258129722345e-06
1.6899999999999247,p2_m3,0.0,-0.00378023338574743,-0.0040477627493796554,0.0,4.2032258129722345e-06
1.6899999999999247,p3_m0,0.0,-0.09275549556420501,-0.09275105711132799,0.0,4.2032258129722345e-06
1.6899999999999247,p3_m1,0.0,0.15528812528468638,0.15228153155521748,0.0,4.2032258129722345e-06
1.6899999999999247,p3_m2,0.0,-0.22728962405992076,-0.22022706199209496,0.0,4.2032258129722345e-06
1.6899999999999247,p3_m3,0.0,0.2591580756653888,0.2626535035691815,0.0,4.2032258129722345e-06
1.6999999999999236,p0_m0,8.0,7.99550043321399,8.227658476695689,-1.6727839862138439e-06,3.488243622843399e-06
1.6999999999999236,p0_m1,8.0,8.008723546284163,8.447794243594192,-4.7945606949435063e-05,3.488243622843399e-06
1.6999999999999236,p0_m2,0.0,-0.1617566503043537,-0.1569070626017914,0.0,3.488243622843399e-06
1.6999999999999236,p0_m3,0.0,0.09334619608043206,0.08956149291271868,0.0,3.488243622843399e-06
1.6999999999999236,p1_m0,0.0,0.07652591208609856,0.07445949001538549,0.0,3.488243622843399e-06
1.6999999999999236,p1_m1,0.0,-0.08191844755151347,-0.08078783914877788,0.0,3.488243622843399e-06
1.6999999999999236,p1_m2,-4.0,-3.997497210609153,-4.109098688269245,9.297506473782135e-08,3.488243622843399e-06
1.6999999999999236,p1_m3,0.0,0.0032241102844569893,0.0036217683744862784,0.0,3.488243622843399e-06
1.6999999999999236,p2_m0,0.0,0.09644003582711924,0.09141927845413511,0.0,3.488243622843399e-06
1.6999999999999236,p2_m1,0.0,-0.1063121295215639,-0.10604672001522839,0.0,3.488243622843399e-06
1.6999999999999236,p2_m2,0.0,0.1171993375358541,0.11300065944596602,0.0,3.488243622843399e-06
1.6999999999999236,p2_m3,0.0,0.002386850773817201,0.004514271330611247,0.0,3.488243622843399e-06
1.6999999999999236,p3_m0,0.0,-0.09004498574011296,-0.09002404584120605,0.0,3.488243622843399e-06
1.6999999999999236,p3_m1,0.0,0.10462155318750083,0.10095399154292124,0.0,3.488243622843399e-06
1.6999999999999236,p3_m2,0.0,-0.1396184429955448,-0.13552799739236338,0.0,3.488243622843399e-06
1.6999999999999236,p3_m3,0.0,0.1910428702125666,0.18366009838774214,0.0,3.488243622843399e-06
1.7099999999999225,p0_m0,8.0,6.941608204563752,6.43081527444106,0.0015013583981116484,1.0328773963635184e-06
1.7099999999999225,p0_m1,8.0,4.421379716969537,3.964944141590036,0.00981205287443073,1.0328773963635184e-06
1.7099999999999225,p0_m2,0.0,-0.139125917549339,-0.14078161158553518,0.0,1.0328773963635184e-06
1.7099999999999225,p0_m3,0.0,0.08960816472117486,0.09075552783910573,0.0,1.0328773963635184e-06
1.7099999999999225,p1_m0,0.0,0.0839862551379907,0.08346724523067205,0.0,1.0328773963635184e-06
1.7099999999999225,p1_m1,0.0,-0.08239794353099131,-0.08085389413229034,0.0,1.0328773963635184e-06
1.7099999999999225,p1_m2,-4.0,-3.5010066868062655,-3.209371404673111,-0.0007539947691823459,1.0328773963635184e-06
1.7099999999999225,p1_m3,0.0,-0.0220506153485828,-0.01935648563336979,0.0,1.0328773963635184e-06
1.7099999999999225,p2_m0,0.0,0.07727391462302236,0.0794782437419703,0.0,1.0328773963635184e-06
1.7099999999999225,p2_m1,0.0,-0.0955247033917912,-0.09504440642664896,0.0,1.0328773963635184e-06
1.7099999999999225,p2_m2,0.0,0.06366358385030658,0.06726562540144256,0.0,1.0328773963635184e-06
1.7099999999999225,p2_m3,0.0,-0.009682021361647329,-0.009376380915530527,0.0,1.0328773963635184e-06
1.7099999999999225,p3_m0,0.0,-0.09122833044100184,-0.09238066649606269,0.0,1.0328773963635184e-06
1.7099999999999225,p3_m1,0.0,0.08910832048426488,0.09183952381549497,0.0,1.0328773963635184e-06
1.7099999999999225,p3_m2,0.0,-0.10398818224282251,-0.1070107438327991,0.0,1.0328773963635184e-06
1.7099999999999225,p3_m3,0.0,0.15290327733309894,0.1570444482919781,0.0,1.0328773963635184e-06
1.7199999999999214,p0_m0,8.0,3.219809653349307,2.858901572919413,0.013827093552173576,3.6256660495652038e-06
1.7199999999999214,p0_m1,8.0,2.855603876916218,2.7127227900707775,0.015,3.6256660495652038e-06
1.7199999999999214,p0_m2,0.0,-0.1693735704245947,-0.17241180792747673,0.0,3.6256660495652038e-06
1.7199999999999214,p0_m3,0.0,0.07724115523687154,0.0766089075497974,0.0,3.6256660495652038e-06
1.7199999999999214,p1_m0,0.0,0.04949254040766798,0.05167606375497873,0.0,3.6256660495652038e-06
1.7199999999999214,p1_m1,0.0,-0.05248941191447685,-0.053718705867606444,0.0,3.6256660495652038e-06
1.7199999999999214,p1_m2,-4.0,-1.6455206808597527,-1.4801849295412421,-0.006848786803489584,3.6256660495652038e-06
1.7199999999999214,p1_m3,0.0,0.06959001930048643,0.07077727609170625,0.0,3.6256660495652038e-06
1.7199999999999214,p2_m0,0.0,0.11433103861196237,0.11844559707556349,0.0,3.6256660495652038e-06
1.7199999999999214,p2_m1,0.0,-0.10297229239743702,-0.10264497550699792,0.0,3.6256660495652038e-06
1.7199999999999214,p2_m2,0.0,0.15881665732928651,0.16533377866961177,0.0,3.6256660495652038e-06
1.7199999999999214,p2_m3,0.0,-0.002673479185158884,-0.003100344753135795,0.0,3.6256660495652038e-06
1.7199999999999214,p3_m0,0.0,-0.09116988081719758,-0.09116913448817618,0.0,3.6256660495652038e-06
1.7199999999999214,p3_m1,0.0,0.15603829059823696,0.15106024776649454,0.0,3.6256660495652038e-06
1.7199999999999214,p3_m2,0.0,-0.21373515945906277,-0.2173259240038996,0.0,3.6256660495652038e-06
1.7199999999999214,p3_m3,0.0,0.22737270241696478,0.232103930644314,0.0,3.6256660495652038e-06
1.7299999999999203,p0_m0,8.0,8.0069254086067,8.42127004649713,-4.1064449547477015e-05,4.4976575824697355e-06
1.7299999999999203,p0_m1,8.0,8.017831402522559,8.796910277186702,4.7012698331947434e-05,4.4976575824697355e-06
1.7299999999999203,p0_m2,0.0,-0.19023253092501868,-0.17945776900136332,0.0,4.4976575824697355e-06
1.7299999999999203,p0_m3,0.0,0.10593362021757814,0.09902023330447564,0.0,4.4976575824697355e-06
1.7299999999999203,p1_m0,0.0,0.08099258199204905,0.0771219900271006,0.0,4.4976575824697355e-06
1.7299999999999203,p1_m1,0.0,-0.08199689666007585,-0.08008023849004738,0.0,4.4976575824697355e-06
1.7299999999999203,p1_m2,-4.0,-4.003023685282676,-4.2054733141707565,1.8877999482462826e-05,4.4976575824697355e-06
1.7299999999999203,p1_m3,0.0,0.01727632298186446,0.016210985111651127,0.0,4.4976575824697355e-06
1.7299999999999203,p2_m0,0.0,0.1317674166413957,0.12000248869036037,0.0,4.4976575824697355e-06
1.7299999999999203,p2_m1,0.0,-0.10735491147499483,-0.10686477714543492,0.0,4.4976575824697355e-06
1.7299999999999203,p2_m2,0.0,0.15986922897127395,0.14795412932590263,0.0,4.4976575824697355e-06
1.7299999999999203,p2_m3,0.0,-0.008060588852643978,-0.004146365649826564,0.0,4.4976575824697355e-06
1.7299999999999203,p3_m0,0.0,-0.08900732201920093,-0.08894926359841852,0.0,4.4976575824697355e-06
1.7299999999999203,p3_m1,0.0,0.1323294192881965,0.12415129365006385,0.0,4.4976575824697355e-06
1.7299999999999203,p3_m2,0.0,-0.17627045760684593,-0.16611105940137125,0.0,4.4976575824697355e-06
1.7299999999999203,p3_m3,0.0,0.24389869089634092,0.22636143416746354,0.0,4.4976575824697355e-06
1.7399999999999192,p0_m0,8.0,7.981556241183781,8.004100527868554,5.382578011828621e-05,9.126526677355341e-07
1.7399999999999192,p0_m1,8.0,5.066914170434429,4.601943072223537,0.007650445624838222,9.126526677355341e-07
1.7399999999999192,p0_m2,0.0,-0.13279964388942747,-0.138243921642332,0.0,9.126526677355341e-07
1.7399999999999192,p0_m3,0.0,0.08232988213871258,0.08537911990308777,0.0,9.126526677355341e-07
1.7399999999999192,p1_m0,0.0,0.08044897468264472,0.08213577129533099,0.0,9.126526677355341e-07
1.7399999999999192,p1_m1,0.0,-0.08406822142729167,-0.08484863345290848,0.0,9.126526677355341e-07
1.7399999999999192,p1_m2,-4.0,-3.9908074468205803,-4.002344506998652,-2.690858072978175e-05,9.126526677355341e-07
1.7399999999999192,p1_m3,0.0,-0.023103859684046806,-0.021604204241103677,0.0,9.126526677355341e-07
1.7399999999999192,p2_m0,0.0,0.06972226562532112,0.07527900152880007,0.0,9.126526677355341e-07
1.7399999999999192,p2_m1,0.0,-0.10042276935480851,-0.09930492083880468,0.0,9.126526677355341e-07
1.7399999999999192,p2_m2,0.0,0.060956235963995575,0.06646696326821357,0.0,9.126526677355341e-07
1.7399999999999192,p2_m3,0.0,-0.005233658777049854,-0.007242150713901707,0.0,9.126526677355341e-07
1.7399999999999192,p3_m0,0.0,-0.08665140814338389,-0.08667745908735615,0.0,9.126526677355341e-07
1.7399999999999192,p3_m1,0.0,0.08094220830844394,0.08589970383943564,0.0,9.126526677355341e-07
1.7399999999999192,p3_m2,0.0,-0.09844128590915048,-0.1042354235509125,0.0,9.126526677355341e-07
1.7399999999999192,p3_m3,0.0,0.14149158189441066,0.14999890021864715,0.0,9.126526677355341e-07
1.749999999999918,p0_m0,8.0,3.6011127588452725,3.1615198710471635,0.012449847216014468,3.0698031868912995e-06
1.749999999999918,p0_m1,8.0,2.9958954025729057,2.7726016086055214,0.014737615576927245,3.0698031868912995e-06
1.749999999999918,p0_m2,0.0,-0.15481190976288037,-0.1573244052709929,0.0,3.0698031868912995e-06
1.749999999999918,p0_m3,0.0,0.08146702864606632,0.08067785841660226,0.0,3.0698031868912995e-06
1.749999999999918,p1_m0,0.0,0.05097506418951146,0.050459710760847806,0.0,3.0698031868912995e-06
1.749999999999918,p1_m1,0.0,-0.05503619809289877,-0.05541434424161498,0.0,3.0698031868912995e-06
1.749999999999918,p1_m2,-4.0,-1.8114027499953749,-1.6052699301516644,-0.00621952120395088,3.0698031868912995e-06
1.749999999999918,p1_m3,0.0,0.043436433788559665,0.047828514466729,0.0,3.0698031868912995e-06
1.749999999999918,p2_m0,0.0,0.09704772629154618,0.09949299000215138,0.0,3.0698031868912995e-06
1.749999999999918,p2_m1,0.0,-0.10327498084906525,-0.10267404395661368,0.0,3.0698031868912995e-06
1.749999999999918,p2_m2,0.0,0.12188869112131898,0.12783881295294833,0.0,3.0698031868912995e-06
1.749999999999918,p2_m3,0.0,-0.0024229652925341722,-0.0026766634245596974,0.0,3.0698031868912995e-06
1.749999999999918,p3_m0,0.0,-0.09047830764843562,-0.09041635115815667,0.0,3.0698031868912995e-06
1.749999999999918,p3_m1,0.0,0.15313251254923352,0.15326095429322337,0.0,3.0698031868912995e-06
1.749999999999918,p3_m2,0.0,-0.17422881491151448,-0.18150766291227213,0.0,3.0698031868912995e-06
1.749999999999918,p3_m3,0.0,0.200087411855638,0.2040634896032419,0.0,3.0698031868912995e-06
1.759999999999917,p0_m0,8.0,8.015111884162224,8.750295035412186,4.973409528040751e-05,5.1152855780500655e-06
1.759999999999917,p0_m1,8.0,7.787909339791528,9.086691539435789,0.003529332529467619,5.1152855780500655e-06
1.759999999999917,p0_m2,0.0,-0.22183242815608942,-0.20764391976500826,0.0,5.1152855780500655e-06
1.759999999999917,p0_m3,0.0,0.1179776984429417,0.11128222973781704,0.0,5.1152855780500655e-06
1.759999999999917,p1_m0,0.0,0.08569950093019019,0.08185456159646894,0.0,5.1152855780500655e-06
1.759999999999917,p1_m1,0.0,-0.08219786020361228,-0.07897194034082852,0.0,5.1152855780500655e-06
1.759999999999917,p1_m2,-4.0,-4.007191138717665,-4.3675866311333005,-1.7301252454248406e-05,5.1152855780500655e-06
1.759999999999917,p1_m3,0.0,0.03439714639311138,0.030328121185273945,0.0,5.1152855780500655e-06
1.759999999999917,p2_m0,0.0,0.17070314049098614,0.15411504729059114,0.0,5.1152855780500655e-06
1.759999999999917,p2_m1,0.0,-0.10834343630075396,-0.10748673492952693,0.0,5.1152855780500655e-06
1.759999999999917,p2_m2,0.0,0.20973891135633316,0.18946489529539118,0.0,5.1152855780500655e-06
1.759999999999917,p2_m3,0.0,-0.017739503003793733,-0.01385547234213517,0.0,5.1152855780500655e-06
1.759999999999917,p3_m0,0.0,-0.08877661076935771,-0.08868961826278997,0.0,5.1152855780500655e-06
1.759999999999917,p3_m1,0.0,0.16166585518461332,0.15119449882679992,0.0,5.1152855780500655e-06
1.759999999999917,p3_m2,0.0,-0.2168305386994866,-0.20216466837745256,0.0,5.1152855780500655e-06
1.759999999999917,p3_m3,0.0,0.30272160658468333,0.27789084941337466,0.0,5.1152855780500655e-06
1.7699999999999159,p0_m0,8.0,7.982742321085878,8.022499512506345,4.902185560927031e-05,8.55558555240424e-07
1.7699999999999159,p0_m1,8.0,5.882220453767591,5.484009718467389,0.004956055571541739,8.55558555240424e-07
1.7699999999999159,p0_m2,0.0,-0.12373389543930643,-0.1302704942586239,0.0,8.55558555240424e-07
1.7699999999999159,p0_m3,0.0,0.07545178269397862,0.07928339733813478,0.0,8.55558555240424e-07
1.7699999999999159,p1_m0,0.0,0.07322358185990938,0.0760016124677577,0.0,8.55558555240424e-07
1.7699999999999159,p1_m1,0.0,-0.08056794079747749,-0.08190401738401064,0.0,8.55558555240424e-07
1.7699999999999159,p1_m2,-4.0,-3.9913244450255667,-4.011500033724943,-2.4758547667965038e-05,8.55558555240424e-07
1.7699999999999159,p1_m3,0.0,-0.018841718615759326,-0.018224520081407642,0.0,8.55558555240424e-07
1.7699999999999159,p2_m0,0.0,0.05967142572220858,0.0667203968002969,0.0,8.55558555240424e-07
1.7699999999999159,p2_m1,0.0,-0.10491006917614011,-0.10489354670748832,0.0,8.55558555240424e-07
1.7699999999999159,p2_m2,0.0,0.06004500116840326,0.06603269626624317,0.0,8.55558555240424e-07
1.7699999999999159,p2_m3,0.0,0.003737058740496081,0.0004272223981013776,0.0,8.55558555240424e-07
1.7699999999999159,p3_m0,0.0,-0.0861271786426737,-0.0861573035790406,0.0,8.55558555240424e-07
1.7699999999999159,p3_m1,0.0,0.07276958906782625,0.07849277525928484,0.0,8.55558555240424e-07
1.7699999999999159,p3_m2,0.0,-0.09252175482074547,-0.09913787199927919,0.0,8.55558555240424e-07
1.7699999999999159,p3_m3,0.0,0.12879456764775885,0.13908669187847872,0.0,8.55558555240424e-07
1.7799999999999148,p0_m0,8.0,4.1377282661147605,3.640963939523706,0.010602901951011491,2.3862181795606067e-06
1.7799999999999148,p0_m1,8.0,3.204074628038616,2.9162697349033606,0.013974402765807525,2.3862181795606067e-06
1.7799999999999148,p0_m2,0.0,-0.14611612422271564,-0.1468696320274776,0.0,2.3862181795606067e-06
1.7799999999999148,p0_m3,0.0,0.08609126153083255,0.08451781549617542,0.0,2.3862181795606067e-06
1.7799999999999148,p1_m0,0.0,0.06134773622873869,0.058798418968927194,0.0,2.3862181795606067e-06
1.7799999999999148,p1_m1,0.0,-0.060817829198960525,-0.060051938534093297,0.0,2.3862181795606067e-06
1.7799999999999148,p1_m2,-4.0,-2.0626772600941754,-1.8297709975147414,-0.005342161928890313,2.3862181795606067e-06
1.7799999999999148,p1_m3,0.0,0.017686984878033298,0.02200522960459819,0.0,2.3862181795606067e-06
1.7799999999999148,p2_m0,0.0,0.08775205787619964,0.08832414570642122,0.0,2.3862181795606067e-06
1.7799999999999148,p2_m1,0.0,-0.10343597381295765,-0.10336289368750892,0.0,2.3862181795606067e-06
1.7799999999999148,p2_m2,0.0,0.09504821186486744,0.09947443416740023,0.0,2.3862181795606067e-06
1.7799999999999148,p2_m3,0.0,-0.0035612495102113452,-0.0026912200118161507,0.0,2.3862181795606067e-06
1.7799999999999148,p3_m0,0.0,-0.0901014478856862,-0.08992478541999027,0.0,2.3862181795606067e-06
1.7799999999999148,p3_m1,0.0,0.13369248549573537,0.1379161438536383,0.0,2.3862181795606067e-06
1.7799999999999148,p3_m2,0.0,-0.14194940516959814,-0.14650228148368402,0.0,2.3862181795606067e-06
1.7799999999999148,p3_m3,0.0,0.18099010142431696,0.18288787115750796,0.0,2.3862181795606067e-06
1.7899999999999137,p0_m0,8.0,7.796636356216414,9.026195495657722,0.003184756398171131,4.958965356156014e-06
1.7899999999999137,p0_m1,8.0,2.6658843582651586,2.6342038591027,0.015,4.958965356156014e-06
1.7899999999999137,p0_m2,0.0,-0.23209148265213145,-0.24380340452263546,0.0,4.958965356156014e-06
1.7899999999999137,p0_m3,0.0,0.10952560329084293,0.12835600151697407,0.0,4.958965356156014e-06
1.7899999999999137,p1_m0,0.0,0.07783158009376934,0.0898450827810101,0.0,4.958965356156014e-06
1.7899999999999137,p1_m1,0.0,-0.08013921120489824,-0.09087430402832052,0.0,4.958965356156014e-06
1.7899999999999137,p1_m2,-4.0,-3.9128095075319465,-4.523020546438862,-0.0012574372992498288,4.958965356156014e-06
1.7899999999999137,p1_m3,0.0,0.05788986941211568,0.04605794541324455,0.0,4.958965356156014e-06
1.7899999999999137,p2_m0,0.0,0.1926155175382349,0.1953729159547136,0.0,4.958965356156014e-06
1.7899999999999137,p2_m1,0.0,-0.10924601222622048,-0.10828726141247606,0.0,4.958965356156014e-06
1.7899999999999137,p2_m2,0.0,0.25170084994523745,0.23924242995498168,0.0,4.958965356156014e-06
1.7899999999999137,p2_m3,0.0,-0.018563793181631157,-0.02429663359792693,0.0,4.958965356156014e-06
1.7899999999999137,p3_m0,0.0,-0.08881316274744554,-0.08870615668170723,0.0,4.958965356156014e-06
1.7899999999999137,p3_m1,0.0,0.1760078423953208,0.1832138743527584,0.0,4.958965356156014e-06
1.7899999999999137,p3_m2,0.0,-0.2426564621530695,-0.24572341265847053,0.0,4.958965356156014e-06
1.7899999999999137,p3_m3,0.0,0.33486021954962075,0.3414980181986174,0.0,4.958965356156014e-06
1.7999999999999126,p0_m0,8.0,7.984922791289095,8.055566613502478,3.996028524460993e-05,1.3701601166897063e-06
1.7999999999999126,p0_m1,8.0,6.8885377374633405,6.659692805815021,0.0016946796049086101,1.3701601166897063e-06
1.7999999999999126,p0_m2,0.0,-0.12255481333763557,-0.12561802809723968,0.0,1.3701601166897063e-06
1.7999999999999126,p0_m3,0.0,0.07283315194004335,0.0735420340157287,0.0,1.3701601166897063e-06
1.7999999999999126,p1_m0,0.0,0.06817721015999177,0.06879801526387457,0.0,1.3701601166897063e-06
1.7999999999999126,p1_m1,0.0,-0.0785888805054366,-0.07757304498334162,0.0,1.3701601166897063e-06
1.7999999999999126,p1_m2,-4.0,-3.992314892426766,-4.027729112080099,-2.0747028446207683e-05,1.3701601166897063e-06
1.7999999999999126,p1_m3,0.0,-0.011913026630542613,-0.010355343080241913,0.0,1.3701601166897063e-06
1.7999999999999126,p2_m0,0.0,0.05784556832660599,0.06283389333687797,0.0,1.3701601166897063e-06
1.7999999999999126,p2_m1,0.0,-0.10541298432927179,-0.10536815608508739,0.0,1.3701601166897063e-06
1.7999999999999126,p2_m2,0.0,0.06738712728609667,0.07217659358414508,0.0,1.3701601166897063e-06
1.7999999999999126,p2_m3,0.0,0.009941361830550928,0.007351735867023381,0.0,1.3701601166897063e-06
1.7999999999999126,p3_m0,0.0,-0.08590805174111944,-0.08594365348499454,0.0,1.3701601166897063e-06
1.7999999999999126,p3_m1,0.0,0.07197522121894319,0.07572875078015989,0.0,1.3701601166897063e-06
1.7999999999999126,p3_m2,0.0,-0.09517343632582137,-0.09966834070182964,0.0,1.3701601166897063e-06
1.7999999999999126,p3_m3,0.0,0.12878981281914179,0.13549248608498032,0.0,1.3701601166897063e-06
1.8099999999999115,p0_m0,8.0,4.833033637691245,4.318612763184543,0.008275041943555134,1.937893699418296e-06
1.8099999999999115,p0_m1,8.0,3.499459166185674,3.1479167399826213,0.012943474850075123,1.937893699418296e-06
1.8099999999999115,p0_m2,0.0,-0.14282591813447254,-0.14291929306864953,0.0,1.937893699418296e-06
1.8099999999999115,p0_m3,0.0,0.08979421438092293,0.08850020607804322,0.0,1.937893699418296e-06
1.8099999999999115,p1_m0,0.0,0.0730843517996913,0.0700986317883152,0.0,1.937893699418296e-06
1.8099999999999115,p1_m1,0.0,-0.06848636629084602,-0.06704620524031932,0.0,1.937893699418296e-06
1.8099999999999115,p1_m2,-4.0,-2.395924530400848,-2.1586320718236753,-0.004223182457297946,1.937893699418296e-06
1.8099999999999115,p1_m3,0.0,-0.0017114546312110661,0.002090830031040917,0.0,1.937893699418296e-06
1.8099999999999115,p2_m0,0.0,0.08407328414105339,0.08404711754948342,0.0,1.937893699418296e-06
1.8099999999999115,p2_m1,0.0,-0.10028909849548577,-0.10331239494934734,0.0,1.937893699418296e-06
1.8099999999999115,p2_m2,0.0,0.07841556132505646,0.08176753538480364,0.0,1.937893699418296e-06
1.8099999999999115,p2_m3,0.0,-0.007006140429968093,-0.005467320040332365,0.0,1.937893699418296e-06
1.8099999999999115,p3_m0,0.0,-0.09079572228662267,-0.08937713173751875,0.0,1.937893699418296e-06
1.8099999999999115,p3_m1,0.0,0.11266025675803293,0.11561889461216511,0.0,1.937893699418296e-06
1.8099999999999115,p3_m2,0.0,-0.12295960404153126,-0.12596744123648893,0.0,1.937893699418296e-06
1.8099999999999115,p3_m3,0.0,0.1698503774920887,0.17111140339609288,0.0,1.937893699418296e-06
1.8199999999999104,p0_m0,8.0,2.794471215103984,2.622402523123439,0.015,4.66451634053077e-06
1.8199999999999104,p0_m1,8.0,2.7643516484572266,2.733039758190935,0.015,4.66451634053077e-06
1.8199999999999104,p0_m2,0.0,-0.19240996197585153,-0.1912589683747572,0.0,4.66451634053077e-06
1.8199999999999104,p0_m3,0.0,0.065082417333369,0.06474486969175902,0.0,4.66451634053077e-06
1.8199999999999104,p1_m0,0.0,0.04866995000717369,0.04940479131478257,0.0,4.66451634053077e-06
1.8199999999999104,p1_m1,0.0,-0.052532579773103986,-0.053618765638662795,0.0,4.66451634053077e-06
1.8199999999999104,p1_m2,-4.0,-1.521798733877135,-1.4437244900321164,-0.007389521488666093,4.66451634053077e-06
1.8199999999999104,p1_m3,0.0,0.08200199784611614,0.07731088795375059,0.0,4.66451634053077e-06
1.8199999999999104,p2_m0,0.0,0.1647255963441815,0.16743433060781782,0.0,4.66451634053077e-06
1.8199999999999104,p2_m1,0.0,-0.1029716779133141,-0.10287010500149778,0.0,4.66451634053077e-06
1.8199999999999104,p2_m2,0.0,0.24737908311078433,0.25029988158241984,0.0,4.66451634053077e-06
1.8199999999999104,p2_m3,0.0,-0.0033754709623264986,-0.0035345060073378428,0.0,4.66451634053077e-06
1.8199999999999104,p3_m0,0.0,-0.08906395354069803,-0.08906310699925689,0.0,4.66451634053077e-06
1.8199999999999104,p3_m1,0.0,0.15452889479519114,0.1527922782339892,0.0,4.66451634053077e-06
1.8199999999999104,p3_m2,0.0,-0.226387689877692,-0.2202229955834693,0.0,4.66451634053077e-06
1.8199999999999104,p3_m3,0.0,0.29052425357571693,0.2923288077412243,0.0,4.66451634053077e-06
1.8299999999999093,p0_m0,8.0,7.988926969274427,8.116596086637616,2.448807092702321e-05,2.343681347511147e-06
1.8299999999999093,p0_m1,8.0,7.996486669335262,8.242563868685883,-5.654062862202381e-06,2.343681347511147e-06
1.8299999999999093,p0_m2,0.0,-0.13728790543579183,-0.13559580859082157,0.0,2.343681347511147e-06
1.8299999999999093,p0_m3,0.0,0.08097229047876983,0.07883560059177208,0.0,2.343681347511147e-06
1.8299999999999093,p1_m0,0.0,0.07099836205580053,0.06935867238824188,0.0,2.343681347511147e-06
1.8299999999999093,p1_m1,0.0,-0.08190698282507092,-0.08121397190607102,0.0,2.343681347511147e-06
1.8299999999999093,p1_m2,-4.0,-3.9940850984649234,-4.056538864514976,-1.3355682337629293e-05,2.343681347511147e-06
1.8299999999999093,p1_m3,0.0,-0.005808799252659665,-0.004009346787553159,0.0,2.343681347511147e-06
1.8299999999999093,p2_m0,0.0,0.0699035052003794,0.06978276386296468,0.0,2.343681347511147e-06
1.8299999999999093,p2_m1,0.0,-0.10600384671582778,-0.10587807583719436,0.0,2.343681347511147e-06
1.8299999999999093,p2_m2,0.0,0.08572108256371651,0.0867188826945395,0.0,2.343681347511147e-06
1.8299999999999093,p2_m3,0.0,0.010075065243272546,0.010152465853461889,0.0,2.343681347511147e-06
1.8299999999999093,p3_m0,0.0,-0.0860374731017455,-0.0860549018061034,0.0,2.343681347511147e-06
1.8299999999999093,p3_m1,0.0,0.08299406682410719,0.08280284445967803,0.0,2.343681347511147e-06
1.8299999999999093,p3_m2,0.0,-0.11122005504639453,-0.1113612127230212,0.0,2.343681347511147e-06
1.8299999999999093,p3_m3,0.0,0.15008405082070753,0.14948468641855311,0.0,2.343681347511147e-06
1.8399999999999082,p0_m0,8.0,5.698908993072622,5.237284671697754,0.005457606984301525,1.4948229538223212e-06
1.8399999999999082,p0_m1,8.0,3.899550805459234,3.487927516570635,0.011572264117692391,1.4948229538223212e-06
1.8399999999999082,p0_m2,0.0,-0.14221596538095796,-0.141935580645285,0.0,1.4948229538223212e-06
1.8399999999999082,p0_m3,0.0,0.09125958305999606,0.090239060672843,0.0,1.4948229538223212e-06
1.8399999999999082,p1_m0,0.0,0.08175187708316935,0.07937819339611703,0.0,1.4948229538223212e-06
1.8399999999999082,p1_m1,0.0,-0.07704763469140952,-0.07485219542672765,0.0,1.4948229538223212e-06
1.8399999999999082,p1_m2,-4.0,-2.83325129842903,-2.6077445160170156,-0.0024450080911649834,1.4948229538223212e-06
1.8399999999999082,p1_m3,0.0,-0.014999074814393257,-0.011438364146364732,0.0,1.4948229538223212e-06
1.8399999999999082,p2_m0,0.0,0.08228115005783382,0.08226230321943141,0.0,1.4948229538223212e-06
1.8399999999999082,p2_m1,0.0,-0.09516465750629072,-0.09618140613511623,0.0,1.4948229538223212e-06
1.8399999999999082,p2_m2,0.0,0.06941984821032753,0.07227295638602466,0.0,1.4948229538223212e-06
1.8399999999999082,p2_m3,0.0,-0.010448474843267639,-0.008742899728246914,0.0,1.4948229538223212e-06
1.8399999999999082,p3_m0,0.0,-0.0921860334978041,-0.09235744583169515,0.0,1.4948229538223212e-06
1.8399999999999082,p3_m1,0.0,0.09947769850120705,0.10155083820334741,0.0,1.4948229538223212e-06
1.8399999999999082,p3_m2,0.0,-0.11188279524076282,-0.11436016143990144,0.0,1.4948229538223212e-06
1.8399999999999082,p3_m3,0.0,0.16249587392198334,0.16374723225090745,0.0,1.4948229538223212e-06
1.849999999999907,p0_m0,8.0,2.977418081423214,2.7011838188482358,0.014745672007825885,4.251788978447054e-06
1.849999999999907,p0_m1,8.0,2.776108045679459,2.707694644638426,0.015,4.251788978447054e-06
1.849999999999907,p0_m2,0.0,-0.18421235569872715,-0.18495494947688917,0.0,4.251788978447054e-06
1.849999999999907,p0_m3,0.0,0.07145046213853283,0.07051211845168422,0.0,4.251788978447054e-06
1.849999999999907,p1_m0,0.0,0.04941037207064931,0.05068780469017217,0.0,4.251788978447054e-06
1.849999999999907,p1_m1,0.0,-0.05219048012940289,-0.05330526531056196,0.0,4.251788978447054e-06
1.849999999999907,p1_m2,-4.0,-1.5585128155236794,-1.439801951652516,-0.0072198426611885394,4.251788978447054e-06
1.849999999999907,p1_m3,0.0,0.08115746871755258,0.07694566571710787,0.0,4.251788978447054e-06
1.849999999999907,p2_m0,0.0,0.13862247948031184,0.1426495318560811,0.0,4.251788978447054e-06
1.849999999999907,p2_m1,0.0,-0.10340258878256453,-0.10323398480783061,0.0,4.251788978447054e-06
1.849999999999907,p2_m2,0.0,0.20258066042271555,0.20800391948556043,0.0,4.251788978447054e-06
1.849999999999907,p2_m3,0.0,-0.0032435090518206384,-0.003532181450942233,0.0,4.251788978447054e-06
1.849999999999907,p3_m0,0.0,-0.089645758809858,-0.08964432594156752,0.0,4.251788978447054e-06
1.849999999999907,p3_m1,0.0,0.15568510612568423,0.15267258002278067,0.0,4.251788978447054e-06
1.849999999999907,p3_m2,0.0,-0.22772530018373993,-0.22070357166028992,0.0,4.251788978447054e-06
1.849999999999907,p3_m3,0.0,0.25939711466173754,0.2628840584246662,0.0,4.251788978447054e-06
1.859999999999906,p0_m0,8.0,7.995495739398485,8.227596630778095,-1.6542792827376473e-06,3.5060302217814614e-06
1.859999999999906,p0_m1,8.0,8.008723734871387,8.447801031034995,-4.7944499037241076e-05,3.5060302217814614e-06
1.859999999999906,p0_m2,0.0,-0.1620227974637674,-0.1571756124337792,0.0,3.5060302217814614e-06
1.859999999999906,p0_m3,0.0,0.09341732634074754,0.08963040654846567,0.0,3.5060302217814614e-06
1.859999999999906,p1_m0,0.0,0.07673594517993029,0.07467007183437739,0.0,3.5060302217814614e-06
1.859999999999906,p1_m1,0.0,-0.08230114313403276,-0.08117627884838602,0.0,3.5060302217814614e-06
1.859999999999906,p1_m2,-4.0,-3.9975012950772144,-4.109153186310683,1.0818425231917672e-07,3.5060302217814614e-06
1.859999999999906,p1_m3,0.0,0.0031560365203330797,0.003550799102944032,0.0,3.5060302217814614e-06
1.859999999999906,p2_m0,0.0,0.0964622233730362,0.09144145633415399,0.0,3.5060302217814614e-06
1.859999999999906,p2_m1,0.0,-0.1070178173110185,-0.10675504736211373,0.0,3.5060302217814614e-06
1.859999999999906,p2_m2,0.0,0.11714770184982246,0.11294849279094606,0.0,3.5060302217814614e-06
1.859999999999906,p2_m3,0.0,0.0026314593294075946,0.004760723766697304,0.0,3.5060302217814614e-06
1.859999999999906,p3_m0,0.0,-0.08700575949820966,-0.08698495614310911,0.0,3.5060302217814614e-06
1.859999999999906,p3_m1,0.0,0.10480827457392422,0.10114080678745649,0.0,3.5060302217814614e-06
1.859999999999906,p3_m2,0.0,-0.1398410472178396,-0.1357487820772689,0.0,3.5060302217814614e-06
1.859999999999906,p3_m3,0.0,0.19115210724736015,0.1837709197915681,0.0,3.5060302217814614e-06
1.8699999999999048,p0_m0,8.0,6.941609826482692,6.430809511612258,0.0015013693592584784,1.0376227235940335e-06
1.8699999999999048,p0_m1,8.0,4.42139474314188,3.964962452594871,0.00981203444562428,1.0376227235940335e-06
1.8699999999999048,p0_m2,0.0,-0.13922849742834048,-0.1408872509820257,0.0,1.0376227235940335e-06
1.8699999999999048,p0_m3,0.0,0.08963716743124826,0.09078399200693768,0.0,1.0376227235940335e-06
1.8699999999999048,p1_m0,0.0,0.08408834532268465,0.08356997711525166,0.0,1.0376227235940335e-06
1.8699999999999048,p1_m1,0.0,-0.08257261567855333,-0.08102982798413678,0.0,1.0376227235940335e-06
1.8699999999999048,p1_m2,-4.0,-3.5010082254981456,-3.2093782739519,-0.0007539939785284182,1.0376227235940335e-06
1.8699999999999048,p1_m3,0.0,-0.022103657218207087,-0.01940770700979119,0.0,1.0376227235940335e-06
1.8699999999999048,p2_m0,0.0,0.07727124714358209,0.0794762011087504,0.0,1.0376227235940335e-06
1.8699999999999048,p2_m1,0.0,-0.09598239093430827,-0.09548294823039984,0.0,1.0376227235940335e-06
1.8699999999999048,p2_m2,0.0,0.06362190809234722,0.06722511686560559,0.0,1.0376227235940335e-06
1.8699999999999048,p2_m3,0.0,-0.00958906652115732,-0.009279145314461175,0.0,1.0376227235940335e-06
1.8699999999999048,p3_m0,0.0,-0.08868055699481246,-0.08998078778181393,0.0,1.0376227235940335e-06
1.8699999999999048,p3_m1,0.0,0.08916157101247625,0.0918973579200267,0.0,1.0376227235940335e-06
1.8699999999999048,p3_m2,0.0,-0.10405543518517295,-0.10708314156484933,0.0,1.0376227235940335e-06
1.8699999999999048,p3_m3,0.0,0.152942781039163,0.1570855789864745,0.0,1.0376227235940335e-06
1.8799999999999037,p0_m0,8.0,3.219666560916724,2.8587155379752405,0.01382728543026644,3.629408221406181e-06
1.8799999999999037,p0_m1,8.0,2.855714912767389,2.712798975153027,0.015,3.629408221406181e-06
1.8799999999999037,p0_m2,0.0,-0.1694573284638565,-0.17250198870547626,0.0,3.629408221406181e-06
1.8799999999999037,p0_m3,0.0,0.07723566790443911,0.07659951503155407,0.0,3.629408221406181e-06
1.8799999999999037,p1_m0,0.0,0.04951848998660925,0.051707540714759165,0.0,3.629408221406181e-06
1.8799999999999037,p1_m1,0.0,-0.05257941004238629,-0.05381707614161501,0.0,3.629408221406181e-06
1.8799999999999037,p1_m2,-4.0,-1.645334187803966,-1.4799472925554487,-0.006849088241416851,3.629408221406181e-06
1.8799999999999037,p1_m3,0.0,0.06962407310508759,0.07083015559910431,0.0,3.629408221406181e-06
1.8799999999999037,p2_m0,0.0,0.1143935190425264,0.11851134226067023,0.0,3.629408221406181e-06
1.8799999999999037,p2_m1,0.0,-0.10320451278265882,-0.10288807470055339,0.0,3.629408221406181e-06
1.8799999999999037,p2_m2,0.0,0.15885229383386126,0.165371774476432,0.0,3.629408221406181e-06
1.8799999999999037,p2_m3,0.0,-0.0020709315316635325,-0.002540718994227862,0.0,3.629408221406181e-06
1.8799999999999037,p3_m0,0.0,-0.08924458057729877,-0.08922742013600396,0.0,3.629408221406181e-06
1.8799999999999037,p3_m1,0.0,0.15615479237608643,0.15117027913997533,0.0,3.629408221406181e-06
1.8799999999999037,p3_m2,0.0,-0.21385754362371692,-0.21746843099536894,0.0,3.629408221406181e-06
1.8799999999999037,p3_m3,0.0,0.22746655960911158,0.23220007083324903,0.0,3.629408221406181e-06
1.8899999999999026,p0_m0,8.0,8.0069250906602,8.421288316419908,-4.1062226932766064e-05,4.501140248943571e-06
1.8899999999999026,p0_m1,8.0,8.017831076824422,8.79690990522823,4.701723299297278e-05,4.501140248943571e-06
1.8899999999999026,p0_m2,0.0,-0.19034592185068624,-0.17956376906966273,0.0,4.501140248943571e-06
1.8899999999999026,p0_m3,0.0,0.10595373500284985,0.09903652238213873,0.0,4.501140248943571e-06
1.8899999999999026,p1_m0,0.0,0.08101421431131041,0.07714263789983146,0.0,4.501140248943571e-06
1.8899999999999026,p1_m1,0.0,-0.08211662576311798,-0.08019961981708972,0.0,4.501140248943571e-06
1.8899999999999026,p1_m2,-4.0,-4.003025835446078,-4.205508593200128,1.8886125903857298e-05,4.501140248943571e-06
1.8899999999999026,p1_m3,0.0,0.017375042032334753,0.01630356199388495,0.0,4.501140248943571e-06
1.8899999999999026,p2_m0,0.0,0.13185803514631908,0.12008630367665585,0.0,4.501140248943571e-06
1.8899999999999026,p2_m1,0.0,-0.1075736122921436,-0.10708479287033211,0.0,4.501140248943571e-06
1.8899999999999026,p2_m2,0.0,0.15992947338525462,0.14800988838595688,0.0,4.501140248943571e-06
1.8899999999999026,p2_m3,0.0,-0.007757602578648003,-0.003848620878201037,0.0,4.501140248943571e-06
1.8899999999999026,p3_m0,0.0,-0.08712141359665239,-0.08706233414215786,0.0,4.501140248943571e-06
1.8899999999999026,p3_m1,0.0,0.1324141849070116,0.12423213551744512,0.0,4.501140248943571e-06
1.8899999999999026,p3_m2,0.0,-0.17643606375313123,-0.16626671923587474,0.0,4.501140248943571e-06
1.8899999999999026,p3_m3,0.0,0.24399910131505076,0.22645597492010636,0.0,4.501140248943571e-06
1.8999999999999015,p0_m0,8.0,7.981556496866723,8.004101965766814,5.382516677941851e-05,9.140144484969241e-07
1.8999999999999015,p0_m1,8.0,5.06690559662686,4.60193226817709,0.00765046174204405,9.140144484969241e-07
1.8999999999999015,p0_m2,0.0,-0.13283451942069502,-0.13827958495799347,0.0,9.140144484969241e-07
1.8999999999999015,p0_m3,0.0,0.08232970035014603,0.0853771500175701,0.0,9.140144484969241e-07
1.8999999999999015,p1_m0,0.0,0.08045901859156691,0.08214738104949068,0.0,9.140144484969241e-07
1.8999999999999015,p1_m1,0.0,-0.08412741207399171,-0.08490658293277044,0.0,9.140144484969241e-07
1.8999999999999015,p1_m2,-4.0,-3.9908076439418303,-4.002346470377139,-2.690785210331059e-05,9.140144484969241e-07
1.8999999999999015,p1_m3,0.0,-0.023076241424822924,-0.02157661604926023,0.0,9.140144484969241e-07
1.8999999999999015,p2_m0,0.0,0.06975712985832756,0.07531460486495141,0.0,9.140144484969241e-07
1.8999999999999015,p2_m1,0.0,-0.10060288405975568,-0.09947260557904315,0.0,9.140144484969241e-07
1.8999999999999015,p2_m2,0.0,0.06097413510508358,0.06648346449403476,0.0,9.140144484969241e-07
1.8999999999999015,p2_m3,0.0,-0.00514442127811861,-0.007147135629217451,0.0,9.140144484969241e-07
1.8999999999999015,p3_m0,0.0,-0.08480614928632291,-0.08483212128854498,0.0,9.140144484969241e-07
1.8999999999999015,p3_m1,0.0,0.08096342698267586,0.0859197168752402,0.0,9.140144484969241e-07
1.8999999999999015,p3_m2,0.0,-0.09848777658976518,-0.10428185805377789,0.0,9.140144484969241e-07
1.8999999999999015,p3_m3,0.0,0.1415288061333345,0.15003639613505015,0.0,9.140144484969241e-07
1.9099999999999004,p0_m0,8.0,3.60110159418599,3.1615023134394495,0.012449838873520434,3.0722437945097595e-06
1.9099999999999004,p0_m1,8.0,2.995998322810242,2.7727171228593375,0.014737307474225686,3.0722437945097595e-06
1.9099999999999004,p0_m2,0.0,-0.15484946973510716,-0.15736225511683635,0.0,3.0722437945097595e-06
1.9099999999999004,p0_m3,0.0,0.08146455413199552,0.0806703329434145,0.0,3.0722437945097595e-06
1.9099999999999004,p1_m0,0.0,0.050974370896130744,0.050461946617210825,0.0,3.0722437945097595e-06
1.9099999999999004,p1_m1,0.0,-0.055061410614752546,-0.05544087135195384,0.0,3.0722437945097595e-06
1.9099999999999004,p1_m2,-4.0,-1.8113659779947053,-1.6052195824316338,-0.006219566073421621,3.0722437945097595e-06
1.9099999999999004,p1_m3,0.0,0.043471675101526344,0.0478661685060024,0.0,3.0722437945097595e-06
1.9099999999999004,p2_m0,0.0,0.0971122966837842,0.09955950316960016,0.0,3.0722437945097595e-06
1.9099999999999004,p2_m1,0.0,-0.10335964644330758,-0.10276366073426174,0.0,3.0722437945097595e-06
1.9099999999999004,p2_m2,0.0,0.12193770375982818,0.12788912459840712,0.0,3.0722437945097595e-06
1.9099999999999004,p2_m3,0.0,-0.0018424571067173967,-0.002116342929538696,0.0,3.0722437945097595e-06
1.9099999999999004,p3_m0,0.0,-0.08922082516203853,-0.0891468489098376,0.0,3.0722437945097595e-06
1.9099999999999004,p3_m1,0.0,0.15319939577892994,0.15333196865872856,0.0,3.0722437945097595e-06
1.9099999999999004,p3_m2,0.0,-0.17430212359007738,-0.18158077037845324,0.0,3.0722437945097595e-06
1.9099999999999004,p3_m3,0.0,0.2001625222869039,0.20413942282660083,0.0,3.0722437945097595e-06
1.9199999999998993,p0_m0,8.0,8.015107237389554,8.750321571865719,4.9817029005947866e-05,5.11852499605506e-06
1.9199999999998993,p0_m1,8.0,7.7879024306635065,9.086681175528476,0.003529512262158499,5.11852499605506e-06
1.9199999999998993,p0_m2,0.0,-0.22195810920142722,-0.20775589045939868,0.0,5.11852499605506e-06
1.9199999999998993,p0_m3,0.0,0.11799102796137258,0.11129399818522098,0.0,5.11852499605506e-06
1.9199999999998993,p1_m0,0.0,0.08569104904854817,0.0818457170695264,0.0,5.11852499605506e-06
1.9199999999998993,p1_m1,0.0,-0.08228356723573127,-0.07905498801634299,0.0,5.11852499605506e-06
1.9199999999998993,p1_m2,-4.0,-4.00719348871794,-4.367645155969463,-1.730527336867782e-05,5.11852499605506e-06
1.9199999999998993,p1_m3,0.0,0.0345511089120468,0.03046750546138178,0.0,5.11852499605506e-06
1.9199999999998993,p2_m0,0.0,0.17082680376542386,0.15422810854478874,0.0,5.11852499605506e-06
1.9199999999998993,p2_m1,0.0,-0.10842578323741982,-0.10756949371140681,0.0,5.11852499605506e-06
1.9199999999998993,p2_m2,0.0,0.20982869495145381,0.18954803178296947,0.0,5.11852499605506e-06
1.9199999999998993,p2_m3,0.0,-0.017364892696959885,-0.013501798523759826,0.0,5.11852499605506e-06
1.9199999999998993,p3_m0,0.0,-0.08754409083931083,-0.08745638696014116,0.0,5.11852499605506e-06
1.9199999999998993,p3_m1,0.0,0.1617535701457567,0.15127652194341107,0.0,5.11852499605506e-06
1.9199999999998993,p3_m2,0.0,-0.2170317157139846,-0.20234844385039671,0.0,5.11852499605506e-06
1.9199999999998993,p3_m3,0.0,0.3028433130846355,0.27800217761885243,0.0,5.11852499605506e-06
1.9299999999998982,p0_m0,8.0,7.982739886448125,8.02249613064659,4.902790005065771e-05,9.425924795660304e-07
1.9299999999998982,p0_m1,8.0,5.874626830099301,5.475468991105191,0.004980413298125454,9.425924795660304e-07
1.9299999999998982,p0_m2,0.0,-0.12364129042651556,-0.1302134925624496,0.0,9.425924795660304e-07
1.9299999999998982,p0_m3,0.0,0.07497419194659916,0.0788381050614968,0.0,9.425924795660304e-07
1.9299999999998982,p1_m0,0.0,0.07312706962103525,0.07592271374141922,0.0,9.425924795660304e-07
1.9299999999998982,p1_m1,0.0,-0.08042559171802091,-0.08179472103984965,0.0,9.425924795660304e-07
1.9299999999998982,p1_m2,-4.0,-3.991323101560716,-4.011499296476924,-2.4760427702683606e-05,9.425924795660304e-07
1.9299999999998982,p1_m3,0.0,-0.018626159346326037,-0.018036340461194407,0.0,9.425924795660304e-07
1.9299999999998982,p2_m0,0.0,0.06019633452637277,0.06718862559998048,0.0,9.425924795660304e-07
1.9299999999998982,p2_m1,0.0,-0.10500063674799373,-0.10498284653717771,0.0,9.425924795660304e-07
1.9299999999998982,p2_m2,0.0,0.060385645905991776,0.0663337652740843,0.0,9.425924795660304e-07
1.9299999999998982,p2_m3,0.0,0.0034425388743303913,0.00018489183455802,0.0,9.425924795660304e-07
1.9299999999998982,p3_m0,0.0,-0.08493082813921082,-0.08495967936152413,0.0,9.425924795660304e-07
1.9299999999998982,p3_m1,0.0,0.07303201863055775,0.07873334689898284,0.0,9.425924795660304e-07
1.9299999999998982,p3_m2,0.0,-0.09282577764144334,-0.09942010810015467,0.0,9.425924795660304e-07
1.9299999999998982,p3_m3,0.0,0.12934412595624528,0.13957857593444212,0.0,9.425924795660304e-07
1.9399999999998971,p0_m0,8.0,4.13772344741461,3.6409670789382313,0.010602963215567656,2.478330924208523e-06
1.9399999999998971,p0_m1,8.0,3.2016822326825447,2.914425801322794,0.013982779741963623,2.478330924208523e-06
1.9399999999998971,p0_m2,0.0,-0.1463620012461068,-0.1471172033741631,0.0,2.478330924208523e-06
1.9399999999998971,p0_m3,0.0,0.0860768569870478,0.08450092686977478,0.0,2.478330924208523e-06
1.9399999999998971,p1_m0,0.0,0.061445833111828094,0.05890049483380403,0.0,2.478330924208523e-06
1.9399999999998971,p1_m1,0.0,-0.06092168057602962,-0.06015668279805232,0.0,2.478330924208523e-06
1.9399999999998971,p1_m2,-4.0,-2.06262508783889,-1.8297137778047954,-0.005342317225180204,2.478330924208523e-06
1.9399999999998971,p1_m3,0.0,0.017699889040123967,0.0220245829415027,0.0,2.478330924208523e-06
1.9399999999998971,p2_m0,0.0,0.08806537283811308,0.08864665905673512,0.0,2.478330924208523e-06
1.9399999999998971,p2_m1,0.0,-0.10351663718669558,-0.10343190361630572,0.0,2.478330924208523e-06
1.9399999999998971,p2_m2,0.0,0.09524278990002812,0.09967826685500587,0.0,2.478330924208523e-06
1.9399999999998971,p2_m3,0.0,-0.0033688648216260862,-0.002406808600988337,0.0,2.478330924208523e-06
1.9399999999998971,p3_m0,0.0,-0.08930981573159309,-0.08911868245773637,0.0,2.478330924208523e-06
1.9399999999998971,p3_m1,0.0,0.1339477623676492,0.13817748892557064,0.0,2.478330924208523e-06
1.9399999999998971,p3_m2,0.0,-0.14212289637926287,-0.1467162142483474,0.0,2.478330924208523e-06
1.9399999999998971,p3_m3,0.0,0.18142232596687774,0.18333002707629142,0.0,2.478330924208523e-06
1.949999999999896,p0_m0,8.0,7.796571172125993,9.026129495566444,0.003186512832082758,4.995298926099691e-06
1.949999999999896,p0_m1,8.0,2.66524084488276,2.633697508436799,0.015,4.995298926099691e-06
1.949999999999896,p0_m2,0.0,-0.23242286084344974,-0.24412053356083327,0.0,4.995298926099691e-06
1.949999999999896,p0_m3,0.0,0.10959245769765731,0.12843628232507318,0.0,4.995298926099691e-06
1.949999999999896,p1_m0,0.0,0.07797472684062452,0.08998279679124946,0.0,4.995298926099691e-06
1.949999999999896,p1_m1,0.0,-0.08034515578081608,-0.09106683848772934,0.0,4.995298926099691e-06
1.949999999999896,p1_m2,-4.0,-3.912789410538448,-4.523085965684608,-0.0012577167266813647,4.995298926099691e-06
1.949999999999896,p1_m3,0.0,0.05799907090869233,0.04614994737946215,0.0,4.995298926099691e-06
1.949999999999896,p2_m0,0.0,0.19288080963793755,0.19563279962136934,0.0,4.995298926099691e-06
1.949999999999896,p2_m1,0.0,-0.10931765070786377,-0.10835932508020238,0.0,4.995298926099691e-06
1.949999999999896,p2_m2,0.0,0.25187504460623106,0.2394127635315084,0.0,4.995298926099691e-06
1.949999999999896,p2_m3,0.0,-0.018248509679491164,-0.024008038910364144,0.0,4.995298926099691e-06
1.949999999999896,p3_m0,0.0,-0.08803271909722489,-0.08792524449290602,0.0,4.995298926099691e-06
1.949999999999896,p3_m1,0.0,0.1762311250250762,0.18343082540951305,0.0,4.995298926099691e-06
1.949999999999896,p3_m2,0.0,-0.2429497976853032,-0.24600893050731235,0.0,4.995298926099691e-06
1.949999999999896,p3_m3,0.0,0.33518849829783426,0.34181818909671935,0.0,4.995298926099691e-06
1.959999999999895,p0_m0,8.0,7.984922764110145,8.055570971097634,4.001294267501532e-05,1.343878814926908e-06
1.959999999999895,p0_m1,8.0,6.898129821438249,6.670737127130919,0.0016676611072300735,1.343878814926908e-06
1.959999999999895,p0_m2,0.0,-0.12287772271814307,-0.12594351654720032,0.0,1.343878814926908e-06
1.959999999999895,p0_m3,0.0,0.07332089868095244,0.07401613247375827,0.0,1.343878814926908e-06
1.959999999999895,p1_m0,0.0,0.06835509786236629,0.06897964417150391,0.0,1.343878814926908e-06
1.959999999999895,p1_m1,0.0,-0.07897875395297449,-0.07796640944015486,0.0,1.343878814926908e-06
1.959999999999895,p1_m2,-4.0,-3.9923141385649172,-4.027734132596738,-2.0795353317179187e-05,1.343878814926908e-06
1.959999999999895,p1_m3,0.0,-0.012082075858202767,-0.010533249880365261,0.0,1.343878814926908e-06
1.959999999999895,p2_m0,0.0,0.057467785645733786,0.06241467346649574,0.0,1.343878814926908e-06
1.959999999999895,p2_m1,0.0,-0.10547194341692889,-0.10542863768589476,0.0,1.343878814926908e-06
1.959999999999895,p2_m2,0.0,0.0671410474272431,0.07190503385329888,0.0,1.343878814926908e-06
1.959999999999895,p2_m3,0.0,0.010428225688165099,0.007879726706231731,0.0,1.343878814926908e-06
1.959999999999895,p3_m0,0.0,-0.08513256507348917,-0.08516933731958351,0.0,1.343878814926908e-06
1.959999999999895,p3_m1,0.0,0.07182857897493404,0.07555740777499545,0.0,1.343878814926908e-06
1.959999999999895,p3_m2,0.0,-0.09504418635985401,-0.09951427217348734,0.0,1.343878814926908e-06
1.959999999999895,p3_m3,0.0,0.1284197272563312,0.13507601354498042,0.0,1.343878814926908e-06
1.9699999999998938,p0_m0,8.0,4.833067319799265,4.318648729002821,0.008274919743947213,1.8388668524067917e-06
1.9699999999998938,p0_m1,8.0,3.502805985611062,3.150760146207249,0.012932179079068868,1.8388668524067917e-06
1.9699999999998938,p0_m2,0.0,-0.14275580181066014,-0.1428532745529928,0.0,1.8388668524067917e-06
1.9699999999998938,p0_m3,0.0,0.08991654820548076,0.08863216105598501,0.0,1.8388668524067917e-06
1.9699999999998938,p1_m0,0.0,0.0730658977483674,0.0700765921941131,0.0,1.8388668524067917e-06
1.9699999999998938,p1_m1,0.0,-0.06852772937928157,-0.06708992459937635,0.0,1.8388668524067917e-06
1.9699999999998938,p1_m2,-4.0,-2.3959794931576535,-2.1586947381777475,-0.004223015975546687,1.8388668524067917e-06
1.9699999999998938,p1_m3,0.0,-0.001723977859957937,0.002077289896793636,0.0,1.8388668524067917e-06
1.9699999999998938,p2_m0,0.0,0.08380702801718404,0.08378714615599289,0.0,1.8388668524067917e-06
1.9699999999998938,p2_m1,0.0,-0.10026096895603338,-0.10327929236328584,0.0,1.8388668524067917e-06
1.9699999999998938,p2_m2,0.0,0.07826188104560187,0.08161524193252123,0.0,1.8388668524067917e-06
1.9699999999998938,p2_m3,0.0,-0.0067541383198220705,-0.005218378664576355,0.0,1.8388668524067917e-06
1.9699999999998938,p3_m0,0.0,-0.09014164267672699,-0.08861602093029419,0.0,1.8388668524067917e-06
1.9699999999998938,p3_m1,0.0,0.11245785240242887,0.11542147513231273,0.0,1.8388668524067917e-06
1.9699999999998938,p3_m2,0.0,-0.12290610564051117,-0.1259135660853234,0.0,1.8388668524067917e-06
1.9699999999998938,p3_m3,0.0,0.16949906477339383,0.17076799206083515,0.0,1.8388668524067917e-06
1.9799999999998927,p0_m0,8.0,2.7935092755308477,2.6214687994745067,0.015,4.624975704502978e-06
1.9799999999998927,p0_m1,8.0,2.7649899663736623,2.7334147978798984,0.015,4.624975704502978e-06
1.9799999999998927,p0_m2,0.0,-0.19236619848779588,-0.1912373810099016,0.0,4.624975704502978e-06
1.9799999999998927,p0_m3,0.0,0.06499096434952391,0.06466427119311656,0.0,4.624975704502978e-06
1.9799999999998927,p1_m0,0.0,0.048507888393438225,0.04924968478325581,0.0,4.624975704502978e-06
1.9799999999998927,p1_m1,0.0,-0.05252693188418603,-0.053624209107793,0.0,4.624975704502978e-06
1.9799999999998927,p1_m2,-4.0,-1.521085242581609,-1.4428758978638114,-0.0073912933648781765,4.624975704502978e-06
1.9799999999998927,p1_m3,0.0,0.08229170816716434,0.07757173103697904,0.0,4.624975704502978e-06
1.9799999999998927,p2_m0,0.0,0.16463533955161475,0.16734942013920553,0.0,4.624975704502978e-06
1.9799999999998927,p2_m1,0.0,-0.10294641216548393,-0.10284536184814567,0.0,4.624975704502978e-06
1.9799999999998927,p2_m2,0.0,0.2473292422943526,0.25025138364448046,0.0,4.624975704502978e-06
1.9799999999998927,p2_m3,0.0,-0.002577662016766841,-0.002750953127371725,0.0,4.624975704502978e-06
1.9799999999998927,p3_m0,0.0,-0.0883483728547012,-0.08834900762054343,0.0,4.624975704502978e-06
1.9799999999998927,p3_m1,0.0,0.15444163265583874,0.1527001427132037,0.0,4.624975704502978e-06
1.9799999999998927,p3_m2,0.0,-0.2265055938563729,-0.22031276894294585,0.0,4.624975704502978e-06
1.9799999999998927,p3_m3,0.0,0.29035243792047843,0.2921658422983234,0.0,4.624975704502978e-06
1.9899999999998916,p0_m0,8.0,7.988926933111626,8.11660444534793,2.4487999740513188e-05,2.33362278317855e-06
1.9899999999998916,p0_m1,8.0,7.996485735802195,8.242553716845853,-5.6504630870897186e-06,2.33362278317855e-06
1.9899999999998916,p0_m2,0.0,-0.13725402716480137,-0.13556034386379878,0.0,2.33362278317855e-06
1.9899999999998916,p0_m3,0.0,0.08093323683137231,0.07879579486050099,0.0,2.33362278317855e-06
1.9899999999998916,p1_m0,0.0,0.07091079508715867,0.06927004314584109,0.0,2.33362278317855e-06
1.9899999999998916,p1_m1,0.0,-0.08190197625867468,-0.08120867607303146,0.0,2.33362278317855e-06
1.9899999999998916,p1_m2,-4.0,-3.9940861539373467,-4.0565515671476735,-1.3351499669730594e-05,2.33362278317855e-06
1.9899999999998916,p1_m3,0.0,-0.005683527208541012,-0.0038832286450629317,0.0,2.33362278317855e-06
1.9899999999998916,p2_m0,0.0,0.06991387501866,0.06979000903195733,0.0,2.33362278317855e-06
1.9899999999998916,p2_m1,0.0,-0.10598925893764038,-0.10586334448942882,0.0,2.33362278317855e-06
1.9899999999998916,p2_m2,0.0,0.08574336603492518,0.08673871204365154,0.0,2.33362278317855e-06
1.9899999999998916,p2_m3,0.0,0.010302440823016899,0.010388169216359417,0.0,2.33362278317855e-06
1.9899999999998916,p3_m0,0.0,-0.08534044773082465,-0.08535791753067962,0.0,2.33362278317855e-06
1.9899999999998916,p3_m1,0.0,0.08298836792445481,0.0827950541659895,0.0,2.33362278317855e-06
1.9899999999998916,p3_m2,0.0,-0.11128483948768661,-0.11142454799247443,0.0,2.33362278317855e-06
1.9899999999998916,p3_m3,0.0,0.150054561520755,0.1494512047770175,0.0,2.33362278317855e-06
1.9999999999998905,p0_m0,8.0,5.693266464895957,5.230933110291987,0.005478314070507672,1.4308057371063038e-06
1.9999999999998905,p0_m1,8.0,3.900464473477917,3.48893361108617,0.011569639881164485,1.4308057371063038e-06
1.9999999999998905,p0_m2,0.0,-0.14117648662207938,-0.1410354007548014,0.0,1.4308057371063038e-06
1.9999999999998905,p0_m3,0.0,0.09104875609665786,0.09004137420451461,0.0,1.4308057371063038e-06
1.9999999999998905,p1_m0,0.0,0.08128424157472729,0.07895471299640752,0.0,1.4308057371063038e-06
1.9999999999998905,p1_m1,0.0,-0.07606069366171828,-0.07400260926612483,0.0,1.4308057371063038e-06
1.9999999999998905,p1_m2,-4.0,-2.833933801865811,-2.6084026052248093,-0.0024425724505398537,1.4308057371063038e-06
1.9999999999998905,p1_m3,0.0,-0.014646272009704793,-0.011106263726439428,0.0,1.4308057371063038e-06
1.9999999999998905,p2_m0,0.0,0.08180135794079538,0.0818506386299474,0.0,1.4308057371063038e-06
1.9999999999998905,p2_m1,0.0,-0.09470251215613003,-0.09580401109115833,0.0,1.4308057371063038e-06
1.9999999999998905,p2_m2,0.0,0.06900648417807859,0.07193908254270649,0.0,1.4308057371063038e-06
1.9999999999998905,p2_m3,0.0,-0.010024416674640657,-0.00836165489199706,0.0,1.4308057371063038e-06
1.9999999999998905,p3_m0,0.0,-0.0945588028611891,-0.09428660390872043,0.0,1.4308057371063038e-06
1.9999999999998905,p3_m1,0.0,0.09882505966614663,0.10100396998905926,0.0,1.4308057371063038e-06
1.9999999999998905,p3_m2,0.0,-0.11109514338081394,-0.11373282918845472,0.0,1.4308057371063038e-06
1.9999999999998905,p3_m3,0.0,0.16178382779484335,0.16313113501625046,0.0,1.4308057371063038e-06
