time,motor,target_rad_s,speed_rad_s,wheel_speed_rad_s,commanded_torque_nm,closure_error_m,fold_1_rad,body_x_m,body_y_m,mode
0.010000000000000002,p0_m0,0.0,3.7482499674084704e-11,3.7323093615704285e-11,-1.1526385676084985e-13,4.704174112614665e-14,0.5500000000004543,4.0821098414948814e-14,-9.496238625525247e-15,drive
0.010000000000000002,p0_m1,0.0,2.1188039378052004e-10,2.2229000393170201e-10,-7.218349810992184e-13,4.704174112614665e-14,0.5500000000004543,4.0821098414948814e-14,-9.496238625525247e-15,drive
0.010000000000000002,p0_m2,0.0,-1.9390453842238927e-12,-1.1854126180654849e-11,5.610239137732193e-15,4.704174112614665e-14,0.5500000000004543,4.0821098414948814e-14,-9.496238625525247e-15,drive
0.010000000000000002,p0_m3,0.0,1.3380036634353717e-12,8.314729571523572e-12,-3.808540893221364e-15,4.704174112614665e-14,0.5500000000004543,4.0821098414948814e-14,-9.496238625525247e-15,drive
0.010000000000000002,p1_m0,0.0,3.8304148572822894e-11,4.6278798571108816e-11,-1.1920531009398237e-13,4.704174112614665e-14,0.5500000000004543,4.0821098414948814e-14,-9.496238625525247e-15,drive
0.010000000000000002,p1_m1,0.0,-2.0099985648879627e-12,-1.211129335709771e-11,5.899950364981466e-15,4.704174112614665e-14,0.5500000000004543,4.0821098414948814e-14,-9.496238625525247e-15,drive
0.010000000000000002,p1_m2,0.0,-2.1047265213457417e-10,-2.0734960520796255e-10,7.151847193953324e-13,4.704174112614665e-14,0.5500000000004543,4.0821098414948814e-14,-9.496238625525247e-15,drive
0.010000000000000002,p1_m3,0.0,-1.0123853699908766e-12,-6.006459829510648e-12,3.0215761690787177e-15,4.704174112614665e-14,0.5500000000004543,4.0821098414948814e-14,-9.496238625525247e-15,drive
0.010000000000000002,p2_m0,0.0,-2.0442277265611103e-12,-1.232499280412469e-11,6.009314788268276e-15,4.704174112614665e-14,0.5500000000004543,4.0821098414948814e-14,-9.496238625525247e-15,drive
0.010000000000000002,p2_m1,0.0,4.043553739634464e-11,4.878788223416919e-11,-1.2846748673595489e-13,4.704174112614665e-14,0.5500000000004543,4.0821098414948814e-14,-9.496238625525247e-15,drive
0.010000000000000002,p2_m2,0.0,-1.0526222242830562e-12,-6.253341816586656e-12,3.1411704628370886e-15,4.704174112614665e-14,0.5500000000004543,4.0821098414948814e-14,-9.496238625525247e-15,drive
0.010000000000000002,p2_m3,0.0,-2.1043838431622003e-10,-2.0698175251521174e-10,7.150142259096385e-13,4.704174112614665e-14,0.5500000000004543,4.0821098414948814e-14,-9.496238625525247e-15,drive
0.010000000000000002,p3_m0,0.0,2.1192323085084317e-10,2.2274543809430717e-10,-7.220730509240378e-13,4.704174112614665e-14,0.5500000000004543,4.0821098414948814e-14,-9.496238625525247e-15,drive
0.010000000000000002,p3_m1,0.0,3.953882032770351e-11,3.910124160566575e-11,-1.2416686920495386e-13,4.704174112614665e-14,0.5500000000004543,4.0821098414948814e-14,-9.496238625525247e-15,drive
0.010000000000000002,p3_m2,0.0,1.486755231929298e-12,9.193858063749613e-12,-4.278949358038375e-15,4.704174112614665e-14,0.5500000000004543,4.0821098414948814e-14,-9.496238625525247e-15,drive
0.010000000000000002,p3_m3,0.0,-2.106846705446524e-12,-1.2837599983051005e-11,6.1200405395175215e-15,4.704174112614665e-14,0.5500000000004543,4.0821098414948814e-14,-9.496238625525247e-15,drive
0.02000000000000001,p0_m0,-2.6583013568171054e-11,2.6203809950069013e-11,2.911562624330342e-11,-1.4812893733593174e-13,8.559368650269014e-14,0.5500000000007474,6.074328051934825e-14,-1.251625706310872e-14,drive
0.02000000000000001,p0_m1,-1.7276705066571196e-10,4.668926375116998e-11,5.0365876747003295e-12,-7.328634470447442e-13,8.559368650269014e-14,0.5500000000007474,6.074328051934825e-14,-1.251625706310872e-14,drive
0.02000000000000001,p0_m2,0.0,-6.638484277003835e-13,-3.5152422639406255e-12,2.8152884674008046e-15,8.559368650269014e-14,0.5500000000007474,6.074328051934825e-14,-1.251625706310872e-14,drive
0.02000000000000001,p0_m3,0.0,1.0074302812070195e-13,4.728595293101982e-13,-4.778106135085145e-16,8.559368650269014e-14,0.5500000000007474,6.074328051934825e-14,-1.251625706310872e-14,drive
0.02000000000000001,p1_m0,-2.642525087637182e-11,2.6339697532749592e-11,3.108011170649403e-11,-1.4833274387811586e-13,8.559368650269014e-14,0.5500000000007474,6.074328051934825e-14,-1.251625706310872e-14,drive
0.02000000000000001,p1_m1,0.0,-9.944119952844896e-13,-5.3175983061315495e-12,4.187667322514725e-15,8.559368650269014e-14,0.5500000000007474,6.074328051934825e-14,-1.251625706310872e-14,drive
0.02000000000000001,p1_m2,1.7306567290376051e-10,-4.623091841165301e-11,9.037462167516873e-13,7.315799987770566e-13,8.559368650269014e-14,0.5500000000007474,6.074328051934825e-14,-1.251625706310872e-14,drive
0.02000000000000001,p1_m3,0.0,-4.70698077568572e-13,-2.5108646828364574e-12,2.010375277107451e-15,8.559368650269014e-14,0.5500000000007474,6.074328051934825e-14,-1.251625706310872e-14,drive
0.02000000000000001,p2_m0,0.0,-1.3147613267122173e-12,-7.076884522838611e-12,5.499961244041583e-15,8.559368650269014e-14,0.5500000000007474,6.074328051934825e-14,-1.251625706310872e-14,drive
0.02000000000000001,p2_m1,-2.7473245900466736e-11,4.280630086909119e-11,4.184636742676773e-11,-2.3139780158347415e-13,8.559368650269014e-14,0.5500000000007474,6.074328051934825e-14,-1.251625706310872e-14,drive
0.02000000000000001,p2_m2,0.0,-6.714605139459964e-13,-3.605018200625311e-12,2.8315139458919246e-15,8.559368650269014e-14,0.5500000000007474,6.074328051934825e-14,-1.251625706310872e-14,drive
0.02000000000000001,p2_m3,1.7307694166746046e-10,-4.6138711838748146e-11,2.4462035730366374e-12,7.311782229523399e-13,8.559368650269014e-14,0.5500000000007474,6.074328051934825e-14,-1.251625706310872e-14,drive
0.02000000000000001,p3_m0,-1.7276705066571196e-10,4.693627399261832e-11,9.03905239546522e-12,-7.341053328670406e-13,8.559368650269014e-14,0.5500000000007474,6.074328051934825e-14,-1.251625706310872e-14,drive
0.02000000000000001,p3_m1,-2.7653546119665862e-11,4.220933269020582e-11,3.3231494056540355e-11,-2.290747676888539e-13,8.559368650269014e-14,0.5500000000007474,6.074328051934825e-14,-1.251625706310872e-14,drive
0.02000000000000001,p3_m2,0.0,1.5314323669981949e-12,8.290694242241157e-12,-6.3218802236402145e-15,8.559368650269014e-14,0.5500000000007474,6.074328051934825e-14,-1.251625706310872e-14,drive
0.02000000000000001,p3_m3,0.0,-1.6769935220556247e-12,-9.056193461809412e-12,6.949451192259127e-15,8.559368650269014e-14,0.5500000000007474,6.074328051934825e-14,-1.251625706310872e-14,drive
0.03000000000000002,p0_m0,-4.998668146072305e-11,0.7558443126847145,0.826831245130653,-0.0020313596775064545,1.0749006637935686e-05,0.5554314073835452,-0.00011941461712678054,2.716155881661439e-05,drive
0.03000000000000002,p0_m1,-2.705300428118562e-10,-0.37282678661050234,-0.427067065147609,0.0009835461907784322,1.0749006637935686e-05,0.5554314073835452,-0.00011941461712678054,2.716155881661439e-05,drive
0.03000000000000002,p0_m2,0.0,0.0040853836642032616,0.0038401435864815338,-1.2975157305742847e-05,1.0749006637935686e-05,0.5554314073835452,-0.00011941461712678054,2.716155881661439e-05,drive
0.03000000000000002,p0_m3,0.0,-0.00572779178100303,-0.005364936029025775,1.8229884227500198e-05,1.0749006637935686e-05,0.5554314073835452,-0.00011941461712678054,2.716155881661439e-05,drive
0.03000000000000002,p1_m0,-5.006323133827095e-11,0.7565294200950872,0.8275147441440349,-0.002034244272726989,1.0749006637935686e-05,0.5554314073835452,-0.00011941461712678054,2.716155881661439e-05,drive
0.03000000000000002,p1_m1,0.0,0.0022364613750327357,0.002273046489748112,-6.818521116114432e-06,1.0749006637935686e-05,0.5554314073835452,-0.00011941461712678054,2.716155881661439e-05,drive
0.03000000000000002,p1_m2,2.704555746024795e-10,0.37366130900228495,0.42850168785590137,-0.0009848479670801554,1.0749006637935686e-05,0.5554314073835452,-0.00011941461712678054,2.716155881661439e-05,drive
0.03000000000000002,p1_m3,0.0,0.0025975393461150336,0.002671152313248113,-7.827082879171987e-06,1.0749006637935686e-05,0.5554314073835452,-0.00011941461712678054,2.716155881661439e-05,drive
0.03000000000000002,p2_m0,0.0,-0.0036762589509182404,-0.0034497462926841747,1.1649405104916561e-05,1.0749006637935686e-05,0.5554314073835452,-0.00011941461712678054,2.716155881661439e-05,drive
0.03000000000000002,p2_m1,-7.00920432805674e-11,0.7595732463801944,0.8301749625057778,-0.0020451800393632017,1.0749006637935686e-05,0.5554314073835452,-0.00011941461712678054,2.716155881661439e-05,drive
0.03000000000000002,p2_m2,0.0,-0.0008735777967444278,-0.000670761552886336,3.0348398425812946e-06,1.0749006637935686e-05,0.5554314073835452,-0.00011941461712678054,2.716155881661439e-05,drive
0.03000000000000002,p2_m3,2.7046137551778315e-10,0.3728494660074195,0.4271326046787345,-0.0009835531578027865,1.0749006637935686e-05,0.5554314073835452,-0.00011941461712678054,2.716155881661439e-05,drive
0.03000000000000002,p3_m0,-2.7052440843000625e-10,-0.3737428069345333,-0.42858227656194675,0.0009850707803223517,1.0749006637935686e-05,0.5554314073835452,-0.00011941461712678054,2.716155881661439e-05,drive
0.03000000000000002,p3_m1,-7.00721702884266e-11,0.7594706737946038,0.8300706504353175,-0.002044752473293606,1.0749006637935686e-05,0.5554314073835452,-0.00011941461712678054,2.716155881661439e-05,drive
0.03000000000000002,p3_m2,0.0,-0.0021407792473727353,-0.0019012324031151173,6.995006217824587e-06,1.0749006637935686e-05,0.5554314073835452,-0.00011941461712678054,2.716155881661439e-05,drive
0.03000000000000002,p3_m3,0.0,-3.373965014361343,-3.69414170620566,0.009655891713540367,1.0749006637935686e-05,0.5554314073835452,-0.00011941461712678054,2.716155881661439e-05,drive
0.04000000000000003,p0_m0,-0.37929425385864535,1.0542305377792882,1.1045646916746208,-0.004239644677681643,1.4557818457076565e-05,0.5660873729860579,-0.00045081570265180173,0.00014536906007092885,drive
0.04000000000000003,p0_m1,0.19448507000797566,-0.5793772251629122,-0.5967159881013773,0.002297211019613265,1.4557818457076565e-05,0.5660873729860579,-0.00045081570265180173,0.00014536906007092885,drive
0.04000000000000003,p0_m2,0.0,0.0024641026739483803,0.002081736132158804,-7.741795991712113e-06,1.4557818457076565e-05,0.5660873729860579,-0.00045081570265180173,0.00014536906007092885,drive
0.04000000000000003,p0_m3,0.0,-0.0032664266163461367,-0.002702122983196607,1.0336961140524493e-05,1.4557818457076565e-05,0.5660873729860579,-0.00045081570265180173,0.00014536906007092885,drive
0.04000000000000003,p1_m0,-0.3785921245255969,1.05434399739955,1.104669586713309,-0.004237828920287412,1.4557818457076565e-05,0.5660873729860579,-0.00045081570265180173,0.00014536906007092885,drive
0.04000000000000003,p1_m1,0.0,0.002175135401913994,0.0021016498500111146,-6.596571245511427e-06,1.4557818457076565e-05,0.5660873729860579,-0.00045081570265180173,0.00014536906007092885,drive
0.04000000000000003,p1_m2,-0.1936347856723969,0.579537900595035,0.5967912154667627,-0.002295201352549363,1.4557818457076565e-05,0.5660873729860579,-0.00045081570265180173,0.00014536906007092885,drive
0.04000000000000003,p1_m3,0.0,0.002874770560581988,0.0028513527663600055,-8.63690179054139e-06,1.4557818457076565e-05,0.5660873729860579,-0.00045081570265180173,0.00014536906007092885,drive
0.04000000000000003,p2_m0,0.0,-0.0022718991118640644,-0.00194355915805861,7.139605100783857e-06,1.4557818457076565e-05,0.5660873729860579,-0.00045081570265180173,0.00014536906007092885,drive
0.04000000000000003,p2_m1,-0.38242608607314577,1.0541639343068783,1.1044245338011147,-0.004249100370318471,1.4557818457076565e-05,0.5660873729860579,-0.00045081570265180173,0.00014536906007092885,drive
0.04000000000000003,p2_m2,0.0,0.00027986612888251255,0.0004921356981126243,-6.315388182320025e-07,1.4557818457076565e-05,0.5660873729860579,-0.00045081570265180173,0.00014536906007092885,drive
0.04000000000000003,p2_m3,-0.19446638628426993,0.5793930945884432,0.5967277696422377,-0.002297207432939642,1.4557818457076565e-05,0.5660873729860579,-0.00045081570265180173,0.00014536906007092885,drive
0.04000000000000003,p3_m0,0.19360094319508583,-0.5795505252609153,-0.5967917909712596,0.002295144147762586,1.4557818457076565e-05,0.5660873729860579,-0.00045081570265180173,0.00014536906007092885,drive
0.04000000000000003,p3_m1,-0.382532670184141,1.0541418337834347,1.1043994928720078,-0.004249362128089916,1.4557818457076565e-05,0.5660873729860579,-0.00045081570265180173,0.00014536906007092885,drive
0.04000000000000003,p3_m2,0.0,-0.0006307058051160222,-0.00031513267040915335,2.1942208806650725e-06,1.4557818457076565e-05,0.5660873729860579,-0.00045081570265180173,0.00014536906007092885,drive
0.04000000000000003,p3_m3,0.0,-3.194852827947809,-3.132034638768083,0.009859538076234726,1.4557818457076565e-05,0.5660873729860579,-0.00045081570265180173,0.00014536906007092885,drive
0.05000000000000004,p0_m0,-1.301687851244297,-0.013515197390356962,-0.12489354856821532,-0.004201410978246412,1.863219068783676e-05,0.5710103773313017,-0.0008495472906647739,0.00036120486775737345,drive
0.05000000000000004,p0_m1,0.6967922225905018,-0.0034807483237677427,0.057543869574264245,0.0022846399611901273,1.863219068783676e-05,0.5710103773313017,-0.0008495472906647739,0.00036120486775737345,drive
0.05000000000000004,p0_m2,0.0,0.001576092106184822,0.0014695757847632417,-4.6437280420134305e-06,1.863219068783676e-05,0.5710103773313017,-0.0008495472906647739,0.00036120486775737345,drive
0.05000000000000004,p0_m3,0.0,0.0006350504727579023,0.0008952884125342083,-2.4321056119746924e-06,1.863219068783676e-05,0.5710103773313017,-0.0008495472906647739,0.00036120486775737345,drive
0.05000000000000004,p1_m0,-1.301109040902131,-0.013411373765851548,-0.12475316009776148,-0.004199922231533476,1.863219068783676e-05,0.5710103773313017,-0.0008495472906647739,0.00036120486775737345,drive
0.05000000000000004,p1_m1,0.0,0.005258451418336721,0.005189764498485239,-1.653411572162044e-05,1.863219068783676e-05,0.5710103773313017,-0.0008495472906647739,0.00036120486775737345,drive
0.05000000000000004,p1_m2,-0.696523531929863,0.003376254207086234,-0.05756649259943422,-0.0022833101930916587,1.863219068783676e-05,0.5710103773313017,-0.0008495472906647739,0.00036120486775737345,drive
0.05000000000000004,p1_m3,0.0,0.006727447605975226,0.006514749805389787,-2.1334660866933957e-05,1.863219068783676e-05,0.5710103773313017,-0.0008495472906647739,0.00036120486775737345,drive
0.05000000000000004,p2_m0,0.0,-0.0012278939773249294,-0.001080241173750213,3.569327492763978e-06,1.863219068783676e-05,0.5710103773313017,-0.0008495472906647739,0.00036120486775737345,drive
0.05000000000000004,p2_m1,-1.3053381469797523,-0.016361492510912776,-0.12787067963961998,-0.00420346445739562,1.863219068783676e-05,0.5710103773313017,-0.0008495472906647739,0.00036120486775737345,drive
0.05000000000000004,p2_m2,0.0,0.0029308589054494977,0.002857285833394658,-9.539241384621706e-06,1.863219068783676e-05,0.5710103773313017,-0.0008495472906647739,0.00036120486775737345,drive
0.05000000000000004,p2_m3,-0.6968034873865017,0.0034581202519036883,-0.05756623382497629,-0.0022846045157208124,1.863219068783676e-05,0.5710103773313017,-0.0008495472906647739,0.00036120486775737345,drive
0.05000000000000004,p3_m0,0.6965300770662481,-0.003383693398791179,0.05755017176572129,0.0022833536077564824,1.863219068783676e-05,0.5710103773313017,-0.0008495472906647739,0.00036120486775737345,drive
0.05000000000000004,p3_m1,-1.3054225978830343,-0.016462784131380016,-0.12794377570713977,-0.004203326184011508,1.863219068783676e-05,0.5710103773313017,-0.0008495472906647739,0.00036120486775737345,drive
0.05000000000000004,p3_m2,0.0,0.004326150590211353,0.004429399056598263,-1.3892616127684105e-05,1.863219068783676e-05,0.5710103773313017,-0.0008495472906647739,0.00036120486775737345,drive
0.05000000000000004,p3_m3,0.0,0.009592925291249176,0.24001308864905332,-3.8907017166865354e-05,1.863219068783676e-05,0.5710103773313017,-0.0008495472906647739,0.00036120486775737345,drive
0.060000000000000046,p0_m0,-1.76907573446455,-1.0301773420458593,-1.1293457017202284,-0.002427730082358519,1.88573713800029e-05,0.5627661183803775,-0.0012009580792403188,0.0007222308612925863,drive
0.060000000000000046,p0_m1,0.9597547939053652,0.5666619854840349,0.6122211916792553,0.0013009224166650633,1.88573713800029e-05,0.5627661183803775,-0.0012009580792403188,0.0007222308612925863,drive
0.060000000000000046,p0_m2,0.0,0.001558539120921233,0.001524993854276646,-4.65462683506869e-06,1.88573713800029e-05,0.5627661183803775,-0.0012009580792403188,0.0007222308612925863,drive
0.060000000000000046,p0_m3,0.0,-0.00030942628914232343,-0.0004724390727595278,6.817010542176327e-07,1.88573713800029e-05,0.5627661183803775,-0.0012009580792403188,0.0007222308612925863,drive
0.060000000000000046,p1_m0,-1.768462518491497,-1.0300059614420134,-1.1291777638118832,-0.002426415879870696,1.88573713800029e-05,0.5627661183803775,-0.0012009580792403188,0.0007222308612925863,drive
0.060000000000000046,p1_m1,0.0,0.003339535934405115,0.002884495201959381,-1.0474568215350055e-05,1.88573713800029e-05,0.5627661183803775,-0.0012009580792403188,0.0007222308612925863,drive
0.060000000000000046,p1_m2,-0.9590903872559247,-0.5665013030963965,-0.6120963964893852,-0.0012995470537149531,1.88573713800029e-05,0.5627661183803775,-0.0012009580792403188,0.0007222308612925863,drive
0.060000000000000046,p1_m3,0.0,0.003959616566082325,0.00330628077473855,-1.2546443160485049e-05,1.88573713800029e-05,0.5627661183803775,-0.0012009580792403188,0.0007222308612925863,drive
0.060000000000000046,p2_m0,0.0,-0.0013390890191453857,-0.001320598176819687,3.9697146686446375e-06,1.88573713800029e-05,0.5627661183803775,-0.0012009580792403188,0.0007222308612925863,drive
0.060000000000000046,p2_m1,-1.770635306220035,-1.031172618264472,-1.1302528976647033,-0.0024291259391069253,1.88573713800029e-05,0.5627661183803775,-0.0012009580792403188,0.0007222308612925863,drive
0.060000000000000046,p2_m2,0.0,0.001278188175237798,0.0009137101429884699,-4.251042161026583e-06,1.88573713800029e-05,0.5627661183803775,-0.0012009580792403188,0.0007222308612925863,drive
0.060000000000000046,p2_m3,-0.9597693713400995,-0.5666645466116306,-0.6122374908980203,-0.0013009553260981649,1.88573713800029e-05,0.5627661183803775,-0.0012009580792403188,0.0007222308612925863,drive
0.060000000000000046,p3_m0,0.9590817747903361,0.5665150789431507,0.6120850275582026,0.001299485074483552,1.88573713800029e-05,0.5627661183803775,-0.0012009580792403188,0.0007222308612925863,drive
0.060000000000000046,p3_m1,-1.770506533743154,-1.0311443574838117,-1.1302164011843612,-0.002428824407543611,1.88573713800029e-05,0.5627661183803775,-0.0012009580792403188,0.0007222308612925863,drive
0.060000000000000046,p3_m2,0.0,0.002332193256021414,0.0018915843377324969,-7.477156855725458e-06,1.88573713800029e-05,0.5627661183803775,-0.0012009580792403188,0.0007222308612925863,drive
0.060000000000000046,p3_m3,0.0,-0.0026996267148265856,0.010624080295015931,7.724239483258156e-06,1.88573713800029e-05,0.5627661183803775,-0.0012009580792403188,0.0007222308612925863,drive
0.07000000000000005,p0_m0,-1.1045005815561364,-1.3403796281524583,-1.4608313358370226,0.0005935058573068208,1.543482044381177e-05,0.5484390228054861,-0.0015615520591416615,0.001203952230257863,drive
0.07000000000000005,p0_m1,0.6004708989985147,0.7086551084009224,0.7746785633452015,-0.0002703790817727505,1.543482044381177e-05,0.5484390228054861,-0.0015615520591416615,0.001203952230257863,drive
0.07000000000000005,p0_m2,0.0,0.0017760621274248354,0.0017716918986226508,-5.322910217776617e-06,1.543482044381177e-05,0.5484390228054861,-0.0015615520591416615,0.001203952230257863,drive
0.07000000000000005,p0_m3,0.0,-0.0011193268580067873,-0.0012203955087100105,3.2682745666391672e-06,1.543482044381177e-05,0.5484390228054861,-0.0015615520591416615,0.001203952230257863,drive
0.07000000000000005,p1_m0,-1.1040504812643759,-1.3403663340897536,-1.4606453209281762,0.0005951645244305624,1.543482044381177e-05,0.5484390228054861,-0.0015615520591416615,0.001203952230257863,drive
0.07000000000000005,p1_m1,0.0,0.0022368904275696083,0.001992130222728824,-6.900335959921522e-06,1.543482044381177e-05,0.5484390228054861,-0.0015615520591416615,0.001203952230257863,drive
0.07000000000000005,p1_m2,-0.6000959663717068,-0.7088308190511262,-0.774812826804576,0.0002722155801260373,1.543482044381177e-05,0.5484390228054861,-0.0015615520591416615,0.001203952230257863,drive
0.07000000000000005,p1_m3,0.0,0.002256916846151107,0.0019011685581849906,-7.0512032999934305e-06,1.543482044381177e-05,0.5484390228054861,-0.0015615520591416615,0.001203952230257863,drive
0.07000000000000005,p2_m0,0.0,-0.0015917305500079116,-0.0015886350911279343,4.763991565908389e-06,1.543482044381177e-05,0.5484390228054861,-0.0015615520591416615,0.001203952230257863,drive
0.07000000000000005,p2_m1,-1.1045976553494838,-1.3406533789091093,-1.4610353217960106,0.0005941899304354537,1.543482044381177e-05,0.5484390228054861,-0.0015615520591416615,0.001203952230257863,drive
0.07000000000000005,p2_m2,0.0,0.00010135499267375502,-0.00010383364355976382,-4.7478794417945244e-07,1.543482044381177e-05,0.5484390228054861,-0.0015615520591416615,0.001203952230257863,drive
0.07000000000000005,p2_m3,-0.6004703331179793,-0.7086675959812901,-0.7746939363462407,0.0002704199775491398,1.543482044381177e-05,0.5484390228054861,-0.0015615520591416615,0.001203952230257863,drive
0.07000000000000005,p3_m0,0.6000968843226804,0.7088522043602774,0.7748226551738634,-0.00027228263080675497,1.543482044381177e-05,0.5484390228054861,-0.0015615520591416615,0.001203952230257863,drive
0.07000000000000005,p3_m1,-1.104488819707736,-1.3406610525437705,-1.4609903828726605,0.0005946322823529953,1.543482044381177e-05,0.5484390228054861,-0.0015615520591416615,0.001203952230257863,drive
0.07000000000000005,p3_m2,0.0,0.0010419500987445165,0.0007967477395523827,-3.319036849209312e-06,1.543482044381177e-05,0.5484390228054861,-0.0015615520591416615,0.001203952230257863,drive
0.07000000000000005,p3_m3,0.0,-0.0024067247742471857,-0.0013724486375882243,7.358401333768786e-06,1.543482044381177e-05,0.5484390228054861,-0.0015615520591416615,0.001203952230257863,drive
0.08000000000000006,p0_m0,0.033856736740091986,-1.8516142236891981,-2.0303702492947817,0.004969542506893132,1.343832990522988e-05,0.5319839925698551,-0.0019794233510123395,0.0017828136621208304,drive
0.08000000000000006,p0_m1,-0.003150904983731495,0.9932912864979002,1.0784467608028012,-0.002631574735308646,1.343832990522988e-05,0.5319839925698551,-0.0019794233510123395,0.0017828136621208304,drive
0.08000000000000006,p0_m2,0.0,0.0010298999327680747,0.0007576600648239615,-2.888679351571794e-06,1.343832990522988e-05,0.5319839925698551,-0.0019794233510123395,0.0017828136621208304,drive
0.08000000000000006,p0_m3,0.0,0.004984065814603439,0.008116915388701636,-1.3443980500500487e-05,1.343832990522988e-05,0.5319839925698551,-0.0019794233510123395,0.0017828136621208304,drive
0.08000000000000006,p1_m0,0.034395493401436425,-1.851981844010733,-2.0307882323530104,0.004972667565578514,1.343832990522988e-05,0.5319839925698551,-0.0019794233510123395,0.0017828136621208304,drive
0.08000000000000006,p1_m1,0.0,0.008783488513364562,0.01226681778377744,-2.428920422293087e-05,1.343832990522988e-05,0.5319839925698551,-0.0019794233510123395,0.0017828136621208304,drive
0.08000000000000006,p1_m2,0.003832914077570547,-0.9939773883334965,-1.0792901469218248,0.002636634900865702,1.343832990522988e-05,0.5319839925698551,-0.0019794233510123395,0.0017828136621208304,drive
0.08000000000000006,p1_m3,0.0,0.010847434744980572,0.015311455505650936,-3.024761776983173e-05,1.343832990522988e-05,0.5319839925698551,-0.0019794233510123395,0.0017828136621208304,drive
0.08000000000000006,p2_m0,0.0,-0.0005499692580939273,-0.00023914050744314367,1.6832750533995614e-06,1.343832990522988e-05,0.5319839925698551,-0.0019794233510123395,0.0017828136621208304,drive
0.08000000000000006,p2_m1,0.0341328280395794,-1.853719126753405,-2.032965140479732,0.004974156255694074,1.343832990522988e-05,0.5319839925698551,-0.0019794233510123395,0.0017828136621208304,drive
0.08000000000000006,p2_m2,0.0,0.005416092440015338,0.008004783665174257,-1.5095749909747147e-05,1.343832990522988e-05,0.5319839925698551,-0.0019794233510123395,0.0017828136621208304,drive
0.08000000000000006,p2_m3,0.0031620916088846984,-0.9933335979003464,-1.0783571718310874,0.0026316393134889825,1.343832990522988e-05,0.5319839925698551,-0.0019794233510123395,0.0017828136621208304,drive
0.08000000000000006,p3_m0,-0.0038580789492459674,0.9940402455456896,1.07949742488814,-0.0026371395883370537,1.343832990522988e-05,0.5319839925698551,-0.0019794233510123395,0.0017828136621208304,drive
0.08000000000000006,p3_m1,0.034272877839628346,-1.8250366481541904,-1.9959431777006096,0.0049253245946595005,1.343832990522988e-05,0.5319839925698551,-0.0019794233510123395,0.0017828136621208304,drive
0.08000000000000006,p3_m2,0.0,0.010295685145738646,0.015265372199886744,-2.835498962256007e-05,1.343832990522988e-05,0.5319839925698551,-0.0019794233510123395,0.0017828136621208304,drive
0.08000000000000006,p3_m3,0.0,-0.009569802201152675,-0.013471702355638583,2.6629581113708686e-05,1.343832990522988e-05,0.5319839925698551,-0.0019794233510123395,0.0017828136621208304,drive
0.09000000000000007,p0_m0,1.3818847792922744,-5.7484767255626315,-6.477616053227414,0.01968400152847842,3.72769923177986e-05,0.4884572522888971,-0.0023223626562164637,0.0024096613997617844,drive
0.09000000000000007,p0_m1,-0.6982274482067549,2.9325835232676427,3.297909118117861,-0.01002655453403175,3.72769923177986e-05,0.4884572522888971,-0.0023223626562164637,0.0024096613997617844,drive
0.09000000000000007,p0_m2,0.0,-2.3831372576996643,-2.7523093555221427,0.006460854436584626,3.72769923177986e-05,0.4884572522888971,-0.0023223626562164637,0.0024096613997617844,drive
0.09000000000000007,p0_m3,0.0,0.019089097159254595,0.020951257235691485,-6.459931899560955e-05,3.72769923177986e-05,0.4884572522888971,-0.0023223626562164637,0.0024096613997617844,drive
0.09000000000000007,p1_m0,1.3822809732666819,-4.651888748512014,-5.188978408074909,0.01665799996303329,3.72769923177986e-05,0.4884572522888971,-0.0023223626562164637,0.0024096613997617844,drive
0.09000000000000007,p1_m1,0.0,-0.006674522870114975,-0.00977764804902917,2.206763537294192e-05,3.72769923177986e-05,0.4884572522888971,-0.0023223626562164637,0.0024096613997617844,drive
0.09000000000000007,p1_m2,0.6986859368761221,-2.9300274767855448,-3.2956081249780707,0.010016971035207755,3.72769923177986e-05,0.4884572522888971,-0.0023223626562164637,0.0024096613997617844,drive
0.09000000000000007,p1_m3,0.0,0.012330948533298672,0.012182120452698432,-4.044470783862832e-05,3.72769923177986e-05,0.4884572522888971,-0.0023223626562164637,0.0024096613997617844,drive
0.09000000000000007,p2_m0,0.0,0.022845375661938904,0.02711493560363135,-7.528923857198072e-05,3.72769923177986e-05,0.4884572522888971,-0.0023223626562164637,0.0024096613997617844,drive
0.09000000000000007,p2_m1,1.38257008327543,-5.744634142383869,-6.472702129215805,0.019675169734017398,3.72769923177986e-05,0.4884572522888971,-0.0023223626562164637,0.0024096613997617844,drive
0.09000000000000007,p2_m2,0.0,0.02850629539841955,0.03239560314090793,-9.376005111674838e-05,3.72769923177986e-05,0.4884572522888971,-0.0023223626562164637,0.0024096613997617844,drive
0.09000000000000007,p2_m3,0.6982470221446577,-2.932687280651218,-3.297984347471429,0.01002677227704471,3.72769923177986e-05,0.4884572522888971,-0.0023223626562164637,0.0024096613997617844,drive
0.09000000000000007,p3_m0,-0.6987243773184766,2.929982625605072,3.2955511391567844,-0.010017056320824714,3.72769923177986e-05,0.4884572522888971,-0.0023223626562164637,0.0024096613997617844,drive
0.09000000000000007,p3_m1,1.3780671366482038,-6.091138770730619,-6.938029891034535,0.020193151448191858,3.72769923177986e-05,0.4884572522888971,-0.0023223626562164637,0.0024096613997617844,drive
0.09000000000000007,p3_m2,0.0,0.003245732226660468,0.0012311689076817435,-1.2100527444471096e-05,3.72769923177986e-05,0.4884572522888971,-0.0023223626562164637,0.0024096613997617844,drive
0.09000000000000007,p3_m3,0.0,0.007101723203105313,0.01071157862092969,-2.2644725185790763e-05,3.72769923177986e-05,0.4884572522888971,-0.0023223626562164637,0.0024096613997617844,drive
0.10000000000000007,p0_m0,4.793615060145095,-7.588342940099052,-7.908044750596488,0.0366117153923775,7.208773842395697e-05,0.3959309540252743,-0.002439945516070186,0.0026713913062529123,drive
0.10000000000000007,p0_m1,-2.468202032847118,4.782747226193865,5.107094215693699,-0.021264466849008755,7.208773842395697e-05,0.3959309540252743,-0.002439945516070186,0.0026713913062529123,drive
0.10000000000000007,p0_m2,0.0,-1.6366474944929665,-1.4357543488034759,0.005678261807811215,7.208773842395697e-05,0.3959309540252743,-0.002439945516070186,0.0026713913062529123,drive
0.10000000000000007,p0_m3,0.0,0.007581332823087399,0.005879600452776553,-2.4835825591722284e-05,7.208773842395697e-05,0.3959309540252743,-0.002439945516070186,0.0026713913062529123,drive
0.10000000000000007,p1_m0,4.398418111155522,-9.409472412283645,-10.20792081466538,0.03990245462857944,7.208773842395697e-05,0.3959309540252743,-0.002439945516070186,0.0026713913062529123,drive
0.10000000000000007,p1_m1,0.0,-0.003703769320535804,-0.0031251186016878463,1.1169651505100942e-05,7.208773842395697e-05,0.3959309540252743,-0.002439945516070186,0.0026713913062529123,drive
0.10000000000000007,p1_m2,2.466236336125173,-4.783713812049349,-5.108238055412603,0.02126157830488811,7.208773842395697e-05,0.3959309540252743,-0.002439945516070186,0.0026713913062529123,drive
0.10000000000000007,p1_m3,0.0,0.002324179321822184,0.00017529193125055762,-9.374730500132676e-06,7.208773842395697e-05,0.3959309540252743,-0.002439945516070186,0.0026713913062529123,drive
0.10000000000000007,p2_m0,0.0,0.009161980387823314,0.0067301115565831775,-2.99876425268364e-05,7.208773842395697e-05,0.3959309540252743,-0.002439945516070186,0.0026713913062529123,drive
0.10000000000000007,p2_m1,4.794601315669537,-9.345153325304734,-9.971252951803832,0.04147781446694279,7.208773842395697e-05,0.3959309540252743,-0.002439945516070186,0.0026713913062529123,drive
0.10000000000000007,p2_m2,0.0,0.009416320507466332,0.005673159139422248,-3.1889622628180946e-05,7.208773842395697e-05,0.3959309540252743,-0.002439945516070186,0.0026713913062529123,drive
0.10000000000000007,p2_m3,2.4681825379347084,-4.7828614859994705,-5.107235939303014,0.021264883304103234,7.208773842395697e-05,0.3959309540252743,-0.002439945516070186,0.0026713913062529123,drive
0.10000000000000007,p3_m0,-2.4663508207386906,4.783692814432941,5.108122877668349,-0.021261872408658358,7.208773842395697e-05,0.3959309540252743,-0.002439945516070186,0.0026713913062529123,drive
0.10000000000000007,p3_m1,4.812025064860417,-9.523976209242287,-10.12821298169923,0.041974841081270295,7.208773842395697e-05,0.3959309540252743,-0.002439945516070186,0.0026713913062529123,drive
0.10000000000000007,p3_m2,0.0,0.0009096670096316689,0.0008228019475808621,-3.527628011357978e-06,7.208773842395697e-05,0.3959309540252743,-0.002439945516070186,0.0026713913062529123,drive
0.10000000000000007,p3_m3,0.0,0.004416599023398669,0.004029775693802803,-1.3174780947531882e-05,7.208773842395697e-05,0.3959309540252743,-0.002439945516070186,0.0026713913062529123,drive
0.11000000000000008,p0_m0,11.778592383334995,-9.749015654894597,-10.409020864254304,0.0636897615179303,6.446704457406095e-05,0.28819249698836646,-0.0026489258819505047,0.002734544490583879,drive
0.11000000000000008,p0_m1,-6.357293240686185,4.995604753762582,5.23328984722313,-0.03387754944076983,6.446704457406095e-05,0.28819249698836646,-0.0026489258819505047,0.002734544490583879,drive
0.11000000000000008,p0_m2,0.0,0.00550615846978207,0.12519997855386006,-2.084942959186764e-05,6.446704457406095e-05,0.28819249698836646,-0.0026489258819505047,0.002734544490583879,drive
0.11000000000000008,p0_m3,0.0,0.0003946815389717512,-0.001025801550438342,-2.5866921519974975e-06,6.446704457406095e-05,0.28819249698836646,-0.0026489258819505047,0.002734544490583879,drive
0.11000000000000008,p1_m0,11.476921339357137,-10.027922007394322,-10.505758211795285,0.063948299574877,6.446704457406095e-05,0.28819249698836646,-0.0026489258819505047,0.002734544490583879,drive
0.11000000000000008,p1_m1,0.0,-0.003464348864055386,-0.003111561567733697,1.0772984138718797e-05,6.446704457406095e-05,0.28819249698836646,-0.0026489258819505047,0.002734544490583879,drive
0.11000000000000008,p1_m2,6.355839510677001,-4.996281445358896,-5.234032872924166,0.0338752266598243,6.446704457406095e-05,0.28819249698836646,-0.0026489258819505047,0.002734544490583879,drive
0.11000000000000008,p1_m3,0.0,-0.0027612001421771348,-0.003542705084451087,7.904761426812444e-06,6.446704457406095e-05,0.28819249698836646,-0.0026489258819505047,0.002734544490583879,drive
0.11000000000000008,p2_m0,0.0,0.0020358243019735624,0.0004983348739951119,-7.47848328866392e-06,6.446704457406095e-05,0.28819249698836646,-0.0026489258819505047,0.002734544490583879,drive
0.11000000000000008,p2_m1,12.415852430571409,-9.886794258069498,-10.371282195833729,0.06649072460756118,6.446704457406095e-05,0.28819249698836646,-0.0026489258819505047,0.002734544490583879,drive
0.11000000000000008,p2_m2,0.0,0.0004828048634279993,-0.0013204328013665838,-2.791764531272335e-06,6.446704457406095e-05,0.28819249698836646,-0.0026489258819505047,0.002734544490583879,drive
0.11000000000000008,p2_m3,6.357454218639314,-4.995594761643221,-5.233335770673815,0.0338780044367039,6.446704457406095e-05,0.28819249698836646,-0.0026489258819505047,0.002734544490583879,drive
0.11000000000000008,p3_m0,-6.355923756836865,4.9963677352315266,5.23402392858134,-0.03387575391903912,6.446704457406095e-05,0.28819249698836646,-0.0026489258819505047,0.002734544490583879,drive
0.11000000000000008,p3_m1,12.796550513988006,-10.042859927102718,-10.517064378445655,0.06818852228170999,6.446704457406095e-05,0.28819249698836646,-0.0026489258819505047,0.002734544490583879,drive
0.11000000000000008,p3_m2,0.0,-0.0022761722290354012,-0.0026659537599419405,6.401958354954804e-06,6.446704457406095e-05,0.28819249698836646,-0.0026489258819505047,0.002734544490583879,drive
0.11000000000000008,p3_m3,0.0,0.0034258258517303472,0.002935475195630583,-1.0884249193425324e-05,6.446704457406095e-05,0.28819249698836646,-0.0026489258819505047,0.002734544490583879,drive
0.12000000000000009,p0_m0,19.917116236724496,-9.671430171075363,-9.801074860018495,0.08,6.078129947226977e-05,0.1865232947289056,-0.003021708064688393,0.0027825315395341977,drive
0.12000000000000009,p0_m1,-10.917762340931736,4.438689653388104,4.6299978340402985,-0.045960888277719415,6.078129947226977e-05,0.1865232947289056,-0.003021708064688393,0.0027825315395341977,drive
0.12000000000000009,p0_m2,0.0,0.0028946645956430942,0.01138443587356245,-8.404477185270154e-06,6.078129947226977e-05,0.1865232947289056,-0.003021708064688393,0.0027825315395341977,drive
0.12000000000000009,p0_m3,0.0,-0.0030095460139434233,-0.0036597241401719023,8.541112066761453e-06,6.078129947226977e-05,0.1865232947289056,-0.003021708064688393,0.0027825315395341977,drive
0.12000000000000009,p1_m0,20.737691554466608,-9.672196208950158,-9.803431304786438,0.08,6.078129947226977e-05,0.1865232947289056,-0.003021708064688393,0.0027825315395341977,drive
0.12000000000000009,p1_m1,0.0,-0.0008822308161638887,0.00034781767288856544,3.032991079557693e-06,6.078129947226977e-05,0.1865232947289056,-0.003021708064688393,0.0027825315395341977,drive
0.12000000000000009,p1_m2,10.917101205121359,-4.439522012452704,-4.6308946899769605,0.04596181452695386,6.078129947226977e-05,0.1865232947289056,-0.003021708064688393,0.0027825315395341977,drive
0.12000000000000009,p1_m3,0.0,-0.004050128935051756,-0.003981123542054815,1.1822789058845798e-05,6.078129947226977e-05,0.1865232947289056,-0.003021708064688393,0.0027825315395341977,drive
0.12000000000000009,p2_m0,0.0,-0.001304483003770941,-0.0020991081925994673,2.8774074145899286e-06,6.078129947226977e-05,0.1865232947289056,-0.003021708064688393,0.0027825315395341977,drive
0.12000000000000009,p2_m1,21.382467045090596,-7.803465794484101,-7.838678076554131,0.08,6.078129947226977e-05,0.1865232947289056,-0.003021708064688393,0.0027825315395341977,drive
0.12000000000000009,p2_m2,0.0,-0.003954064659220627,-0.0049553495217289,1.0824242235659542e-05,6.078129947226977e-05,0.1865232947289056,-0.003021708064688393,0.0027825315395341977,drive
0.12000000000000009,p2_m3,10.917944586552055,-4.438911533426601,-4.6302129266836705,0.045962419349727404,6.078129947226977e-05,0.1865232947289056,-0.003021708064688393,0.0027825315395341977,drive
0.12000000000000009,p3_m0,-10.917269358111147,4.439410394963588,4.630750536618733,-0.04596174631544161,6.078129947226977e-05,0.1865232947289056,-0.003021708064688393,0.0027825315395341977,drive
0.12000000000000009,p3_m1,22.028732089822604,-8.234314634117219,-8.429996264591269,0.08,6.078129947226977e-05,0.1865232947289056,-0.003021708064688393,0.0027825315395341977,drive
0.12000000000000009,p3_m2,0.0,-0.0024995607199272884,-0.0020942349993742166,7.697206267172484e-06,6.078129947226977e-05,0.1865232947289056,-0.003021708064688393,0.0027825315395341977,drive
0.12000000000000009,p3_m3,0.0,0.0018991337296407386,0.0012585045046035568,-6.365862778501827e-06,6.078129947226977e-05,0.1865232947289056,-0.003021708064688393,0.0027825315395341977,drive
0.1300000000000001,p0_m0,29.65144726096866,-8.437165581061285,-8.444852941938661,0.08,4.2885992474472967e-05,0.09878647315853852,-0.003382099380587795,0.0028111453846019446,drive
0.1300000000000001,p0_m1,-15.173311324577577,3.66144316422557,3.79549122225463,-0.05653705310072398,4.2885992474472967e-05,0.09878647315853852,-0.003382099380587795,0.0028111453846019446,drive
0.1300000000000001,p0_m2,0.0,0.0024964226824740234,0.002945225781779308,-7.864097793941337e-06,4.2885992474472967e-05,0.09878647315853852,-0.003382099380587795,0.0028111453846019446,drive
0.1300000000000001,p0_m3,0.0,-0.0033108909113570327,-0.0032783009889253974,1.0213208613954907e-05,4.2885992474472967e-05,0.09878647315853852,-0.003382099380587795,0.0028111453846019446,drive
0.1300000000000001,p1_m0,30.300476832533107,-8.31795746930557,-8.312114368340412,0.08,4.2885992474472967e-05,0.09878647315853852,-0.003382099380587795,0.0028111453846019446,drive
0.1300000000000001,p1_m1,0.0,-0.0015471084926021103,-0.0015931614406651598,4.306791452980279e-06,4.2885992474472967e-05,0.09878647315853852,-0.003382099380587795,0.0028111453846019446,drive
0.1300000000000001,p1_m2,15.173232453570412,-3.6614841150908073,-3.795532434286938,0.05653711553245004,4.2885992474472967e-05,0.09878647315853852,-0.003382099380587795,0.0028111453846019446,drive
0.1300000000000001,p1_m3,0.0,-0.005292586958748404,-0.005450419077836959,1.5692462244765266e-05,4.2885992474472967e-05,0.09878647315853852,-0.003382099380587795,0.0028111453846019446,drive
0.1300000000000001,p2_m0,0.0,-0.0032357531865362483,-0.003568008630123255,9.526123817498387e-06,4.2885992474472967e-05,0.09878647315853852,-0.003382099380587795,0.0028111453846019446,drive
0.1300000000000001,p2_m1,30.3686950278455,-7.5875173759353745,-7.629230501903102,0.08,4.2885992474472967e-05,0.09878647315853852,-0.003382099380587795,0.0028111453846019446,drive
0.1300000000000001,p2_m2,0.0,-0.0058514454068677915,-0.0061730693144675455,1.741864522537915e-05,4.2885992474472967e-05,0.09878647315853852,-0.003382099380587795,0.0028111453846019446,drive
0.1300000000000001,p2_m3,15.173628514233537,-3.6613650549067214,-3.795431314712192,0.05653784553968009,4.2885992474472967e-05,0.09878647315853852,-0.003382099380587795,0.0028111453846019446,drive
0.1300000000000001,p3_m0,-15.173435136315074,3.661642765363301,3.7956464833902923,-0.05653814851450944,4.2885992474472967e-05,0.09878647315853852,-0.003382099380587795,0.0028111453846019446,drive
0.1300000000000001,p3_m1,31.06155837375449,-8.03637243077512,-8.021181922000414,0.08,4.2885992474472967e-05,0.09878647315853852,-0.003382099380587795,0.0028111453846019446,drive
0.1300000000000001,p3_m2,0.0,-0.0021312522098217894,-0.0019388892839099729,6.6164570819854125e-06,4.2885992474472967e-05,0.09878647315853852,-0.003382099380587795,0.0028111453846019446,drive
0.1300000000000001,p3_m3,0.0,0.0004942675025509557,0.00014273250423287539,-1.7951719997521694e-06,4.2885992474472967e-05,0.09878647315853852,-0.003382099380587795,0.0028111453846019446,drive
0.1400000000000001,p0_m0,39.20726345224324,-6.715550847169544,-6.585101151096905,0.08,3.164083820295366e-05,0.027421628242555684,-0.0036523964245806194,0.002833441066941393,drive
0.1400000000000001,p0_m1,-18.866867684342797,2.6583794207240308,2.788094833795016,-0.06425162635266281,3.164083820295366e-05,0.027421628242555684,-0.0036523964245806194,0.002833441066941393,drive
0.1400000000000001,p0_m2,0.0,-0.018567496074152996,-0.03044074532511993,4.445450637850819e-05,3.164083820295366e-05,0.027421628242555684,-0.0036523964245806194,0.002833441066941393,drive
0.1400000000000001,p0_m3,0.0,-0.009678209099669977,-0.013353870331631922,2.4499607467219712e-05,3.164083820295366e-05,0.027421628242555684,-0.0036523964245806194,0.002833441066941393,drive
0.1400000000000001,p1_m0,39.92527962293201,-5.8412296321583135,-5.714927222878239,0.08,3.164083820295366e-05,0.027421628242555684,-0.0036523964245806194,0.002833441066941393,drive
0.1400000000000001,p1_m1,0.0,0.0017398050916489433,0.004651646585217631,-5.152874058039344e-06,3.164083820295366e-05,0.027421628242555684,-0.0036523964245806194,0.002833441066941393,drive
0.1400000000000001,p1_m2,18.86702732325798,-2.56617515854593,-2.6661913313131995,0.06416314082872505,3.164083820295366e-05,0.027421628242555684,-0.0036523964245806194,0.002833441066941393,drive
0.1400000000000001,p1_m3,0.0,-0.014773816798099802,-0.01948660165974147,3.6782837601402016e-05,3.164083820295366e-05,0.027421628242555684,-0.0036523964245806194,0.002833441066941393,drive
0.1400000000000001,p2_m0,0.0,0.003995064431926641,0.008944311958302134,-8.587028590403927e-06,3.164083820295366e-05,0.027421628242555684,-0.0036523964245806194,0.002833441066941393,drive
0.1400000000000001,p2_m1,38.11057308911002,-7.611806808501169,-7.5661433824992255,0.08,3.164083820295366e-05,0.027421628242555684,-0.0036523964245806194,0.002833441066941393,drive
0.1400000000000001,p2_m2,0.0,-0.012775284261260952,-0.016118459285437203,3.289098416642661e-05,3.164083820295366e-05,0.027421628242555684,-0.0036523964245806194,0.002833441066941393,drive
0.1400000000000001,p2_m3,18.86719092898659,-2.66154456268806,-2.7914276805949214,0.06426528086921605,3.164083820295366e-05,0.027421628242555684,-0.0036523964245806194,0.002833441066941393,drive
0.1400000000000001,p3_m0,-18.867360565041952,2.657852656731685,2.7874121075462592,-0.06425177504318247,3.164083820295366e-05,0.027421628242555684,-0.0036523964245806194,0.002833441066941393,drive
0.1400000000000001,p3_m1,40.0,-6.107211475424091,-6.024954828568412,0.08,3.164083820295366e-05,0.027421628242555684,-0.0036523964245806194,0.002833441066941393,drive
0.1400000000000001,p3_m2,0.0,-0.0105830223197754,-0.015383976354261322,2.5394872640234003e-05,3.164083820295366e-05,0.027421628242555684,-0.0036523964245806194,0.002833441066941393,drive
0.1400000000000001,p3_m3,0.0,0.015598264674700593,0.024823844543002495,-3.7208763159826356e-05,3.164083820295366e-05,0.027421628242555684,-0.0036523964245806194,0.002833441066941393,drive
0.1500000000000001,p0_m0,40.0,-1.8302383664146313,-1.862130720039633,0.08,2.716329001185766e-06,-0.005481474404561517,-0.0037826755014840423,0.0028455982010870563,drive
0.1500000000000001,p0_m1,-21.65305322947201,1.2102148725244513,1.1871122450029905,-0.06881970070862098,2.716329001185766e-06,-0.005481474404561517,-0.0037826755014840423,0.0028455982010870563,drive
0.1500000000000001,p0_m2,0.0,0.004755685694452806,0.004532041190971328,-1.580166895892305e-05,2.716329001185766e-06,-0.005481474404561517,-0.0037826755014840423,0.0028455982010870563,drive
0.1500000000000001,p0_m3,0.0,-0.0033558081835516015,-0.002640218225593724,1.1205430984999808e-05,2.716329001185766e-06,-0.005481474404561517,-0.0037826755014840423,0.0028455982010870563,drive
0.1500000000000001,p1_m0,40.0,-1.812158165457856,-1.8491100607937336,0.08,2.716329001185766e-06,-0.005481474404561517,-0.0037826755014840423,0.0028455982010870563,drive
0.1500000000000001,p1_m1,0.0,-0.0025496801796590935,-0.0028194610096519577,8.472779721756282e-06,2.716329001185766e-06,-0.005481474404561517,-0.0037826755014840423,0.0028455982010870563,drive
0.1500000000000001,p1_m2,21.64048509235397,-1.0397720749628214,-0.9915915887016,0.06828002483751472,2.716329001185766e-06,-0.005481474404561517,-0.0037826755014840423,0.0028455982010870563,drive
0.1500000000000001,p1_m3,0.0,-0.0076944812165753605,-0.024234639138609834,-2.0803602241930503e-05,2.716329001185766e-06,-0.005481474404561517,-0.0037826755014840423,0.0028455982010870563,drive
0.1500000000000001,p2_m0,0.0,-0.0036920261100167415,-0.003497956548271021,1.1986634100067943e-05,2.716329001185766e-06,-0.005481474404561517,-0.0037826755014840423,0.0028455982010870563,drive
0.1500000000000001,p2_m1,40.0,-2.710907417559187,-2.731449876718212,0.08,2.716329001185766e-06,-0.005481474404561517,-0.0037826755014840423,0.0028455982010870563,drive
0.1500000000000001,p2_m2,0.0,0.04874060048131164,0.05938801075297991,-0.0001617250398878816,2.716329001185766e-06,-0.005481474404561517,-0.0037826755014840423,0.0028455982010870563,drive
0.1500000000000001,p2_m3,21.6538493051979,-1.004113596271455,-0.9726838189983483,0.06813406954930498,2.716329001185766e-06,-0.005481474404561517,-0.0037826755014840423,0.0028455982010870563,drive
0.1500000000000001,p3_m0,-21.653471367005324,1.210243990861215,1.1871214461469335,-0.06882112861132568,2.716329001185766e-06,-0.005481474404561517,-0.0037826755014840423,0.0028455982010870563,drive
0.1500000000000001,p3_m1,40.0,-1.5884638886135485,-1.6234539072826342,0.08,2.716329001185766e-06,-0.005481474404561517,-0.0037826755014840423,0.0028455982010870563,drive
0.1500000000000001,p3_m2,0.0,-0.0025255996111877123,-0.0017922135473853811,8.56086095117707e-06,2.716329001185766e-06,-0.005481474404561517,-0.0037826755014840423,0.0028455982010870563,drive
0.1500000000000001,p3_m3,0.0,0.003235210733093866,0.002024569898718619,-1.0900880934299026e-05,2.716329001185766e-06,-0.005481474404561517,-0.0037826755014840423,0.0028455982010870563,drive
0.16000000000000011,p0_m0,40.0,0.14999237825988232,0.12919334949549724,0.08,4.5797480053827055e-06,-0.010771813214732744,-0.003805265288782874,0.0028419033897859325,drive
0.16000000000000011,p0_m1,-23.43553821276239,-0.03810041181444242,-0.11244502215561906,-0.07049684612337732,4.5797480053827055e-06,-0.010771813214732744,-0.003805265288782874,0.0028419033897859325,drive
0.16000000000000011,p0_m2,0.0,0.00035760259058533416,-0.0005290886589751054,-1.538349058876073e-06,4.5797480053827055e-06,-0.010771813214732744,-0.003805265288782874,0.0028419033897859325,drive
0.16000000000000011,p0_m3,0.0,-0.0004838697432493504,-7.823119754568524e-05,1.4505964785903494e-06,4.5797480053827055e-06,-0.010771813214732744,-0.003805265288782874,0.0028419033897859325,drive
0.16000000000000011,p1_m0,40.0,0.2292461787162629,0.2080902808055789,0.08,4.5797480053827055e-06,-0.010771813214732744,-0.003805265288782874,0.0028419033897859325,drive
0.16000000000000011,p1_m1,0.0,-0.0030719047473371356,-0.0032897899168671156,9.31259323524136e-06,4.5797480053827055e-06,-0.010771813214732744,-0.003805265288782874,0.0028419033897859325,drive
0.16000000000000011,p1_m2,23.380657277543676,-0.09471503268413893,-0.0353530792540927,0.07071719924938964,4.5797480053827055e-06,-0.010771813214732744,-0.003805265288782874,0.0028419033897859325,drive
0.16000000000000011,p1_m3,0.0,-0.00699538587844798,-0.007284367925712864,2.224413488984021e-05,4.5797480053827055e-06,-0.010771813214732744,-0.003805265288782874,0.0028419033897859325,drive
0.16000000000000011,p2_m0,0.0,-0.0038048942597314873,-0.0038587449510845396,1.1690225271015754e-05,4.5797480053827055e-06,-0.010771813214732744,-0.003805265288782874,0.0028419033897859325,drive
0.16000000000000011,p2_m1,40.0,0.17139385066926358,0.15273396861878674,0.08,4.5797480053827055e-06,-0.010771813214732744,-0.003805265288782874,0.0028419033897859325,drive
0.16000000000000011,p2_m2,0.0,-0.007259878791632152,-0.01050212094036189,2.325524070602498e-05,4.5797480053827055e-06,-0.010771813214732744,-0.003805265288782874,0.0028419033897859325,drive
0.16000000000000011,p2_m3,23.29767949018437,-0.050272673540282524,0.03401805676821764,0.07039679022434824,4.5797480053827055e-06,-0.010771813214732744,-0.003805265288782874,0.0028419033897859325,drive
0.16000000000000011,p3_m0,-23.436113683348992,0.13903783051300234,0.11089897099958422,-0.07084603325096983,4.5797480053827055e-06,-0.010771813214732744,-0.003805265288782874,0.0028419033897859325,drive
0.16000000000000011,p3_m1,40.0,0.22406105314857816,0.20911070351347066,0.08,4.5797480053827055e-06,-0.010771813214732744,-0.003805265288782874,0.0028419033897859325,drive
0.16000000000000011,p3_m2,0.0,0.00011264690076817498,0.00045837965404469674,-4.2324809572416966e-07,4.5797480053827055e-06,-0.010771813214732744,-0.003805265288782874,0.0028419033897859325,drive
0.16000000000000011,p3_m3,0.0,-0.0007097913861573464,-0.0015373775831417744,1.8369954823285222e-06,4.5797480053827055e-06,-0.010771813214732744,-0.003805265288782874,0.0028419033897859325,drive
0.17000000000000012,p0_m0,40.0,0.9465440106876655,0.9439796453556129,0.08,3.4505517771431332e-06,-0.0023462872551469594,-0.003791433061915688,0.002832363422026321,drive
0.17000000000000012,p0_m1,-24.064124035868918,-1.2167286469238976,-1.337906502644871,-0.06884712552040417,3.4505517771431332e-06,-0.0023462872551469594,-0.003791433061915688,0.002832363422026321,drive
0.17000000000000012,p0_m2,0.0,-0.0002695776747360829,-0.0004512835638312195,7.468402755967293e-07,3.4505517771431332e-06,-0.0023462872551469594,-0.003791433061915688,0.002832363422026321,drive
0.17000000000000012,p0_m3,0.0,-0.0007640650296173066,-0.0008542376587725722,2.2272771058173945e-06,3.4505517771431332e-06,-0.0023462872551469594,-0.003791433061915688,0.002832363422026321,drive
0.17000000000000012,p1_m0,40.0,1.3154153758013154,1.309759397333814,0.08,3.4505517771431332e-06,-0.0023462872551469594,-0.003791433061915688,0.002832363422026321,drive
0.17000000000000012,p1_m1,0.0,-0.002618798852460815,-0.002532506067736541,8.054288864615463e-06,3.4505517771431332e-06,-0.0023462872551469594,-0.003791433061915688,0.002832363422026321,drive
0.17000000000000012,p1_m2,24.099931094883573,1.2928159593022264,1.4224505053811647,0.06868150501383871,3.4505517771431332e-06,-0.0023462872551469594,-0.003791433061915688,0.002832363422026321,drive
0.17000000000000012,p1_m3,0.0,-0.00436024501890861,-0.003781076026422651,1.3700202866207654e-05,3.4505517771431332e-06,-0.0023462872551469594,-0.003791433061915688,0.002832363422026321,drive
0.17000000000000012,p2_m0,0.0,-0.0028671220187288142,-0.002647192884715474,8.919038893958435e-06,3.4505517771431332e-06,-0.0023462872551469594,-0.003791433061915688,0.002832363422026321,drive
0.17000000000000012,p2_m1,40.0,1.6579606000985256,1.6434005970127958,0.08,3.4505517771431332e-06,-0.0023462872551469594,-0.003791433061915688,0.002832363422026321,drive
0.17000000000000012,p2_m2,0.0,-0.004304805858939491,-0.0038675491253678204,1.358387716292764e-05,3.4505517771431332e-06,-0.0023462872551469594,-0.003791433061915688,0.002832363422026321,drive
0.17000000000000012,p2_m3,24.047970552359022,1.210474645806736,1.3329274669268838,0.06882079768173849,3.4505517771431332e-06,-0.0023462872551469594,-0.003791433061915688,0.002832363422026321,drive
0.17000000000000012,p3_m0,-24.102186082004323,-0.8771459484243492,-0.9953813985235089,-0.07001061993012836,3.4505517771431332e-06,-0.0023462872551469594,-0.003791433061915688,0.002832363422026321,drive
0.17000000000000012,p3_m1,40.0,1.3173859532309964,1.3119611626992451,0.08,3.4505517771431332e-06,-0.0023462872551469594,-0.003791433061915688,0.002832363422026321,drive
0.17000000000000012,p3_m2,0.0,-0.000363325320619707,-0.0005041919286082045,9.736991756546279e-07,3.4505517771431332e-06,-0.0023462872551469594,-0.003791433061915688,0.002832363422026321,drive
0.17000000000000012,p3_m3,0.0,-0.0008845340076461122,-0.0009489165130655658,2.7073617172507705e-06,3.4505517771431332e-06,-0.0023462872551469594,-0.003791433061915688,0.002832363422026321,drive
0.18000000000000013,p0_m0,40.0,1.9221782094990858,1.9299774366032185,0.08,3.1847218241482654e-05,0.014148007056442936,-0.0037672920032113502,0.002826427313657436,drive
0.18000000000000013,p0_m1,-23.607232144099104,-2.2854799182860885,-2.4250088682989612,-0.06415259586948514,3.1847218241482654e-05,0.014148007056442936,-0.0037672920032113502,0.002826427313657436,drive
0.18000000000000013,p0_m2,0.0,0.0012139369563181125,0.002203562949487061,-2.9131369113659206e-06,3.1847218241482654e-05,0.014148007056442936,-0.0037672920032113502,0.002826427313657436,drive
0.18000000000000013,p0_m3,0.0,-0.0015369471276880766,-0.0023531393198758894,4.27216487565912e-06,3.1847218241482654e-05,0.014148007056442936,-0.0037672920032113502,0.002826427313657436,drive
0.18000000000000013,p1_m0,40.0,1.9744446046417985,1.976275940640742,0.08,3.1847218241482654e-05,0.014148007056442936,-0.0037672920032113502,0.002826427313657436,drive
0.18000000000000013,p1_m1,0.0,-0.0007277441707980347,0.00018925132490314246,3.091367563687608e-06,3.1847218241482654e-05,0.014148007056442936,-0.0037672920032113502,0.002826427313657436,drive
0.18000000000000013,p1_m2,23.639181988754206,2.3015619310996356,2.4372510986886105,0.06419112046264247,3.1847218241482654e-05,0.014148007056442936,-0.0037672920032113502,0.002826427313657436,drive
0.18000000000000013,p1_m3,0.0,-0.0026951676864683228,-0.002013499676423593,8.812818400819339e-06,3.1847218241482654e-05,0.014148007056442936,-0.0037672920032113502,0.002826427313657436,drive
0.18000000000000013,p2_m0,0.0,-0.000672323111415817,0.00034621431448772836,2.9712947227163056e-06,3.1847218241482654e-05,0.014148007056442936,-0.0037672920032113502,0.002826427313657436,drive
0.18000000000000013,p2_m1,40.0,2.2707861553731448,2.2465534729847065,0.08,3.1847218241482654e-05,0.014148007056442936,-0.0037672920032113502,0.002826427313657436,drive
0.18000000000000013,p2_m2,0.0,-0.0024952866601729586,-0.0017769888188439587,8.23262798969597e-06,3.1847218241482654e-05,0.014148007056442936,-0.0037672920032113502,0.002826427313657436,drive
0.18000000000000013,p2_m3,23.605801067451985,2.284957545025085,2.4244137839584323,0.06414983366962702,3.1847218241482654e-05,0.014148007056442936,-0.0037672920032113502,0.002826427313657436,drive
0.18000000000000013,p3_m0,-24.000483170825706,-1.8746773803613257,-1.8951451223959759,-0.06654446096352891,3.1847218241482654e-05,0.014148007056442936,-0.0037672920032113502,0.002826427313657436,drive
0.18000000000000013,p3_m1,40.0,1.977059489489404,1.9786909191819777,0.08,3.1847218241482654e-05,0.014148007056442936,-0.0037672920032113502,0.002826427313657436,drive
0.18000000000000013,p3_m2,0.0,-0.0013184060087515059,-0.0021808109526630496,3.5979276116112433e-06,3.1847218241482654e-05,0.014148007056442936,-0.0037672920032113502,0.002826427313657436,drive
0.18000000000000013,p3_m3,0.0,0.0009761866391128422,0.0020968440466942696,-2.1267204092443793e-06,3.1847218241482654e-05,0.014148007056442936,-0.0037672920032113502,0.002826427313657436,drive
0.19000000000000014,p0_m0,40.0,2.650441338090896,2.6377060385915367,0.08,0.0001510034052173181,0.03649854031546054,-0.0037200442882405296,0.002833905895233169,drive
0.19000000000000014,p0_m1,-22.079005365692858,-2.1513253873778044,-2.2014403421130004,-0.05970757417234062,0.0001510034052173181,0.03649854031546054,-0.0037200442882405296,0.002833905895233169,drive
0.19000000000000014,p0_m2,0.0,0.0021975794444792454,0.0024997279510943307,-6.387193759254082e-06,0.0001510034052173181,0.03649854031546054,-0.0037200442882405296,0.002833905895233169,drive
0.19000000000000014,p0_m3,0.0,-0.00076915673213019,-0.0006585129441680572,2.655325897970907e-06,0.0001510034052173181,0.03649854031546054,-0.0037200442882405296,0.002833905895233169,drive
0.19000000000000014,p1_m0,40.0,2.3584405492414735,2.3489558003133344,0.08,0.0001510034052173181,0.03649854031546054,-0.0037200442882405296,0.002833905895233169,drive
0.19000000000000014,p1_m1,0.0,0.002072488444576828,0.0027754910750141387,-5.400571415624259e-06,0.0001510034052173181,0.03649854031546054,-0.0037200442882405296,0.002833905895233169,drive
0.19000000000000014,p1_m2,22.08005331747851,2.151384511832847,2.2016704604340034,0.059710294492272505,0.0001510034052173181,0.03649854031546054,-0.0037200442882405296,0.002833905895233169,drive
0.19000000000000014,p1_m3,0.0,0.00037366154842230904,0.0011163096016309868,-1.8030569031078916e-07,0.0001510034052173181,0.03649854031546054,-0.0037200442882405296,0.002833905895233169,drive
0.19000000000000014,p2_m0,0.0,0.0018614510277817217,0.0024921183490551613,-4.8233073060375465e-06,0.0001510034052173181,0.03649854031546054,-0.0037200442882405296,0.002833905895233169,drive
0.19000000000000014,p2_m1,40.0,2.128489948589786,2.1334612513930553,0.08,0.0001510034052173181,0.03649854031546054,-0.0037200442882405296,0.002833905895233169,drive
0.19000000000000014,p2_m2,0.0,0.00036543917074581566,0.0010507848640772322,-2.0851018255511512e-07,0.0001510034052173181,0.03649854031546054,-0.0037200442882405296,0.002833905895233169,drive
0.19000000000000014,p2_m3,22.07744547278378,2.1509154339527705,2.201179537907888,0.059704139946658075,0.0001510034052173181,0.03649854031546054,-0.0037200442882405296,0.002833905895233169,drive
0.19000000000000014,p3_m0,-22.32810910518201,-2.4294385383104244,-2.56732152775159,-0.059824829932253756,0.0001510034052173181,0.03649854031546054,-0.0037200442882405296,0.002833905895233169,drive
0.19000000000000014,p3_m1,40.0,2.3578729259233753,2.3482942856057685,0.08,0.0001510034052173181,0.03649854031546054,-0.0037200442882405296,0.002833905895233169,drive
0.19000000000000014,p3_m2,0.0,-0.0004912986245435463,-0.00036259961573457955,1.8187256467095605e-06,0.0001510034052173181,0.03649854031546054,-0.0037200442882405296,0.002833905895233169,drive
0.19000000000000014,p3_m3,0.0,0.0017905938856890527,0.0020469580805644295,-5.190546340425588e-06,0.0001510034052173181,0.03649854031546054,-0.0037200442882405296,0.002833905895233169,drive
0.20000000000000015,p0_m0,40.0,2.889601802873688,2.877396292107305,0.08,0.00028703140236178206,0.05916032847841983,-0.0036523984277238458,0.0028365018143830124,drive
0.20000000000000015,p0_m1,-20.28102253031534,-1.0609919847499414,-1.0415304758809278,-0.05796557706987146,0.00028703140236178206,0.05916032847841983,-0.0036523984277238458,0.0028365018143830124,drive
0.20000000000000015,p0_m2,0.0,0.0049991045806978005,0.005559019256593013,-1.5366429489641993e-05,0.00028703140236178206,0.05916032847841983,-0.0036523984277238458,0.0028365018143830124,drive
0.20000000000000015,p0_m3,0.0,-0.0022575451234877445,-0.0026241091748365033,6.996457896473004e-06,0.00028703140236178206,0.05916032847841983,-0.0036523984277238458,0.0028365018143830124,drive
0.20000000000000015,p1_m0,40.0,2.225016054386655,2.2271135414795182,0.08,0.00028703140236178206,0.05916032847841983,-0.0036523984277238458,0.0028365018143830124,drive
0.20000000000000015,p1_m1,0.0,0.005046370664179946,0.0055263465028525804,-1.5580889876878714e-05,0.00028703140236178206,0.05916032847841983,-0.0036523984277238458,0.0028365018143830124,drive
0.20000000000000015,p1_m2,20.281407866931414,0.8188816057522462,0.7166960396170127,0.057968477423322645,0.00028703140236178206,0.05916032847841983,-0.0036523984277238458,0.0028365018143830124,drive
0.20000000000000015,p1_m3,0.0,0.0022383667223741595,0.0024377583033973202,-7.1065192615169924e-06,0.00028703140236178206,0.05916032847841983,-0.0036523984277238458,0.0028365018143830124,drive
0.20000000000000015,p2_m0,0.0,0.004944390320330564,0.005451234203842613,-1.5237987716948734e-05,0.00028703140236178206,0.05916032847841983,-0.0036523984277238458,0.0028365018143830124,drive
0.20000000000000015,p2_m1,40.0,1.9275375032251132,1.934939505489271,0.08,0.00028703140236178206,0.05916032847841983,-0.0036523984277238458,0.0028365018143830124,drive
0.20000000000000015,p2_m2,0.0,0.002299211557241501,0.0025218203456481483,-7.258659491005289e-06,0.00028703140236178206,0.05916032847841983,-0.0036523984277238458,0.0028365018143830124,drive
0.20000000000000015,p2_m3,20.279940443720005,0.8188672298196616,0.716664890438392,0.05796410649562812,0.00028703140236178206,0.05916032847841983,-0.0036523984277238458,0.0028365018143830124,drive
0.20000000000000015,p3_m0,-20.56799082322874,-0.9370285007722743,-0.8026795716106234,-0.05840915868650007,0.00028703140236178206,0.05916032847841983,-0.0036523984277238458,0.0028365018143830124,drive
0.20000000000000015,p3_m1,40.0,2.2248778567547514,2.227145202394032,0.08,0.00028703140236178206,0.05916032847841983,-0.0036523984277238458,0.0028365018143830124,drive
0.20000000000000015,p3_m2,0.0,-0.0021592753218754126,-0.0025811773990475867,6.548319908356137e-06,0.00028703140236178206,0.05916032847841983,-0.0036523984277238458,0.0028365018143830124,drive
0.20000000000000015,p3_m3,0.0,0.004861739781847957,0.005485878665796596,-1.4867332776584358e-05,0.00028703140236178206,0.05916032847841983,-0.0036523984277238458,0.0028365018143830124,drive
0.21000000000000016,p0_m0,40.0,2.37443951618137,2.3750578164400937,0.08,0.0002833952094558541,0.08179398907671065,-0.0035754036267450053,0.00283284775844805,drive
0.21000000000000016,p0_m1,-19.243032636545482,-0.4042062515063249,-0.33303093718372767,-0.05624565944639329,0.0002833952094558541,0.08179398907671065,-0.0035754036267450053,0.00283284775844805,drive
0.21000000000000016,p0_m2,0.0,0.0009680043047429536,-0.0002382001214703654,-4.380001973012135e-06,0.0002833952094558541,0.08179398907671065,-0.0035754036267450053,0.00283284775844805,drive
0.21000000000000016,p0_m3,0.0,-0.00025695467696839106,0.00041238606937889097,1.539588898809987e-06,0.0002833952094558541,0.08179398907671065,-0.0035754036267450053,0.00283284775844805,drive
0.21000000000000016,p1_m0,40.0,2.332470243831394,2.335984436271064,0.08,0.0002833952094558541,0.08179398907671065,-0.0035754036267450053,0.00283284775844805,drive
0.21000000000000016,p1_m1,0.0,0.00035590038225480727,-0.0009471663432075129,-2.709570529504531e-06,0.0002833952094558541,0.08179398907671065,-0.0035754036267450053,0.00283284775844805,drive
0.21000000000000016,p1_m2,19.26849278315045,-0.3081246850029335,-0.3657968516626776,0.05866001773838767,0.0002833952094558541,0.08179398907671065,-0.0035754036267450053,0.00283284775844805,drive
0.21000000000000016,p1_m3,0.0,-0.0011879729188865242,-0.0020750248502469345,2.4417112569206744e-06,0.0002833952094558541,0.08179398907671065,-0.0035754036267450053,0.00283284775844805,drive
0.21000000000000016,p2_m0,0.0,0.00040345960750859763,-0.0008497356889574892,-2.800401348108693e-06,0.0002833952094558541,0.08179398907671065,-0.0035754036267450053,0.00283284775844805,drive
0.21000000000000016,p2_m1,40.0,2.3019770945728846,2.3053905081351114,0.08,0.0002833952094558541,0.08179398907671065,-0.0035754036267450053,0.00283284775844805,drive
0.21000000000000016,p2_m2,0.0,-0.0010205745334150478,-0.0018761958870404931,1.969017545647631e-06,0.0002833952094558541,0.08179398907671065,-0.0035754036267450053,0.00283284775844805,drive
0.21000000000000016,p2_m3,19.26701542549679,-0.3081363525044432,-0.36581224682792174,0.058655622346352757,0.0002833952094558541,0.08179398907671065,-0.0035754036267450053,0.00283284775844805,drive
0.21000000000000016,p3_m0,-19.274993027131565,0.3106659893191926,0.3654501429405564,-0.05868788668411824,0.0002833952094558541,0.08179398907671065,-0.0035754036267450053,0.00283284775844805,drive
0.21000000000000016,p3_m1,40.0,2.3445811991384007,2.347946963590052,0.08,0.0002833952094558541,0.08179398907671065,-0.0035754036267450053,0.00283284775844805,drive
0.21000000000000016,p3_m2,0.0,-0.00010288550545305796,0.0005918016980103534,1.1211206986982068e-06,0.0002833952094558541,0.08179398907671065,-0.0035754036267450053,0.00283284775844805,drive
0.21000000000000016,p3_m3,0.0,0.0007512696135879933,-0.00047993328885528213,-3.7721183231188137e-06,0.0002833952094558541,0.08179398907671065,-0.0035754036267450053,0.00283284775844805,drive
0.22000000000000017,p0_m0,40.0,1.763393802836933,1.8028031203131099,0.08,0.0002010281401710591,0.10596136348726491,-0.0035154100428667805,0.0028292072365206714,drive
0.22000000000000017,p0_m1,-18.757403191763323,-0.18589407325826984,-0.39979843936266807,-0.056209336641560935,0.0002010281401710591,0.10596136348726491,-0.0035154100428667805,0.0028292072365206714,drive
0.22000000000000017,p0_m2,0.0,-0.003818449135413344,-0.003840860024538661,1.3875483288934234e-05,0.0002010281401710591,0.10596136348726491,-0.0035154100428667805,0.0028292072365206714,drive
0.22000000000000017,p0_m3,0.0,0.0020464331518606,0.0018615541469820954,-7.687850098207088e-06,0.0002010281401710591,0.10596136348726491,-0.0035154100428667805,0.0028292072365206714,drive
0.22000000000000017,p1_m0,40.0,1.8416162246634658,1.862946345715271,0.08,0.0002010281401710591,0.10596136348726491,-0.0035154100428667805,0.0028292072365206714,drive
0.22000000000000017,p1_m1,0.0,-0.002856877832252269,-0.0025826261022217265,1.0997003228832683e-05,0.0002010281401710591,0.10596136348726491,-0.0035154100428667805,0.0028292072365206714,drive
0.22000000000000017,p1_m2,19.576118688681078,0.5316546179307936,0.6594301297915018,0.057438751468092734,0.0002010281401710591,0.10596136348726491,-0.0035154100428667805,0.0028292072365206714,drive
0.22000000000000017,p1_m3,0.0,-0.0003918910555932951,0.00034613069947526243,2.6684585934750288e-06,0.0002010281401710591,0.10596136348726491,-0.0035154100428667805,0.0028292072365206714,drive
0.22000000000000017,p2_m0,0.0,-0.002777647288909922,-0.0025252465274485905,1.0703837557538774e-05,0.0002010281401710591,0.10596136348726491,-0.0035154100428667805,0.0028292072365206714,drive
0.22000000000000017,p2_m1,40.0,2.6777294322066183,2.6755906766344775,0.08,0.0002010281401710591,0.10596136348726491,-0.0035154100428667805,0.0028292072365206714,drive
0.22000000000000017,p2_m2,0.0,-0.0002891367798497498,0.0004312920731146631,2.3581904703670555e-06,0.0002010281401710591,0.10596136348726491,-0.0035154100428667805,0.0028292072365206714,drive
0.22000000000000017,p2_m3,19.574663151424865,0.531679140357727,0.6594502840273234,0.05743430564481455,0.0002010281401710591,0.10596136348726491,-0.0035154100428667805,0.0028292072365206714,drive
0.22000000000000017,p3_m0,-19.58719608994711,-0.5314909779355765,-0.6595374279244347,-0.057473482265078785,0.0002010281401710591,0.10596136348726491,-0.0035154100428667805,0.0028292072365206714,drive
0.22000000000000017,p3_m1,40.0,1.660173832080402,1.7041115653089465,0.08,0.0002010281401710591,0.10596136348726491,-0.0035154100428667805,0.0028292072365206714,drive
0.22000000000000017,p3_m2,0.0,0.0022191674252778266,0.0020099533291477313,-8.21109289524723e-06,0.0002010281401710591,0.10596136348726491,-0.0035154100428667805,0.0028292072365206714,drive
0.22000000000000017,p3_m3,0.0,-0.004057725796529962,-0.00403506499081718,1.4684473214493883e-05,0.0002010281401710591,0.10596136348726491,-0.0035154100428667805,0.0028292072365206714,drive
0.23000000000000018,p0_m0,40.0,2.180621543648012,2.1670289798464157,0.08,0.0002207122983882307,0.12761723731923832,-0.0034722414330762064,0.002833485361782364,drive
0.23000000000000018,p0_m1,-19.780944472576707,-0.9361906380332647,-0.9474963224988863,-0.05651317079373789,0.0002207122983882307,0.12761723731923832,-0.0034722414330762064,0.002833485361782364,drive
0.23000000000000018,p0_m2,0.0,0.00044634788328354774,0.0013001642009388935,-8.116220946284082e-07,0.0002207122983882307,0.12761723731923832,-0.0034722414330762064,0.002833485361782364,drive
0.23000000000000018,p0_m3,0.0,-0.0011826434122090479,-0.0018625809354003817,3.0573482208242934e-06,0.0002207122983882307,0.12761723731923832,-0.0034722414330762064,0.002833485361782364,drive
0.23000000000000018,p1_m0,40.0,2.2483046429783444,2.23929714937414,0.08,0.0002207122983882307,0.12761723731923832,-0.0034722414330762064,0.002833485361782364,drive
0.23000000000000018,p1_m1,0.0,0.0006629940078428919,0.0013173058137531802,-1.7519049822504748e-06,0.0002207122983882307,0.12761723731923832,-0.0034722414330762064,0.002833485361782364,drive
0.23000000000000018,p1_m2,19.7779940113921,0.9305805921590169,0.9504994564339468,0.05652401627624986,0.0002207122983882307,0.12761723731923832,-0.0034722414330762064,0.002833485361782364,drive
0.23000000000000018,p1_m3,0.0,0.0013184047441899334,0.0016114323710103478,-4.017243120414358e-06,0.0002207122983882307,0.12761723731923832,-0.0034722414330762064,0.002833485361782364,drive
0.23000000000000018,p2_m0,0.0,0.0007054923935216824,0.0013656536025899498,-1.852331098447542e-06,0.0002207122983882307,0.12761723731923832,-0.0034722414330762064,0.002833485361782364,drive
0.23000000000000018,p2_m1,40.0,2.1624675306523047,2.169519311595976,0.08,0.0002207122983882307,0.12761723731923832,-0.0034722414330762064,0.002833485361782364,drive
0.23000000000000018,p2_m2,0.0,0.001420411540969913,0.0017142811394220982,-4.315156721701269e-06,0.0002207122983882307,0.12761723731923832,-0.0034722414330762064,0.002833485361782364,drive
0.23000000000000018,p2_m3,19.776536557764445,0.9305776002822873,0.9504940718660462,0.05651964580415147,0.0002207122983882307,0.12761723731923832,-0.0034722414330762064,0.002833485361782364,drive
0.23000000000000018,p3_m0,-19.79001136413897,-0.9311714526451869,-0.95096037688759,-0.05655810875466954,0.0002207122983882307,0.12761723731923832,-0.0034722414330762064,0.002833485361782364,drive
0.23000000000000018,p3_m1,40.0,2.6002186654324726,2.585487544082175,0.08,0.0002207122983882307,0.12761723731923832,-0.0034722414330762064,0.002833485361782364,drive
0.23000000000000018,p3_m2,0.0,-0.0009632373116384676,-0.001634525857408296,2.4024121133615783e-06,0.0002207122983882307,0.12761723731923832,-0.0034722414330762064,0.002833485361782364,drive
0.23000000000000018,p3_m3,0.0,0.00026229112702941216,0.0011204413545321979,-2.628256611199177e-07,0.0002207122983882307,0.12761723731923832,-0.0034722414330762064,0.002833485361782364,drive
0.24000000000000019,p0_m0,40.0,2.212395450702512,2.217866363293732,0.08,0.00022202847803738055,0.14897059424730813,-0.003428174976035357,0.002838103470734783,drive
0.24000000000000019,p0_m1,-19.131832108480218,-0.7955056410217961,-0.8211782179989321,-0.05504519932916175,0.00022202847803738055,0.14897059424730813,-0.003428174976035357,0.002838103470734783,drive
0.24000000000000019,p0_m2,0.0,0.0005877300159363622,0.000595827883264368,-1.8531488124674175e-06,0.00022202847803738055,0.14897059424730813,-0.003428174976035357,0.002838103470734783,drive
0.24000000000000019,p0_m3,0.0,-0.0018588393066093288,-0.0019978227988474706,5.481035849294017e-06,0.00022202847803738055,0.14897059424730813,-0.003428174976035357,0.002838103470734783,drive
0.24000000000000019,p1_m0,40.0,2.1758695118943483,2.180848075482581,0.08,0.00022202847803738055,0.14897059424730813,-0.003428174976035357,0.002838103470734783,drive
0.24000000000000019,p1_m1,0.0,-9.804660499510603e-05,-0.0002901681399276581,-9.381007267348624e-09,0.00022202847803738055,0.14897059424730813,-0.003428174976035357,0.002838103470734783,drive
0.24000000000000019,p1_m2,19.141894093846762,0.7956375298583634,0.8215799969604498,0.055074991745329614,0.00022202847803738055,0.14897059424730813,-0.003428174976035357,0.002838103470734783,drive
0.24000000000000019,p1_m3,0.0,0.0002225641097804076,-3.317844324152e-05,-1.005819563413947e-06,0.00022202847803738055,0.14897059424730813,-0.003428174976035357,0.002838103470734783,drive
0.24000000000000019,p2_m0,0.0,-6.996648907864696e-07,-0.00018156671061584175,-2.9929475313837396e-07,0.00022202847803738055,0.14897059424730813,-0.003428174976035357,0.002838103470734783,drive
0.24000000000000019,p2_m1,40.0,2.211446536454098,2.2178551839763734,0.08,0.00022202847803738055,0.14897059424730813,-0.003428174976035357,0.002838103470734783,drive
0.24000000000000019,p2_m2,0.0,0.00034714057383339184,9.651256175046491e-05,-1.3753080383911229e-06,0.00022202847803738055,0.14897059424730813,-0.003428174976035357,0.002838103470734783,drive
0.24000000000000019,p2_m3,19.14043824278422,0.795638435109443,0.8215778543026615,0.05507062263384648,0.00022202847803738055,0.14897059424730813,-0.003428174976035357,0.002838103470734783,drive
0.24000000000000019,p3_m0,-19.153242091896505,-0.7956055366199783,-0.8215581618145571,-0.055109076028898286,0.00022202847803738055,0.14897059424730813,-0.003428174976035357,0.002838103470734783,drive
0.24000000000000019,p3_m1,40.0,2.4168082608703845,2.4161752554120834,0.08,0.00022202847803738055,0.14897059424730813,-0.003428174976035357,0.002838103470734783,drive
0.24000000000000019,p3_m2,0.0,-0.0016339549111981323,-0.0017736125637929899,4.809076253180509e-06,0.00022202847803738055,0.14897059424730813,-0.003428174976035357,0.002838103470734783,drive
0.24000000000000019,p3_m3,0.0,0.00039415729695819644,0.0004031400473395793,-1.2725399612620755e-06,0.00022202847803738055,0.14897059424730813,-0.003428174976035357,0.002838103470734783,drive
0.25000000000000017,p0_m0,40.0,2.5753604777194883,2.5772971345199864,0.08,0.00019578169724911314,0.1730163969821035,-0.0034063298454423,0.002840311696490401,drive
0.25000000000000017,p0_m1,-18.611817300858416,-0.9341246778115048,-0.9877246153401763,-0.05313060213458924,0.00019578169724911314,0.1730163969821035,-0.0034063298454423,0.002840311696490401,drive
0.25000000000000017,p0_m2,0.0,0.000427833017520716,0.0003935071561183363,-1.293167202334325e-06,0.00019578169724911314,0.1730163969821035,-0.0034063298454423,0.002840311696490401,drive
0.25000000000000017,p0_m3,0.0,-0.0020265921775148524,-0.0020627270076942613,6.039374428780485e-06,0.00019578169724911314,0.1730163969821035,-0.0034063298454423,0.002840311696490401,drive
0.25000000000000017,p1_m0,40.0,2.547511272196871,2.5506745999656495,0.08,0.00019578169724911314,0.1730163969821035,-0.0034063298454423,0.002840311696490401,drive
0.25000000000000017,p1_m1,0.0,-0.0006338607537452257,-0.0007501291239068535,1.825104593504505e-06,0.00019578169724911314,0.1730163969821035,-0.0034063298454423,0.002840311696490401,drive
0.25000000000000017,p1_m2,18.62170273911459,0.9341886798582343,0.9877842190237438,0.05316004870946307,0.00019578169724911314,0.1730163969821035,-0.0034063298454423,0.002840311696490401,drive
0.25000000000000017,p1_m3,0.0,-0.00038492013584103907,-0.0005172597112721013,1.057631563473752e-06,0.00019578169724911314,0.1730163969821035,-0.0034063298454423,0.002840311696490401,drive
0.25000000000000017,p2_m0,0.0,-0.0005470210537417645,-0.0006653741742360863,1.5615059275264496e-06,0.00019578169724911314,0.1730163969821035,-0.0034063298454423,0.002840311696490401,drive
0.25000000000000017,p2_m1,40.0,2.5753085418851307,2.5772666410967107,0.08,0.00019578169724911314,0.1730163969821035,-0.0034063298454423,0.002840311696490401,drive
0.25000000000000017,p2_m2,0.0,-0.0002547941799275489,-0.0003856919442134091,6.682524632394961e-07,0.00019578169724911314,0.1730163969821035,-0.0034063298454423,0.002840311696490401,drive
0.25000000000000017,p2_m3,18.620255765560284,0.934198303646981,0.9877892209376061,0.053155677706424834,0.00019578169724911314,0.1730163969821035,-0.0034063298454423,0.002840311696490401,drive
0.25000000000000017,p3_m0,-18.632898342966506,-0.9341253056332033,-0.9877460826627301,-0.053193847889268495,0.00019578169724911314,0.1730163969821035,-0.0034063298454423,0.002840311696490401,drive
0.25000000000000017,p3_m1,40.0,2.5625823034157316,2.569051547676128,0.08,0.00019578169724911314,0.1730163969821035,-0.0034063298454423,0.002840311696490401,drive
0.25000000000000017,p3_m2,0.0,-0.001796740583528577,-0.001832955078910509,5.350564123695332e-06,0.00019578169724911314,0.1730163969821035,-0.0034063298454423,0.002840311696490401,drive
0.25000000000000017,p3_m3,0.0,0.00024371794082482677,0.00021332149183307715,-7.37388093947239e-07,0.00019578169724911314,0.1730163969821035,-0.0034063298454423,0.002840311696490401,drive
0.2600000000000002,p0_m0,40.0,3.0038623104650606,3.0042163541703015,0.08,0.00016589679926602057,0.20112185314081846,-0.00341492088766672,0.0028415048417247697,drive
0.2600000000000002,p0_m1,-18.044279993250818,-1.1846207585055009,-1.253025945079363,-0.05069428724031123,0.00016589679926602057,0.20112185314081846,-0.00341492088766672,0.0028415048417247697,drive
0.2600000000000002,p0_m2,0.0,0.00042422100456724065,0.0004190256051512053,-1.2677931243826903e-06,0.00016589679926602057,0.20112185314081846,-0.00341492088766672,0.0028415048417247697,drive
0.2600000000000002,p0_m3,0.0,-0.0020361509473939394,-0.0020374381047797794,6.11247493147049e-06,0.00016589679926602057,0.20112185314081846,-0.00341492088766672,0.0028415048417247697,drive
0.2600000000000002,p1_m0,40.0,2.9936046154480866,2.9929129561126793,0.08,0.00016589679926602057,0.20112185314081846,-0.00341492088766672,0.0028415048417247697,drive
0.2600000000000002,p1_m1,0.0,-0.000685513916348578,-0.0007060446662017687,2.0603349327232006e-06,0.00016589679926602057,0.20112185314081846,-0.00341492088766672,0.0028415048417247697,drive
0.2600000000000002,p1_m2,18.054059939992644,1.1846317506927067,1.2530346977832765,0.0507235870676585,0.00016589679926602057,0.20112185314081846,-0.00341492088766672,0.0028415048417247697,drive
0.2600000000000002,p1_m3,0.0,-0.0004626958201390113,-0.0004892202431529807,1.3864615804872908e-06,0.00016589679926602057,0.20112185314081846,-0.00341492088766672,0.0028415048417247697,drive
0.2600000000000002,p2_m0,0.0,-0.0006027100298965933,-0.0006240425557621369,1.8113083960786086e-06,0.00016589679926602057,0.20112185314081846,-0.00341492088766672,0.0028415048417247697,drive
0.2600000000000002,p2_m1,40.0,3.003853901589455,3.004207588035819,0.08,0.00016589679926602057,0.20112185314081846,-0.00341492088766672,0.0028415048417247697,drive
0.2600000000000002,p2_m2,0.0,-0.0003323361957232879,-0.00035861243861448546,9.954560626899997e-07,0.00016589679926602057,0.20112185314081846,-0.00341492088766672,0.0028415048417247697,drive
0.2600000000000002,p2_m3,18.05261200053353,1.1846427934795338,1.2530403066649045,0.050719208123721826,0.00016589679926602057,0.20112185314081846,-0.00341492088766672,0.0028415048417247697,drive
0.2600000000000002,p3_m0,-18.06529933309146,-1.184627298667051,-1.2530312506319008,-0.05075732729461907,0.00016589679926602057,0.20112185314081846,-0.00341492088766672,0.0028415048417247697,drive
0.2600000000000002,p3_m1,39.98209652997559,3.0280374543399646,3.028824718453516,0.08,0.00016589679926602057,0.20112185314081846,-0.00341492088766672,0.0028415048417247697,drive
0.2600000000000002,p3_m2,0.0,-0.0018097360710386467,-0.001812150171928306,5.431910027892954e-06,0.00016589679926602057,0.20112185314081846,-0.00341492088766672,0.0028415048417247697,drive
0.2600000000000002,p3_m3,0.0,0.0002511886016258144,0.0002492074447148659,-7.455429499979242e-07,0.00016589679926602057,0.20112185314081846,-0.00341492088766672,0.0028415048417247697,drive
0.2700000000000002,p0_m0,37.738606725043034,3.4051882140206557,3.4048545478129055,0.08,0.00013850224526113685,0.2333881377732574,-0.003454781467314335,0.002842131056644293,drive
0.2700000000000002,p0_m1,-17.256571616708683,-1.4251505969349458,-1.5041896902344565,-0.04761467650459046,0.00013850224526113685,0.2333881377732574,-0.003454781467314335,0.002842131056644293,drive
0.2700000000000002,p0_m2,0.0,0.0003936107588094213,0.0003828155055865163,-1.1861134592143105e-06,0.00013850224526113685,0.2333881377732574,-0.003454781467314335,0.002842131056644293,drive
0.2700000000000002,p0_m3,0.0,-0.00189953104640311,-0.0018711879361207465,5.730660566676144e-06,0.00013850224526113685,0.2333881377732574,-0.003454781467314335,0.002842131056644293,drive
0.2700000000000002,p1_m0,38.061663037352695,3.3662865086537312,3.365942313903738,0.08,0.00013850224526113685,0.2333881377732574,-0.003454781467314335,0.002842131056644293,drive
0.2700000000000002,p1_m1,0.0,-0.0006021070075215402,-0.0005955922187877283,1.8282882040788568e-06,0.00013850224526113685,0.2333881377732574,-0.003454781467314335,0.002842131056644293,drive
0.2700000000000002,p1_m2,17.266302724474784,1.425150329338476,1.5041925942788974,0.04764386812773827,0.00013850224526113685,0.2333881377732574,-0.003454781467314335,0.002842131056644293,drive
0.2700000000000002,p1_m3,0.0,-0.00034852093418547285,-0.0003366801505055595,1.073947334014099e-06,0.00013850224526113685,0.2333881377732574,-0.003454781467314335,0.002842131056644293,drive
0.2700000000000002,p2_m0,0.0,-0.000522417052467179,-0.0005170200090986574,1.5878414130676424e-06,0.00013850224526113685,0.2333881377732574,-0.003454781467314335,0.002842131056644293,drive
0.2700000000000002,p2_m1,37.74725998751232,3.405207821274668,3.404875498272304,0.08,0.00013850224526113685,0.2333881377732574,-0.003454781467314335,0.002842131056644293,drive
0.2700000000000002,p2_m2,0.0,-0.00022112102125116984,-0.00020975808856226242,6.911846625578961e-07,0.00013850224526113685,0.2333881377732574,-0.003454781467314335,0.002842131056644293,drive
0.2700000000000002,p2_m3,17.264850504953333,1.4251631618871903,1.5041992809495481,0.04763947036064404,0.00013850224526113685,0.2333881377732574,-0.003454781467314335,0.002842131056644293,drive
0.2700000000000002,p3_m0,-17.277516960628695,-1.4251592257661587,-1.504194769781541,-0.04767748741846598,0.00013850224526113685,0.2333881377732574,-0.003454781467314335,0.002842131056644293,drive
0.2700000000000002,p3_m1,37.58953728509626,3.455080024995255,3.4544052462196615,0.08,0.00013850224526113685,0.2333881377732574,-0.003454781467314335,0.002842131056644293,drive
0.2700000000000002,p3_m2,0.0,-0.0016811294074180298,-0.0016544569615156535,5.0735596200836535e-06,0.00013850224526113685,0.2333881377732574,-0.003454781467314335,0.002842131056644293,drive
0.2700000000000002,p3_m3,0.0,0.0002328552488054962,0.0002253799748245954,-7.001224603877687e-07,0.00013850224526113685,0.2333881377732574,-0.003454781467314335,0.002842131056644293,drive
0.2800000000000002,p0_m0,34.88633713225559,3.7379238302516336,3.7373543868090437,0.08,0.00011425289851026194,0.269297777493237,-0.0035294765982743087,0.0028421259833266467,drive
0.2800000000000002,p0_m1,-16.234742375022094,-1.6267629443313678,-1.7138469896595048,-0.04394464768413193,0.00011425289851026194,0.269297777493237,-0.0035294765982743087,0.0028421259833266467,drive
0.2800000000000002,p0_m2,0.0,0.00032969860833232214,0.00031386985701040436,-9.968713238486391e-07,0.00011425289851026194,0.269297777493237,-0.0035294765982743087,0.0028421259833266467,drive
0.2800000000000002,p0_m3,0.0,-0.001689783823889057,-0.0016500305161108108,5.105810316822283e-06,0.00011425289851026194,0.269297777493237,-0.0035294765982743087,0.0028421259833266467,drive
0.2800000000000002,p1_m0,35.24001950932025,3.7101418679806413,3.70948276436144,0.08,0.00011425289851026194,0.269297777493237,-0.0035294765982743087,0.0028421259833266467,drive
0.2800000000000002,p1_m1,0.0,-0.0004832257511589706,-0.00047060837378575557,1.4739848943009229e-06,0.00011425289851026194,0.269297777493237,-0.0035294765982743087,0.0028421259833266467,drive
0.2800000000000002,p1_m2,16.244444151145128,1.626762510420956,1.7138503315163645,0.043973751963370944,0.00011425289851026194,0.269297777493237,-0.0035294765982743087,0.0028421259833266467,drive
0.2800000000000002,p1_m3,0.0,-0.0001642651676558311,-0.0001398655000139946,5.279546583811591e-07,0.00011425289851026194,0.269297777493237,-0.0035294765982743087,0.0028421259833266467,drive
0.2800000000000002,p2_m0,0.0,-0.0004068259304211313,-0.00039541218872000825,1.2436266481305366e-06,0.00011425289851026194,0.269297777493237,-0.0035294765982743087,0.0028421259833266467,drive
0.2800000000000002,p2_m1,34.89499101283297,3.7379519682910285,3.7373840399858027,0.08,0.00011425289851026194,0.269297777493237,-0.0035294765982743087,0.0028421259833266467,drive
0.2800000000000002,p2_m2,0.0,-4.140295429508675e-05,-1.783633046392463e-05,1.5863739776312306e-07,0.00011425289851026194,0.269297777493237,-0.0035294765982743087,0.0028421259833266467,drive
0.2800000000000002,p2_m3,16.242984611735025,1.6267769655354531,1.7138578713307755,0.043969326476703055,0.00011425289851026194,0.269297777493237,-0.0035294765982743087,0.0028421259833266467,drive
0.2800000000000002,p3_m0,-16.255610123390937,-1.6267733470379024,-1.7138527559467256,-0.044007219453264024,0.00011425289851026194,0.269297777493237,-0.0035294765982743087,0.0028421259833266467,drive
0.2800000000000002,p3_m1,34.69213997467602,3.7753012219097335,3.774694427164161,0.08,0.00011425289851026194,0.269297777493237,-0.0035294765982743087,0.0028421259833266467,drive
0.2800000000000002,p3_m2,0.0,-0.0014810372162209874,-0.0014430110806951872,4.477673423844591e-06,0.00011425289851026194,0.269297777493237,-0.0035294765982743087,0.0028421259833266467,drive
0.2800000000000002,p3_m3,0.0,0.00018178987508915394,0.0001689344018246172,-5.498964373009787e-07,0.00011425289851026194,0.269297777493237,-0.0035294765982743087,0.0028421259833266467,drive
0.2900000000000002,p0_m0,31.614886581664898,3.989355339863943,3.988754149395348,0.08,9.331183122119944e-05,0.3080862031240124,-0.003641695560463679,0.0028414433379292696,drive
0.2900000000000002,p0_m1,-15.005908478214742,-1.7834998758507625,-1.8763756584785534,-0.039785643767479964,9.331183122119944e-05,0.3080862031240124,-0.003641695560463679,0.0028414433379292696,drive
0.2900000000000002,p0_m2,0.0,0.0002558661812987262,0.0002394936132326746,-7.752194122316937e-07,9.331183122119944e-05,0.3080862031240124,-0.003641695560463679,0.0028414433379292696,drive
0.2900000000000002,p0_m3,0.0,-0.0014630984590111144,-0.0014221925468039813,4.42421494983754e-06,9.331183122119944e-05,0.3080862031240124,-0.003641695560463679,0.0028414433379292696,drive
0.2900000000000002,p1_m0,32.00805261155962,3.965518966352523,3.964510933307004,0.08,9.331183122119944e-05,0.3080862031240124,-0.003641695560463679,0.0028414433379292696,drive
0.2900000000000002,p1_m1,0.0,-0.00035954054251246826,-0.00034672691324644185,1.1005567826462671e-06,9.331183122119944e-05,0.3080862031240124,-0.003641695560463679,0.0028414433379292696,drive
0.2900000000000002,p1_m2,15.015581523626206,1.7835000797134626,1.8763791175288809,0.03981466006257593,9.331183122119944e-05,0.3080862031240124,-0.003641695560463679,0.0028414433379292696,drive
0.2900000000000002,p1_m3,0.0,3.7950812414058425e-05,6.432524000364016e-05,-8.108442685025968e-08,9.331183122119944e-05,0.3080862031240124,-0.003641695560463679,0.0028414433379292696,drive
0.2900000000000002,p2_m0,0.0,-0.0002848116367623686,-0.0002724379094452128,8.760816295238188e-07,9.331183122119944e-05,0.3080862031240124,-0.003641695560463679,0.0028414433379292696,drive
0.2900000000000002,p2_m1,31.623519441993487,3.9893768323894974,3.988777495735377,0.08,9.331183122119944e-05,0.3080862031240124,-0.003641695560463679,0.0028414433379292696,drive
0.2900000000000002,p2_m2,0.0,0.0001554963776766123,0.00018107605803781095,-4.342685387060961e-07,9.331183122119944e-05,0.3080862031240124,-0.003641695560463679,0.0028414433379292696,drive
0.2900000000000002,p2_m3,15.014111318261996,1.7835155137541745,1.8763869835083509,0.0398101988646342,9.331183122119944e-05,0.3080862031240124,-0.003641695560463679,0.0028414433379292696,drive
0.2900000000000002,p3_m0,-15.026694908291336,-1.783511556267493,-1.876381970874597,-0.03984796690805708,9.331183122119944e-05,0.3080862031240124,-0.003641695560463679,0.0028414433379292696,drive
0.2900000000000002,p3_m1,31.371351864709034,4.025882143906238,4.025422386421209,0.08,9.331183122119944e-05,0.3080862031240124,-0.003641695560463679,0.0028414433379292696,drive
0.2900000000000002,p3_m2,0.0,-0.0012647023511229568,-0.0012257344511641048,3.8269807596748965e-06,9.331183122119944e-05,0.3080862031240124,-0.003641695560463679,0.0028414433379292696,drive
0.2900000000000002,p3_m3,0.0,0.00011863145531345795,0.00010482616397655769,-3.606228461018581e-07,9.331183122119944e-05,0.3080862031240124,-0.003641695560463679,0.0028414433379292696,drive
0.3000000000000002,p0_m0,27.997036531960227,3.777550751959362,3.900887138431962,0.07277690363371275,7.502990649554843e-05,0.3481365998885129,-0.0037910211731252688,0.002840243769027661,drive
0.3000000000000002,p0_m1,-13.606576614223886,-1.833208228278258,-1.9207095234070362,-0.03541118490430432,7.502990649554843e-05,0.3481365998885129,-0.0037910211731252688,0.002840243769027661,drive
0.3000000000000002,p0_m2,0.0,-6.709591361745215e-05,-0.0001164589491417354,1.849537934204841e-07,7.502990649554843e-05,0.3481365998885129,-0.0037910211731252688,0.002840243769027661,drive
0.3000000000000002,p0_m3,0.0,-0.0007269401983650943,-0.0006415724642141944,2.220242112724229e-06,7.502990649554843e-05,0.3481365998885129,-0.0037910211731252688,0.002840243769027661,drive
0.3000000000000002,p1_m0,28.418120215900323,3.7496465386744946,3.843315607012759,0.07411863595485628,7.502990649554843e-05,0.3481365998885129,-0.0037910211731252688,0.002840243769027661,drive
0.3000000000000002,p1_m1,0.0,-1.5409596792887465e-05,2.358299506660288e-05,7.616079368467218e-08,7.502990649554843e-05,0.3481365998885129,-0.0037910211731252688,0.002840243769027661,drive
0.3000000000000002,p1_m2,13.616219914356018,1.833210238808239,1.9207155918820866,0.03544010537070275,7.502990649554843e-05,0.3481365998885129,-0.0037910211731252688,0.002840243769027661,drive
0.3000000000000002,p1_m3,0.0,0.0006529868909095926,0.0007157830529562919,-1.9195680687918073e-06,7.502990649554843e-05,0.3481365998885129,-0.0037910211731252688,0.002840243769027661,drive
0.3000000000000002,p2_m0,0.0,4.454816990817631e-05,6.267507532726438e-05,-1.1655147322189234e-07,7.502990649554843e-05,0.3481365998885129,-0.0037910211731252688,0.002840243769027661,drive
0.3000000000000002,p2_m1,28.00565125291461,3.778318319748499,3.9012637779505344,0.0728000722667836,7.502990649554843e-05,0.3481365998885129,-0.0037910211731252688,0.002840243769027661,drive
0.3000000000000002,p2_m2,0.0,0.0007516044827162512,0.0008107957148712961,-2.2183879514862463e-06,7.502990649554843e-05,0.3481365998885129,-0.0037910211731252688,0.002840243769027661,drive
0.3000000000000002,p2_m3,13.614736312586754,1.833231012793828,1.92073003534614,0.0354355863286088,7.502990649554843e-05,0.3481365998885129,-0.0037910211731252688,0.002840243769027661,drive
0.3000000000000002,p3_m0,-13.627278849524275,-1.833223851117153,-1.9207203891160056,-0.03547324083709101,7.502990649554843e-05,0.3481365998885129,-0.0037910211731252688,0.002840243769027661,drive
0.3000000000000002,p3_m1,27.713405540771852,3.691994395927978,3.815967619175809,0.07221898484383632,7.502990649554843e-05,0.3481365998885129,-0.0037910211731252688,0.002840243769027661,drive
0.3000000000000002,p3_m2,0.0,-0.0005583532042357767,-0.00047449203619560985,1.7157123330182814e-06,7.502990649554843e-05,0.3481365998885129,-0.0037910211731252688,0.002840243769027661,drive
0.3000000000000002,p3_m3,0.0,-0.000170336266501592,-0.00020147582971651894,5.015695309468183e-07,7.502990649554843e-05,0.3481365998885129,-0.0037910211731252688,0.002840243769027661,drive
0.3100000000000002,p0_m0,24.740880739215104,3.4737960475908296,3.619006329073076,0.06389714014796692,5.9728315705582094e-05,0.38679203808155227,-0.0039659871469599605,0.002838581627702443,drive
0.3100000000000002,p0_m1,-12.10609791444572,-1.7491522476231547,-1.8240211715724624,-0.031125752796927968,5.9728315705582094e-05,0.38679203808155227,-0.0039659871469599605,0.002838581627702443,drive
0.3100000000000002,p0_m2,0.0,-0.00040627605379877865,-0.0004519301063398858,1.2198171175589008e-06,5.9728315705582094e-05,0.38679203808155227,-0.0039659871469599605,0.002838581627702443,drive
0.3100000000000002,p0_m3,0.0,4.967363147328268e-05,0.0001267069501127722,-1.445824910960599e-07,5.9728315705582094e-05,0.38679203808155227,-0.0039659871469599605,0.002838581627702443,drive
0.3100000000000002,p1_m0,25.076420404248342,3.41041108142801,3.548060230078917,0.06512419028311084,5.9728315705582094e-05,0.38679203808155227,-0.0039659871469599605,0.002838581627702443,drive
0.3100000000000002,p1_m1,0.0,0.00035017370554861016,0.00039029275491293835,-1.036583454408105e-06,5.9728315705582094e-05,0.38679203808155227,-0.0039659871469599605,0.002838581627702443,drive
0.3100000000000002,p1_m2,12.115709575111628,1.7491531228400397,1.8240242931843595,0.03115458184602846,5.9728315705582094e-05,0.38679203808155227,-0.0039659871469599605,0.002838581627702443,drive
0.3100000000000002,p1_m3,0.0,0.001304395314331575,0.0013614365446848863,-3.902725121538722e-06,5.9728315705582094e-05,0.38679203808155227,-0.0039659871469599605,0.002838581627702443,drive
0.3100000000000002,p2_m0,0.0,0.0004035861432066226,0.00042103417438058564,-1.2049079741456503e-06,5.9728315705582094e-05,0.38679203808155227,-0.0039659871469599605,0.002838581627702443,drive
0.3100000000000002,p2_m1,24.747745577232692,3.473852758233358,3.619079394952829,0.0639175885535137,5.9728315705582094e-05,0.38679203808155227,-0.0039659871469599605,0.002838581627702443,drive
0.3100000000000002,p2_m2,0.0,0.0013796029914934184,0.0014326197214761282,-4.130937783876603e-06,5.9728315705582094e-05,0.38679203808155227,-0.0039659871469599605,0.002838581627702443,drive
0.3100000000000002,p2_m3,12.114212120990768,1.7491736619749738,1.8240386848987737,0.031150019724125143,5.9728315705582094e-05,0.38679203808155227,-0.0039659871469599605,0.002838581627702443,drive
0.3100000000000002,p3_m0,-12.126714818207171,-1.7491663126315562,-1.8240310035236744,-0.031187555241241734,5.9728315705582094e-05,0.38679203808155227,-0.0039659871469599605,0.002838581627702443,drive
0.3100000000000002,p3_m1,24.47805239713403,3.4022339738861094,3.543580664920043,0.06336471164793443,5.9728315705582094e-05,0.38679203808155227,-0.0039659871469599605,0.002838581627702443,drive
0.3100000000000002,p3_m2,0.0,0.00019046993392653558,0.0002671825767659652,-5.636797612129271e-07,5.9728315705582094e-05,0.38679203808155227,-0.0039659871469599605,0.002838581627702443,drive
0.3100000000000002,p3_m3,0.0,-0.0004956004190129523,-0.0005237473262657336,1.487076766660134e-06,5.9728315705582094e-05,0.38679203808155227,-0.0039659871469599605,0.002838581627702443,drive
0.32000000000000023,p0_m0,21.765636761315424,3.0454136604941446,3.157510448566102,0.05619081728336863,4.796561944337274e-05,0.4215225668004331,-0.00415446800800574,0.0028365368550853074,drive
0.32000000000000023,p0_m1,-10.618690908672871,-1.5495148583691265,-1.6080587920486238,-0.027227913902063652,4.796561944337274e-05,0.4215225668004331,-0.00415446800800574,0.0028365368550853074,drive
0.32000000000000023,p0_m2,0.0,-0.000650737578171984,-0.0006758337083587272,1.9724245467349996e-06,4.796561944337274e-05,0.4215225668004331,-0.00415446800800574,0.0028365368550853074,drive
0.32000000000000023,p0_m3,0.0,0.0006218480051520023,0.0006566382230993927,-1.9060695882265386e-06,4.796561944337274e-05,0.4215225668004331,-0.00415446800800574,0.0028365368550853074,drive
0.32000000000000023,p1_m0,22.093645541740944,3.0191899810902956,3.1271621814171953,0.05728021625225234,4.796561944337274e-05,0.4215225668004331,-0.00415446800800574,0.0028365368550853074,drive
0.32000000000000023,p1_m1,0.0,0.0006236646261228989,0.0006477203717098917,-1.8787705833795017e-06,4.796561944337274e-05,0.4215225668004331,-0.00415446800800574,0.0028365368550853074,drive
0.32000000000000023,p1_m2,10.62827077145057,1.5495146443076233,1.6080585401514196,0.027256651731218495,4.796561944337274e-05,0.4215225668004331,-0.00415446800800574,0.0028365368550853074,drive
0.32000000000000023,p1_m3,0.0,0.0017974333674966232,0.0018266894682808573,-5.416971108014381e-06,4.796561944337274e-05,0.4215225668004331,-0.00415446800800574,0.0028365368550853074,drive
0.32000000000000023,p2_m0,0.0,0.0006928766025468509,0.0007011397564864804,-2.0889060943390126e-06,4.796561944337274e-05,0.4215225668004331,-0.00415446800800574,0.0028365368550853074,drive
0.32000000000000023,p2_m1,21.772496791737787,3.045452849380036,3.157554919804213,0.05621128890135472,4.796561944337274e-05,0.4215225668004331,-0.00415446800800574,0.0028365368550853074,drive
0.32000000000000023,p2_m2,0.0,0.001854397488006359,0.0018813959769710415,-5.588615600234597e-06,4.796561944337274e-05,0.4215225668004331,-0.00415446800800574,0.0028365368550853074,drive
0.32000000000000023,p2_m3,10.626757759084418,1.549530844834271,1.608069319531058,0.027252055989174705,4.796561944337274e-05,0.4215225668004331,-0.00415446800800574,0.0028365368550853074,drive
0.32000000000000023,p3_m0,-10.639222688708266,-1.5495248653434102,-1.6080659164085183,-0.027289473363074617,4.796561944337274e-05,0.4215225668004331,-0.00415446800800574,0.0028365368550853074,drive
0.32000000000000023,p3_m1,21.508017279365298,2.9804400397402535,3.08756852059249,0.05564500668301462,4.796561944337274e-05,0.4215225668004331,-0.00415446800800574,0.0028365368550853074,drive
0.32000000000000023,p3_m2,0.0,0.0007417823579923027,0.0007767276368794684,-2.261925410253624e-06,4.796561944337274e-05,0.4215225668004331,-0.00415446800800574,0.0028365368550853074,drive
0.32000000000000023,p3_m3,0.0,-0.0007528718173526709,-0.0007653619796043859,2.2743364573508423e-06,4.796561944337274e-05,0.4215225668004331,-0.00415446800800574,0.0028365368550853074,drive
0.33000000000000024,p0_m0,19.069475440723323,2.4654320393236797,2.5414116231027655,0.04978395031933758,3.9563387604031655e-05,0.4504607666924627,-0.004343905303451625,0.002834343991814374,drive
0.33000000000000024,p0_m1,-9.255734475511126,-1.26499100224004,-1.3049530846047366,-0.02396109879249331,3.9563387604031655e-05,0.4504607666924627,-0.004343905303451625,0.002834343991814374,drive
0.33000000000000024,p0_m2,0.0,-0.0008196939634009325,-0.0008297026521831433,2.4914513170926037e-06,3.9563387604031655e-05,0.4504607666924627,-0.004343905303451625,0.002834343991814374,drive
0.33000000000000024,p0_m3,0.0,0.0010084586391224419,0.0010070808746698082,-3.0984212537283337e-06,3.9563387604031655e-05,0.4504607666924627,-0.004343905303451625,0.002834343991814374,drive
0.33000000000000024,p1_m0,19.37019522581454,2.4579454779575944,2.529460497770656,0.050730013678285536,3.9563387604031655e-05,0.4504607666924627,-0.004343905303451625,0.002834343991814374,drive
0.33000000000000024,p1_m1,0.0,0.0008140319601952793,0.0008238329412484264,-2.465812554541504e-06,3.9563387604031655e-05,0.4504607666924627,-0.004343905303451625,0.002834343991814374,drive
0.33000000000000024,p1_m2,9.265283465240802,1.2649905504351393,1.3049513317497186,0.02398974543378798,3.9563387604031655e-05,0.4504607666924627,-0.004343905303451625,0.002834343991814374,drive
0.33000000000000024,p1_m3,0.0,0.0021418133457334187,0.0021453649532433973,-6.4769773032713025e-06,3.9563387604031655e-05,0.4504607666924627,-0.004343905303451625,0.002834343991814374,drive
0.33000000000000024,p2_m0,0.0,0.0009045920866866162,0.000901310566778154,-2.738840864787063e-06,3.9563387604031655e-05,0.4504607666924627,-0.004343905303451625,0.002834343991814374,drive
0.33000000000000024,p2_m1,19.076310188578642,2.4654440293486246,2.5414297317126278,0.0498044320434246,3.9563387604031655e-05,0.4504607666924627,-0.004343905303451625,0.002834343991814374,drive
0.33000000000000024,p2_m2,0.0,0.0021871283427385953,0.002190448059058694,-6.6120737594305875e-06,3.9563387604031655e-05,0.4504607666924627,-0.004343905303451625,0.002834343991814374,drive
0.33000000000000024,p2_m3,9.263757823985527,1.2650030258094798,1.3049596642107364,0.02398512368186465,3.9563387604031655e-05,0.4504607666924627,-0.004343905303451625,0.002834343991814374,drive
0.33000000000000024,p3_m0,-9.276185036203682,-1.2649980511385024,-1.3049590503431436,-0.024022424080018784,3.9563387604031655e-05,0.4504607666924627,-0.004343905303451625,0.002834343991814374,drive
0.33000000000000024,p3_m1,18.81129474721179,2.389691457248937,2.459872598524397,0.04926413585177912,3.9563387604031655e-05,0.4504607666924627,-0.004343905303451625,0.002834343991814374,drive
0.33000000000000024,p3_m2,0.0,0.0011126837341792083,0.0011116733426098549,-3.406610489607759e-06,3.9563387604031655e-05,0.4504607666924627,-0.004343905303451625,0.002834343991814374,drive
0.33000000000000024,p3_m3,0.0,-0.0009376242185333776,-0.0009344457394995652,2.8416344744794413e-06,3.9563387604031655e-05,0.4504607666924627,-0.004343905303451625,0.002834343991814374,drive
0.34000000000000025,p0_m0,16.81119067713623,1.7972527013025381,1.836514752823035,0.044965139781629124,3.397885099062095e-05,0.4724159597541795,-0.004521841655102882,0.0028322579177776385,drive
0.34000000000000025,p0_m1,-8.103465193083576,-0.9279676148739107,-0.9487825561925453,-0.021488872297287888,3.397885099062095e-05,0.4724159597541795,-0.004521841655102882,0.0028322579177776385,drive
0.34000000000000025,p0_m2,0.0,-0.000911040006359871,-0.000907429709639928,2.7749453654093914e-06,3.397885099062095e-05,0.4724159597541795,-0.004521841655102882,0.0028322579177776385,drive
0.34000000000000025,p0_m3,0.0,0.0012118470679938456,0.0011813752461131745,-3.7297644001797682e-06,3.397885099062095e-05,0.4724159597541795,-0.004521841655102882,0.0028322579177776385,drive
0.34000000000000025,p1_m0,17.06602769477746,1.8087678136027474,1.846535453629638,0.045720254953598646,3.397885099062095e-05,0.4724159597541795,-0.004521841655102882,0.0028322579177776385,drive
0.34000000000000025,p1_m1,0.0,0.000918196802124291,0.0009139291801575661,-2.790840721799499e-06,3.397885099062095e-05,0.4724159597541795,-0.004521841655102882,0.0028322579177776385,drive
0.34000000000000025,p1_m2,8.112983642361375,0.9279670576934507,0.9487802403694575,0.02151742820290156,3.397885099062095e-05,0.4724159597541795,-0.004521841655102882,0.0028322579177776385,drive
0.34000000000000025,p1_m3,0.0,0.0023318992475956334,0.002311654458660983,-7.068424593382867e-06,3.397885099062095e-05,0.4724159597541795,-0.004521841655102882,0.0028322579177776385,drive
0.34000000000000025,p2_m0,0.0,0.0010316100622158697,0.001017758753128484,-3.1313418733290644e-06,3.397885099062095e-05,0.4724159597541795,-0.004521841655102882,0.0028322579177776385,drive
0.34000000000000025,p2_m1,16.81803063434145,1.7972505225132689,1.836517873074433,0.044985677390580105,3.397885099062095e-05,0.4724159597541795,-0.004521841655102882,0.0028322579177776385,drive
0.34000000000000025,p2_m2,0.0,0.0023725197199730664,0.0023540210767128596,-7.188203606942074e-06,3.397885099062095e-05,0.4724159597541795,-0.004521841655102882,0.0028322579177776385,drive
0.34000000000000025,p2_m3,8.111449390517516,0.9279755640151168,0.9487858822553311,0.02151279358415199,3.397885099062095e-05,0.4724159597541795,-0.004521841655102882,0.0028322579177776385,drive
0.34000000000000025,p3_m0,-8.123838749632235,-0.9279713582447897,-0.9487869763405664,-0.021549977367901253,3.397885099062095e-05,0.4724159597541795,-0.004521841655102882,0.0028322579177776385,drive
0.34000000000000025,p3_m1,16.56447507102449,1.7127850307991141,1.745779109560815,0.04449493929441472,3.397885099062095e-05,0.4724159597541795,-0.004521841655102882,0.0028322579177776385,drive
0.34000000000000025,p3_m2,0.0,0.001306013487155491,0.0012760116495850026,-4.0073500667922476e-06,3.397885099062095e-05,0.4724159597541795,-0.004521841655102882,0.0028322579177776385,drive
0.34000000000000025,p3_m3,0.0,-0.001043565158729015,-0.0010270253988599715,3.169035058369388e-06,3.397885099062095e-05,0.4724159597541795,-0.004521841655102882,0.0028322579177776385,drive
0.35000000000000026,p0_m0,15.093209869821608,0.605455860502138,0.5568805060487028,0.043297776317268555,1.3668025508921568e-05,0.4847075063651034,-0.004659065089450682,0.002830581357018775,drive
0.35000000000000026,p0_m1,-7.22101350458019,-0.39795297158687454,-0.38258732668944084,-0.020379231898959113,1.3668025508921568e-05,0.4847075063651034,-0.004659065089450682,0.002830581357018775,drive
0.35000000000000026,p0_m2,0.0,-0.0012677441060480567,-0.0012275328547640939,3.965059747516149e-06,1.3668025508921568e-05,0.4847075063651034,-0.004659065089450682,0.002830581357018775,drive
0.35000000000000026,p0_m3,0.0,0.0031045483899867733,0.003078244859689175,-9.610955063394153e-06,1.3668025508921568e-05,0.4847075063651034,-0.004659065089450682,0.002830581357018775,drive
0.35000000000000026,p1_m0,15.29755764352241,0.8887023487580138,0.8425872245329274,0.0430043928567089,1.3668025508921568e-05,0.4847075063651034,-0.004659065089450682,0.002830581357018775,drive
0.35000000000000026,p1_m1,0.0,0.0011502973303863504,0.0010272820798851365,-3.6050234289549116e-06,1.3668025508921568e-05,0.4847075063651034,-0.004659065089450682,0.002830581357018775,drive
0.35000000000000026,p1_m2,7.230501621172136,0.3979783361721652,0.3826033941572857,0.02040760268723251,1.3668025508921568e-05,0.4847075063651034,-0.004659065089450682,0.002830581357018775,drive
0.35000000000000026,p1_m3,0.0,0.0016742205555584791,0.0014244872600337407,-5.3123538997319075e-06,1.3668025508921568e-05,0.4847075063651034,-0.004659065089450682,0.002830581357018775,drive
0.35000000000000026,p2_m0,0.0,0.0013514242872494481,0.0012555466710802705,-4.192167568356443e-06,1.3668025508921568e-05,0.4847075063651034,-0.004659065089450682,0.002830581357018775,drive
0.35000000000000026,p2_m1,15.10006488077715,0.6532329539360395,0.6113022665383776,0.04319505898846599,1.3668025508921568e-05,0.4847075063651034,-0.004659065089450682,0.002830581357018775,drive
0.35000000000000026,p2_m2,0.0,0.0017759853587190533,0.0015349503898291206,-5.61362640203295e-06,1.3668025508921568e-05,0.4847075063651034,-0.004659065089450682,0.002830581357018775,drive
0.35000000000000026,p2_m3,7.22896266047872,0.3979691102164177,0.3825927573110583,0.020403011831625028,1.3668025508921568e-05,0.4847075063651034,-0.004659065089450682,0.002830581357018775,drive
0.35000000000000026,p3_m0,-7.241314234483489,-0.39794111395878734,-0.3825780044410147,-0.020440168702657777,1.3668025508921568e-05,0.4847075063651034,-0.004659065089450682,0.002830581357018775,drive
0.35000000000000026,p3_m1,14.874059588186572,0.7006091760557982,0.6960673528209511,0.04240078465601257,1.3668025508921568e-05,0.4847075063651034,-0.004659065089450682,0.002830581357018775,drive
0.35000000000000026,p3_m2,0.0,0.003130078626683741,0.0030984624612740153,-9.682988720358913e-06,1.3668025508921568e-05,0.4847075063651034,-0.004659065089450682,0.002830581357018775,drive
0.35000000000000026,p3_m3,0.0,-0.0014278601234104873,-0.001407186218665633,4.421632106334e-06,1.3668025508921568e-05,0.4847075063651034,-0.004659065089450682,0.002830581357018775,drive
0.36000000000000026,p0_m0,14.243276577535863,0.04204326957072582,0.009790271497303927,0.04248862041132288,2.7225935712401335e-06,0.4876128050781356,-0.00474715171947398,0.0028262827838781554,drive
0.36000000000000026,p0_m1,-6.750100245189521,-0.007804180119185148,0.016376951542535784,-0.020145576133844868,2.7225935712401335e-06,0.4876128050781356,-0.00474715171947398,0.0028262827838781554,drive
0.36000000000000026,p0_m2,0.0,-0.0009123287968335926,-0.0008182465132909705,2.842263899302924e-06,2.7225935712401335e-06,0.4876128050781356,-0.00474715171947398,0.0028262827838781554,drive
0.36000000000000026,p0_m3,0.0,0.002416767623687641,0.0022443985969689546,-7.458835099014077e-06,2.7225935712401335e-06,0.4876128050781356,-0.00474715171947398,0.0028262827838781554,drive
0.36000000000000026,p1_m0,14.1643052310759,0.03174502073709846,-0.013500263106185377,0.04223807191188754,2.7225935712401335e-06,0.4876128050781356,-0.00474715171947398,0.0028262827838781554,drive
0.36000000000000026,p1_m1,0.0,0.000895302545243768,0.0008276365206465135,-2.76900337403198e-06,2.7225935712401335e-06,0.4876128050781356,-0.00474715171947398,0.0028262827838781554,drive
0.36000000000000026,p1_m2,6.759558542790122,0.007797695153500787,-0.016390274672672036,0.02017396909761331,2.7225935712401335e-06,0.4876128050781356,-0.00474715171947398,0.0028262827838781554,drive
0.36000000000000026,p1_m3,0.0,0.0010624733939123044,0.0008907167946650749,-3.3901661789897623e-06,2.7225935712401335e-06,0.4876128050781356,-0.00474715171947398,0.0028262827838781554,drive
0.36000000000000026,p2_m0,0.0,0.0010565770134691175,0.0009796882583220008,-3.2693030605287475e-06,2.7225935712401335e-06,0.4876128050781356,-0.00474715171947398,0.0028262827838781554,drive
0.36000000000000026,p2_m1,14.221246086906648,0.14324462330565943,0.11804180605695666,0.042127766564477344,2.7225935712401335e-06,0.4876128050781356,-0.00474715171947398,0.0028262827838781554,drive
0.36000000000000026,p2_m2,0.0,0.0011786426384032835,0.001012219087670369,-3.7322495956786365e-06,2.7225935712401335e-06,0.4876128050781356,-0.00474715171947398,0.0028262827838781554,drive
0.36000000000000026,p2_m3,6.758027104779558,0.0077980040876289855,-0.0163889270312331,0.020169373903184167,2.7225935712401335e-06,0.4876128050781356,-0.00474715171947398,0.0028262827838781554,drive
0.36000000000000026,p3_m0,-6.770337768734848,-0.00779927959628788,0.01637602846806381,-0.020206307151102793,2.7225935712401335e-06,0.4876128050781356,-0.00474715171947398,0.0028262827838781554,drive
0.36000000000000026,p3_m1,14.13635835635574,0.030083250399535362,-0.017644500960460115,0.04216020244429367,2.7225935712401335e-06,0.4876128050781356,-0.00474715171947398,0.0028262827838781554,drive
0.36000000000000026,p3_m2,0.0,0.002450548859191098,0.0022796634068506265,-7.5562430264593e-06,2.7225935712401335e-06,0.4876128050781356,-0.00474715171947398,0.0028262827838781554,drive
0.36000000000000026,p3_m3,0.0,-0.0010263246810575978,-0.0009196401349470872,3.203687261559727e-06,2.7225935712401335e-06,0.4876128050781356,-0.00474715171947398,0.0028262827838781554,drive
0.3700000000000003,p0_m0,14.090768990654162,-0.42742491974511193,-0.48522765944384944,0.0434103401886611,5.646780042142007e-07,0.4837225341640979,-0.004802459632738745,0.002822961084108981,drive
0.3700000000000003,p0_m1,-6.663240007754641,0.2747803738825218,0.3069575923384405,-0.020740477672546505,5.646780042142007e-07,0.4837225341640979,-0.004802459632738745,0.002822961084108981,drive
0.3700000000000003,p0_m2,0.0,-0.0006648098778021808,-0.0006026709807477096,2.0580339779308654e-06,5.646780042142007e-07,0.4837225341640979,-0.004802459632738745,0.002822961084108981,drive
0.3700000000000003,p0_m3,0.0,0.00189289462806089,0.0017657681024441773,-5.811645737628996e-06,5.646780042142007e-07,0.4837225341640979,-0.004802459632738745,0.002822961084108981,drive
0.3700000000000003,p1_m0,13.971432387175973,-0.5213885009814567,-0.582647282855313,0.043336618242593564,5.646780042142007e-07,0.4837225341640979,-0.004802459632738745,0.002822961084108981,drive
0.3700000000000003,p1_m1,0.0,0.0006850388695208249,0.0006372378596040596,-2.112735687601856e-06,5.646780042142007e-07,0.4837225341640979,-0.004802459632738745,0.002822961084108981,drive
0.3700000000000003,p1_m2,6.6726633785612,-0.27478800232578665,-0.30696730853554005,0.02076877314285841,5.646780042142007e-07,0.4837225341640979,-0.004802459632738745,0.002822961084108981,drive
0.3700000000000003,p1_m3,0.0,0.0005368485544956647,0.0004085577568087243,-1.749458052601185e-06,5.646780042142007e-07,0.4837225341640979,-0.004802459632738745,0.002822961084108981,drive
0.3700000000000003,p2_m0,0.0,0.0007820922335664045,0.0007176632137004543,-2.4188018468914206e-06,5.646780042142007e-07,0.4837225341640979,-0.004802459632738745,0.002822961084108981,drive
0.3700000000000003,p2_m1,13.988361979582281,-0.33689214249318716,-0.3929796824541656,0.04282728835972848,5.646780042142007e-07,0.4837225341640979,-0.004802459632738745,0.002822961084108981,drive
0.3700000000000003,p2_m2,0.0,0.0006714834038971515,0.0005481787241039155,-2.14854109746631e-06,5.646780042142007e-07,0.4837225341640979,-0.004802459632738745,0.002822961084108981,drive
0.3700000000000003,p2_m3,6.67113785528273,-0.27478598385625863,-0.3069637549642854,0.020764189624770966,5.646780042142007e-07,0.4837225341640979,-0.004802459632738745,0.002822961084108981,drive
0.3700000000000003,p3_m0,-6.683415625918761,0.27478414505206095,0.3069550417952428,-0.020801018436791153,5.646780042142007e-07,0.4837225341640979,-0.004802459632738745,0.002822961084108981,drive
0.3700000000000003,p3_m1,13.947347539317168,-0.5211825821301899,-0.5826252494831953,0.04326376499336257,5.646780042142007e-07,0.4837225341640979,-0.004802459632738745,0.002822961084108981,drive
0.3700000000000003,p3_m2,0.0,0.0019383235315555967,0.0018135776606634812,-5.944275423929389e-06,5.646780042142007e-07,0.4837225341640979,-0.004802459632738745,0.002822961084108981,drive
0.3700000000000003,p3_m3,0.0,-0.0007032503301009379,-0.0006209856088491283,2.1897642925233294e-06,5.646780042142007e-07,0.4837225341640979,-0.004802459632738745,0.002822961084108981,drive
0.3800000000000003,p0_m0,14.361484009882751,-0.8605434806723398,-0.9317132090592961,0.04552860898449815,1.5568615623049018e-06,0.4751022108530058,-0.004832407758260781,0.0028233300139441668,drive
0.3800000000000003,p0_m1,-6.852903216175475,0.470461901084065,0.5072432923437362,-0.02190486832008533,1.5568615623049018e-06,0.4751022108530058,-0.004832407758260781,0.0028233300139441668,drive
0.3800000000000003,p0_m2,0.0,-0.00046394425996862924,-0.0004204380879367627,1.4329564456271838e-06,1.5568615623049018e-06,0.4751022108530058,-0.004832407758260781,0.0028233300139441668,drive
0.3800000000000003,p0_m3,0.0,0.0015008876911347766,0.0014176591755078686,-4.581276853157922e-06,1.5568615623049018e-06,0.4751022108530058,-0.004832407758260781,0.0028233300139441668,drive
0.3800000000000003,p1_m0,14.32389566423192,-0.9008824044640373,-0.9710621033389666,0.04554890182243764,1.5568615623049018e-06,0.4751022108530058,-0.004832407758260781,0.0028233300139441668,drive
0.3800000000000003,p1_m1,0.0,0.0004985032408492287,0.00046261840801310766,-1.5335633103075893e-06,1.5568615623049018e-06,0.4751022108530058,-0.004832407758260781,0.0028233300139441668,drive
0.3800000000000003,p1_m2,6.86230423417581,-0.4704674359422224,-0.5072496448880599,0.021933089909200346,1.5568615623049018e-06,0.4751022108530058,-0.004832407758260781,0.0028233300139441668,drive
0.3800000000000003,p1_m3,0.0,0.00011336505634550652,2.458095125614842e-05,-4.2507877156146773e-07,1.5568615623049018e-06,0.4751022108530058,-0.004832407758260781,0.0028233300139441668,drive
0.3800000000000003,p2_m0,0.0,0.0005706268827969571,0.0005274506115474964,-1.7543411299131884e-06,1.5568615623049018e-06,0.4751022108530058,-0.004832407758260781,0.0028233300139441668,drive
0.3800000000000003,p2_m1,14.165547017906873,-0.807747924261028,-0.8791593692088894,0.04477666567477856,1.5568615623049018e-06,0.4751022108530058,-0.004832407758260781,0.0028233300139441668,drive
0.3800000000000003,p2_m2,0.0,0.00026152936798399433,0.00017594749539083564,-8.670600863054731e-07,1.5568615623049018e-06,0.4751022108530058,-0.004832407758260781,0.0028233300139441668,drive
0.3800000000000003,p2_m3,6.860783175968253,-0.4704695548853453,-0.5072497887556671,0.02192853268781573,1.5568615623049018e-06,0.4751022108530058,-0.004832407758260781,0.0028233300139441668,drive
0.3800000000000003,p3_m0,-6.873016825662833,0.4704713672648069,0.5072461610881589,-0.02196524066773976,1.5568615623049018e-06,0.4751022108530058,-0.004832407758260781,0.0028233300139441668,drive
0.3800000000000003,p3_m1,14.299740188529851,-0.9007129013719267,-0.9709035457246948,0.04547591238133194,1.5568615623049018e-06,0.4751022108530058,-0.004832407758260781,0.0028233300139441668,drive
0.3800000000000003,p3_m2,0.0,0.0015590358034159354,0.0014781287223578367,-4.752871660615868e-06,1.5568615623049018e-06,0.4751022108530058,-0.004832407758260781,0.0028233300139441668,drive
0.3800000000000003,p3_m3,0.0,-0.00048131616922885865,-0.0004305889778636207,1.4876961517765302e-06,1.5568615623049018e-06,0.4751022108530058,-0.004832407758260781,0.0028233300139441668,drive
0.3900000000000003,p0_m0,15.057633882354958,-1.1397122003271882,-1.2099537164879135,0.04848718324476474,1.7259196093638228e-06,0.4633741517272207,-0.004842212006510878,0.0028263176174128826,drive
0.3900000000000003,p0_m1,-7.241884247375512,0.5940138339613337,0.6328014077569918,-0.023451474555605548,1.7259196093638228e-06,0.4633741517272207,-0.004842212006510878,0.0028263176174128826,drive
0.3900000000000003,p0_m2,0.0,-0.00027968208013762837,-0.00024726567284538497,8.650190507208958e-07,1.7259196093638228e-06,0.4633741517272207,-0.004842212006510878,0.0028263176174128826,drive
0.3900000000000003,p0_m3,0.0,0.001180209306085959,0.0011236055272581045,-3.5878758265569226e-06,1.7259196093638228e-06,0.4633741517272207,-0.004842212006510878,0.0028263176174128826,drive
0.3900000000000003,p1_m0,15.063336316976239,-1.1414445632125374,-1.2156455002711828,0.048506033524030476,1.7259196093638228e-06,0.4633741517272207,-0.004842212006510878,0.0028263176174128826,drive
0.3900000000000003,p1_m1,0.0,0.0003264439589162469,0.0002994446884480361,-1.0033390607571098e-06,1.7259196093638228e-06,0.4633741517272207,-0.004842212006510878,0.0028263176174128826,drive
0.3900000000000003,p1_m2,7.251260178901668,-0.5940191855555542,-0.6328065412930254,0.023479620504568425,1.7259196093638228e-06,0.4633741517272207,-0.004842212006510878,0.0028263176174128826,drive
0.3900000000000003,p1_m3,0.0,-0.0002480964211755872,-0.0003111020801043634,6.918078373041571e-07,1.7259196093638228e-06,0.4633741517272207,-0.004842212006510878,0.0028263176174128826,drive
0.3900000000000003,p2_m0,0.0,0.00040549592950415634,0.0003771676786949962,-1.2416470933606956e-06,1.7259196093638228e-06,0.4633741517272207,-0.004842212006510878,0.0028263176174128826,drive
0.3900000000000003,p2_m1,14.797967741248389,-1.1190757592377962,-1.1899849325206848,0.04764236782040186,1.7259196093638228e-06,0.4633741517272207,-0.004842212006510878,0.0028263176174128826,drive
0.3900000000000003,p2_m2,0.0,-9.01897887776727e-05,-0.00015101556132519762,2.1965283556079058e-07,1.7259196093638228e-06,0.4633741517272207,-0.004842212006510878,0.0028263176174128826,drive
0.3900000000000003,p2_m3,7.249748646450389,-0.594024311904323,-0.6328091133659186,0.023475102227371352,1.7259196093638228e-06,0.4633741517272207,-0.004842212006510878,0.0028263176174128826,drive
0.3900000000000003,p3_m0,-7.261942846172777,0.594027142269142,0.6328074960440567,-0.023511695141775295,1.7259196093638228e-06,0.4633741517272207,-0.004842212006510878,0.0028263176174128826,drive
0.3900000000000003,p3_m1,15.039094049027014,-1.1413853865356922,-1.2155895868202284,0.048433121925789545,1.7259196093638228e-06,0.4633741517272207,-0.004842212006510878,0.0028263176174128826,drive
0.3900000000000003,p3_m2,0.0,0.001250914370647782,0.0011960848532880546,-3.7980566961623277e-06,1.7259196093638228e-06,0.4633741517272207,-0.004842212006510878,0.0028263176174128826,drive
0.3900000000000003,p3_m3,0.0,-0.0003186298346821896,-0.0002861654370558241,9.813467697537375e-07,1.7259196093638228e-06,0.4633741517272207,-0.004842212006510878,0.0028263176174128826,drive
0.4000000000000003,p0_m0,16.078751646723227,-1.2514840338189488,-1.3158532272648218,0.051916654747662605,1.503546401118886e-06,0.4498952674856448,-0.004835843624200771,0.0028298444352030626,drive
0.4000000000000003,p0_m1,-7.764736730356238,0.6551039114142927,0.6932606479820574,-0.025214016269818822,1.503546401118886e-06,0.4498952674856448,-0.004835843624200771,0.0028298444352030626,drive
0.4000000000000003,p0_m2,0.0,-0.00010781791638592716,-8.389524529187702e-05,3.3804228698272245e-07,1.503546401118886e-06,0.4498952674856448,-0.004835843624200771,0.0028298444352030626,drive
0.4000000000000003,p0_m3,0.0,0.0008901044816038255,0.0008479187265861471,-2.6994555057841056e-06,1.503546401118886e-06,0.4498952674856448,-0.004835843624200771,0.0028298444352030626,drive
0.4000000000000003,p1_m0,16.06278960144862,-1.2624219073331346,-1.3355977035816589,0.05188773899247244,1.503546401118886e-06,0.4498952674856448,-0.004835843624200771,0.0028298444352030626,drive
0.4000000000000003,p1_m1,0.0,0.00016538345256021387,0.00014542030576223175,-5.099875023300374e-07,1.503546401118886e-06,0.4498952674856448,-0.004835843624200771,0.0028298444352030626,drive
0.4000000000000003,p1_m2,7.774087802914836,-0.6551090480605257,-0.6932650352986559,0.02524208720488997,1.503546401118886e-06,0.4498952674856448,-0.004835843624200771,0.0028298444352030626,drive
0.4000000000000003,p1_m3,0.0,-0.0005844346857048228,-0.0006332331155236653,1.719739322460565e-06,1.503546401118886e-06,0.4498952674856448,-0.004835843624200771,0.0028298444352030626,drive
0.4000000000000003,p2_m0,0.0,0.00025811000468425806,0.00023684984408588197,-7.908100494394988e-07,1.503546401118886e-06,0.4498952674856448,-0.004835843624200771,0.0028298444352030626,drive
0.4000000000000003,p2_m1,15.787735513110139,-1.2543908959605217,-1.3198844723449819,0.05104931624948982,1.503546401118886e-06,0.4498952674856448,-0.004835843624200771,0.0028298444352030626,drive
0.4000000000000003,p2_m2,0.0,-0.00041743005964859535,-0.00046417336819146605,1.2201313604463809e-06,1.503546401118886e-06,0.4498952674856448,-0.004835843624200771,0.0028298444352030626,drive
0.4000000000000003,p2_m3,7.772591121967384,-0.6551145788311176,-0.6932676975717783,0.02523761561537475,1.503546401118886e-06,0.4498952674856448,-0.004835843624200771,0.0028298444352030626,drive
0.4000000000000003,p3_m0,-7.784747584177682,0.6551174361307295,0.693266588913066,-0.02527409542039174,1.503546401118886e-06,0.4498952674856448,-0.004835843624200771,0.0028298444352030626,drive
0.4000000000000003,p3_m1,16.038562221616388,-1.2624254368469106,-1.3356006166307057,0.05181507855681094,1.503546401118886e-06,0.4498952674856448,-0.004835843624200771,0.0028298444352030626,drive
0.4000000000000003,p3_m2,0.0,0.0009729152696479079,0.0009319108222678775,-2.946672644198103e-06,1.503546401118886e-06,0.4498952674856448,-0.004835843624200771,0.0028298444352030626,drive
0.4000000000000003,p3_m3,0.0,-0.00017617037750984014,-0.00015100867389054648,5.458407784015468e-07,1.503546401118886e-06,0.4498952674856448,-0.004835843624200771,0.0028298444352030626,drive
0.4100000000000003,p0_m0,17.268708707303304,-1.2435416098005094,-1.3007490042072563,0.055486791597977016,1.0789376507742052e-06,0.4358817790899341,-0.004816265550563914,0.0028327852954544894,drive
0.4100000000000003,p0_m1,-8.36566571389137,0.6599702236726753,0.69506273144206,-0.02704365708374329,1.0789376507742052e-06,0.4358817790899341,-0.004816265550563914,0.0028327852954544894,drive
0.4100000000000003,p0_m2,0.0,4.7338504715364886e-05,6.405961168812895e-05,-1.364656240296555e-07,1.0789376507742052e-06,0.4358817790899341,-0.004816265550563914,0.0028327852954544894,drive
0.4100000000000003,p0_m3,0.0,0.0006256760185193275,0.0005940061855882281,-1.8919856414418443e-06,1.0789376507742052e-06,0.4358817790899341,-0.004816265550563914,0.0028327852954544894,drive
0.4100000000000003,p1_m0,17.215444583887844,-1.2752826049918133,-1.3427254543042142,0.05540781242761269,1.0789376507742052e-06,0.4358817790899341,-0.004816265550563914,0.0028327852954544894,drive
0.4100000000000003,p1_m1,0.0,1.920842954428391e-05,5.40555806741217e-06,-6.316510856136834e-08,1.0789376507742052e-06,0.4358817790899341,-0.004816265550563914,0.0028327852954544894,drive
0.4100000000000003,p1_m2,8.374992252221652,-0.6599750822094039,-0.6950665378920514,0.027071653666748623,1.0789376507742052e-06,0.4358817790899341,-0.004816265550563914,0.0028327852954544894,drive
0.4100000000000003,p1_m3,0.0,-0.0008966321757627992,-0.0009344008944711868,2.6718182398826593e-06,1.0789376507742052e-06,0.4358817790899341,-0.004816265550563914,0.0028327852954544894,drive
0.4100000000000003,p2_m0,0.0,0.00012269447180185137,0.0001062227202171857,-3.7767756470456527e-07,1.0789376507742052e-06,0.4358817790899341,-0.004816265550563914,0.0028327852954544894,drive
0.4100000000000003,p2_m1,16.970304907221,-1.264596402029916,-1.3233898796410042,0.05465219786333245,1.0789376507742052e-06,0.4358817790899341,-0.004816265550563914,0.0028327852954544894,drive
0.4100000000000003,p2_m2,0.0,-0.0007207561466874245,-0.0007565599348118904,2.1453217507042502e-06,1.0789376507742052e-06,0.4358817790899341,-0.004816265550563914,0.0028327852954544894,drive
0.4100000000000003,p2_m3,8.373512712618922,-0.6599799139547846,-0.695068539259569,0.027067231756243072,1.0789376507742052e-06,0.4358817790899341,-0.004816265550563914,0.0028327852954544894,drive
0.4100000000000003,p3_m0,-8.385631899510045,0.659982658741083,0.6950676728561607,-0.02710359932652439,1.0789376507742052e-06,0.4358817790899341,-0.004816265550563914,0.0028327852954544894,drive
0.4100000000000003,p3_m1,17.191312950116796,-1.2753003769400706,-1.34274057108246,0.05533549006853288,1.0789376507742052e-06,0.4358817790899341,-0.004816265550563914,0.0028327852954544894,drive
0.4100000000000003,p3_m2,0.0,0.0007199573060479804,0.0006890373278203465,-2.1741280074480653e-06,1.0789376507742052e-06,0.4358817790899341,-0.004816265550563914,0.0028327852954544894,drive
0.4100000000000003,p3_m3,0.0,-4.570690175291082e-05,-2.5163977373002145e-05,1.4791864818805575e-07,1.0789376507742052e-06,0.4358817790899341,-0.004816265550563914,0.0028327852954544894,drive
0.4200000000000003,p0_m0,18.50199703467179,-1.1511958945327203,-1.1992589104652254,0.05893219322565589,5.361258997714105e-07,0.422419336067481,-0.004785655385891419,0.0028348694516683,drive
0.4200000000000003,p0_m1,-8.994130269246567,0.6158251362068315,0.6459178651395834,-0.028809475876521065,5.361258997714105e-07,0.422419336067481,-0.004785655385891419,0.0028348694516683,drive
0.4200000000000003,p0_m2,0.0,0.0001800420240203751,0.00019029705515926469,-5.420935649920486e-07,5.361258997714105e-07,0.422419336067481,-0.004785655385891419,0.0028348694516683,drive
0.4200000000000003,p0_m3,0.0,0.00039821497181631186,0.000376901336591283,-1.196535027864016e-06,5.361258997714105e-07,0.422419336067481,-0.004785655385891419,0.0028348694516683,drive
0.4200000000000003,p1_m0,18.4243184980323,-1.193168660068342,-1.251090944894869,0.05881296126615371,5.361258997714105e-07,0.422419336067481,-0.004785655385891419,0.0028348694516683,drive
0.4200000000000003,p1_m1,0.0,-0.00010588515976414018,-0.00011395906496642339,3.1929798543501267e-07,5.361258997714105e-07,0.422419336067481,-0.004785655385891419,0.0028348694516683,drive
0.4200000000000003,p1_m2,9.003432308503466,-0.6158297552481714,-0.6459211295186418,0.028837398266618085,5.361258997714105e-07,0.422419336067481,-0.004785655385891419,0.0028348694516683,drive
0.4200000000000003,p1_m3,0.0,-0.001168209609661468,-0.0011941809432014186,3.5015574257131337e-06,5.361258997714105e-07,0.422419336067481,-0.004785655385891419,0.0028348694516683,drive
0.4200000000000003,p2_m0,0.0,6.21488313486736e-06,-5.052722615826801e-06,-2.1281936119977536e-08,5.361258997714105e-07,0.422419336067481,-0.004785655385891419,0.0028348694516683,drive
0.4200000000000003,p2_m1,18.214501925913957,-1.1851681714789655,-1.23502138229448,0.05816978693954665,5.361258997714105e-07,0.422419336067481,-0.004785655385891419,0.0028348694516683,drive
0.4200000000000003,p2_m2,0.0,-0.0009845837941882133,-0.0010089388737972798,2.9513428544600675e-06,5.361258997714105e-07,0.422419336067481,-0.004785655385891419,0.0028348694516683,drive
0.4200000000000003,p2_m3,9.00197013776581,-0.6158337458519612,-0.645922570796637,0.028833026000842303,5.361258997714105e-07,0.422419336067481,-0.004785655385891419,0.0028348694516683,drive
0.4200000000000003,p3_m0,-9.014052152334298,0.615836476641829,0.6459221182191762,-0.02886928195621648,5.361258997714105e-07,0.422419336067481,-0.004785655385891419,0.0028348694516683,drive
0.4200000000000003,p3_m1,18.400308668566844,-1.193187424802691,-1.2511073264283976,0.05874100717085783,5.361258997714105e-07,0.422419336067481,-0.004785655385891419,0.0028348694516683,drive
0.4200000000000003,p3_m2,0.0,0.0005027724807178332,0.00048185645050514053,-1.5099720111442814e-06,5.361258997714105e-07,0.422419336067481,-0.004785655385891419,0.0028348694516683,drive
0.4200000000000003,p3_m3,0.0,6.592707510630355e-05,8.103703040449644e-05,-1.9385614308063693e-07,5.361258997714105e-07,0.422419336067481,-0.004785655385891419,0.0028348694516683,drive
0.4300000000000003,p0_m0,19.692066884811176,-0.99034796686204,-1.0269583150658053,0.062042691420374475,2.0373521480940825e-07,0.410419515087296,-0.0047454907123021,0.002836083363659876,drive
0.4300000000000003,p0_m1,-9.604696977035138,0.5320474605986207,0.5557958709022606,-0.03040236850924333,2.0373521480940825e-07,0.410419515087296,-0.0047454907123021,0.002836083363659876,drive
0.4300000000000003,p0_m2,0.0,0.0002854362545518649,0.00028969424468904876,-8.64505960130943e-07,2.0373521480940825e-07,0.410419515087296,-0.0047454907123021,0.002836083363659876,drive
0.4300000000000003,p0_m3,0.0,0.0002177597144192046,0.00020667655891135682,-6.43819178414666e-07,2.0373521480940825e-07,0.410419515087296,-0.0047454907123021,0.002836083363659876,drive
0.4300000000000003,p1_m0,19.60161706484925,-1.0335297211108259,-1.0792647054996845,0.061890308538973295,2.0373521480940825e-07,0.410419515087296,-0.0047454907123021,0.002836083363659876,drive
0.4300000000000003,p1_m1,0.0,-0.00020534647545716653,-0.0002082174119062646,6.236028321571194e-07,2.0373521480940825e-07,0.410419515087296,-0.0047454907123021,0.002836083363659876,drive
0.4300000000000003,p1_m2,9.613974429350264,-0.532051789395201,-0.5557984976524847,0.0304302162577405,2.0373521480940825e-07,0.410419515087296,-0.0047454907123021,0.002836083363659876,drive
0.4300000000000003,p1_m3,0.0,-0.0013853030369727212,-0.0013990972784367086,4.166272954737218e-06,2.0373521480940825e-07,0.410419515087296,-0.0047454907123021,0.002836083363659876,drive
0.4300000000000003,p2_m0,0.0,-8.511346882359253e-05,-9.098493309349846e-05,2.5899047872820434e-07,2.0373521480940825e-07,0.410419515087296,-0.0047454907123021,0.002836083363659876,drive
0.4300000000000003,p2_m1,19.429313955714687,-1.0315569583211999,-1.069928030525451,0.06137701688371745,2.0373521480940825e-07,0.410419515087296,-0.0047454907123021,0.002836083363659876,drive
0.4300000000000003,p2_m2,0.0,-0.001195420244926445,-0.0012080270253312666,3.596857895222992e-06,2.0373521480940825e-07,0.410419515087296,-0.0047454907123021,0.002836083363659876,drive
0.4300000000000003,p2_m3,9.61252908372716,-0.5320549042521164,-0.5557994929360892,0.030425891753553046,2.0373521480940825e-07,0.410419515087296,-0.0047454907123021,0.002836083363659876,drive
0.4300000000000003,p3_m0,-9.624574036853463,0.5320576670616458,0.5557995795663913,-0.03046203660545405,2.0373521480940825e-07,0.410419515087296,-0.0047454907123021,0.002836083363659876,drive
0.4300000000000003,p3_m1,19.5777313652315,-1.0335500915767293,-1.0792836794871472,0.06181872960146581,2.0373521480940825e-07,0.410419515087296,-0.0047454907123021,0.002836083363659876,drive
0.4300000000000003,p3_m2,0.0,0.0003305695134852753,0.00031949987918818455,-9.825038175079706e-07,2.0373521480940825e-07,0.410419515087296,-0.0047454907123021,0.002836083363659876,drive
0.4300000000000003,p3_m3,0.0,0.00015322060425532313,0.0001624975653995066,-4.619145242206176e-07,2.0373521480940825e-07,0.410419515087296,-0.0047454907123021,0.002836083363659876,drive
0.44000000000000034,p0_m0,20.770877875680334,-0.7752717964048988,-0.7990847646726144,0.0646550893724845,8.52427719352999e-07,0.40058216917579115,-0.004696558090324613,0.00283645332825732,drive
0.44000000000000034,p0_m1,-10.15902247655178,0.4193210078810233,0.4359562076450926,-0.03173863278045241,8.52427719352999e-07,0.40058216917579115,-0.004696558090324613,0.00283645332825732,drive
0.44000000000000034,p0_m2,0.0,0.00036046351614895576,0.00035927322183691935,-1.0944183357066846e-06,8.52427719352999e-07,0.40058216917579115,-0.004696558090324613,0.00283645332825732,drive
0.44000000000000034,p0_m3,0.0,8.921275316344777e-05,8.749870190402009e-05,-2.492193112200883e-07,8.52427719352999e-07,0.40058216917579115,-0.004696558090324613,0.00283645332825732,drive
0.44000000000000034,p1_m0,20.672589447991427,-0.816645199351212,-0.8486410106688964,0.06447497366545003,8.52427719352999e-07,0.40058216917579115,-0.004696558090324613,0.00283645332825732,drive
0.44000000000000034,p1_m1,0.0,-0.0002769656528309469,-0.00027538191630426814,8.42906739148048e-07,8.52427719352999e-07,0.40058216917579115,-0.004696558090324613,0.00283645332825732,drive
0.44000000000000034,p1_m2,10.168275126391542,-0.41932493571494134,-0.4359580769177247,0.031766404861227185,8.52427719352999e-07,0.40058216917579115,-0.004696558090324613,0.00283645332825732,drive
0.44000000000000034,p1_m3,0.0,-0.0015410651561597337,-0.0015434991481914023,4.644364871428629e-06,8.52427719352999e-07,0.40058216917579115,-0.004696558090324613,0.00283645332825732,drive
0.44000000000000034,p2_m0,0.0,-0.00014882043742080108,-0.00014979163700323976,4.5511440199243953e-07,8.52427719352999e-07,0.40058216917579115,-0.004696558090324613,0.00283645332825732,drive
0.44000000000000034,p2_m1,20.54166536868547,-0.8187571183769147,-0.8441856919773724,0.06409748351348774,8.52427719352999e-07,0.40058216917579115,-0.004696558090324613,0.00283645332825732,drive
0.44000000000000034,p2_m2,0.0,-0.0013462690563635267,-0.0013478915846684282,4.059898900072737e-06,8.52427719352999e-07,0.40058216917579115,-0.004696558090324613,0.00283645332825732,drive
0.44000000000000034,p2_m3,10.166845668113368,-0.41932707523692236,-0.43595862596153134,0.031762124874375804,8.52427719352999e-07,0.40058216917579115,-0.004696558090324613,0.00283645332825732,drive
0.44000000000000034,p3_m0,-10.178853682714585,0.41932988132493415,0.4359592963901257,-0.03179815904852867,8.52427719352999e-07,0.40058216917579115,-0.004696558090324613,0.00283645332825732,drive
0.44000000000000034,p3_m1,20.648827456947252,-0.8166657387620608,-0.8486611116673748,0.06440376416489454,8.52427719352999e-07,0.40058216917579115,-0.004696558090324613,0.00283645332825732,drive
0.44000000000000034,p3_m2,0.0,0.00020760047283907785,0.00020549582222453738,-6.051013293139285e-07,8.52427719352999e-07,0.40058216917579115,-0.004696558090324613,0.00283645332825732,drive
0.44000000000000034,p3_m3,0.0,0.00021466910274478137,0.00021853728733363726,-6.511191936093693e-07,8.52427719352999e-07,0.40058216917579115,-0.004696558090324613,0.00283645332825732,drive
0.45000000000000034,p0_m0,21.681652670286496,-0.5253807367345114,-0.5362970200968239,0.06665529815575909,1.5650304474952384e-06,0.39337855126100985,-0.0046389912878642215,0.0028360804665733957,drive
0.45000000000000034,p0_m1,-10.627453904521444,0.2886429344348028,0.297936825304101,-0.03276174356480684,1.5650304474952384e-06,0.39337855126100985,-0.0046389912878642215,0.0028360804665733957,drive
0.45000000000000034,p0_m2,0.0,0.00040419264541999186,0.0003983305155748908,-1.2289261936565414e-06,1.5650304474952384e-06,0.39337855126100985,-0.0046389912878642215,0.0028360804665733957,drive
0.45000000000000034,p0_m3,0.0,1.3845882208288456e-05,2.0260956140926483e-05,-1.6632714971327276e-08,1.5650304474952384e-06,0.39337855126100985,-0.0046389912878642215,0.0028360804665733957,drive
0.45000000000000034,p1_m0,21.578844969882958,-0.563763987979498,-0.5815335368288779,0.0664543728048009,1.5650304474952384e-06,0.39337855126100985,-0.0046389912878642215,0.0028360804665733957,drive
0.45000000000000034,p1_m1,0.0,-0.0003202942362394062,-0.0003151236455997467,9.75847015139763e-07,1.5650304474952384e-06,0.39337855126100985,-0.0046389912878642215,0.0028360804665733957,drive
0.45000000000000034,p1_m2,10.636681356159226,-0.28864638836215945,-0.2979378912569865,0.032789438520084195,1.5650304474952384e-06,0.39337855126100985,-0.0046389912878642215,0.0028360804665733957,drive
0.45000000000000034,p1_m3,0.0,-0.0016334583578400128,-0.0016259686824416442,4.929482371309452e-06,1.5650304474952384e-06,0.39337855126100985,-0.0046389912878642215,0.0028360804665733957,drive
0.45000000000000034,p2_m0,0.0,-0.00018467371606171453,-0.00018149859261414,5.663362326570564e-07,1.5650304474952384e-06,0.39337855126100985,-0.0046389912878642215,0.0028360804665733957,drive
0.45000000000000034,p2_m1,21.48993831242666,-0.5675513373807718,-0.5798936698369417,0.06620662313528876,1.5650304474952384e-06,0.39337855126100985,-0.0046389912878642215,0.0028360804665733957,drive
0.45000000000000034,p2_m2,0.0,-0.0014349768097314786,-0.001427007000313955,4.333727323323116e-06,1.5650304474952384e-06,0.39337855126100985,-0.0046389912878642215,0.0028360804665733957,drive
0.45000000000000034,p2_m3,10.635266460845024,-0.2886474890281685,-0.2979379917524154,0.03278519876103652,1.5650304474952384e-06,0.39337855126100985,-0.0046389912878642215,0.0028360804665733957,drive
0.45000000000000034,p3_m0,-10.647237623837949,0.28865037802743243,0.2979392749338521,-0.03282112265317994,1.5650304474952384e-06,0.39337855126100985,-0.0046389912878642215,0.0028360804665733957,drive
0.45000000000000034,p3_m1,21.555204783099597,-0.5637811304516629,-0.5815512577525007,0.06638351559037213,1.5650304474952384e-06,0.39337855126100985,-0.0046389912878642215,0.0028360804665733957,drive
0.45000000000000034,p3_m2,0.0,0.00013491885206972257,0.00014058927961543865,-3.809400178921241e-07,1.5650304474952384e-06,0.39337855126100985,-0.0046389912878642215,0.0028360804665733957,drive
0.45000000000000034,p3_m3,0.0,0.00025042275004229334,0.0002495118959827176,-7.619859610990632e-07,1.5650304474952384e-06,0.39337855126100985,-0.0046389912878642215,0.0028360804665733957,drive
0.46000000000000035,p0_m0,22.382965612954706,-0.2619091923915456,-0.26076555489069675,0.06798188846798524,2.249312329148534e-06,0.38905046489617445,-0.004572348615363316,0.002835166235330105,drive
0.46000000000000035,p0_m1,-10.989681102718372,0.1506759441519719,0.1528949641099767,-0.0334423375125843,2.249312329148534e-06,0.38905046489617445,-0.004572348615363316,0.002835166235330105,drive
0.46000000000000035,p0_m2,0.0,0.0004177462186762119,0.00040817384598468157,-1.2714072976035338e-06,2.249312329148534e-06,0.38905046489617445,-0.004572348615363316,0.002835166235330105,drive
0.46000000000000035,p0_m3,0.0,-9.8327843713701e-06,3.3045013534566257e-06,5.8515476636382435e-08,2.249312329148534e-06,0.38905046489617445,-0.004572348615363316,0.002835166235330105,drive
0.46000000000000035,p1_m0,22.27993015027547,-0.2957884810175696,-0.2998275298197928,0.06776897248595098,2.249312329148534e-06,0.38905046489617445,-0.004572348615363316,0.002835166235330105,drive
0.46000000000000035,p1_m1,0.0,-0.0003363103675289138,-0.0003284550955310859,1.0254357616817734e-06,2.249312329148534e-06,0.38905046489617445,-0.004572348615363316,0.002835166235330105,drive
0.46000000000000035,p1_m2,10.99888281890296,-0.150678915288177,-0.15289527433813394,0.033469953667754015,2.249312329148534e-06,0.38905046489617445,-0.004572348615363316,0.002835166235330105,drive
0.46000000000000035,p1_m3,0.0,-0.001664028168576761,-0.0016483545903754238,5.026266028764387e-06,2.249312329148534e-06,0.38905046489617445,-0.004572348615363316,0.002835166235330105,drive
0.46000000000000035,p2_m0,0.0,-0.00019379362934702127,-0.0001872598210567538,5.961058874338353e-07,2.249312329148534e-06,0.38905046489617445,-0.004572348615363316,0.002835166235330105,drive
0.46000000000000035,p2_m1,22.228953967517754,-0.30049240377796577,-0.3005728789006404,0.0676357444033377,2.249312329148534e-06,0.38905046489617445,-0.004572348615363316,0.002835166235330105,drive
0.46000000000000035,p2_m2,0.0,-0.0014631484051131655,-0.001447307458284387,4.4231380990225415e-06,2.249312329148534e-06,0.38905046489617445,-0.004572348615363316,0.002835166235330105,drive
0.46000000000000035,p2_m3,10.997480837363762,-0.15067899999900314,-0.15289496968868174,0.033465749161446304,2.249312329148534e-06,0.38905046489617445,-0.004572348615363316,0.002835166235330105,drive
0.46000000000000035,p3_m0,-11.009415224608395,0.15068203329551816,0.15289686922604354,-0.03350156320544951,2.249312329148534e-06,0.38905046489617445,-0.004572348615363316,0.002835166235330105,drive
0.46000000000000035,p3_m1,22.256405793349572,-0.2957999163338658,-0.29984073406998935,0.06769844174848265,2.249312329148534e-06,0.38905046489617445,-0.004572348615363316,0.002835166235330105,drive
0.46000000000000035,p3_m2,0.0,0.00011119826262118963,0.00012332812226137704,-3.059211521110207e-07,2.249312329148534e-06,0.38905046489617445,-0.004572348615363316,0.002835166235330105,drive
0.46000000000000035,p3_m3,0.0,0.0002613381223618717,0.00025629467522917006,-7.972101329574483e-07,2.249312329148534e-06,0.38905046489617445,-0.004572348615363316,0.002835166235330105,drive
0.47000000000000036,p0_m0,22.852228068532177,-0.12079112702520019,-0.14967225300192757,0.06885146952639128,2.5403846530971376e-05,0.3865430392412282,-0.00450049079419436,0.0028344470294059654,drive
0.47000000000000036,p0_m1,-11.234728920135392,0.04398794337332439,0.04938870537236181,-0.033825032293598345,2.5403846530971376e-05,0.3865430392412282,-0.00450049079419436,0.0028344470294059654,drive
0.47000000000000036,p0_m2,0.0,0.00016795222257976839,0.0003137455396245715,-2.613415970554188e-07,2.5403846530971376e-05,0.3865430392412282,-0.00450049079419436,0.0028344470294059654,drive
0.47000000000000036,p0_m3,0.0,-0.0011424532228623433,-0.0014751677868282144,3.181343173995933e-06,2.5403846530971376e-05,0.3865430392412282,-0.00450049079419436,0.0028344470294059654,drive
0.47000000000000036,p1_m0,22.75360842738219,-0.18500644451330286,-0.20716572001205324,0.06877052860326464,2.5403846530971376e-05,0.3865430392412282,-0.00450049079419436,0.0028344470294059654,drive
0.47000000000000036,p1_m1,0.0,4.8707414102541957e-05,0.00019803201208885266,-6.53214966059013e-08,2.5403846530971376e-05,0.3865430392412282,-0.00450049079419436,0.0028344470294059654,drive
0.47000000000000036,p1_m2,11.2439043130451,-0.04406204506187699,-0.04946358526610657,0.03385276873802436,2.5403846530971376e-05,0.3865430392412282,-0.00450049079419436,0.0028344470294059654,drive
0.47000000000000036,p1_m3,0.0,0.0007949836405034445,0.0011283619280173065,-2.4820158900459947e-06,2.5403846530971376e-05,0.3865430392412282,-0.00450049079419436,0.0028344470294059654,drive
0.47000000000000036,p2_m0,0.0,0.0003225269943699612,0.0005302176923342399,-9.209776624490779e-07,2.5403846530971376e-05,0.3865430392412282,-0.00450049079419436,0.0028344470294059654,drive
0.47000000000000036,p2_m1,22.733613829108688,-0.19643386146117836,-0.21940113885850632,0.06876400552171766,2.5403846530971376e-05,0.3865430392412282,-0.00450049079419436,0.0028344470294059654,drive
0.47000000000000036,p2_m2,0.0,0.0009601335639722187,0.00131199744191208,-2.98954283893081e-06,2.5403846530971376e-05,0.3865430392412282,-0.00450049079419436,0.0028344470294059654,drive
0.47000000000000036,p2_m3,11.242513407497055,-0.04407837289224381,-0.04948033769865193,0.03384865884773274,2.5403846530971376e-05,0.3865430392412282,-0.00450049079419436,0.0028344470294059654,drive
0.47000000000000036,p3_m0,-11.254411132741629,0.04397952019644524,0.04937654457816302,-0.033884044761411276,2.5403846530971376e-05,0.3865430392412282,-0.00450049079419436,0.0028344470294059654,drive
0.47000000000000036,p3_m1,22.73019050238102,-0.1591256384101515,-0.18166756530729192,0.06861771266244637,2.5403846530971376e-05,0.3865430392412282,-0.00450049079419436,0.0028344470294059654,drive
0.47000000000000036,p3_m2,0.0,-0.000990620576407748,-0.001338495384791847,2.7425492803232863e-06,2.5403846530971376e-05,0.3865430392412282,-0.00450049079419436,0.0028344470294059654,drive
0.47000000000000036,p3_m3,0.0,2.0357854914782862e-05,0.00021125531457284594,1.591167613402612e-07,2.5403846530971376e-05,0.3865430392412282,-0.00450049079419436,0.0028344470294059654,drive
0.48000000000000037,p0_m0,23.07563636048485,-0.10391686660874376,-0.10847434180252333,0.06956294283203651,5.006333328364618e-05,0.384648291892866,-0.004436823306904652,0.002834260975663552,drive
0.48000000000000037,p0_m1,-11.360729447759915,0.028992594327464257,0.03240647267216618,-0.034175948210163475,5.006333328364618e-05,0.384648291892866,-0.004436823306904652,0.002834260975663552,drive
0.48000000000000037,p0_m2,0.0,0.00036909149227908815,0.00039976382564903544,-1.102861155700922e-06,5.006333328364618e-05,0.384648291892866,-0.004436823306904652,0.002834260975663552,drive
0.48000000000000037,p0_m3,0.0,-0.0015322458442576029,-0.001609071786624346,4.557417727475287e-06,5.006333328364618e-05,0.384648291892866,-0.004436823306904652,0.002834260975663552,drive
0.48000000000000037,p1_m0,23.04811054565208,-0.16759987675151836,-0.1752682433766521,0.06966652807038336,5.006333328364618e-05,0.384648291892866,-0.004436823306904652,0.002834260975663552,drive
0.48000000000000037,p1_m1,0.0,-0.00014574485198626244,-0.0001801569804191056,3.836503705418283e-07,5.006333328364618e-05,0.384648291892866,-0.004436823306904652,0.002834260975663552,drive
0.48000000000000037,p1_m2,11.369854552455358,-0.02900403956365304,-0.0324149362779167,0.034203373210940836,5.006333328364618e-05,0.384648291892866,-0.004436823306904652,0.002834260975663552,drive
0.48000000000000037,p1_m3,0.0,0.0003225372998876305,0.0002538904583467317,-1.058228534188221e-06,5.006333328364618e-05,0.384648291892866,-0.004436823306904652,0.002834260975663552,drive
0.48000000000000037,p2_m0,0.0,2.4925106028248843e-05,-2.9948464472592307e-05,-1.5080654862456079e-07,5.006333328364618e-05,0.384648291892866,-0.004436823306904652,0.002834260975663552,drive
0.48000000000000037,p2_m1,23.03810263472152,-0.11115947198164118,-0.11371604150705317,0.06947606435281434,5.006333328364618e-05,0.384648291892866,-0.004436823306904652,0.002834260975663552,drive
0.48000000000000037,p2_m2,0.0,0.00046164279024803146,0.00038724215393602706,-1.481759879552803e-06,5.006333328364618e-05,0.384648291892866,-0.004436823306904652,0.002834260975663552,drive
0.48000000000000037,p2_m3,11.368470053071793,-0.028999339882267022,-0.03240866258090054,0.03419920789485626,5.006333328364618e-05,0.384648291892866,-0.004436823306904652,0.002834260975663552,drive
0.48000000000000037,p3_m0,-11.38035823405299,0.028997421793956916,0.03240849731361713,-0.03423485174866246,5.006333328364618e-05,0.384648291892866,-0.004436823306904652,0.002834260975663552,drive
0.48000000000000037,p3_m1,22.99971730974312,-0.12024923565358826,-0.1232199186132853,0.06938920367255429,5.006333328364618e-05,0.384648291892866,-0.004436823306904652,0.002834260975663552,drive
0.48000000000000037,p3_m2,0.0,-0.0013460966151553695,-0.0014172425298618562,4.004895456652508e-06,5.006333328364618e-05,0.384648291892866,-0.004436823306904652,0.002834260975663552,drive
0.48000000000000037,p3_m3,0.0,0.00020395623213288495,0.00023411505308255906,-6.093244677231499e-07,5.006333328364618e-05,0.384648291892866,-0.004436823306904652,0.002834260975663552,drive
0.4900000000000004,p0_m0,23.338734232922377,0.09394258715530025,0.10693972903723711,0.06978749365404589,5.697734137832827e-05,0.38473997463826987,-0.004388699450828964,0.002834589475423103,drive
0.4900000000000004,p0_m1,-11.468464778453495,-0.05430877320529981,-0.06034308935108685,-0.03426726077572622,5.697734137832827e-05,0.38473997463826987,-0.004388699450828964,0.002834589475423103,drive
0.4900000000000004,p0_m2,0.0,0.0003887070750641613,0.00039024773628201374,-1.171447825844709e-06,5.697734137832827e-05,0.38473997463826987,-0.004388699450828964,0.002834589475423103,drive
0.4900000000000004,p0_m3,0.0,-0.001624596579000049,-0.001633477488344363,4.881329644551193e-06,5.697734137832827e-05,0.38473997463826987,-0.004388699450828964,0.002834589475423103,drive
0.4900000000000004,p1_m0,23.36919325757621,0.0499038475937913,0.06329849226442444,0.07001224897437705,5.697734137832827e-05,0.38473997463826987,-0.004388699450828964,0.002834589475423103,drive
0.4900000000000004,p1_m1,0.0,-0.00026206244308524815,-0.00028153229040949975,7.761083490662699e-07,5.697734137832827e-05,0.38473997463826987,-0.004388699450828964,0.002834589475423103,drive
0.4900000000000004,p1_m2,11.477602892290584,0.054314401600825804,0.06034651747335718,0.03429465823324415,5.697734137832827e-05,0.38473997463826987,-0.004388699450828964,0.002834589475423103,drive
0.4900000000000004,p1_m3,0.0,0.000122511732305408,8.863514133907745e-05,-3.8461281741535695e-07,5.697734137832827e-05,0.38473997463826987,-0.004388699450828964,0.002834589475423103,drive
0.4900000000000004,p2_m0,0.0,-0.00013663928150038922,-0.00016595514950353422,3.922268988612834e-07,5.697734137832827e-05,0.38473997463826987,-0.004388699450828964,0.002834589475423103,drive
0.4900000000000004,p2_m1,23.31854296171784,0.09411184004957902,0.10693906669282764,0.06972635022943265,5.697734137832827e-05,0.38473997463826987,-0.004388699450828964,0.002834589475423103,drive
0.4900000000000004,p2_m2,0.0,0.0002475413466913851,0.0002094053348514084,-7.633284743562247e-07,5.697734137832827e-05,0.38473997463826987,-0.004388699450828964,0.002834589475423103,drive
0.4900000000000004,p2_m3,11.476228305844494,0.05431970162837949,0.06035089599805207,0.0342905181939003,5.697734137832827e-05,0.38473997463826987,-0.004388699450828964,0.002834589475423103,drive
0.4900000000000004,p3_m0,-11.488033219285622,-0.054301846789319104,-0.060339182884028376,-0.0343259910009934,5.697734137832827e-05,0.38473997463826987,-0.004388699450828964,0.002834589475423103,drive
0.4900000000000004,p3_m1,23.287791818045445,0.11607679338491171,0.13275998237065173,0.06957195805129725,5.697734137832827e-05,0.38473997463826987,-0.004388699450828964,0.002834589475423103,drive
0.4900000000000004,p3_m2,0.0,-0.0014248267834512376,-0.0014309892546259,4.283529527976736e-06,5.697734137832827e-05,0.38473997463826987,-0.004388699450828964,0.002834589475423103,drive
0.4900000000000004,p3_m3,0.0,0.00021351240821710266,0.0002106318466034156,-6.489801412841291e-07,5.697734137832827e-05,0.38473997463826987,-0.004388699450828964,0.002834589475423103,drive
0.5000000000000003,p0_m0,23.462951453975414,0.3227292077390088,0.34685138415357697,0.06948419698720093,5.80619783881693e-05,0.38729744602295607,-0.004362751852019706,0.0028350253295255775,drive
0.5000000000000003,p0_m1,-11.524714204744601,-0.16505350243305808,-0.17708763275673572,-0.03411057691458927,5.80619783881693e-05,0.38729744602295607,-0.004362751852019706,0.0028350253295255775,drive
0.5000000000000003,p0_m2,0.0,0.0003682014153106386,0.0003606799308952261,-1.1169003502407618e-06,5.80619783881693e-05,0.38729744602295607,-0.004362751852019706,0.0028350253295255775,drive
0.5000000000000003,p0_m3,0.0,-0.0015842486074798248,-0.00156728272760926,4.780400804347323e-06,5.80619783881693e-05,0.38729744602295607,-0.004362751852019706,0.0028350253295255775,drive
0.5000000000000003,p1_m0,23.547949412668075,0.29186442334112667,0.31521337636410873,0.06983128812913525,5.80619783881693e-05,0.38729744602295607,-0.004362751852019706,0.0028350253295255775,drive
0.5000000000000003,p1_m1,0.0,-0.0002683457447916568,-0.0002676271823291061,8.130875117554329e-07,5.80619783881693e-05,0.38729744602295607,-0.004362751852019706,0.0028350253295255775,drive
0.5000000000000003,p1_m2,11.533815199309508,0.1650533801903738,0.17708869857919002,0.034137881330122535,5.80619783881693e-05,0.38729744602295607,-0.004362751852019706,0.0028350253295255775,drive
0.5000000000000003,p1_m3,0.0,0.00010753963560382822,0.00010822121350087921,-3.090771241414941e-07,5.80619783881693e-05,0.38729744602295607,-0.004362751852019706,0.0028350253295255775,drive
0.5000000000000003,p2_m0,0.0,-0.00016169846336655625,-0.00016532253110279965,4.896294054610012e-07,5.80619783881693e-05,0.38729744602295607,-0.004362751852019706,0.0028350253295255775,drive
0.5000000000000003,p2_m1,23.4425157694722,0.32277555700842475,0.34688832218323323,0.06942274616980514,5.80619783881693e-05,0.38729744602295607,-0.004362751852019706,0.0028350253295255775,drive
0.5000000000000003,p2_m2,0.0,0.0002239607017358383,0.00022208305128512167,-6.605465608654754e-07,5.80619783881693e-05,0.38729744602295607,-0.004362751852019706,0.0028350253295255775,drive
0.5000000000000003,p2_m3,11.532442401124467,0.1650571297376184,0.17709139265882745,0.03413375151326044,5.80619783881693e-05,0.38729744602295607,-0.004362751852019706,0.0028350253295255775,drive
0.5000000000000003,p3_m0,-11.54422840464522,-0.16504837216502952,-0.17708494823306392,-0.034169138776023435,5.80619783881693e-05,0.38729744602295607,-0.004362751852019706,0.0028350253295255775,drive
0.5000000000000003,p3_m1,23.40770774171962,0.3499580027978866,0.3749757228353306,0.06923567449781229,5.80619783881693e-05,0.38729744602295607,-0.004362751852019706,0.0028350253295255775,drive
0.5000000000000003,p3_m2,0.0,-0.0013819607845290505,-0.0013645730043313395,4.17316946187626e-06,5.80619783881693e-05,0.38729744602295607,-0.004362751852019706,0.0028350253295255775,drive
0.5000000000000003,p3_m3,0.0,0.0001888570417418181,0.00017946276357932731,-5.793333631543008e-07,5.80619783881693e-05,0.38729744602295607,-0.004362751852019706,0.0028350253295255775,drive
0.5100000000000003,p0_m0,23.38426901213403,0.5268080508104156,0.5588307152056126,0.06863738968412379,5.720380786639734e-05,0.39219651136574113,-0.004360887757018236,0.0028351775138647306,drive
0.5100000000000003,p0_m1,-11.485347255303296,-0.26738491105459977,-0.2835402673377067,-0.03368676713508946,5.720380786639734e-05,0.39219651136574113,-0.004360887757018236,0.0028351775138647306,drive
0.5100000000000003,p0_m2,0.0,0.00031147588145346027,0.00029771287071999345,-9.495575255587833e-07,5.720380786639734e-05,0.39219651136574113,-0.004360887757018236,0.0028351775138647306,drive
0.5100000000000003,p0_m3,0.0,-0.0014594547277037074,-0.0014303629248670765,4.411809490758764e-06,5.720380786639734e-05,0.39219651136574113,-0.004360887757018236,0.0028351775138647306,drive
0.5100000000000003,p1_m0,23.503892744057982,0.500634705302236,0.531539370625871,0.0690758849212174,5.720380786639734e-05,0.39219651136574113,-0.004360887757018236,0.0028351775138647306,drive
0.5100000000000003,p1_m1,0.0,-0.00022188816597975785,-0.00021258283143567284,6.785628144378948e-07,5.720380786639734e-05,0.39219651136574113,-0.004360887757018236,0.0028351775138647306,drive
0.5100000000000003,p1_m2,11.49441799672076,0.2673835469551643,0.28354129665389477,0.03371398483009463,5.720380786639734e-05,0.39219651136574113,-0.004360887757018236,0.0028351775138647306,drive
0.5100000000000003,p1_m3,0.0,0.00018888145855656897,0.00020514037252774217,-5.436113474449368e-07,5.720380786639734e-05,0.39219651136574113,-0.004360887757018236,0.0028351775138647306,drive
0.5100000000000003,p2_m0,0.0,-0.00012456432664626445,-0.0001183085312833731,3.8484636717361e-07,5.720380786639734e-05,0.39219651136574113,-0.004360887757018236,0.0028351775138647306,drive
0.5100000000000003,p2_m1,23.363862517044236,0.5268471065568766,0.5588667208464126,0.06857605012260505,5.720380786639734e-05,0.39219651136574113,-0.004360887757018236,0.0028351775138647306,drive
0.5100000000000003,p2_m2,0.0,0.00029899348070715854,0.000313580733249203,-8.753495235235884e-07,5.720380786639734e-05,0.39219651136574113,-0.004360887757018236,0.0028351775138647306,drive
0.5100000000000003,p2_m3,11.49304921197983,0.26738747009353164,0.2835438671751441,0.03370986607974594,5.720380786639734e-05,0.39219651136574113,-0.004360887757018236,0.0028351775138647306,drive
0.5100000000000003,p3_m0,-11.504805869358268,-0.2673816095245381,-0.28353892523414115,-0.03374515604157244,5.720380786639734e-05,0.39219651136574113,-0.004360887757018236,0.0028351775138647306,drive
0.5100000000000003,p3_m1,23.304721367198184,0.5447982010715566,0.5770383171199903,0.06834587859510717,5.720380786639734e-05,0.39219651136574113,-0.004360887757018236,0.0028351775138647306,drive
0.5100000000000003,p3_m2,0.0,-0.001260436002019035,-0.0012319467802037315,3.8137522764325733e-06,5.720380786639734e-05,0.39219651136574113,-0.004360887757018236,0.0028351775138647306,drive
0.5100000000000003,p3_m3,0.0,0.00013475425897536866,0.00012191849490154967,-4.1853407653319e-07,5.720380786639734e-05,0.39219651136574113,-0.004360887757018236,0.0028351775138647306,drive
0.5200000000000004,p0_m0,23.111477827431848,0.6828031014116791,0.7193001729732162,0.06734631741992862,5.5495102191196406e-05,0.39898643535111056,-0.0043822745107922004,0.0028348830191176717,drive
0.5200000000000004,p0_m1,-11.349347390046368,-0.3466248223196685,-0.3651418645497885,-0.033038958649983755,5.5495102191196406e-05,0.39898643535111056,-0.0043822745107922004,0.0028348830191176717,drive
0.5200000000000004,p0_m2,0.0,0.00023450189377617085,0.00021820772212266466,-7.176291281117439e-07,5.5495102191196406e-05,0.39898643535111056,-0.0043822745107922004,0.0028348830191176717,drive
0.5200000000000004,p0_m3,0.0,-0.0012905846929742418,-0.001258170112189831,3.9022965320722e-06,5.5495102191196406e-05,0.39898643535111056,-0.0043822745107922004,0.0028348830191176717,drive
0.5200000000000004,p1_m0,23.256056325529393,0.6610560245312654,0.6963193846348468,0.0678480360220685,5.5495102191196406e-05,0.39898643535111056,-0.0043822745107922004,0.0028348830191176717,drive
0.5200000000000004,p1_m1,0.0,-0.00015282939934692453,-0.0001411781752220889,4.706748570757612e-07,5.5495102191196406e-05,0.39898643535111056,-0.0043822745107922004,0.0028348830191176717,drive
0.5200000000000004,p1_m2,11.35839003118021,0.3466235717320464,0.36514320405195,0.033066091580941016,5.5495102191196406e-05,0.39898643535111056,-0.0043822745107922004,0.0028348830191176717,drive
0.5200000000000004,p1_m3,0.0,0.0003159825540858427,0.0003370331020330093,-9.254458613246837e-07,5.5495102191196406e-05,0.39898643535111056,-0.0043822745107922004,0.0028348830191176717,drive
0.5200000000000004,p2_m0,0.0,-5.8877526518364144e-05,-4.998203032152541e-05,1.880359302388971e-07,5.5495102191196406e-05,0.39898643535111056,-0.0043822745107922004,0.0028348830191176717,drive
0.5200000000000004,p2_m1,23.091109555296217,0.6828371254579828,0.7193319387438112,0.06728510859359975,5.5495102191196406e-05,0.39898643535111056,-0.0043822745107922004,0.0028348830191176717,drive
0.5200000000000004,p2_m2,0.0,0.00042084327850086024,0.0004407007339536857,-1.2409104941883109e-06,5.5495102191196406e-05,0.39898643535111056,-0.0043822745107922004,0.0028348830191176717,drive
0.5200000000000004,p2_m3,11.357025000124537,0.34662784248333617,0.3651458878259883,0.033061982555410964,5.5495102191196406e-05,0.39898643535111056,-0.0043822745107922004,0.0028348830191176717,drive
0.5200000000000004,p3_m0,-11.36874838237456,-0.34662267736604374,-0.36514134933653297,-0.033097170569753205,5.5495102191196406e-05,0.39898643535111056,-0.0043822745107922004,0.0028348830191176717,drive
0.5200000000000004,p3_m1,23.01022911157228,0.6923018761623256,0.7285942987058279,0.06701726629711494,5.5495102191196406e-05,0.39898643535111056,-0.0043822745107922004,0.0028348830191176717,drive
0.5200000000000004,p3_m2,0.0,-0.0010977844395951117,-0.0010663407545182277,3.322836055277665e-06,5.5495102191196406e-05,0.39898643535111056,-0.0043822745107922004,0.0028348830191176717,drive
0.5200000000000004,p3_m3,0.0,6.233468725378412e-05,4.850902657162321e-05,-1.9993359126985199e-07,5.5495102191196406e-05,0.39898643535111056,-0.0043822745107922004,0.0028348830191176717,drive
0.5300000000000004,p0_m0,22.679392500139496,0.7807496011136547,0.8184980954677575,0.06574730740413427,5.33512403504563e-05,0.4070638998033604,-0.004424794424796911,0.0028340753139020703,drive
0.5300000000000004,p0_m1,-11.13280112919299,-0.3969890216573548,-0.4162231438651423,-0.032233905219347964,5.33512403504563e-05,0.4070638998033604,-0.004424794424796911,0.0028340753139020703,drive
0.5300000000000004,p0_m2,0.0,0.00015029193617312856,0.00013421671951535034,-4.618063262089828e-07,5.33512403504563e-05,0.4070638998033604,-0.004424794424796911,0.0028340753139020703,drive
0.5300000000000004,p0_m3,0.0,-0.0011063981573096772,-0.0010762172957576603,3.342169288248463e-06,5.33512403504563e-05,0.4070638998033604,-0.004424794424796911,0.0028340753139020703,drive
0.5300000000000004,p1_m0,22.840909891176373,0.7637007238965041,0.8001713606663536,0.06628714188276474,5.33512403504563e-05,0.4070638998033604,-0.004424794424796911,0.0028340753139020703,drive
0.5300000000000004,p1_m1,0.0,-7.597191300589243e-05,-6.46518673145357e-05,2.3717369605972984e-07,5.33512403504563e-05,0.4070638998033604,-0.004424794424796911,0.0028340753139020703,drive
0.5300000000000004,p1_m2,11.14181582483323,0.39698796950787524,0.4162244879233598,0.03226095353280476,5.33512403504563e-05,0.4070638998033604,-0.004424794424796911,0.0028340753139020703,drive
0.5300000000000004,p1_m3,0.0,0.0004602745231818435,0.00048072499105817566,-1.3634292322606133e-06,5.33512403504563e-05,0.4070638998033604,-0.004424794424796911,0.0028340753139020703,drive
0.5300000000000004,p2_m0,0.0,1.803631162847721e-05,2.6378509430080314e-05,-4.525384873823095e-08,5.33512403504563e-05,0.4070638998033604,-0.004424794424796911,0.0028340753139020703,drive
0.5300000000000004,p2_m1,22.659069510910058,0.7807789614377119,0.8185253690858848,0.06568624902282195,5.33512403504563e-05,0.4070638998033604,-0.004424794424796911,0.0028340753139020703,drive
0.5300000000000004,p2_m2,0.0,0.0005604760184962801,0.0005800380112202455,-1.6645364241288796e-06,5.33512403504563e-05,0.4070638998033604,-0.004424794424796911,0.0028340753139020703,drive
0.5300000000000004,p2_m3,11.14045390929663,0.39699252124904605,0.4162273319677102,0.032256852597284225,5.33512403504563e-05,0.4070638998033604,-0.004424794424796911,0.0028340753139020703,drive
0.5300000000000004,p3_m0,-11.152142990948597,-0.3969875285027044,-0.4162231251916363,-0.03229193727197878,5.33512403504563e-05,0.4070638998033604,-0.004424794424796911,0.0028340753139020703,drive
0.5300000000000004,p3_m1,22.56056517364935,0.7817616918912156,0.8187529180466547,0.06539228644710271,5.33512403504563e-05,0.4070638998033604,-0.004424794424796911,0.0028340753139020703,drive
0.5300000000000004,p3_m2,0.0,-0.0009210392676660921,-0.0008918469781191476,2.7852751649896957e-06,5.33512403504563e-05,0.4070638998033604,-0.004424794424796911,0.0028340753139020703,drive
0.5300000000000004,p3_m3,0.0,-1.7288107738653934e-05,-2.9953841294156955e-05,4.214128556808423e-08,5.33512403504563e-05,0.4070638998033604,-0.004424794424796911,0.0028340753139020703,drive
0.5400000000000004,p0_m0,22.13550093144248,0.8194353059053774,0.8556124830533245,0.0639880749267526,5.103129819028498e-05,0.41578308113967904,-0.0044856125674217154,0.0028327448744475997,drive
0.5400000000000004,p0_m1,-10.859131829034425,-0.417523497046232,-0.43602274648764877,-0.031345567302142,5.103129819028498e-05,0.41578308113967904,-0.0044856125674217154,0.0028327448744475997,drive
0.5400000000000004,p0_m2,0.0,6.85181509093836e-05,5.4468779187043196e-05,-2.1224829644350947e-07,5.103129819028498e-05,0.41578308113967904,-0.0044856125674217154,0.0028327448744475997,drive
0.5400000000000004,p0_m3,0.0,-0.0009277851939147634,-0.0009031745473122934,2.7966741044446016e-06,5.103129819028498e-05,0.41578308113967904,-0.0044856125674217154,0.0028327448744475997,drive
0.5400000000000004,p1_m0,22.306378838390852,0.8077631436768463,0.8427626574061569,0.0645409318598263,5.103129819028498e-05,0.41578308113967904,-0.0044856125674217154,0.0028327448744475997,drive
0.5400000000000004,p1_m1,0.0,-4.962558410993363e-07,9.140537074576243e-06,6.909198143394014e-09,5.103129819028498e-05,0.41578308113967904,-0.0044856125674217154,0.0028327448744475997,drive
0.5400000000000004,p1_m2,10.868118452058866,0.41752248916989804,0.4360237999645015,0.031372531123179795,5.103129819028498e-05,0.41578308113967904,-0.0044856125674217154,0.0028327448744475997,drive
0.5400000000000004,p1_m3,0.0,0.000603372904898754,0.000620437943478567,-1.799740276355788e-06,5.103129819028498e-05,0.41578308113967904,-0.0044856125674217154,0.0028327448744475997,drive
0.5400000000000004,p2_m0,0.0,9.55667515656614e-05,0.00010195117777608832,-2.8150576176014067e-07,5.103129819028498e-05,0.41578308113967904,-0.0044856125674217154,0.0028327448744475997,drive
0.5400000000000004,p2_m1,22.115229113138746,0.8194596084783181,0.8556346563945807,0.06392718548694279,5.103129819028498e-05,0.41578308113967904,-0.0044856125674217154,0.0028327448744475997,drive
0.5400000000000004,p2_m2,0.0,0.0006994495258164986,0.000715889634172146,-2.0881523399212646e-06,5.103129819028498e-05,0.41578308113967904,-0.0044856125674217154,0.0028327448744475997,drive
0.5400000000000004,p2_m3,10.866759105727589,0.4175271231682372,0.43602670687468664,0.031368437342634434,5.103129819028498e-05,0.41578308113967904,-0.0044856125674217154,0.0028327448744475997,drive
0.5400000000000004,p3_m0,-10.878413653284394,-0.4175222473737298,-0.4360229645714801,-0.03140341812794205,5.103129819028498e-05,0.41578308113967904,-0.0044856125674217154,0.0028327448744475997,drive
0.5400000000000004,p3_m1,22.00338399371185,0.8120715160278892,0.8470416290443847,0.0636191931648699,5.103129819028498e-05,0.41578308113967904,-0.0044856125674217154,0.0028327448744475997,drive
0.5400000000000004,p3_m2,0.0,-0.0007499624297854411,-0.0007261958937311393,2.2627463077567802e-06,5.103129819028498e-05,0.41578308113967904,-0.0044856125674217154,0.0028327448744475997,drive
0.5400000000000004,p3_m3,0.0,-9.53386223062992e-05,-0.00010543980751694676,2.803601485568102e-07,5.103129819028498e-05,0.41578308113967904,-0.0044856125674217154,0.0028327448744475997,drive
0.5500000000000004,p0_m0,21.531238695646273,0.7423426068741587,0.7537901992660964,0.06221013936096201,4.873863159890826e-05,0.4245086653031496,-0.0045614291088564955,0.002830926129673163,drive
0.5500000000000004,p0_m1,-10.55410306382982,-0.3901957436232422,-0.3998744242949707,-0.03044556019061687,4.873863159890826e-05,0.4245086653031496,-0.0045614291088564955,0.002830926129673163,drive
0.5500000000000004,p0_m2,0.0,0.00021198411909956427,0.00036605293720463466,9.632774980431405e-09,4.873863159890826e-05,0.4245086653031496,-0.0045614291088564955,0.002830926129673163,drive
0.5500000000000004,p0_m3,0.0,0.00037236308478111416,0.001121462802458096,2.312238952672991e-06,4.873863159890826e-05,0.4245086653031496,-0.0045614291088564955,0.002830926129673163,drive
0.5500000000000004,p1_m0,21.704358067373015,0.8114875117840932,0.8476227771019251,0.06275263019281563,4.873863159890826e-05,0.4245086653031496,-0.0045614291088564955,0.002830926129673163,drive
0.5500000000000004,p1_m1,0.0,0.0007705102120737069,0.001187746582113837,-2.0014358757696992e-07,4.873863159890826e-05,0.4245086653031496,-0.0045614291088564955,0.002830926129673163,drive
0.5500000000000004,p1_m2,10.56306159986632,0.38998853654060744,0.3996835390133918,0.030472439952433605,4.873863159890826e-05,0.4245086653031496,-0.0045614291088564955,0.002830926129673163,drive
0.5500000000000004,p1_m3,0.0,0.00048350493344940636,0.000201253167104354,-2.1951762544755745e-06,4.873863159890826e-05,0.4245086653031496,-0.0045614291088564955,0.002830926129673163,drive
0.5500000000000004,p2_m0,0.0,0.000885050544576995,0.0013081844973782768,-4.983050029604801e-07,4.873863159890826e-05,0.4245086653031496,-0.0045614291088564955,0.002830926129673163,drive
0.5500000000000004,p2_m1,21.511023600229365,0.7617185472767537,0.7798245621959101,0.062149436935916264,4.873863159890826e-05,0.4245086653031496,-0.0045614291088564955,0.002830926129673163,drive
0.5500000000000004,p2_m2,0.0,0.0006221191129040964,0.000374096324321679,-2.472862462902142e-06,4.873863159890826e-05,0.4245086653031496,-0.0045614291088564955,0.002830926129673163,drive
0.5500000000000004,p2_m3,10.56170448504865,0.38997865691828065,0.3996696136048534,0.030468353206065592,4.873863159890826e-05,0.4245086653031496,-0.0045614291088564955,0.002830926129673163,drive
0.5500000000000004,p3_m0,-10.573324453205089,-0.3901910161530718,-0.3998689939845116,-0.030503229776383187,4.873863159890826e-05,0.4245086653031496,-0.0045614291088564955,0.002830926129673163,drive
0.5500000000000004,p3_m1,21.391222293773538,0.7506072353191168,0.7684420782668536,0.06184044038082034,4.873863159890826e-05,0.4245086653031496,-0.0045614291088564955,0.002830926129673163,drive
0.5500000000000004,p3_m2,0.0,0.0004905628202294631,0.0012058224768325835,1.7993851474439997e-06,4.873863159890826e-05,0.4245086653031496,-0.0045614291088564955,0.002830926129673163,drive
0.5500000000000004,p3_m3,0.0,9.131544152768684e-05,0.0002755895969153552,4.947376864350778e-07,4.873863159890826e-05,0.4245086653031496,-0.0045614291088564955,0.002830926129673163,drive
0.5600000000000004,p0_m0,20.922289541562556,0.47444512101604924,0.4805041673889064,0.06134422885584819,2.0792934033549445e-05,0.43151511362824374,-0.004628851042841061,0.0028285181306067463,drive
0.5600000000000004,p0_m1,-10.24477513931502,-0.26187918608764127,-0.26700957050814406,-0.029945889561136137,2.0792934033549445e-05,0.43151511362824374,-0.004628851042841061,0.0028285181306067463,drive
0.5600000000000004,p0_m2,0.0,-0.000296144635225707,-0.0003322812561445259,9.430988709370979e-07,2.0792934033549445e-05,0.43151511362824374,-0.004628851042841061,0.0028285181306067463,drive
0.5600000000000004,p0_m3,0.0,0.0012494064797944162,0.0013417356511593909,-3.853037294738932e-06,2.0792934033549445e-05,0.43151511362824374,-0.004628851042841061,0.0028285181306067463,drive
0.5600000000000004,p1_m0,21.083389560937974,0.6599957543463965,0.656544575973079,0.061209722346555265,2.0792934033549445e-05,0.43151511362824374,-0.004628851042841061,0.0028285181306067463,drive
0.5600000000000004,p1_m1,0.0,0.00013395324457677148,4.555108816103772e-05,-4.535304540608421e-07,2.0792934033549445e-05,0.43151511362824374,-0.004628851042841061,0.0028285181306067463,drive
0.5600000000000004,p1_m2,10.253726637328867,0.26191990372136653,0.2670423554190151,0.02997259738567818,2.0792934033549445e-05,0.43151511362824374,-0.004628851042841061,0.0028285181306067463,drive
0.5600000000000004,p1_m3,0.0,-0.00047509791931343143,-0.000638913950903303,1.337933530091736e-06,2.0792934033549445e-05,0.43151511362824374,-0.004628851042841061,0.0028285181306067463,drive
0.5600000000000004,p2_m0,0.0,0.0003064612660932329,0.00023326904691895435,-9.634013414963571e-07,2.0792934033549445e-05,0.43151511362824374,-0.004628851042841061,0.0028285181306067463,drive
0.5600000000000004,p2_m1,20.900171844378058,0.4855867277110039,0.48931955425388984,0.06123942220247336,2.0792934033549445e-05,0.43151511362824374,-0.004628851042841061,0.0028285181306067463,drive
0.5600000000000004,p2_m2,0.0,-0.00030835893305828505,-0.00046621747683917345,8.382806212462665e-07,2.0792934033549445e-05,0.43151511362824374,-0.004628851042841061,0.0028285181306067463,drive
0.5600000000000004,p2_m3,10.252373155295317,0.2619152000564994,0.2670367846586351,0.02996855188736369,2.0792934033549445e-05,0.43151511362824374,-0.004628851042841061,0.0028285181306067463,drive
0.5600000000000004,p3_m0,-10.263936500403965,-0.2618713852479401,-0.2670043719934309,-0.03000339970912964,2.0792934033549445e-05,0.43151511362824374,-0.004628851042841061,0.0028285181306067463,drive
0.5600000000000004,p3_m1,20.77792872254495,0.5107955129430407,0.5324618478834471,0.06082246455914975,2.0792934033549445e-05,0.43151511362824374,-0.004628851042841061,0.0028285181306067463,drive
0.5600000000000004,p3_m2,0.0,0.0013347230692765046,0.001420050923556137,-4.108482827148489e-06,2.0792934033549445e-05,0.43151511362824374,-0.004628851042841061,0.0028285181306067463,drive
0.5600000000000004,p3_m3,0.0,-0.00046119690079207313,-0.0005048688855074659,1.4292911808837935e-06,2.0792934033549445e-05,0.43151511362824374,-0.004628851042841061,0.0028285181306067463,drive
0.5700000000000004,p0_m0,20.529210565774783,0.42583451309083264,0.43703121893214164,0.060306529244118966,6.9662099015333e-06,0.4366340075837136,-0.004673722026058847,0.002824349182207271,drive
0.5700000000000004,p0_m1,-10.039017485087584,-0.21161385943212857,-0.21684182003060556,-0.029479947634642078,6.9662099015333e-06,0.4366340075837136,-0.004673722026058847,0.002824349182207271,drive
0.5700000000000004,p0_m2,0.0,-0.00018298814077842345,-0.00015656327018750553,5.803309056701324e-07,6.9662099015333e-06,0.4366340075837136,-0.004673722026058847,0.002824349182207271,drive
0.5700000000000004,p0_m3,0.0,0.000999235236594165,0.0009352266292569106,-3.0800181126672364e-06,6.9662099015333e-06,0.4366340075837136,-0.004673722026058847,0.002824349182207271,drive
0.5700000000000004,p1_m0,20.466721225109005,0.39167642777252437,0.39425588363652325,0.06020206846567258,6.9662099015333e-06,0.4366340075837136,-0.004673722026058847,0.002824349182207271,drive
0.5700000000000004,p1_m1,0.0,0.00013055410578723377,0.00012520495952097268,-3.934764376739669e-07,6.9662099015333e-06,0.4366340075837136,-0.004673722026058847,0.002824349182207271,drive
0.5700000000000004,p1_m2,10.047914379488692,0.21160779328098703,0.21683412165404084,0.02950665385104,6.9662099015333e-06,0.4366340075837136,-0.004673722026058847,0.002824349182207271,drive
0.5700000000000004,p1_m3,0.0,-0.0005288310390965801,-0.0005499317332252672,1.572570273204106e-06,6.9662099015333e-06,0.4366340075837136,-0.004673722026058847,0.002824349182207271,drive
0.5700000000000004,p2_m0,0.0,0.00028707843363645136,0.0002769773519262951,-8.732353801457375e-07,6.9662099015333e-06,0.4366340075837136,-0.004673722026058847,0.002824349182207271,drive
0.5700000000000004,p2_m1,20.48398164062869,0.4367440316936733,0.4491755827971827,0.06013896786328219,6.9662099015333e-06,0.4366340075837136,-0.004673722026058847,0.002824349182207271,drive
0.5700000000000004,p2_m2,0.0,-0.0003538731948599741,-0.0003719863758930332,1.049561243348589e-06,6.9662099015333e-06,0.4366340075837136,-0.004673722026058847,0.002824349182207271,drive
0.5700000000000004,p2_m3,10.046572911917512,0.21161074081484818,0.21683651026929415,0.029502621090711657,6.9662099015333e-06,0.4366340075837136,-0.004673722026058847,0.002824349182207271,drive
0.5700000000000004,p3_m0,-10.058125282994755,-0.21161475800964738,-0.21684596992312719,-0.02953727155274664,6.9662099015333e-06,0.4366340075837136,-0.004673722026058847,0.002824349182207271,drive
0.5700000000000004,p3_m1,20.408205816145248,0.40859466386822363,0.4139876498142106,0.05997947178100049,6.9662099015333e-06,0.4366340075837136,-0.004673722026058847,0.002824349182207271,drive
0.5700000000000004,p3_m2,0.0,0.0010767975410620246,0.0010105424480097373,-3.31258457215471e-06,6.9662099015333e-06,0.4366340075837136,-0.004673722026058847,0.002824349182207271,drive
0.5700000000000004,p3_m3,0.0,-0.00029155734709233476,-0.0002480995889890134,9.242533330898308e-07,6.9662099015333e-06,0.4366340075837136,-0.004673722026058847,0.002824349182207271,drive
0.5800000000000004,p0_m0,20.215222474354228,0.3202255216665136,0.3192849408172686,0.05965785040376889,4.039544815193003e-06,0.44044141836114725,-0.004701901464785816,0.0028203286236692425,drive
0.5800000000000004,p0_m1,-9.887043006934086,-0.1666477408357728,-0.16940390777625974,-0.0291564072203982,4.039544815193003e-06,0.44044141836114725,-0.004701901464785816,0.0028203286236692425,drive
0.5800000000000004,p0_m2,0.0,-0.00014077767357645467,-0.0001284508236688567,4.30625414550658e-07,4.039544815193003e-06,0.44044141836114725,-0.004701901464785816,0.0028203286236692425,drive
0.5800000000000004,p0_m3,0.0,0.0008229873131407633,0.000759998487605789,-2.541970912039056e-06,4.039544815193003e-06,0.44044141836114725,-0.004701901464785816,0.0028203286236692425,drive
0.5800000000000004,p1_m0,20.148831165383985,0.27982294528598267,0.2826695499515058,0.059596650692620996,4.039544815193003e-06,0.44044141836114725,-0.004701901464785816,0.0028203286236692425,drive
0.5800000000000004,p1_m1,0.0,0.0001632187600179096,0.00017005602730679251,-4.874537039536852e-07,4.039544815193003e-06,0.44044141836114725,-0.004701901464785816,0.0028203286236692425,drive
0.5800000000000004,p1_m2,9.895905862137896,0.1666380968983269,0.1693955200787281,0.029183028286382872,4.039544815193003e-06,0.44044141836114725,-0.004701901464785816,0.0028203286236692425,drive
0.5800000000000004,p1_m3,0.0,-0.0004465900263313237,-0.00041188445997458213,1.3953082033943138e-06,4.039544815193003e-06,0.44044141836114725,-0.004701901464785816,0.0028203286236692425,drive
0.5800000000000004,p2_m0,0.0,0.0002541827547782578,0.0002401119658370174,-7.757608213838808e-07,4.039544815193003e-06,0.44044141836114725,-0.004701901464785816,0.0028203286236692425,drive
0.5800000000000004,p2_m1,20.162567724051566,0.32308048592400007,0.3211165570406316,0.059487892109339066,4.039544815193003e-06,0.44044141836114725,-0.004701901464785816,0.0028203286236692425,drive
0.5800000000000004,p2_m2,0.0,-0.00029199955663641056,-0.00026572993533110427,9.221520892853816e-07,4.039544815193003e-06,0.44044141836114725,-0.004701901464785816,0.0028203286236692425,drive
0.5800000000000004,p2_m3,9.894569053928905,0.16664660999113523,0.16940392989666436,0.029178990558107562,4.039544815193003e-06,0.44044141836114725,-0.004701901464785816,0.0028203286236692425,drive
0.5800000000000004,p3_m0,-9.906090369251979,-0.16664288186553777,-0.1694009937785673,-0.02921356498574921,4.039544815193003e-06,0.44044141836114725,-0.004701901464785816,0.0028203286236692425,drive
0.5800000000000004,p3_m1,20.092494205407938,0.2937150646109945,0.2975679667975989,0.05939264129483991,4.039544815193003e-06,0.44044141836114725,-0.004701901464785816,0.0028203286236692425,drive
0.5800000000000004,p3_m2,0.0,0.0009223774338503847,0.000868500885410349,-2.8301316349920852e-06,4.039544815193003e-06,0.44044141836114725,-0.004701901464785816,0.0028203286236692425,drive
0.5800000000000004,p3_m3,0.0,-0.0002429775128724363,-0.00023543493653580702,7.256405441207881e-07,4.039544815193003e-06,0.44044141836114725,-0.004701901464785816,0.0028203286236692425,drive
0.5900000000000004,p0_m0,19.96225110425197,0.20573422649423156,0.203115228503198,0.059250511657219104,6.547068511040375e-06,0.44310217347876235,-0.004716336598417054,0.002817698709133289,drive
0.5900000000000004,p0_m1,-9.771402280196371,-0.11947927528249375,-0.11963644064856724,-0.028947325260015134,6.547068511040375e-06,0.44310217347876235,-0.004716336598417054,0.002817698709133289,drive
0.5900000000000004,p0_m2,0.0,-0.00012317063664114158,-0.00011400538108946221,3.8315882919333187e-07,6.547068511040375e-06,0.44310217347876235,-0.004716336598417054,0.002817698709133289,drive
0.5900000000000004,p0_m3,0.0,0.0005861925920650308,0.0005075698573214139,-1.8421439092469874e-06,6.547068511040375e-06,0.44310217347876235,-0.004716336598417054,0.002817698709133289,drive
0.5900000000000004,p1_m0,19.950464195839032,0.21259026118481564,0.2141179463400156,0.05920447465152765,6.547068511040375e-06,0.44310217347876235,-0.004716336598417054,0.002817698709133289,drive
0.5900000000000004,p1_m1,0.0,0.00017531987760066733,0.00017499564939903395,-5.298299887212026e-07,6.547068511040375e-06,0.44310217347876235,-0.004716336598417054,0.002817698709133289,drive
0.5900000000000004,p1_m2,9.78024662231148,0.11947339237259907,0.1196322351163064,0.028973877070694543,6.547068511040375e-06,0.44310217347876235,-0.004716336598417054,0.002817698709133289,drive
0.5900000000000004,p1_m3,0.0,-0.0001967424890322007,-0.00013018056370602875,6.487075600296279e-07,6.547068511040375e-06,0.44310217347876235,-0.004716336598417054,0.002817698709133289,drive
0.5900000000000004,p2_m0,0.0,0.00027271295096593093,0.0002760835169118682,-8.14844339248062e-07,6.547068511040375e-06,0.44310217347876235,-0.004716336598417054,0.002817698709133289,drive
0.5900000000000004,p2_m1,19.901889190010884,0.20700845810491378,0.2047840693680352,0.0590664180930111,6.547068511040375e-06,0.44310217347876235,-0.004716336598417054,0.002817698709133289,drive
0.5900000000000004,p2_m2,0.0,-5.588273013408229e-05,7.843355808009413e-06,2.2461356121576618e-07,6.547068511040375e-06,0.44310217347876235,-0.004716336598417054,0.002817698709133289,drive
0.5900000000000004,p2_m3,9.778909864576363,0.11947468260615023,0.11963244341043922,0.028969860961120537,6.547068511040375e-06,0.44310217347876235,-0.004716336598417054,0.002817698709133289,drive
0.5900000000000004,p3_m0,-9.790389975161492,-0.11947279292047841,-0.11963304195535694,-0.029004310485032082,6.547068511040375e-06,0.44310217347876235,-0.004716336598417054,0.002817698709133289,drive
0.5900000000000004,p3_m1,19.882058377857266,0.22771609475049703,0.2279438059143154,0.05894533590249983,6.547068511040375e-06,0.44310217347876235,-0.004716336598417054,0.002817698709133289,drive
0.5900000000000004,p3_m2,0.0,0.0006986731843803799,0.0006232909165532435,-2.1772332824053314e-06,6.547068511040375e-06,0.44310217347876235,-0.004716336598417054,0.002817698709133289,drive
0.5900000000000004,p3_m3,0.0,-0.00024831882392044595,-0.0002443078850499209,7.535675035695137e-07,6.547068511040375e-06,0.44310217347876235,-0.004716336598417054,0.002817698709133289,drive
0.6000000000000004,p0_m0,19.819628050355632,0.13703243426569364,0.1346431545040312,0.0590339051094527,1.1707071880334197e-05,0.44464856772501415,-0.004721316136122585,0.002815935173542834,drive
0.6000000000000004,p0_m1,-9.694238167501123,-0.06979193709307176,-0.06750815397128024,-0.028862734984632845,1.1707071880334197e-05,0.44464856772501415,-0.004721316136122585,0.002815935173542834,drive
0.6000000000000004,p0_m2,0.0,-8.900864181081608e-05,-7.872334286793856e-05,2.792534798692193e-07,1.1707071880334197e-05,0.44464856772501415,-0.004721316136122585,0.002815935173542834,drive
0.6000000000000004,p0_m3,0.0,0.0003542629792609917,0.0002851018305298289,-1.130454048657448e-06,1.1707071880334197e-05,0.44464856772501415,-0.004721316136122585,0.002815935173542834,drive
0.6000000000000004,p1_m0,19.818538555403155,0.14153691122617848,0.13831324829767416,0.05901432068738887,1.1707071880334197e-05,0.44464856772501415,-0.004721316136122585,0.002815935173542834,drive
0.6000000000000004,p1_m1,0.0,0.00016434393615683563,0.0001599659267081427,-5.015184688595223e-07,1.1707071880334197e-05,0.44464856772501415,-0.004721316136122585,0.002815935173542834,drive
0.6000000000000004,p1_m2,9.7030595604048,0.06978719455122157,0.06750470856094191,0.028889215188104736,1.1707071880334197e-05,0.44464856772501415,-0.004721316136122585,0.002815935173542834,drive
0.6000000000000004,p1_m3,0.0,-3.8098647854493624e-05,4.6162688679424275e-06,1.4241648177046937e-07,1.1707071880334197e-05,0.44464856772501415,-0.004721316136122585,0.002815935173542834,drive
0.6000000000000004,p2_m0,0.0,0.0002750177551009671,0.0002733648169669867,-8.315702435308269e-07,1.1707071880334197e-05,0.44464856772501415,-0.004721316136122585,0.002815935173542834,drive
0.6000000000000004,p2_m1,19.75863352541723,0.13403595996312936,0.1306846863678349,0.058856551345790625,1.1707071880334197e-05,0.44464856772501415,-0.004721316136122585,0.002815935173542834,drive
0.6000000000000004,p2_m2,0.0,9.795564594351677e-05,0.00013933907777493532,-2.666839241690631e-07,1.1707071880334197e-05,0.44464856772501415,-0.004721316136122585,0.002815935173542834,drive
0.6000000000000004,p2_m3,9.701725397240446,0.06978723009174101,0.0675044990459007,0.028885212097218962,1.1707071880334197e-05,0.44464856772501415,-0.004721316136122585,0.002815935173542834,drive
0.6000000000000004,p3_m0,-9.713171765884415,-0.06978602260031626,-0.06750553904850964,-0.0289195563584685,1.1707071880334197e-05,0.44464856772501415,-0.004721316136122585,0.002815935173542834,drive
0.6000000000000004,p3_m1,19.72980218324801,0.12094191197875506,0.1144904533551501,0.05880314173515222,1.1707071880334197e-05,0.44464856772501415,-0.004721316136122585,0.002815935173542834,drive
0.6000000000000004,p3_m2,0.0,0.00047405483996655325,0.0004072298949364429,-1.4873962509300194e-06,1.1707071880334197e-05,0.44464856772501415,-0.004721316136122585,0.002815935173542834,drive
0.6000000000000004,p3_m3,0.0,-0.00022401957814216928,-0.00021581604402834214,6.825369672621575e-07,1.1707071880334197e-05,0.44464856772501415,-0.004721316136122585,0.002815935173542834,drive
0.6100000000000004,p0_m0,19.751869547379034,0.07814772115097095,0.07313488564330499,0.059004878404301804,1.6550300653140604e-05,0.44524014295848685,-0.0047196860341780465,0.0028147701831156622,drive
0.6100000000000004,p0_m1,-9.659211633749297,-0.026085392148207372,-0.022297466210633398,-0.02888890641758126,1.6550300653140604e-05,0.44524014295848685,-0.0047196860341780465,0.0028147701831156622,drive
0.6100000000000004,p0_m2,0.0,-5.661369528129973e-05,-4.770770654694334e-05,1.80066043311274e-07,1.6550300653140604e-05,0.44524014295848685,-0.0047196860341780465,0.0028147701831156622,drive
0.6100000000000004,p0_m3,0.0,0.00017210789577171203,0.00012042907400022828,-5.657239461067547e-07,1.6550300653140604e-05,0.44524014295848685,-0.0047196860341780465,0.0028147701831156622,drive
0.6100000000000004,p1_m0,19.742740129707478,0.06761161881827275,0.06150371712535408,0.05900714668284315,1.6550300653140604e-05,0.44524014295848685,-0.0047196860341780465,0.0028147701831156622,drive
0.6100000000000004,p1_m1,0.0,0.00013715504032031295,0.0001301276996497073,-4.213947224053731e-07,1.6550300653140604e-05,0.44524014295848685,-0.0047196860341780465,0.0028147701831156622,drive
0.6100000000000004,p1_m2,9.668009140183491,0.02608213776229302,0.022295166786786592,0.028915310374111134,1.6550300653140604e-05,0.44524014295848685,-0.0047196860341780465,0.0028147701831156622,drive
0.6100000000000004,p1_m3,0.0,2.885961472363669e-05,4.9238510094157274e-05,-7.680617405094592e-08,1.6550300653140604e-05,0.44524014295848685,-0.0047196860341780465,0.0028147701831156622,drive
0.6100000000000004,p2_m0,0.0,0.0002518580793502407,0.00024577965190919227,-7.647628183900186e-07,1.6550300653140604e-05,0.44524014295848685,-0.0047196860341780465,0.0028147701831156622,drive
0.6100000000000004,p2_m1,19.690046233508394,0.06391242973812365,0.05755249394258058,0.05885955192173007,1.6550300653140604e-05,0.44524014295848685,-0.0047196860341780465,0.0028147701831156622,drive
0.6100000000000004,p2_m2,0.0,0.00016233969003996606,0.00018200242460754924,-4.777140441217668e-07,1.6550300653140604e-05,0.44524014295848685,-0.0047196860341780465,0.0028147701831156622,drive
0.6100000000000004,p2_m3,9.666681835152072,0.026082443631798336,0.02229528536879264,0.028911327039513494,1.6550300653140604e-05,0.44524014295848685,-0.0047196860341780465,0.0028147701831156622,drive
0.6100000000000004,p3_m0,-9.678090802841709,-0.026079338730483723,-0.022294846331243064,-0.028945564983857735,1.6550300653140604e-05,0.44524014295848685,-0.0047196860341780465,0.0028147701831156622,drive
0.6100000000000004,p3_m1,19.661573126091664,0.03645819617938642,0.02901522609927615,0.058856264293760126,1.6550300653140604e-05,0.44524014295848685,-0.0047196860341780465,0.0028147701831156622,drive
0.6100000000000004,p3_m2,0.0,0.00029884427005481124,0.00024912544719876055,-9.439549750687005e-07,1.6550300653140604e-05,0.44524014295848685,-0.0047196860341780465,0.0028147701831156622,drive
0.6100000000000004,p3_m3,0.0,-0.00019626361024257234,-0.00018842276687170431,5.978014407797921e-07,1.6550300653140604e-05,0.44524014295848685,-0.0047196860341780465,0.0028147701831156622,drive
0.6200000000000004,p0_m0,19.736947392629503,0.01981532223575285,0.012678895761595973,0.05913470820548017,2.0190158591709885e-05,0.445107801696828,-0.004713869209410084,0.0028142478921965126,drive
0.6200000000000004,p0_m1,-9.664392607595016,0.006621881655916149,0.011221506849498486,-0.029003735514897287,2.0190158591709885e-05,0.445107801696828,-0.004713869209410084,0.0028142478921965126,drive
0.6200000000000004,p0_m2,0.0,-2.5793308036722125e-05,-1.8129490466646628e-05,8.5424076388974e-08,2.0190158591709885e-05,0.445107801696828,-0.004713869209410084,0.0028142478921965126,drive
0.6200000000000004,p0_m3,0.0,3.662107453099446e-05,5.836794562439315e-07,-1.43294036191971e-07,2.0190158591709885e-05,0.445107801696828,-0.004713869209410084,0.0028142478921965126,drive
0.6200000000000004,p1_m0,19.73359490650547,0.0054033985984792135,-0.00252654513930477,0.05916681114651616,2.0190158591709885e-05,0.445107801696828,-0.004713869209410084,0.0028142478921965126,drive
0.6200000000000004,p1_m1,0.0,0.00010572174312271609,9.862079286043071e-05,-3.256344471355361e-07,2.0190158591709885e-05,0.445107801696828,-0.004713869209410084,0.0028142478921965126,drive
0.6200000000000004,p1_m2,9.673164930887797,-0.006624646001261699,-0.011223367430273728,0.02903006233059421,2.0190158591709885e-05,0.445107801696828,-0.004713869209410084,0.0028142478921965126,drive
0.6200000000000004,p1_m3,0.0,4.230796728019184e-05,4.949361583327196e-05,-1.2611648657886714e-07,2.0190158591709885e-05,0.445107801696828,-0.004713869209410084,0.0028142478921965126,drive
0.6200000000000004,p2_m0,0.0,0.00022244596172118036,0.0002159781573787099,-6.754588883667421e-07,2.0190158591709885e-05,0.445107801696828,-0.004713869209410084,0.0028142478921965126,drive
0.6200000000000004,p2_m1,19.684333841254997,0.0027238800615040355,-0.004994151663118621,0.0590282523647034,2.0190158591709885e-05,0.445107801696828,-0.004713869209410084,0.0028142478921965126,drive
0.6200000000000004,p2_m2,0.0,0.00017484860526554668,0.00018171794172605808,-5.239020728837126e-07,2.0190158591709885e-05,0.445107801696828,-0.004713869209410084,0.0028142478921965126,drive
0.6200000000000004,p2_m3,9.671844168311003,-0.006624557569959583,-0.01122338271594742,0.02902609944136081,2.0190158591709885e-05,0.445107801696828,-0.004713869209410084,0.0028142478921965126,drive
0.6200000000000004,p3_m0,-9.683217714968976,0.0066283229955389055,0.011224418494218864,-0.02906023328379318,2.0190158591709885e-05,0.445107801696828,-0.004713869209410084,0.0028142478921965126,drive
0.6200000000000004,p3_m1,19.679848415522493,-0.01984378506443268,-0.028216409320790573,0.059082449054462714,2.0190158591709885e-05,0.445107801696828,-0.004713869209410084,0.0028142478921965126,drive
0.6200000000000004,p3_m2,0.0,0.00016885691681355858,0.00013425396230978904,-5.386309188166242e-07,2.0190158591709885e-05,0.445107801696828,-0.004713869209410084,0.0028142478921965126,drive
0.6200000000000004,p3_m3,0.0,-0.00016933053735256555,-0.0001627249572434994,5.151363953703471e-07,2.0190158591709885e-05,0.445107801696828,-0.004713869209410084,0.0028142478921965126,drive
0.6300000000000004,p0_m0,19.77588113020535,-0.02812617799952637,-0.03613669911208696,0.05939773753269151,2.266042857416999e-05,0.44448985072628455,-0.004706005446069783,0.002814311538878236,drive
0.6300000000000004,p0_m1,-9.701442663873381,0.027884388117972742,0.03279431140284707,-0.029180204993524646,2.266042857416999e-05,0.44448985072628455,-0.004706005446069783,0.002814311538878236,drive
0.6300000000000004,p0_m2,0.0,1.3394584267798071e-06,7.446367494505649e-06,1.6470050829768304e-09,2.266042857416999e-05,0.44448985072628455,-0.004706005446069783,0.002814311538878236,drive
0.6300000000000004,p0_m3,0.0,-5.923194480030934e-05,-8.25614994461454e-05,1.5725735757015782e-07,2.266042857416999e-05,0.44448985072628455,-0.004706005446069783,0.002814311538878236,drive
0.6300000000000004,p1_m0,19.784335754598246,-0.04040628590964185,-0.04909471773908591,0.05945886824115966,2.266042857416999e-05,0.44448985072628455,-0.004706005446069783,0.002814311538878236,drive
0.6300000000000004,p1_m1,0.0,7.69733795357587e-05,7.114469052816788e-05,-2.3704301400723113e-07,2.266042857416999e-05,0.44448985072628455,-0.004706005446069783,0.002814311538878236,drive
0.6300000000000004,p1_m2,9.71018919245823,-0.027887124625775986,-0.032796019267586934,0.029206454333825883,2.266042857416999e-05,0.44448985072628455,-0.004706005446069783,0.002814311538878236,drive
0.6300000000000004,p1_m3,0.0,2.7305493544327155e-05,2.7451325403596638e-05,-8.498245967767015e-08,2.266042857416999e-05,0.44448985072628455,-0.004706005446069783,0.002814311538878236,drive
0.6300000000000004,p2_m0,0.0,0.00019452919124201954,0.00018918569334071345,-5.89614487826261e-07,2.266042857416999e-05,0.44448985072628455,-0.004706005446069783,0.002814311538878236,drive
0.6300000000000004,p2_m1,19.73892353118179,-0.04078481177085131,-0.048832974210307224,0.05932610309667465,2.266042857416999e-05,0.44448985072628455,-0.004706005446069783,0.002814311538878236,drive
0.6300000000000004,p2_m2,0.0,0.00015999453541259718,0.00016008351066366898,-4.83034136545653e-07,2.266042857416999e-05,0.44448985072628455,-0.004706005446069783,0.002814311538878236,drive
0.6300000000000004,p2_m3,9.708875272834337,-0.02788720640847656,-0.03279614148760994,0.02920251263134166,2.266042857416999e-05,0.44448985072628455,-0.004706005446069783,0.002814311538878236,drive
0.6300000000000004,p3_m0,-9.720214459488833,0.027891033438459237,0.032797373816137336,-0.029236543614162683,2.266042857416999e-05,0.44448985072628455,-0.004706005446069783,0.002814311538878236,drive
0.6300000000000004,p3_m1,19.756582053219738,-0.05598257094635927,-0.06468703727679968,0.05942382219828875,2.266042857416999e-05,0.44448985072628455,-0.004706005446069783,0.002814311538878236,drive
0.6300000000000004,p3_m2,0.0,7.694880162893218e-05,5.4555878381897724e-05,-2.504461286870345e-07,2.266042857416999e-05,0.44448985072628455,-0.004706005446069783,0.002814311538878236,drive
0.6300000000000004,p3_m3,0.0,-0.00014481654063510226,-0.00013959962509733535,4.396079265589278e-07,2.266042857416999e-05,0.44448985072628455,-0.004706005446069783,0.002814311538878236,drive
0.6400000000000005,p0_m0,19.863354565698994,-0.05916427056320889,-0.06706950017316034,0.059757008132173765,2.4207056615010488e-05,0.4435999701424017,-0.00469763267106677,0.0028148057992986785,drive
0.6400000000000005,p0_m1,-9.760489578098253,0.0390511091505349,0.043893036662920146,-0.029392474150248676,2.4207056615010488e-05,0.4435999701424017,-0.00469763267106677,0.0028148057992986785,drive
0.6400000000000005,p0_m2,0.0,2.389156376530649e-05,2.8412062916162482e-05,-6.816694645278226e-08,2.4207056615010488e-05,0.4435999701424017,-0.00469763267106677,0.0028148057992986785,drive
0.6400000000000005,p0_m3,0.0,-0.00012364116233032926,-0.00013725635467769424,3.6033189529368553e-07,2.4207056615010488e-05,0.4435999701424017,-0.00469763267106677,0.0028148057992986785,drive
0.6400000000000005,p1_m0,19.882374204252628,-0.06790053974723448,-0.0764963556149222,0.059838715191394734,2.4207056615010488e-05,0.4435999701424017,-0.00469763267106677,0.0028148057992986785,drive
0.6400000000000005,p1_m1,0.0,5.288090584742707e-05,4.857608972286723e-05,-1.6251442113760367e-07,2.4207056615010488e-05,0.4435999701424017,-0.00469763267106677,0.0028148057992986785,drive
0.6400000000000005,p1_m2,9.769210318818132,-0.039053901689947865,-0.04389464591941289,0.029418646308529382,2.4207056615010488e-05,0.4435999701424017,-0.00469763267106677,0.0028148057992986785,drive
0.6400000000000005,p1_m3,0.0,-1.674222680308858e-06,-4.974106338706419e-06,7.777981108053385e-10,2.4207056615010488e-05,0.4435999701424017,-0.00469763267106677,0.0028148057992986785,drive
0.6400000000000005,p2_m0,0.0,0.00017066409920785634,0.00016680660900508137,-5.15870241030057e-07,2.4207056615010488e-05,0.4435999701424017,-0.00469763267106677,0.0028148057992986785,drive
0.6400000000000005,p2_m1,19.840025275350456,-0.06620925963798749,-0.07397714460101185,0.059709392594491185,2.4207056615010488e-05,0.4435999701424017,-0.00469763267106677,0.0028148057992986785,drive
0.6400000000000005,p2_m2,0.0,0.00013181549468647554,0.00012861003505538544,-3.9958683378620285e-07,2.4207056615010488e-05,0.4435999701424017,-0.00469763267106677,0.0028148057992986785,drive
0.6400000000000005,p2_m3,9.767903557016748,-0.03905407824201266,-0.043894837279546364,0.029414726461928675,2.4207056615010488e-05,0.4435999701424017,-0.00469763267106677,0.0028148057992986785,drive
0.6400000000000005,p3_m0,-9.779208666778905,0.039057827903999524,0.04389616765496263,-0.029448654978120277,2.4207056615010488e-05,0.4435999701424017,-0.00469763267106677,0.0028148057992986785,drive
0.6400000000000005,p3_m1,19.87248458774021,-0.07427744413597522,-0.08263049920311889,0.05982949915298006,2.4207056615010488e-05,0.4435999701424017,-0.00469763267106677,0.0028148057992986785,drive
0.6400000000000005,p3_m2,0.0,1.5175848065515657e-05,2.0955063966867913e-06,-5.569682899577409e-08,2.4207056615010488e-05,0.4435999701424017,-0.00469763267106677,0.0028148057992986785,drive
0.6400000000000005,p3_m3,0.0,-0.00012381629099209065,-0.00012002504618662186,3.747307266480918e-07,2.4207056615010488e-05,0.4435999701424017,-0.00469763267106677,0.0028148057992986785,drive
0.6500000000000005,p0_m0,19.985888277771927,-0.07290533512836703,-0.08012860169916973,0.06016960848554938,2.50858488832884e-05,0.44261582096926644,-0.00468973085310501,0.002815545064056931,drive
0.6500000000000005,p0_m1,-9.83239764377074,0.04196635848097773,0.046460822166479135,-0.029618539439311403,2.50858488832884e-05,0.44261582096926644,-0.00468973085310501,0.002815545064056931,drive
0.6500000000000005,p0_m2,0.0,4.1782845901316875e-05,4.4867909904329836e-05,-1.236315866078169e-07,2.50858488832884e-05,0.44261582096926644,-0.00468973085310501,0.002815545064056931,drive
0.6500000000000005,p0_m3,0.0,-0.0001643619909171749,-0.0001709671026108474,4.89503840539519e-07,2.50858488832884e-05,0.44261582096926644,-0.00468973085310501,0.002815545064056931,drive
0.6500000000000005,p1_m0,20.01189961212727,-0.07872750329192094,-0.08668092481828728,0.060263097598762465,2.50858488832884e-05,0.44261582096926644,-0.00468973085310501,0.002815545064056931,drive
0.6500000000000005,p1_m1,0.0,3.372658848288666e-05,3.0827916826955814e-05,-1.0315696370890603e-07,2.50858488832884e-05,0.44261582096926644,-0.00468973085310501,0.002815545064056931,drive
0.6500000000000005,p1_m2,9.841092736974565,-0.04196919990416045,-0.04646234228603657,0.02964463481085395,2.50858488832884e-05,0.44261582096926644,-0.00468973085310501,0.002815545064056931,drive
0.6500000000000005,p1_m3,0.0,-3.566754675066264e-05,-4.0243318770700795e-05,1.030534806221149e-07,2.50858488832884e-05,0.44261582096926644,-0.00468973085310501,0.002815545064056931,drive
0.6500000000000005,p2_m0,0.0,0.00015147034702770444,0.00014901780141907237,-4.5643460812648156e-07,2.50858488832884e-05,0.44261582096926644,-0.00468973085310501,0.002815545064056931,drive
0.6500000000000005,p2_m1,19.971106527231264,-0.07578700089529762,-0.0828423224101552,0.06013483269491292,2.50858488832884e-05,0.44261582096926644,-0.00468973085310501,0.002815545064056931,drive
0.6500000000000005,p2_m2,0.0,9.894330191978983e-05,9.453353735657856e-05,-3.0064718447298286e-07,2.50858488832884e-05,0.44261582096926644,-0.00468973085310501,0.002815545064056931,drive
0.6500000000000005,p2_m3,9.839793324593112,-0.041969401856000746,-0.046462560625806344,0.02964073714876634,2.50858488832884e-05,0.44261582096926644,-0.00468973085310501,0.002815545064056931,drive
0.6500000000000005,p3_m0,-9.851064430936663,0.04197306138524985,0.046463964723669406,-0.029674563373946295,2.50858488832884e-05,0.44261582096926644,-0.00468973085310501,0.002815545064056931,drive
0.6500000000000005,p3_m1,20.011157727215533,-0.07772841202179767,-0.08529648008375965,0.0602588589240966,2.50858488832884e-05,0.44261582096926644,-0.00468973085310501,0.002815545064056931,drive
0.6500000000000005,p3_m2,0.0,-2.392012127144773e-05,-3.028678728252576e-05,6.830060955911748e-08,2.50858488832884e-05,0.44261582096926644,-0.00468973085310501,0.002815545064056931,drive
0.6500000000000005,p3_m3,0.0,-0.0001067089910899147,-0.00010422038165105496,3.2181415980803936e-07,2.50858488832884e-05,0.44261582096926644,-0.00468973085310501,0.002815545064056931,drive
0.6600000000000005,p0_m0,20.12749819363261,-0.07238013118910828,-0.07862404325461145,0.060596111552565196,2.5511010364531787e-05,0.4416770802096344,-0.004682881278180186,0.0028163614709512497,drive
0.6600000000000005,p0_m1,-9.909468675627002,0.03851995067948476,0.04247400862216531,-0.029840896322822465,2.5511010364531787e-05,0.4416770802096344,-0.004682881278180186,0.0028163614709512497,drive
0.6600000000000005,p0_m2,0.0,5.521010011765983e-05,5.7059389746829405e-05,-1.6533334219030973e-07,2.5511010364531787e-05,0.4416770802096344,-0.004682881278180186,0.0028163614709512497,drive
0.6600000000000005,p0_m3,0.0,-0.00018773686784504957,-0.0001895196562562188,5.64365569745658e-07,2.5511010364531787e-05,0.4416770802096344,-0.004682881278180186,0.0028163614709512497,drive
0.6600000000000005,p1_m0,20.157284603506884,-0.07612384259420125,-0.08308923048711825,0.06069449965684875,2.5511010364531787e-05,0.4416770802096344,-0.004682881278180186,0.0028163614709512497,drive
0.6600000000000005,p1_m1,0.0,1.9317788275412848e-05,1.7620473984537435e-05,-5.842546642898248e-08,2.5511010364531787e-05,0.4416770802096344,-0.004682881278180186,0.0028163614709512497,drive
0.6600000000000005,p1_m2,9.918138263073995,-0.038522818134975594,-0.042475443010308575,0.029866915256816718,2.5511010364531787e-05,0.4416770802096344,-0.004682881278180186,0.0028163614709512497,drive
0.6600000000000005,p1_m3,0.0,-6.885521372421057e-05,-7.336425249455082e-05,2.0371127111057488e-07,2.5511010364531787e-05,0.4416770802096344,-0.004682881278180186,0.0028163614709512497,drive
0.6600000000000005,p2_m0,0.0,0.0001368936729184748,0.00013563387825573105,-4.1121337952316706e-07,2.5511010364531787e-05,0.4416770802096344,-0.004682881278180186,0.0028163614709512497,drive
0.6600000000000005,p2_m1,20.116926622432462,-0.07263451070748142,-0.07870873072084554,0.060565821801654034,2.5511010364531787e-05,0.4416770802096344,-0.004682881278180186,0.0028163614709512497,drive
0.6600000000000005,p2_m2,0.0,6.695151189786531e-05,6.262320764397145e-05,-2.0359074841906643e-07,2.5511010364531787e-05,0.4416770802096344,-0.004682881278180186,0.0028163614709512497,drive
0.6600000000000005,p2_m3,9.916846288018387,-0.03852298245334461,-0.042475646201597446,0.02986303981938323,2.5511010364531787e-05,0.4416770802096344,-0.004682881278180186,0.0028163614709512497,drive
0.6600000000000005,p3_m0,-9.928083428737377,0.03852656976808336,0.04247711821819724,-0.029896763921101025,2.5511010364531787e-05,0.4416770802096344,-0.004682881278180186,0.0028163614709512497,drive
0.6600000000000005,p3_m1,20.158261021428864,-0.0698313426040589,-0.07633680152608978,0.06067921552310701,2.5511010364531787e-05,0.4416770802096344,-0.004682881278180186,0.0028163614709512497,drive
0.6600000000000005,p3_m2,0.0,-4.641119223676571e-05,-4.8158772127102566e-05,1.403097117039136e-07,2.5511010364531787e-05,0.4416770802096344,-0.004682881278180186,0.0028163614709512497,drive
0.6600000000000005,p3_m3,0.0,-9.351851077111969e-05,-9.215085906146165e-05,2.809510008170911e-07,2.5511010364531787e-05,0.4416770802096344,-0.004682881278180186,0.0028163614709512497,drive
0.6700000000000005,p0_m0,20.273944286738786,-0.06141680562548649,-0.06653864643060108,0.06100516728168846,2.5645641775069017e-05,0.44088696492414187,-0.004677388616998533,0.002817124556403045,drive
0.6700000000000005,p0_m1,-9.985585580172888,0.03049700309661102,0.03379482346239471,-0.03004649210296074,2.5645641775069017e-05,0.44088696492414187,-0.004677388616998533,0.002817124556403045,drive
0.6700000000000005,p0_m2,0.0,6.447735718532838e-05,6.52898077825608e-05,-1.9422128588157225e-07,2.5645641775069017e-05,0.44088696492414187,-0.004677388616998533,0.002817124556403045,drive
0.6700000000000005,p0_m3,0.0,-0.0001985497926087107,-0.00019715568503948729,5.998303578793393e-07,2.5645641775069017e-05,0.44088696492414187,-0.004677388616998533,0.002817124556403045,drive
0.6700000000000005,p1_m0,20.305286622466046,-0.0636289321648529,-0.06941314780601586,0.0611036675067832,2.5645641775069017e-05,0.44088696492414187,-0.004677388616998533,0.002817124556403045,drive
0.6700000000000005,p1_m1,0.0,9.298351723836633e-06,8.590276497619951e-06,-2.7220851974634647e-08,2.5645641775069017e-05,0.44088696492414187,-0.004677388616998533,0.002817124556403045,drive
0.6700000000000005,p1_m2,9.994229780462547,-0.030499873899663993,-0.03379617523847181,0.030072434880230203,2.5645641775069017e-05,0.44088696492414187,-0.004677388616998533,0.002817124556403045,drive
0.6700000000000005,p1_m3,0.0,-9.758499118679058e-05,-0.00010123835584997768,2.9135453147060933e-07,2.5645641775069017e-05,0.44088696492414187,-0.004677388616998533,0.002817124556403045,drive
0.6700000000000005,p2_m0,0.0,0.00012664954921945106,0.00012635352963834124,-3.7933542600919786e-07,2.5645641775069017e-05,0.44088696492414187,-0.004677388616998533,0.002817124556403045,drive
0.6700000000000005,p2_m1,20.26470632746183,-0.06008260485128449,-0.0650370491742628,0.0609739322544977,2.5645641775069017e-05,0.44088696492414187,-0.004677388616998533,0.002817124556403045,drive
0.6700000000000005,p2_m2,0.0,3.932168370991728e-05,3.5826059937666754e-05,-1.1928540404215888e-07,2.5645641775069017e-05,0.44088696492414187,-0.004677388616998533,0.002817124556403045,drive
0.6700000000000005,p2_m3,9.992945235665626,-0.030499953552045385,-0.03379633100526768,0.030068581476781146,2.5645641775069017e-05,0.44088696492414187,-0.004677388616998533,0.002817124556403045,drive
0.6700000000000005,p3_m0,-10.004148455572684,0.030503492621483427,0.0337978700370562,-0.030102203663682395,2.5645641775069017e-05,0.44088696492414187,-0.004677388616998533,0.002817124556403045,drive
0.6700000000000005,p3_m1,20.30240292488354,-0.05385828223699859,-0.059146015644613505,0.06106612421241178,2.5645641775069017e-05,0.44088696492414187,-0.004677388616998533,0.002817124556403045,drive
0.6700000000000005,p3_m2,0.0,-5.686686423868479e-05,-5.556766039347631e-05,1.7457763838963563e-07,2.5645641775069017e-05,0.44088696492414187,-0.004677388616998533,0.002817124556403045,drive
0.6700000000000005,p3_m3,0.0,-8.41234024510647e-05,-8.369403324785654e-05,2.5175355642722785e-07,2.5645641775069017e-05,0.44088696492414187,-0.004677388616998533,0.002817124556403045,drive
0.6800000000000005,p0_m0,20.414261880289242,-0.043503408663394125,-0.047458110385621005,0.061374376804002824,2.5606393488382152e-05,0.4403150423783672,-0.004673364973136196,0.0028177425110564925,drive
0.6800000000000005,p0_m1,-10.056169553632246,0.01951859321043715,0.022111343177184946,-0.030226415008841986,2.5606393488382152e-05,0.4403150423783672,-0.004673364973136196,0.0028177425110564925,drive
0.6800000000000005,p0_m2,0.0,6.998223850327097e-05,6.995146083826869e-05,-2.1152053826979034e-07,2.5606393488382152e-05,0.4403150423783672,-0.004673364973136196,0.0028177425110564925,drive
0.6800000000000005,p0_m3,0.0,-0.00020034317231023535,-0.00019697344112522614,6.069695562310681e-07,2.5606393488382152e-05,0.4403150423783672,-0.004673364973136196,0.0028177425110564925,drive
0.6800000000000005,p1_m0,20.445697757181385,-0.04452565050197919,-0.04905021860263913,0.061469781655713304,2.5606393488382152e-05,0.4403150423783672,-0.004673364973136196,0.0028177425110564925,drive
0.6800000000000005,p1_m1,0.0,3.211008043374587e-06,3.288420593989925e-06,-8.136255934681712e-09,2.5606393488382152e-05,0.4403150423783672,-0.004673364973136196,0.0028177425110564925,drive
0.6800000000000005,p1_m2,10.064788460529556,-0.019521449168617578,-0.02211261793348399,0.030252281850479745,2.5606393488382152e-05,0.4403150423783672,-0.004673364973136196,0.0028177425110564925,drive
0.6800000000000005,p1_m3,0.0,-0.00011989108354459057,-0.0001223119589274246,3.5976246299340074e-07,2.5606393488382152e-05,0.4403150423783672,-0.004673364973136196,0.0028177425110564925,drive
0.6800000000000005,p2_m0,0.0,0.00012031961004913664,0.00012076660925221494,-3.595178469499662e-07,2.5606393488382152e-05,0.4403150423783672,-0.004673364973136196,0.0028177425110564925,drive
0.6800000000000005,p2_m1,20.404574726117172,-0.041233230901353814,-0.04502674423208754,0.06133885548985909,2.5606393488382152e-05,0.4403150423783672,-0.004673364973136196,0.0028177425110564925,drive
0.6800000000000005,p2_m2,0.0,1.7915897258159607e-05,1.560866052853374e-05,-5.362668806919201e-08,2.5606393488382152e-05,0.4403150423783672,-0.004673364973136196,0.0028177425110564925,drive
0.6800000000000005,p2_m3,10.063511263190247,-0.019521414044479077,-0.02211270508952789,0.030248450120718737,2.5606393488382152e-05,0.4403150423783672,-0.004673364973136196,0.0028177425110564925,drive
0.6800000000000005,p3_m0,-10.074680624563166,0.019524926340745066,0.02211430846572396,-0.030281970646744056,2.5606393488382152e-05,0.4403150423783672,-0.004673364973136196,0.0028177425110564925,drive
0.6800000000000005,p3_m1,20.435121996286526,-0.032746412340342895,-0.036769170049052634,0.06140295022503257,2.5606393488382152e-05,0.4403150423783672,-0.004673364973136196,0.0028177425110564925,drive
0.6800000000000005,p3_m2,0.0,-5.866796176196397e-05,-5.5469091182428626e-05,1.816714856222344e-07,2.5606393488382152e-05,0.4403150423783672,-0.004673364973136196,0.0028177425110564925,drive
0.6800000000000005,p3_m3,0.0,-7.826719288159487e-05,-7.859538284301761e-05,2.3343434459070998e-07,2.5606393488382152e-05,0.4403150423783672,-0.004673364973136196,0.0028177425110564925,drive
0.6900000000000005,p0_m0,20.54074798494486,-0.021556407566350577,-0.024372882504053325,0.06168943568953019,2.5472426209140795e-05,0.44000088255718006,-0.004670791971808303,0.0028181567860513556,drive
0.6900000000000005,p0_m1,-10.118069581976467,0.00700081648625296,0.008894581512402612,-0.030375441026992148,2.5472426209140795e-05,0.44000088255718006,-0.004670791971808303,0.0028181567860513556,drive
0.6900000000000005,p0_m2,0.0,7.223121370129052e-05,7.155018274928621e-05,-2.1877653515596736e-07,2.5472426209140795e-05,0.44000088255718006,-0.004670791971808303,0.0028181567860513556,drive
0.6900000000000005,p0_m3,0.0,-0.00019579662478251244,-0.0001913233924622621,5.941538771850898e-07,2.5472426209140795e-05,0.44000088255718006,-0.004670791971808303,0.0028181567860513556,drive
0.6900000000000005,p1_m0,20.571298925810925,-0.02164360630397802,-0.02492008526577593,0.061779665498671435,2.5472426209140795e-05,0.44000088255718006,-0.004670791971808303,0.0028181567860513556,drive
0.6900000000000005,p1_m1,0.0,5.002480466419158e-07,1.1674334568453046e-06,5.263961007188544e-10,2.5472426209140795e-05,0.44000088255718006,-0.004670791971808303,0.0028181567860513556,drive
0.6900000000000005,p1_m2,10.126663268475927,-0.007003644949162546,-0.00889578851626541,0.030401232109961512,2.5472426209140795e-05,0.44000088255718006,-0.004670791971808303,0.0028181567860513556,drive
0.6900000000000005,p1_m3,0.0,-0.00013513544102277514,-0.00013625366303857256,4.0679281516828993e-07,2.5472426209140795e-05,0.44000088255718006,-0.004670791971808303,0.0028181567860513556,drive
0.6900000000000005,p2_m0,0.0,0.00011736972246299533,0.00011835082908480656,-3.5013034196374937e-07,2.5472426209140795e-05,0.44000088255718006,-0.004670791971808303,0.0028181567860513556,drive
0.6900000000000005,p2_m1,20.529520729340284,-0.018787318452293447,-0.021454815426205313,0.06164769079290234,2.5472426209140795e-05,0.44000088255718006,-0.004670791971808303,0.0028181567860513556,drive
0.6900000000000005,p2_m2,0.0,3.324933747344115e-06,2.268710179935876e-06,-8.604145862685357e-09,2.5472426209140795e-05,0.44000088255718006,-0.004670791971808303,0.0028181567860513556,drive
0.6900000000000005,p2_m3,10.125393282180763,-0.007003480169517501,-0.008895796134136522,0.03039742158498171,2.5472426209140795e-05,0.44000088255718006,-0.004670791971808303,0.0028181567860513556,drive
0.6900000000000005,p3_m0,-10.136528864864328,0.007006981849160683,0.008897456660029932,-0.030430840740482683,2.5472426209140795e-05,0.44000088255718006,-0.004670791971808303,0.0028181567860513556,drive
0.6900000000000005,p3_m1,20.550636609663254,-0.00905092845301169,-0.011849169810666225,0.061679984736023014,2.5472426209140795e-05,0.44000088255718006,-0.004670791971808303,0.0028181567860513556,drive
0.6900000000000005,p3_m2,0.0,-5.4373190715276467e-05,-5.010793118719062e-05,1.6958379472130503e-07,2.5472426209140795e-05,0.44000088255718006,-0.004670791971808303,0.0028181567860513556,drive
0.6900000000000005,p3_m3,0.0,-7.554778507427795e-05,-7.645069997928377e-05,2.247728581557992e-07,2.5472426209140795e-05,0.44000088255718006,-0.004670791971808303,0.0028181567860513556,drive
0.7000000000000005,p0_m0,20.648505750699503,0.0020453488889708347,0.00027984864099028496,0.061942846082521055,2.529463630920471e-05,0.43995849596039227,-0.004669567209257825,0.0028183360025365333,drive
0.7000000000000005,p0_m1,-10.16941193648033,-0.005878298535944684,-0.004635716299755974,-0.030491482196493516,2.529463630920471e-05,0.43995849596039227,-0.004669567209257825,0.0028183360025365333,drive
0.7000000000000005,p0_m2,0.0,7.181751263549363e-05,7.067536520420074e-05,-2.17798829900262e-07,2.529463630920471e-05,0.43995849596039227,-0.004669567209257825,0.0028183360025365333,drive
0.7000000000000005,p0_m3,0.0,-0.00018699049749800183,-0.0001820435797849256,5.67878873141622e-07,2.529463630920471e-05,0.43995849596039227,-0.004669567209257825,0.0028183360025365333,drive
0.7000000000000005,p1_m0,20.677524863796975,0.0026656738315052326,0.000554868505654209,0.06202668760788189,2.529463630920471e-05,0.43995849596039227,-0.004669567209257825,0.0028183360025365333,drive
0.7000000000000005,p1_m1,0.0,5.374722465514514e-07,1.6098746028698188e-06,6.881771374942018e-10,2.529463630920471e-05,0.43995849596039227,-0.004669567209257825,0.0028183360025365333,drive
0.7000000000000005,p1_m2,10.17798046046719,0.0058755050435940984,0.004634564710531657,0.030517197669508472,2.529463630920471e-05,0.43995849596039227,-0.004669567209257825,0.0028183360025365333,drive
0.7000000000000005,p1_m3,0.0,-0.00014364085455323045,-0.0001435926080493755,4.332812159472417e-07,2.529463630920471e-05,0.43995849596039227,-0.004669567209257825,0.0028183360025365333,drive
0.7000000000000005,p2_m0,0.0,0.00011718349153506018,0.00011850627452259765,-3.492902410704468e-07,2.529463630920471e-05,0.43995849596039227,-0.004669567209257825,0.0028183360025365333,drive
0.7000000000000005,p2_m1,20.635098239033606,0.004993791412732205,0.0033591559204114493,0.06189393024134804,2.529463630920471e-05,0.43995849596039227,-0.004669567209257825,0.0028183360025365333,drive
0.7000000000000005,p2_m2,0.0,-4.7784045699023576e-06,-4.717512093126792e-06,1.6638236171980536e-08,2.529463630920471e-05,0.43995849596039227,-0.004669567209257825,0.0028183360025365333,drive
0.7000000000000005,p2_m3,10.176717515812397,0.005875801742070318,0.004634638985257233,0.03051340782528261,2.529463630920471e-05,0.43995849596039227,-0.004669567209257825,0.0028183360025365333,drive
0.7000000000000005,p3_m0,-10.187819413632882,-0.005872300089786011,-0.004632932761640238,-0.030546725925219505,2.529463630920471e-05,0.43995849596039227,-0.004669567209257825,0.0028183360025365333,drive
0.7000000000000005,p3_m1,20.645551284706073,0.015108187572383573,0.013428858272825476,0.06189340407267742,2.529463630920471e-05,0.43995849596039227,-0.004669567209257825,0.0028183360025365333,drive
0.7000000000000005,p3_m2,0.0,-4.59722653091993e-05,-4.12434297379867e-05,1.4452606036287438e-07,2.529463630920471e-05,0.43995849596039227,-0.004669567209257825,0.0028183360025365333,drive
0.7000000000000005,p3_m3,0.0,-7.544671568142777e-05,-7.674380513475416e-05,2.241933509099345e-07,2.529463630920471e-05,0.43995849596039227,-0.004669567209257825,0.0028183360025365333,drive
0.7100000000000005,p0_m0,20.73496464715474,0.02540769747798206,0.024563393852149812,0.0621326402020761,2.5103699164654405e-05,0.440181326509139,-0.004669538433593228,0.0028182706488677637,drive
0.7100000000000005,p0_m1,-10.209415355203904,-0.018196480613103732,-0.017528510458554327,-0.03057497551748581,2.5103699164654405e-05,0.440181326509139,-0.004669538433593228,0.0028182706488677637,drive
0.7100000000000005,p0_m2,0.0,6.937172935769636e-05,6.79448976037226e-05,-2.1051669208166898e-07,2.5103699164654405e-05,0.440181326509139,-0.004669538433593228,0.0028182706488677637,drive
0.7100000000000005,p0_m3,0.0,-0.0001755599275351071,-0.00017058601032245233,5.332519766521778e-07,2.5103699164654405e-05,0.440181326509139,-0.004669538433593228,0.0028182706488677637,drive
0.7100000000000005,p1_m0,20.762062255681414,0.02652167358036239,0.025442928762038953,0.06220957844902612,2.5103699164654405e-05,0.440181326509139,-0.004669538433593228,0.0028182706488677637,drive
0.7100000000000005,p1_m1,0.0,2.6682047998481386e-06,3.9792078578508285e-06,-5.6455906843726184e-09,2.5103699164654405e-05,0.440181326509139,-0.004669538433593228,0.0028182706488677637,drive
0.7100000000000005,p1_m2,10.217958764975737,0.01819372527123283,0.017527400380743886,0.030600615514772753,2.5103699164654405e-05,0.440181326509139,-0.004669538433593228,0.0028182706488677637,drive
0.7100000000000005,p1_m3,0.0,-0.00014633395554973153,-0.00014537077565842039,4.41958774215615e-07,2.5103699164654405e-05,0.440181326509139,-0.004669538433593228,0.0028182706488677637,drive
0.7100000000000005,p2_m0,0.0,0.0001191134961398318,0.0001206087946489157,-3.5501420287843224e-07,2.5103699164654405e-05,0.440181326509139,-0.004669538433593228,0.0028182706488677637,drive
0.7100000000000005,p2_m1,20.719060280697967,0.028295725405294684,0.027560278756125673,0.06207633661781475,2.5103699164654405e-05,0.440181326509139,-0.004669538433593228,0.0028182706488677637,drive
0.7100000000000005,p2_m2,0.0,-7.296490082296597e-06,-6.3616698930626105e-06,2.476246605488776e-08,2.5103699164654405e-05,0.440181326509139,-0.004669538433593228,0.0028182706488677637,drive
0.7100000000000005,p2_m3,10.216702677509835,0.01819414656424373,0.017527552404424995,0.030596845816085336,2.5103699164654405e-05,0.440181326509139,-0.004669538433593228,0.0028182706488677637,drive
0.7100000000000005,p3_m0,-10.227770993937431,-0.018190639162324485,-0.01752581448963271,-0.03063006318922753,2.5103699164654405e-05,0.440181326509139,-0.004669538433593228,0.0028182706488677637,drive
0.7100000000000005,p3_m1,20.71850921073419,0.03807478851367836,0.0373653369560745,0.06204413487254339,2.5103699164654405e-05,0.440181326509139,-0.004669538433593228,0.0028182706488677637,drive
0.7100000000000005,p3_m2,0.0,-3.5032681596989115e-05,-3.0269006499494466e-05,1.1139317124907081e-07,2.5103699164654405e-05,0.440181326509139,-0.004669538433593228,0.0028182706488677637,drive
0.7100000000000005,p3_m3,0.0,-7.738438523623147e-05,-7.890705087110138e-05,2.2992704287655034e-07,2.5103699164654405e-05,0.440181326509139,-0.004669538433593228,0.0028182706488677637,drive
0.7200000000000005,p0_m0,20.799446916861825,0.047092599927990114,0.0470138214003389,0.06226116926674075,2.491654979802229e-05,0.4406474171169742,-0.0046705282404164526,0.002817968393033622,drive
0.7200000000000005,p0_m1,-10.23818262066317,-0.0292858123235126,-0.02909881967087072,-0.030628257394287414,2.491654979802229e-05,0.4406474171169742,-0.0046705282404164526,0.002817968393033622,drive
0.7200000000000005,p0_m2,0.0,6.551076165698214e-05,6.395426211976223e-05,-1.9882373296073406e-07,2.491654979802229e-05,0.4406474171169742,-0.0046705282404164526,0.002817968393033622,drive
0.7200000000000005,p0_m3,0.0,-0.00016278768159330912,-0.00015809246181356057,4.942835292823069e-07,2.491654979802229e-05,0.4406474171169742,-0.0046705282404164526,0.002817968393033622,drive
0.7200000000000005,p1_m0,20.82444691166965,0.048507255647610714,0.048295391224801136,0.06233124399321452,2.491654979802229e-05,0.4406474171169742,-0.0046705282404164526,0.002817968393033622,drive
0.7200000000000005,p1_m1,0.0,6.260079306477545e-06,7.667277286227983e-06,-1.6531595455272833e-08,2.491654979802229e-05,0.4406474171169742,-0.0046705282404164526,0.002817968393033622,drive
0.7200000000000005,p1_m2,10.24670095963982,0.02928309500796651,0.029097737190217254,0.030653822046498583,2.491654979802229e-05,0.4406474171169742,-0.0046705282404164526,0.002817968393033622,drive
0.7200000000000005,p1_m3,0.0,-0.0001444440738932013,-0.0001428605252404621,4.365269248735979e-07,2.491654979802229e-05,0.4406474171169742,-0.0046705282404164526,0.002817968393033622,drive
0.7200000000000005,p2_m0,0.0,0.0001225314154589767,0.0001240589044703799,-3.653713394561449e-07,2.491654979802229e-05,0.4406474171169742,-0.0046705282404164526,0.002817968393033622,drive
0.7200000000000005,p2_m1,20.780975438799395,0.04974898207868402,0.04975564528470701,0.06219779592907649,2.491654979802229e-05,0.4406474171169742,-0.0046705282404164526,0.002817968393033622,drive
0.7200000000000005,p2_m2,0.0,-5.418168950620815e-06,-3.892759365798331e-06,1.9349467180685766e-08,2.491654979802229e-05,0.4406474171169742,-0.0046705282404164526,0.002817968393033622,drive
0.7200000000000005,p2_m3,10.245451544406825,0.029283626948894255,0.02909795836558873,0.030650071980701295,2.491654979802229e-05,0.4406474171169742,-0.0046705282404164526,0.002817968393033622,drive
0.7200000000000005,p3_m0,-10.256486388630808,-0.02928011177230173,-0.0290962033969612,-0.030683188961095773,2.491654979802229e-05,0.4406474171169742,-0.0046705282404164526,0.002817968393033622,drive
0.7200000000000005,p3_m1,20.76980340916599,0.058651929069173055,0.05873926114446719,0.062136693717756104,2.491654979802229e-05,0.4406474171169742,-0.0046705282404164526,0.002817968393033622,drive
0.7200000000000005,p3_m2,0.0,-2.2787351039970008e-05,-1.8283415382473664e-05,7.403836674951956e-08,2.491654979802229e-05,0.4406474171169742,-0.0046705282404164526,0.002817968393033622,drive
0.7200000000000005,p3_m3,0.0,-8.077621275437652e-05,-8.237701424208397e-05,2.401829748306073e-07,2.491654979802229e-05,0.4406474171169742,-0.0046705282404164526,0.002817968393033622,drive
0.7300000000000005,p0_m0,20.842761991232663,0.06609589320005567,0.06661668325850484,0.06233395121464155,2.4741327126564266e-05,0.44132436786880386,-0.004672351491497457,0.0028174497080039923,drive
0.7300000000000005,p0_m1,-10.256484815351893,-0.03871475828634062,-0.03890798191155473,-0.03065496608916286,2.4741327126564266e-05,0.44132436786880386,-0.004672351491497457,0.0028174497080039923,drive
0.7300000000000005,p0_m2,0.0,6.079852710145107e-05,5.924032572749278e-05,-1.8445593101042375e-07,2.4741327126564266e-05,0.44132436786880386,-0.004672351491497457,0.0028174497080039923,drive
0.7300000000000005,p0_m3,0.0,-0.00014966748591689486,-0.00014544791951696487,4.540833132067569e-07,2.4741327126564266e-05,0.44132436786880386,-0.004672351491497457,0.0028174497080039923,drive
0.7300000000000005,p1_m0,20.865662174932133,0.0676483960639853,0.06812432294688825,0.06239761648647939,2.4741327126564266e-05,0.44132436786880386,-0.004672351491497457,0.0028174497080039923,drive
0.7300000000000005,p1_m1,0.0,1.073958148619693e-05,1.212837755390178e-05,-3.020272988135935e-08,2.4741327126564266e-05,0.44132436786880386,-0.004672351491497457,0.0028174497080039923,drive
0.7300000000000005,p1_m2,10.264978125797008,0.03871207650800801,0.03890691429464372,0.030680455531453498,2.4741327126564266e-05,0.44132436786880386,-0.004672351491497457,0.0028174497080039923,drive
0.7300000000000005,p1_m3,0.0,-0.0001392786191715504,-0.00013736186350633516,4.2096024687017434e-07,2.4741327126564266e-05,0.44132436786880386,-0.004672351491497457,0.0028174497080039923,drive
0.7300000000000005,p2_m0,0.0,0.0001268658675571804,0.00012831660808757818,-3.786009905719802e-07,2.4741327126564266e-05,0.44132436786880386,-0.004672351491497457,0.0028174497080039923,drive
0.7300000000000005,p2_m1,20.8218371424501,0.06841087381195896,0.06899427729375697,0.06226419392966678,2.4741327126564266e-05,0.44132436786880386,-0.004672351491497457,0.0028174497080039923,drive
0.7300000000000005,p2_m2,0.0,-4.0380462506690893e-07,1.4367838981128315e-06,4.231752128466066e-09,2.4741327126564266e-05,0.44132436786880386,-0.004672351491497457,0.0028174497080039923,drive
0.7300000000000005,p2_m3,10.263735208277822,0.038712701182268515,0.0389071933864088,0.030676724632301578,2.4741327126564266e-05,0.44132436786880386,-0.004672351491497457,0.0028174497080039923,drive
0.7300000000000005,p3_m0,-10.274736692058527,-0.038709178888273105,-0.038905435068308965,-0.030709741553149417,2.4741327126564266e-05,0.44132436786880386,-0.004672351491497457,0.0028174497080039923,drive
0.7300000000000005,p3_m1,20.800975732122147,0.07606976398984802,0.0767730898227377,0.06217807332021752,2.4741327126564266e-05,0.44132436786880386,-0.004672351491497457,0.0028174497080039923,drive
0.7300000000000005,p3_m2,0.0,-1.019395016455147e-05,-6.140622992756891e-06,3.5457527292005765e-08,2.4741327126564266e-05,0.44132436786880386,-0.004672351491497457,0.0028174497080039923,drive
0.7300000000000005,p3_m3,0.0,-8.507643789644032e-05,-8.663498520422855e-05,2.5328375262289697e-07,2.4741327126564266e-05,0.44132436786880386,-0.004672351491497457,0.0028174497080039923,drive
0.7400000000000005,p0_m0,20.866815249724795,0.08181218889780693,0.08276926285864888,0.062358596548488146,2.4580957156019792e-05,0.44217379831442144,-0.004674827240133569,0.0028167437643821453,drive
0.7400000000000005,p0_m1,-10.265554078232388,-0.04625876868038162,-0.04673228518616112,-0.030659504672291074,2.4580957156019792e-05,0.44217379831442144,-0.004674827240133569,0.0028167437643821453,drive
0.7400000000000005,p0_m2,0.0,5.572098155629084e-05,5.425978252440507e-05,-1.6891307113854348e-07,2.4580957156019792e-05,0.44217379831442144,-0.004674827240133569,0.0028167437643821453,drive
0.7400000000000005,p0_m3,0.0,-0.0001369514855850759,-0.00013332134956813704,4.150076887672464e-07,2.4580957156019792e-05,0.44217379831442144,-0.004674827240133569,0.0028167437643821453,drive
0.7400000000000005,p1_m0,20.88774478789202,0.0833739267952074,0.08435914060749075,0.062416586066121375,2.4580957156019792e-05,0.44217379831442144,-0.004674827240133569,0.0028167437643821453,drive
0.7400000000000005,p1_m1,0.0,1.561519935575778e-05,1.6899562745275985e-05,-4.514097965746862e-08,2.4580957156019792e-05,0.44217379831442144,-0.004674827240133569,0.0028167437643821453,drive
0.7400000000000005,p1_m2,10.27402240400767,0.046256118413113466,0.04673122162636559,0.030684919049835526,2.4580957156019792e-05,0.44217379831442144,-0.004674827240133569,0.0028167437643821453,drive
0.7400000000000005,p1_m3,0.0,-0.0001320720122717943,-0.0001300710971064747,3.990336823901174e-07,2.4580957156019792e-05,0.44217379831442144,-0.004674827240133569,0.0028167437643821453,drive
0.7400000000000005,p2_m0,0.0,0.0001316260340549326,0.00013292207420090573,-3.93187209429461e-07,2.4580957156019792e-05,0.44217379831442144,-0.004674827240133569,0.0028167437643821453,drive
0.7400000000000005,p2_m1,20.84367780624792,0.08372775611416228,0.08472648567551486,0.06228336583502897,2.4580957156019792e-05,0.44217379831442144,-0.004674827240133569,0.0028167437643821453,drive
0.7400000000000005,p2_m2,0.0,6.558943547272162e-06,8.476386013179488e-06,-1.6958047355877975e-08,2.4580957156019792e-05,0.44217379831442144,-0.004674827240133569,0.0028167437643821453,drive
0.7400000000000005,p2_m3,10.272785827623364,0.046256816165661824,0.046731546264619374,0.030681206912330353,2.4580957156019792e-05,0.44217379831442144,-0.004674827240133569,0.0028167437643821453,drive
0.7400000000000005,p3_m0,-10.283754062968057,-0.04625328913555159,-0.04672979631833304,-0.03071412410201535,2.4580957156019792e-05,0.44217379831442144,-0.004674827240133569,0.0028167437643821453,drive
0.7400000000000005,p3_m1,20.81443121414238,0.08993418452252505,0.09107803806831052,0.06217673345981646,2.4580957156019792e-05,0.44217379831442144,-0.004674827240133569,0.0028167437643821453,drive
0.7400000000000005,p3_m2,0.0,2.0207536298418127e-06,5.512200604888355e-06,-2.073356151374597e-09,2.4580957156019792e-05,0.44217379831442144,-0.004674827240133569,0.0028167437643821453,drive
0.7400000000000005,p3_m3,0.0,-8.980701200963515e-05,-9.123225246222922e-05,2.6775607979405334e-07,2.4580957156019792e-05,0.44217379831442144,-0.004674827240133569,0.0028167437643821453,drive
0.7500000000000006,p0_m0,20.87423809483401,0.09398239059425684,0.09522480131150433,0.06234385028904945,2.443560031479158e-05,0.44315513481683705,-0.004677786624568093,0.0028158847113308617,drive
0.7500000000000006,p0_m1,-10.266896738821467,-0.05186455583328136,-0.0525252608163501,-0.030646584859256303,2.443560031479158e-05,0.44315513481683705,-0.004677786624568093,0.0028158847113308617,drive
0.7500000000000006,p0_m2,0.0,5.067330932481358e-05,4.9379037729430544e-05,-1.534179127713384e-07,2.443560031479158e-05,0.44315513481683705,-0.004677786624568093,0.0028158847113308617,drive
0.7500000000000006,p0_m3,0.0,-0.00012518720299091788,-0.00012219739240906883,3.7877481606730576e-07,2.443560031479158e-05,0.44315513481683705,-0.004677786624568093,0.0028158847113308617,drive
0.7500000000000006,p1_m0,20.89341514463627,0.09545818699692163,0.09678572654746909,0.062397057505132525,2.443560031479158e-05,0.44315513481683705,-0.004677786624568093,0.0028158847113308617,drive
0.7500000000000006,p1_m1,0.0,2.0488866809195653e-05,2.1609905984022683e-05,-6.011402036668322e-08,2.443560031479158e-05,0.44315513481683705,-0.004677786624568093,0.0028158847113308617,drive
0.7500000000000006,p1_m2,10.275340127270844,0.05186193221735796,0.05252419279998469,0.030671924330553206,2.443560031479158e-05,0.44315513481683705,-0.004677786624568093,0.0028158847113308617,drive
0.7500000000000006,p1_m3,0.0,-0.00012389499969402045,-0.00012200554613075346,3.7403615294692306e-07,2.443560031479158e-05,0.44315513481683705,-0.004677786624568093,0.0028158847113308617,drive
0.7500000000000006,p2_m0,0.0,0.0001364132784553327,0.00013750512575486787,-4.078959633131997e-07,2.443560031479158e-05,0.44315513481683705,-0.004677786624568093,0.0028158847113308617,drive
0.7500000000000006,p2_m1,20.8492058382188,0.0954808966513704,0.09674659979469251,0.06226416469904064,2.443560031479158e-05,0.44315513481683705,-0.004677786624568093,0.0028158847113308617,drive
0.7500000000000006,p2_m2,0.0,1.4441389061609338e-05,1.624887102028344e-05,-4.105971170948558e-08,2.443560031479158e-05,0.44315513481683705,-0.004677786624568093,0.0028158847113308617,drive
0.7500000000000006,p2_m3,10.27410975782174,0.05186268341083058,0.052524550647079234,0.030668230618097963,2.443560031479158e-05,0.44315513481683705,-0.004677786624568093,0.0028158847113308617,drive
0.7500000000000006,p3_m0,-10.285044855412727,-0.05185915494794633,-0.05252281823629183,-0.0307010483980003,2.443560031479158e-05,0.44315513481683705,-0.004677786624568093,0.0028158847113308617,drive
0.7500000000000006,p3_m1,20.813088270140693,0.10016367082051401,0.10158752032102314,0.062141735902755624,2.443560031479158e-05,0.44315513481683705,-0.004677786624568093,0.0028158847113308617,drive
0.7500000000000006,p3_m2,0.0,1.3326373563701529e-05,1.620510213646484e-05,-3.689051772641819e-08,2.443560031479158e-05,0.44315513481683705,-0.004677786624568093,0.0028158847113308617,drive
0.7500000000000006,p3_m3,0.0,-9.457364318162011e-05,-9.58033157604517e-05,2.823815591276956e-07,2.443560031479158e-05,0.44315513481683705,-0.004677786624568093,0.0028158847113308617,drive
0.7600000000000006,p0_m0,20.8680557669146,0.10262926184927466,0.10402485747321749,0.06229878464493548,2.4304201328316743e-05,0.44422863836560766,-0.004681077857580871,0.0028149084874582613,drive
0.7600000000000006,p0_m1,-10.26213415727854,-0.05561214172410181,-0.05637786053911851,-0.03062086136305055,2.4304201328316743e-05,0.44422863836560766,-0.004681077857580871,0.0028149084874582613,drive
0.7600000000000006,p0_m2,0.0,4.5956366023481305e-05,4.487247765482063e-05,-1.389042027016848e-07,2.4304201328316743e-05,0.44422863836560766,-0.004681077857580871,0.0028149084874582613,drive
0.7600000000000006,p0_m3,0.0,-0.000114747204597001,-0.00011240175898287206,3.465576396378187e-07,2.4304201328316743e-05,0.44422863836560766,-0.004681077857580871,0.0028149084874582613,drive
0.7600000000000006,p1_m0,20.885749629510546,0.10395392844532922,0.10547592714555976,0.062348163968932536,2.4304201328316743e-05,0.44422863836560766,-0.004681077857580871,0.0028149084874582613,drive
0.7600000000000006,p1_m1,0.0,2.5058413156620196e-05,2.5981518908344622e-05,-7.418376524281604e-08,2.4304201328316743e-05,0.44422863836560766,-0.004681077857580871,0.0028149084874582613,drive
0.7600000000000006,p1_m2,10.27055266036033,0.05560953964294105,0.05637678192737723,0.03064612610138569,2.4304201328316743e-05,0.44422863836560766,-0.004681077857580871,0.0028149084874582613,drive
0.7600000000000006,p1_m3,0.0,-0.00011560971619795318,-0.00011396960114578802,3.4862622671490236e-07,2.4304201328316743e-05,0.44422863836560766,-0.004681077857580871,0.0028149084874582613,drive
0.7600000000000006,p2_m0,0.0,0.000140923692744762,0.0001417865117460584,-4.2178398856324665e-07,2.4304201328316743e-05,0.44422863836560766,-0.004681077857580871,0.0028149084874582613,drive
0.7600000000000006,p2_m1,20.841482829788198,0.10372263659726645,0.10512611232251208,0.062215680990337405,2.4304201328316743e-05,0.44422863836560766,-0.004681077857580871,0.0028149084874582613,drive
0.7600000000000006,p2_m2,0.0,2.2416282250937144e-05,2.3982440362228702e-05,-6.552191152259056e-08,2.4304201328316743e-05,0.44422863836560766,-0.004681077857580871,0.0028149084874582613,drive
0.7600000000000006,p2_m3,10.269328387891063,0.05561032595184155,0.056377161519576155,0.03064245054674223,2.4304201328316743e-05,0.44422863836560766,-0.004681077857580871,0.0028149084874582613,drive
0.7600000000000006,p3_m0,-10.280230456154394,-0.055606799651951797,-0.05637545305918136,-0.030675169230446258,2.4304201328316743e-05,0.44422863836560766,-0.004681077857580871,0.0028149084874582613,drive
0.7600000000000006,p3_m1,20.80007841113909,0.10692099723864948,0.108485627724237,0.062082044528748444,2.4304201328316743e-05,0.44422863836560766,-0.004681077857580871,0.0028149084874582613,drive
0.7600000000000006,p3_m2,0.0,2.3361072066002453e-05,2.562150464269476e-05,-6.785519208044816e-08,2.4304201328316743e-05,0.44422863836560766,-0.004681077857580871,0.0028149084874582613,drive
0.7600000000000006,p3_m3,0.0,-9.907188704545835e-05,-0.00010007004844723746,2.9621654245528565e-07,2.4304201328316743e-05,0.44422863836560766,-0.004681077857580871,0.0028149084874582613,drive
0.7700000000000006,p0_m0,20.851407061981355,0.10798893739600614,0.10942801424786572,0.0622321613845495,2.4185373775043356e-05,0.44535766079415773,-0.0046845691160309795,0.002813850250241406,drive
0.7700000000000006,p0_m1,-10.252874731213069,-0.05767770798478567,-0.05847963225888792,-0.030586657969976148,2.4185373775043356e-05,0.44535766079415773,-0.0046845691160309795,0.002813850250241406,drive
0.7700000000000006,p0_m2,0.0,4.177995397740159e-05,4.092688433399683e-05,-1.260259634692741e-07,2.4185373775043356e-05,0.44535766079415773,-0.0046845691160309795,0.002813850250241406,drive
0.7700000000000006,p0_m3,0.0,-0.00010585433789109346,-0.0001041231539118429,3.1906304723627723e-07,2.4185373775043356e-05,0.44535766079415773,-0.0046845691160309795,0.002813850250241406,drive
0.7700000000000006,p1_m0,20.86790723784228,0.10912282996498152,0.11071503108929934,0.06227865233360156,2.4185373775043356e-05,0.44535766079415773,-0.0046845691160309795,0.002813850250241406,drive
0.7700000000000006,p1_m1,0.0,2.9113383911238727e-05,2.982454564199191e-05,-8.669424326236768e-08,2.4185373775043356e-05,0.44535766079415773,-0.0046845691160309795,0.002813850250241406,drive
0.7700000000000006,p1_m2,10.261268406002,0.05767512251251272,0.05847853916787997,0.030611848163419334,2.4185373775043356e-05,0.44535766079415773,-0.0046845691160309795,0.002813850250241406,drive
0.7700000000000006,p1_m3,0.0,-0.00010785769589151932,-0.00010655002245555273,3.247904469491114e-07,2.4185373775043356e-05,0.44535766079415773,-0.0046845691160309795,0.002813850250241406,drive
0.7700000000000006,p2_m0,0.0,0.00014494406178437123,0.00014557324876949445,-4.3418708217448307e-07,2.4185373775043356e-05,0.44535766079415773,-0.0046845691160309795,0.002813850250241406,drive
0.7700000000000006,p2_m1,20.823652998791598,0.10870959679202641,0.11014420499184893,0.062146629300748546,2.4185373775043356e-05,0.44535766079415773,-0.0046845691160309795,0.002813850250241406,drive
0.7700000000000006,p2_m2,0.0,2.9868802771180123e-05,3.1114741753349634e-05,-8.844059968643143e-08,2.4185373775043356e-05,0.44535766079415773,-0.0046845691160309795,0.002813850250241406,drive
0.7700000000000006,p2_m3,10.260050144629435,0.05767592778956309,0.05847893046369762,0.030608190564983588,2.4185373775043356e-05,0.44535766079415773,-0.0046845691160309795,0.002813850250241406,drive
0.7700000000000006,p3_m0,-10.270919289319746,-0.05767240708571209,-0.05847724971862015,-0.030640810458495777,2.4185373775043356e-05,0.44535766079415773,-0.0046845691160309795,0.002813850250241406,drive
0.7700000000000006,p3_m1,20.778503006776933,0.11054535497773313,0.11213637703835176,0.062005996553438886,2.4185373775043356e-05,0.44535766079415773,-0.0046845691160309795,0.002813850250241406,drive
0.7700000000000006,p3_m2,0.0,3.1907697779914325e-05,3.35774265690777e-05,-9.427880053083163e-08,2.4185373775043356e-05,0.44535766079415773,-0.0046845691160309795,0.002813850250241406,drive
0.7700000000000006,p3_m3,0.0,-0.00010308574850564927,-0.0001038391008899974,3.0858870932332493e-07,2.4185373775043356e-05,0.44535766079415773,-0.0046845691160309795,0.002813850250241406,drive
0.7800000000000006,p0_m0,20.827323195949518,0.11044482264490504,0.11184146656626202,0.062151965925969145,2.40778280919438e-05,0.44651017034386725,-0.0046881498730136925,0.0028127424474076786,drive
0.7800000000000006,p0_m1,-10.240617586432034,-0.05829939464739629,-0.059083095462228855,-0.030547780378010172,2.40778280919438e-05,0.44651017034386725,-0.0046881498730136925,0.0028127424474076786,drive
0.7800000000000006,p0_m2,0.0,3.827103094478136e-05,3.7650276503098934e-05,-1.1518212213180208e-07,2.40778280919438e-05,0.44651017034386725,-0.0046881498730136925,0.0028127424474076786,drive
0.7800000000000006,p0_m3,0.0,-9.860488866258886e-05,-9.743397312246642e-05,2.966042387659736e-07,2.40778280919438e-05,0.44651017034386725,-0.0046881498730136925,0.0028127424474076786,drive
0.7800000000000006,p1_m0,20.842915822580462,0.11136923490589581,0.11293294226609567,0.06219643900521483,2.40778280919438e-05,0.44651017034386725,-0.0046881498730136925,0.0028127424474076786,drive
0.7800000000000006,p1_m1,0.0,3.252615557417093e-05,3.3027894608747854e-05,-9.724481240366827e-08,2.40778280919438e-05,0.44651017034386725,-0.0046881498730136925,0.0028127424474076786,drive
0.7800000000000006,p1_m2,10.248986495115833,0.05829682136777098,0.059081986006497576,0.030572896228319234,2.40778280919438e-05,0.44651017034386725,-0.0046881498730136925,0.0028127424474076786,drive
0.7800000000000006,p1_m3,0.0,-0.00010107040415852878,-0.0001001308624762826,3.03872092248506e-07,2.40778280919438e-05,0.44651017034386725,-0.0046881498730136925,0.0028127424474076786,drive
0.7800000000000006,p2_m0,0.0,0.0001483432083082863,0.0001487497970656901,-4.4469397897636357e-07,2.40778280919438e-05,0.44651017034386725,-0.0046881498730136925,0.0028127424474076786,drive
0.7800000000000006,p2_m1,20.79873064003667,0.11083835583859108,0.11222118218614416,0.06206490291924808,2.40778280919438e-05,0.44651017034386725,-0.0046881498730136925,0.0028127424474076786,drive
0.7800000000000006,p2_m2,0.0,3.638609286022768e-05,3.727825198734506e-05,-1.0853027502070563e-07,2.40778280919438e-05,0.44651017034386725,-0.0046881498730136925,0.0028127424474076786,drive
0.7800000000000006,p2_m3,10.247774181353126,0.058297632138486224,0.059082380686107557,0.03056925644314996,2.40778280919438e-05,0.44651017034386725,-0.0046881498730136925,0.0028127424474076786,drive
0.7800000000000006,p3_m0,-10.258610505525995,-0.05829412000935613,-0.059080729073704125,-0.030601777845770103,2.40778280919438e-05,0.44651017034386725,-0.0046881498730136925,0.0028127424474076786,drive
0.7800000000000006,p3_m1,20.751249264516293,0.11148918883495887,0.11301813420463581,0.06192093836830845,2.40778280919438e-05,0.44651017034386725,-0.0046881498730136925,0.0028127424474076786,drive
0.7800000000000006,p3_m2,0.0,3.8871681037768586e-05,4.0001657457272176e-05,-1.1585392471721164e-07,2.40778280919438e-05,0.44651017034386725,-0.0046881498730136925,0.0028127424474076786,drive
0.7800000000000006,p3_m3,0.0,-0.00010648079174330365,-0.00010699436328859409,3.1907659010575793e-07,2.40778280919438e-05,0.44651017034386725,-0.0046881498730136925,0.0028127424474076786,drive
0.7900000000000006,p0_m0,20.798566453005904,0.11046806903112168,0.11175968320183262,0.06206510207333175,2.3980515192720032e-05,0.44765962444573354,-0.004691731038001144,0.0028116135023567084,drive
0.7900000000000006,p0_m1,-10.226686329952589,-0.05774747555051117,-0.05847277348144979,-0.030507406569939364,2.3980515192720032e-05,0.44765962444573354,-0.004691731038001144,0.0028116135023567084,drive
0.7900000000000006,p0_m2,0.0,3.548523405433273e-05,3.508367294929875e-05,-1.0655147685758451e-07,2.3980515192720032e-05,0.44765962444573354,-0.004691731038001144,0.0028116135023567084,drive
0.7900000000000006,p0_m3,0.0,-9.299107600478679e-05,-9.23109738050879e-05,2.791706848908693e-07,2.3980515192720032e-05,0.44765962444573354,-0.004691731038001144,0.0028116135023567084,drive
0.7900000000000006,p1_m0,20.81351757108045,0.111180810649719,0.11264278051059547,0.06210832368257564,2.3980515192720032e-05,0.44765962444573354,-0.004691731038001144,0.0028116135023567084,drive
0.7900000000000006,p1_m1,0.0,3.523998221525469e-05,3.554723534784721e-05,-1.0565378298540682e-07,2.3980515192720032e-05,0.44765962444573354,-0.004691731038001144,0.0028116135023567084,drive
0.7900000000000006,p1_m2,10.235030539449427,0.05774491075549097,0.058471647435462605,0.030532448290725586,2.3980515192720032e-05,0.44765962444573354,-0.004691731038001144,0.0028116135023567084,drive
0.7900000000000006,p1_m3,0.0,-9.549394814089344e-05,-9.492037551957284e-05,2.8664456683370893e-07,2.3980515192720032e-05,0.44765962444573354,-0.004691731038001144,0.0028116135023567084,drive
0.7900000000000006,p2_m0,0.0,0.00015106033955368598,0.00015126655580655548,-4.5311085369211664e-07,2.3980515192720032e-05,0.44765962444573354,-0.004691731038001144,0.0028116135023567084,drive
0.7900000000000006,p2_m1,20.76944582971725,0.11058740159765094,0.11185864968373123,0.061977285315547706,2.3980515192720032e-05,0.44765962444573354,-0.004691731038001144,0.0028116135023567084,drive
0.7900000000000006,p2_m2,0.0,4.173331516795231e-05,4.227427285725367e-05,-1.2505281944445167e-07,2.3980515192720032e-05,0.44765962444573354,-0.004691731038001144,0.0028116135023567084,drive
0.7900000000000006,p2_m3,10.23382412952089,0.057745716407256495,0.05847203900055705,0.030528826225603715,2.3980515192720032e-05,0.44765962444573354,-0.004691731038001144,0.0028116135023567084,drive
0.7900000000000006,p3_m0,-10.244627733767922,-0.05774221522564138,-0.05847041601714164,-0.030561249431143758,2.3980515192720032e-05,0.44765962444573354,-0.004691731038001144,0.0028116135023567084,drive
0.7900000000000006,p3_m1,20.72086326669408,0.11026276558607827,0.11166628124714656,0.0618330103166217,2.3980515192720032e-05,0.44765962444573354,-0.004691731038001144,0.0028116135023567084,drive
0.7900000000000006,p3_m2,0.0,4.425938851913108e-05,4.491580578368842e-05,-1.3258704483571997e-07,2.3980515192720032e-05,0.44765962444573354,-0.004691731038001144,0.0028116135023567084,drive
0.7900000000000006,p3_m3,0.0,-0.00010919349603752212,-0.00010948610666121236,3.274773907445264e-07,2.3980515192720032e-05,0.44765962444573354,-0.004691731038001144,0.0028116135023567084,drive
0.8000000000000006,p0_m0,20.767524591515116,0.1085669696593065,0.10971246494811407,0.06197722796061692,2.3892615408109185e-05,0.44878529083608404,-0.00469524416689114,0.0028104870517580154,drive
0.8000000000000006,p0_m1,-10.212189755744655,-0.05629973287593191,-0.05693971081213788,-0.03046804283693432,2.3892615408109185e-05,0.44878529083608404,-0.00469524416689114,0.0028104870517580154,drive
0.8000000000000006,p0_m2,0.0,3.342026060895976e-05,3.3214394671332254e-05,-1.0013352030857354e-07,2.3892615408109185e-05,0.44878529083608404,-0.00469524416689114,0.0028104870517580154,drive
0.8000000000000006,p0_m3,0.0,-8.892331016833202e-05,-8.865609818768257e-05,2.6649710026506824e-07,2.3892615408109185e-05,0.44878529083608404,-0.00469524416689114,0.0028104870517580154,drive
0.8000000000000006,p1_m0,20.78206929006053,0.10907827908180491,0.11038905897466232,0.062019841117513824,2.3892615408109185e-05,0.44878529083608404,-0.00469524416689114,0.0028104870517580154,drive
0.8000000000000006,p1_m1,0.0,3.7255416849533103e-05,3.7391626667976024e-05,-1.1191689893826498e-07,2.3892615408109185e-05,0.44878529083608404,-0.00469524416689114,0.0028104870517580154,drive
0.8000000000000006,p1_m2,10.220509337063545,0.056297173659586315,0.056938569236231855,0.030493010651405323,2.3892615408109185e-05,0.44878529083608404,-0.00469524416689114,0.0028104870517580154,drive
0.8000000000000006,p1_m3,0.0,-9.12213952071355e-05,-9.09839331324803e-05,2.7340907634170436e-07,2.3892615408109185e-05,0.44878529083608404,-0.00469524416689114,0.0028104870517580154,drive
0.8000000000000006,p2_m0,0.0,0.00015309179465297282,0.00015312698583536523,-4.5942077042865167e-07,2.3892615408109185e-05,0.44878529083608404,-0.00469524416689114,0.0028104870517580154,drive
0.8000000000000006,p2_m1,20.73814453046956,0.10846770343812649,0.10958878357886259,0.06188929966387465,2.3892615408109185e-05,0.44878529083608404,-0.00469524416689114,0.0028104870517580154,drive
0.8000000000000006,p2_m2,0.0,4.582250726698423e-05,4.6041245481779654e-05,-1.3772333442650024e-07,2.3892615408109185e-05,0.44878529083608404,-0.00469524416689114,0.0028104870517580154,drive
0.8000000000000006,p2_m3,10.219308803642786,0.05629796639457192,0.05693895295998658,0.03048940625300018,2.3892615408109185e-05,0.44878529083608404,-0.00469524416689114,0.0028104870517580154,drive
0.8000000000000006,p3_m0,-10.23007978647786,-0.05629447788484136,-0.05693735666079579,-0.030521731551108787,2.3892615408109185e-05,0.44878529083608404,-0.00469524416689114,0.0028104870517580154,drive
0.8000000000000006,p3_m1,20.689474692684065,0.10738828992221224,0.10862594634397416,0.06174705865240494,2.3892615408109185e-05,0.44878529083608404,-0.00469524416689114,0.0028104870517580154,drive
0.8000000000000006,p3_m2,0.0,4.815659365392516e-05,4.841410961923557e-05,-1.4473186863378634e-07,2.3892615408109185e-05,0.44878529083608404,-0.00469524416689114,0.0028104870517580154,drive
0.8000000000000006,p3_m3,0.0,-0.00011121843229037941,-0.00011131829210216882,3.33767952364277e-07,2.3892615408109185e-05,0.44878529083608404,-0.00469524416689114,0.0028104870517580154,drive
0.8100000000000006,p0_m0,20.73615415897445,0.10524632599915704,0.10622341373893705,0.061892709261273,2.381346157632994e-05,0.4498721294686673,-0.0046986399521782565,0.0028093816532904054,drive
0.8100000000000006,p0_m1,-10.198005451265242,-0.0542223373368105,-0.05476176788792684,-0.030431532282795857,2.381346157632994e-05,0.4498721294686673,-0.0046986399521782565,0.0028093816532904054,drive
0.8100000000000006,p0_m2,0.0,3.2029818759616456e-05,3.1989686317457e-05,-9.579116315145581e-08,2.381346157632994e-05,0.4498721294686673,-0.0046986399521782565,0.0028093816532904054,drive
0.8100000000000006,p0_m3,0.0,-8.625190379002199e-05,-8.631695295702416e-05,2.5813060113606235e-07,2.381346157632994e-05,0.4498721294686673,-0.0046986399521782565,0.0028093816532904054,drive
0.8100000000000006,p1_m0,20.750490560496434,0.10557520399570365,0.10670639835614554,0.06193522689917586,2.381346157632994e-05,0.4498721294686673,-0.0046986399521782565,0.0028093816532904054,drive
0.8100000000000006,p1_m1,0.0,3.861634965139276e-05,3.86099530029979e-05,-1.161645057695332e-07,2.381346157632994e-05,0.4498721294686673,-0.0046986399521782565,0.0028093816532904054,drive
0.8100000000000006,p1_m2,10.206300478720111,0.05421978160490914,0.05476061275587854,0.030456426421343285,2.381346157632994e-05,0.4498721294686673,-0.0046986399521782565,0.0028093816532904054,drive
0.8100000000000006,p1_m3,0.0,-8.822769907755507e-05,-8.827843927682283e-05,2.6410106095043854e-07,2.381346157632994e-05,0.4498721294686673,-0.0046986399521782565,0.0028093816532904054,drive
0.8100000000000006,p2_m0,0.0,0.0001544773877065668,0.0001543744840440784,-4.6374176679421255e-07,2.381346157632994e-05,0.4498721294686673,-0.0046986399521782565,0.0028093816532904054,drive
0.8100000000000006,p2_m1,20.706736522733227,0.10498306860724138,0.1059338229234395,0.06180517295754226,2.381346157632994e-05,0.4498721294686673,-0.0046986399521782565,0.0028093816532904054,drive
0.8100000000000006,p2_m2,0.0,4.867899776829837e-05,4.862167471408908e-05,-1.46607776943873e-07,2.381346157632994e-05,0.4498721294686673,-0.0046986399521782565,0.0028093816532904054,drive
0.8100000000000006,p2_m3,10.205105807448962,0.054220556223213354,0.05476098552888642,0.030452839666339278,2.381346157632994e-05,0.4498721294686673,-0.0046986399521782565,0.0028093816532904054,drive
0.8100000000000006,p3_m0,-10.215844265755525,-0.05421708149476606,-0.05475941300447336,-0.03048506734376316,2.381346157632994e-05,0.4498721294686673,-0.0046986399521782565,0.0028093816532904054,drive
0.8100000000000006,p3_m1,20.658765724204535,0.10336431461402608,0.10441551011182981,0.061666649735901476,2.381346157632994e-05,0.4498721294686673,-0.0046986399521782565,0.0028093816532904054,drive
0.8100000000000006,p3_m2,0.0,5.070741783013766e-05,5.064354342812454e-05,-1.5272422528845816e-07,2.381346157632994e-05,0.4498721294686673,-0.0046986399521782565,0.0028093816532904054,drive
0.8100000000000006,p3_m3,0.0,-0.00011259464702094505,-0.00011253535501678797,3.3806310812970054e-07,2.381346157632994e-05,0.4498721294686673,-0.0046986399521782565,0.0028093816532904054,drive
0.8200000000000006,p0_m0,20.70596438768311,0.10097692367912181,0.10177890052230805,0.06181466406853797,2.374245072349623e-05,0.45091034898855126,-0.004701886181141462,0.0028083108714633894,drive
0.8200000000000006,p0_m1,-10.184781780846732,-0.05175611731088629,-0.052189547794826895,-0.030399102494022126,2.374245072349623e-05,0.45091034898855126,-0.004701886181141462,0.0028083108714633894,drive
0.8200000000000006,p0_m2,0.0,3.1237090754385946e-05,3.1329671397634596e-05,-9.32920924458686e-08,2.374245072349623e-05,0.45091034898855126,-0.004701886181141462,0.0028083108714633894,drive
0.8200000000000006,p0_m3,0.0,-8.478755115857054e-05,-8.5106150703458e-05,2.5349402402826916e-07,2.374245072349623e-05,0.45091034898855126,-0.004701886181141462,0.0028083108714633894,drive
0.8200000000000006,p1_m0,20.720251462146003,0.10114794245455204,0.10208883741041604,0.06185747185771672,2.374245072349623e-05,0.45091034898855126,-0.004701886181141462,0.0028083108714633894,drive
0.8200000000000006,p1_m1,0.0,3.939666284059328e-05,3.927810537246742e-05,-1.1862049829639346e-07,2.374245072349623e-05,0.45091034898855126,-0.004701886181141462,0.0028083108714633894,drive
0.8200000000000006,p1_m2,10.19305233121708,0.05175356372826586,0.052188381650336235,0.030423923191860533,2.374245072349623e-05,0.45091034898855126,-0.004701886181141462,0.0028083108714633894,drive
0.8200000000000006,p1_m3,0.0,-8.640364350467453e-05,-8.668506829784622e-05,2.5839418197616386e-07,2.374245072349623e-05,0.45091034898855126,-0.004701886181141462,0.0028083108714633894,drive
0.8200000000000006,p2_m0,0.0,0.00015528731003229594,0.000155079909630679,-4.662865537275377e-07,2.374245072349623e-05,0.45091034898855126,-0.004701886181141462,0.0028083108714633894,drive
0.8200000000000006,p2_m1,20.676683024657738,0.10060050721792331,0.10137595979729351,0.061727889421039156,2.374245072349623e-05,0.45091034898855126,-0.004701886181141462,0.0028083108714633894,drive
0.8200000000000006,p2_m2,0.0,5.040880148681651e-05,5.013068784862737e-05,-1.5202306114327871e-07,2.374245072349623e-05,0.45091034898855126,-0.004701886181141462,0.0028083108714633894,drive
0.8200000000000006,p2_m3,10.191863517284032,0.05175431730082858,0.052188741762302024,0.030420354077681396,2.374245072349623e-05,0.45091034898855126,-0.004701886181141462,0.0028083108714633894,drive
0.8200000000000006,p3_m0,-10.202569546757672,-0.05175085692776199,-0.05218718957005338,-0.03045248441935838,2.374245072349623e-05,0.45091034898855126,-0.004701886181141462,0.0028083108714633894,drive
0.8200000000000006,p3_m1,20.629975500507545,0.09864030577525379,0.09950068936801185,0.06159416078904272,2.374245072349623e-05,0.45091034898855126,-0.004701886181141462,0.0028083108714633894,drive
0.8200000000000006,p3_m2,0.0,5.209444580713913e-05,5.1785023851078264e-05,-1.5712060673930044e-07,2.374245072349623e-05,0.45091034898855126,-0.004701886181141462,0.0028083108714633894,drive
0.8200000000000006,p3_m3,0.0,-0.00011339238860356898,-0.00011320951493389062,3.4057494257671495e-07,2.374245072349623e-05,0.45091034898855126,-0.004701886181141462,0.0028083108714633894,drive
0.8300000000000006,p0_m0,20.678032805837184,0.09617458722220985,0.09680693942295528,0.06174507427709087,2.3678972865105146e-05,0.451894744949467,-0.004704965339612894,0.0028072836472982855,drive
0.8300000000000006,p0_m1,-10.17295364730603,-0.0491077789340909,-0.04943747895497684,-0.030371439808859944,2.3678972865105146e-05,0.451894744949467,-0.004704965339612894,0.0028072836472982855,drive
0.8300000000000006,p0_m2,0.0,3.094692318486409e-05,3.113892874848691e-05,-9.23463231350468e-08,2.3678972865105146e-05,0.451894744949467,-0.004704965339612894,0.0028072836472982855,drive
0.8300000000000006,p0_m3,0.0,-8.431982063269976e-05,-8.481871864368269e-05,2.519431281660439e-07,2.3678972865105146e-05,0.451894744949467,-0.004704965339612894,0.0028072836472982855,drive
0.8300000000000006,p1_m0,20.692391077962263,0.09621520197696151,0.09696911772772004,0.0617884402267532,2.3678972865105146e-05,0.451894744949467,-0.004704965339612894,0.0028072836472982855,drive
0.8300000000000006,p1_m1,0.0,3.968823181774171e-05,3.9487575494212076e-05,-1.1956531833831437e-07,2.3678972865105146e-05,0.451894744949467,-0.004704965339612894,0.0028072836472982855,drive
0.8300000000000006,p1_m2,10.18119979901746,0.0491052268305304,0.049436304614813124,0.030396187303869043,2.3678972865105146e-05,0.451894744949467,-0.004704965339612894,0.0028072836472982855,drive
0.8300000000000006,p1_m3,0.0,-8.558644252411252e-05,-8.603829749736837e-05,2.557944394742497e-07,2.3678972865105146e-05,0.451894744949467,-0.004704965339612894,0.0028072836472982855,drive
0.8300000000000006,p2_m0,0.0,0.00015561030156275581,0.00015533041469573318,-4.6732603809281333e-07,2.3678972865105146e-05,0.451894744949467,-0.004704965339612894,0.0028072836472982855,drive
0.8300000000000006,p2_m1,20.649015233215785,0.09573010872131607,0.096337064960182,0.061659308234610403,2.3678972865105146e-05,0.451894744949467,-0.004704965339612894,0.0028072836472982855,drive
0.8300000000000006,p2_m2,0.0,5.116924000303875e-05,5.072815836472965e-05,-1.5444668802154435e-07,2.3678972865105146e-05,0.451894744949467,-0.004704965339612894,0.0028072836472982855,drive
0.8300000000000006,p2_m3,10.180016843997588,0.04910595831218416,0.049436651504198834,0.030392635840432294,2.3678972865105146e-05,0.451894744949467,-0.004704965339612894,0.0028072836472982855,drive
0.8300000000000006,p3_m0,-10.190690539541908,-0.049102512435046916,-0.04943511603040221,-0.030424669130366174,2.3678972865105146e-05,0.451894744949467,-0.004704965339612894,0.0028072836472982855,drive
0.8300000000000006,p3_m1,20.603931219408388,0.09360055511834368,0.09427831592687237,0.06153092275096964,2.3678972865105146e-05,0.451894744949467,-0.004704965339612894,0.0028072836472982855,drive
0.8300000000000006,p3_m2,0.0,5.2520770687333415e-05,5.2036503071849635e-05,-1.585426394151391e-07,2.3678972865105146e-05,0.451894744949467,-0.004704965339612894,0.0028072836472982855,drive
0.8300000000000006,p3_m3,0.0,-0.00011370101612928781,-0.00011342936765189707,3.415755670192675e-07,2.3678972865105146e-05,0.451894744949467,-0.004704965339612894,0.0028072836472982855,drive
0.8400000000000006,p0_m0,20.653043852566608,0.0911878040645201,0.09166488956964931,0.06168494022756546,2.3622367831723883e-05,0.45282391480145573,-0.004707872029349191,0.002806304861781079,drive
0.8400000000000006,p0_m1,-10.162767673330093,-0.04644542226986088,-0.04667935674115743,-0.030348779002798844,2.3622367831723883e-05,0.45282391480145573,-0.004707872029349191,0.002806304861781079,drive
0.8400000000000006,p0_m2,0.0,3.105623617536501e-05,3.1316249223837426e-05,-9.263834880136242e-08,2.3622367831723883e-05,0.45282391480145573,-0.004707872029349191,0.002806304861781079,drive
0.8400000000000006,p0_m3,0.0,-8.463303498528258e-05,-8.5246953028748e-05,2.528157728897816e-07,2.3622367831723883e-05,0.45282391480145573,-0.004707872029349191,0.002806304861781079,drive
0.8400000000000006,p1_m0,20.667558169283232,0.09112616791294013,0.09170683433901719,0.061729028700678784,2.3622367831723883e-05,0.45282391480145573,-0.004707872029349191,0.002806304861781079,drive
0.8400000000000006,p1_m1,0.0,3.959073391498243e-05,3.9335870168462326e-05,-1.193044509116229e-07,2.3622367831723883e-05,0.45282391480145573,-0.004707872029349191,0.002806304861781079,drive
0.8400000000000006,p1_m2,10.170989505707174,0.0464428715225618,0.046678177053621525,0.03037345353366605,2.3622367831723883e-05,0.45282391480145573,-0.004707872029349191,0.002806304861781079,drive
0.8400000000000006,p1_m3,0.0,-8.558565229475184e-05,-8.61501422084074e-05,2.557201395234879e-07,2.3622367831723883e-05,0.45282391480145573,-0.004707872029349191,0.002806304861781079,drive
0.8400000000000006,p2_m0,0.0,0.00015554354917150218,0.00015521998773487502,-4.6715810198263223e-07,2.3622367831723883e-05,0.45282391480145573,-0.004707872029349191,0.002806304861781079,drive
0.8400000000000006,p2_m1,20.62437512690988,0.09071341648458597,0.09116716478937198,0.06160032249453649,2.3622367831723883e-05,0.45282391480145573,-0.004707872029349191,0.002806304861781079,drive
0.8400000000000006,p2_m2,0.0,5.1144067048445196e-05,5.0595434895726676e-05,-1.5443997550075626e-07,2.3622367831723883e-05,0.45282391480145573,-0.004707872029349191,0.002806304861781079,drive
0.8400000000000006,p2_m3,10.169812414796285,0.04644358134582178,0.04667851105033459,0.030369919736423202,2.3622367831723883e-05,0.45282391480145573,-0.004707872029349191,0.002806304861781079,drive
0.8400000000000006,p3_m0,-10.180453870849796,-0.04644014977839417,-0.04667698879183967,-0.030401856258328842,2.3622367831723883e-05,0.45282391480145573,-0.004707872029349191,0.002806304861781079,drive
0.8400000000000006,p3_m1,20.581097392096503,0.08855618543517012,0.08906847727423377,0.06147739337732063,2.3622367831723883e-05,0.45282391480145573,-0.004707872029349191,0.002806304861781079,drive
0.8400000000000006,p3_m2,0.0,5.219458545794195e-05,5.159855871045246e-05,-1.5762937276849337e-07,2.3622367831723883e-05,0.45282391480145573,-0.004707872029349191,0.002806304861781079,drive
0.8400000000000006,p3_m3,0.0,-0.00011361863411221159,-0.00011329022858963071,3.413651167313385e-07,2.3622367831723883e-05,0.45282391480145573,-0.004707872029349191,0.002806304861781079,drive
0.8500000000000006,p0_m0,20.631342451415144,0.08629260132662236,0.08663459871001035,0.061634458327806826,2.3571910299449096e-05,0.45369942917785006,-0.004710610352579153,0.002805376011941659,drive
0.8500000000000006,p0_m1,-10.154312910791749,-0.043897578948054544,-0.04404752713537156,-0.030330998982188516,2.3571910299449096e-05,0.45369942917785006,-0.004710610352579153,0.002805376011941659,drive
0.8500000000000006,p0_m2,0.0,3.146239539320096e-05,3.176237142787253e-05,-9.385307346109803e-08,2.3571910299449096e-05,0.45369942917785006,-0.004710610352579153,0.002805376011941659,drive
0.8500000000000006,p0_m3,0.0,-8.551914174884882e-05,-8.61923452962968e-05,2.554718430640612e-07,2.3571910299449096e-05,0.45369942917785006,-0.004710610352579153,0.002805376011941659,drive
0.8500000000000006,p1_m0,20.646066095200247,0.08615586422082722,0.08658404084872098,0.06167934650194715,2.3571910299449096e-05,0.45369942917785006,-0.004710610352579153,0.002805376011941659,drive
0.8500000000000006,p1_m1,0.0,3.9203485977914985e-05,3.891892347116302e-05,-1.1814312719004714e-07,2.3571910299449096e-05,0.45369942917785006,-0.004710610352579153,0.002805376011941659,drive
0.8500000000000006,p1_m2,10.162510503416899,0.043895029855599434,0.044046344796366335,0.030355600786902935,2.3571910299449096e-05,0.45369942917785006,-0.004710610352579153,0.002805376011941659,drive
0.8500000000000006,p1_m3,0.0,-8.620383943867409e-05,-8.682921624350106e-05,2.575658847137459e-07,2.3571910299449096e-05,0.45369942917785006,-0.004710610352579153,0.002805376011941659,drive
0.8500000000000006,p2_m0,0.0,0.00015518454184317848,0.00015484190160476943,-4.660823704786386e-07,2.3571910299449096e-05,0.45369942917785006,-0.004710610352579153,0.002805376011941659,drive
0.8500000000000006,p2_m1,20.603070531633715,0.08581896551468159,0.08614026422685751,0.06155103931906447,2.3571910299449096e-05,0.45369942917785006,-0.004710610352579153,0.002805376011941659,drive
0.8500000000000006,p2_m2,0.0,5.0523626609793794e-05,4.9917035235956293e-05,-1.525866253389151e-07,2.3571910299449096e-05,0.45369942917785006,-0.004710610352579153,0.002805376011941659,drive
0.8500000000000006,p2_m3,10.161339283133412,0.04389571953566248,0.044046666875796024,0.030352084671276054,2.3571910299449096e-05,0.45369942917785006,-0.004710610352579153,0.002805376011941659,drive
0.8500000000000006,p3_m0,-10.171948593920023,-0.04389230186536066,-0.04404515464106482,-0.030383924709009663,2.3571910299449096e-05,0.45369942917785006,-0.004710610352579153,0.002805376011941659,drive
0.8500000000000006,p3_m1,20.561635659007603,0.08374375566017019,0.08411344839622195,0.061433342178602704,2.3571910299449096e-05,0.45369942917785006,-0.004710610352579153,0.002805376011941659,drive
0.8500000000000006,p3_m2,0.0,5.131670873224763e-05,5.066284125727731e-05,-1.5499858243848033e-07,2.3571910299449096e-05,0.45369942917785006,-0.004710610352579153,0.002805376011941659,drive
0.8500000000000006,p3_m3,0.0,-0.00011324372915018366,-0.00011288644448984839,3.402458530428813e-07,2.3571910299449096e-05,0.45369942917785006,-0.004710610352579153,0.002805376011941659,drive
0.8600000000000007,p0_m0,20.61299551750768,0.08169321106271787,0.08192345988946,0.06159320490424445,2.3526817630612315e-05,0.4545250221083321,-0.00471319139636989,0.00280449593058039,drive
0.8600000000000007,p0_m1,-10.147553793062485,-0.04155495963768065,-0.041634861359391546,-0.03031771702494578,2.3526817630612315e-05,0.4545250221083321,-0.00471319139636989,0.00280449593058039,drive
0.8600000000000007,p0_m2,0.0,3.206949877093019e-05,3.238568894930319e-05,-9.569534984577942e-08,2.3526817630612315e-05,0.4545250221083321,-0.00471319139636989,0.00280449593058039,drive
0.8600000000000007,p0_m3,0.0,-8.678742593165551e-05,-8.747446027970295e-05,2.593234574311505e-07,2.3526817630612315e-05,0.4545250221083321,-0.00471319139636989,0.00280449593058039,drive
0.8600000000000007,p1_m0,20.62795507606284,0.08150626948007031,0.08180676046765177,0.061638900107481326,2.3526817630612315e-05,0.4545250221083321,-0.00471319139636989,0.00280449593058039,drive
0.8600000000000007,p1_m1,0.0,3.86193357192256e-05,3.832550033866967e-05,-1.1636733443329784e-07,2.3526817630612315e-05,0.4545250221083321,-0.00471319139636989,0.00280449593058039,drive
0.8600000000000007,p1_m2,10.155727225258442,0.04155241279672213,0.04163367878332226,0.030342246339658284,2.3526817630612315e-05,0.4545250221083321,-0.00471319139636989,0.00280449593058039,drive
0.8600000000000007,p1_m3,0.0,-8.725202451513941e-05,-8.789474911997704e-05,2.607505546467809e-07,2.3526817630612315e-05,0.4545250221083321,-0.00471319139636989,0.00280449593058039,drive
0.8600000000000007,p2_m0,0.0,0.00015462492338998865,0.00015428308029853728,-4.6438111403188046e-07,2.3526817630612315e-05,0.4545250221083321,-0.00471319139636989,0.00280449593058039,drive
0.8600000000000007,p2_m1,20.58513748794827,0.08124350059307431,0.08145596842879911,0.061510964600150424,2.3526817630612315e-05,0.4545250221083321,-0.00471319139636989,0.00280449593058039,drive
0.8600000000000007,p2_m2,0.0,4.949002524167475e-05,4.886718043879371e-05,-1.4944665574579188e-07,2.3526817630612315e-05,0.4545250221083321,-0.00471319139636989,0.00280449593058039,drive
0.8600000000000007,p2_m3,10.154561881637818,0.041553084569447125,0.041633990343843,0.030338747916866256,2.3526817630612315e-05,0.4545250221083321,-0.00471319139636989,0.00280449593058039,drive
0.8600000000000007,p3_m0,-10.165139141343293,-0.04154968024509376,-0.04163248538078592,-0.030370491754669326,2.3526817630612315e-05,0.4545250221083321,-0.00471319139636989,0.00280449593058039,drive
0.8600000000000007,p3_m1,20.54546877133189,0.07932890399804858,0.07958178352462897,0.06139803262125248,2.3526817630612315e-05,0.4545250221083321,-0.00471319139636989,0.00280449593058039,drive
0.8600000000000007,p3_m2,0.0,5.007118425305002e-05,4.9403489305123926e-05,-1.512175300375311e-07,2.3526817630612315e-05,0.4545250221083321,-0.00471319139636989,0.00280449593058039,drive
0.8600000000000007,p3_m3,0.0,-0.0001126688665511573,-0.0001123056900301528,3.385025779721976e-07,2.3526817630612315e-05,0.4545250221083321,-0.00471319139636989,0.00280449593058039,drive
0.8700000000000007,p0_m0,20.597855600426275,0.07752704735451921,0.0776698484051008,0.06156031328497499,2.3486273037804678e-05,0.4553058460189613,-0.0047156309230821335,0.002803661494490351,drive
0.8700000000000007,p0_m1,-10.14236271636664,-0.039474127227886534,-0.03949870270301945,-0.030308376051991732,2.3486273037804678e-05,0.4553058460189613,-0.0047156309230821335,0.002803661494490351,drive
0.8700000000000007,p0_m2,0.0,3.279268676812822e-05,3.310606364353187e-05,-9.790343847203656e-08,2.3486273037804678e-05,0.4553058460189613,-0.0047156309230821335,0.002803661494490351,drive
0.8700000000000007,p0_m3,0.0,-8.827114467894471e-05,-8.893686854158528e-05,2.6385569149048456e-07,2.3486273037804678e-05,0.4553058460189613,-0.0047156309230821335,0.002803661494490351,drive
0.8700000000000007,p1_m0,20.613056123807638,0.0773117022028489,0.07751085450119707,0.061606770003932235,2.3486273037804678e-05,0.4553058460189613,-0.0047156309230821335,0.002803661494490351,drive
0.8700000000000007,p1_m1,0.0,3.7920484980645456e-05,3.763345048473692e-05,-1.1423077577237463e-07,2.3486273037804678e-05,0.4553058460189613,-0.0047156309230821335,0.002803661494490351,drive
0.8700000000000007,p1_m2,10.150512066806755,0.039471583420503054,0.03949752194301606,0.03033283311022627,2.3486273037804678e-05,0.4553058460189613,-0.0047156309230821335,0.002803661494490351,drive
0.8700000000000007,p1_m3,0.0,-8.856030347647823e-05,-8.918602300590002e-05,2.6475045194669117e-07,2.3486273037804678e-05,0.4553058460189613,-0.0047156309230821335,0.002803661494490351,drive
0.8700000000000007,p2_m0,0.0,0.00015394623913981954,0.00015362026615337008,-4.623059829398377e-07,2.3486273037804678e-05,0.4553058460189613,-0.0047156309230821335,0.002803661494490351,drive
0.8700000000000007,p2_m1,20.570404205152403,0.07711738671121679,0.07724535932693649,0.061479179690648394,2.3486273037804678e-05,0.4553058460189613,-0.0047156309230821335,0.002803661494490351,drive
0.8700000000000007,p2_m2,0.0,4.820693349900638e-05,4.760072723524048e-05,-1.4552457532716089e-07,2.3486273037804678e-05,0.4553058460189613,-0.0047156309230821335,0.002803661494490351,drive
0.8700000000000007,p2_m3,10.149352604076626,0.0394722399271146,0.03949782461440058,0.03032935238441125,2.3486273037804678e-05,0.4553058460189613,-0.0047156309230821335,0.002803661494490351,drive
0.8700000000000007,p3_m0,-10.159897906959237,-0.03946884833132047,-0.039496324675522713,-0.030361000307003762,2.3486273037804678e-05,0.4553058460189613,-0.0047156309230821335,0.002803661494490351,drive
0.8700000000000007,p3_m1,20.53234367238194,0.0754135304744275,0.07557600971993625,0.061370390844225575,2.3486273037804678e-05,0.4553058460189613,-0.0047156309230821335,0.002803661494490351,drive
0.8700000000000007,p3_m2,0.0,4.861887120123325e-05,4.797140662129591e-05,-1.4678293827223045e-07,2.3486273037804678e-05,0.4553058460189613,-0.0047156309230821335,0.002803661494490351,drive
0.8700000000000007,p3_m3,0.0,-0.00011197634248856577,-0.0001116251205773427,3.363890623657974e-07,2.3486273037804678e-05,0.4553058460189613,-0.0047156309230821335,0.002803661494490351,drive
0.8800000000000007,p0_m0,21.597855600426275,0.17172054922239557,0.13536654317916946,0.06425164454246214,2.3339234231172447e-05,0.45610052150058067,-0.004716966559629496,0.0028026792722051596,manual
0.8800000000000007,p0_m1,-10.14236271636664,-0.04173186632052377,-0.04206968915789986,-0.030302763290037584,2.3339234231172447e-05,0.45610052150058067,-0.004716966559629496,0.0028026792722051596,manual
0.8800000000000007,p0_m2,0.0,4.285171324459729e-05,4.210706466039911e-05,-1.2846985520259232e-07,2.3339234231172447e-05,0.45610052150058067,-0.004716966559629496,0.0028026792722051596,manual
0.8800000000000007,p0_m3,0.0,-0.0001112790450725562,-0.00011157027459309216,3.334434846058583e-07,2.3339234231172447e-05,0.45610052150058067,-0.004716966559629496,0.0028026792722051596,manual
0.8800000000000007,p1_m0,20.613056123807638,0.06546068522092796,0.06745623719714035,0.06165350417924469,2.3339234231172447e-05,0.45610052150058067,-0.004716966559629496,0.0028026792722051596,manual
0.8800000000000007,p1_m1,0.0,2.639155627239899e-05,2.6319434825924873e-05,-7.930455672689575e-08,2.3339234231172447e-05,0.45610052150058067,-0.004716966559629496,0.0028026792722051596,manual
0.8800000000000007,p1_m2,10.150512066806755,0.04173168659751131,0.04206967833869446,0.030327211979347547,2.3339234231172447e-05,0.45610052150058067,-0.004716966559629496,0.0028026792722051596,manual
0.8800000000000007,p1_m3,0.0,-0.00011514866564466466,-0.00011772957244803073,3.441768732202323e-07,2.3339234231172447e-05,0.45610052150058067,-0.004716966559629496,0.0028026792722051596,manual
0.8800000000000007,p2_m0,0.0,0.0001395229341454911,0.00013739663098700632,-4.193425506812809e-07,2.3339234231172447e-05,0.45610052150058067,-0.004716966559629496,0.0028026792722051596,manual
0.8800000000000007,p2_m1,20.570404205152403,0.07391311279845394,0.07384152273131303,0.06149056867628591,2.3339234231172447e-05,0.45610052150058067,-0.004716966559629496,0.0028026792722051596,manual
0.8800000000000007,p2_m2,0.0,2.2567912617711422e-05,2.0055278196965305e-05,-6.897640318559829e-08,2.3339234231172447e-05,0.45610052150058067,-0.004716966559629496,0.0028026792722051596,manual
0.8800000000000007,p2_m3,10.149352604076626,0.04173241588384066,0.04207039736584237,0.030323731122877527,2.3339234231172447e-05,0.45610052150058067,-0.004716966559629496,0.0028026792722051596,manual
0.8800000000000007,p3_m0,-10.159897906959237,-0.041731525077906055,-0.042069954691242535,-0.03035537016949187,2.3339234231172447e-05,0.45610052150058067,-0.004716966559629496,0.0028026792722051596,manual
0.8800000000000007,p3_m1,20.53234367238194,0.08309289636243655,0.08494777381506821,0.061352609034062866,2.3339234231172447e-05,0.45610052150058067,-0.004716966559629496,0.0028026792722051596,manual
0.8800000000000007,p3_m2,0.0,2.6283097652500546e-05,2.5995736486825736e-05,-7.905566535708e-08,2.3339234231172447e-05,0.45610052150058067,-0.004716966559629496,0.0028026792722051596,manual
0.8800000000000007,p3_m3,0.0,-9.896156324519119e-05,-9.75186979998538e-05,2.9751156633524414e-07,2.3339234231172447e-05,0.45610052150058067,-0.004716966559629496,0.0028026792722051596,manual
0.8900000000000007,p0_m0,21.597855600426275,0.1212851536826429,0.11400023671894882,0.06442077679274397,2.3295039774249076e-05,0.45695568370072287,-0.004718589871876137,0.0028016088382534763,manual
0.8900000000000007,p0_m1,-10.14236271636664,-0.04517669373504167,-0.04566815949783468,-0.030292716234760084,2.3295039774249076e-05,0.45695568370072287,-0.004718589871876137,0.0028016088382534763,manual
0.8900000000000007,p0_m2,0.0,4.769100542754901e-05,4.889997365878817e-05,-1.4184751472341193e-07,2.3295039774249076e-05,0.45695568370072287,-0.004718589871876137,0.0028016088382534763,manual
0.8900000000000007,p0_m3,0.0,-0.00011820120289515634,-0.00011999046249069275,3.526523301995585e-07,2.3295039774249076e-05,0.45695568370072287,-0.004718589871876137,0.0028016088382534763,manual
0.8900000000000007,p1_m0,20.613056123807638,0.09319084828894507,0.09613776489620611,0.06156405972556302,2.3295039774249076e-05,0.45695568370072287,-0.004718589871876137,0.0028016088382534763,manual
0.8900000000000007,p1_m1,0.0,2.3173068269733586e-05,2.2405145040230077e-05,-7.034615839884378e-08,2.3295039774249076e-05,0.45695568370072287,-0.004718589871876137,0.0028016088382534763,manual
0.8900000000000007,p1_m2,10.150512066806755,0.0451765321601385,0.04566796699556574,0.030317164793725412,2.3295039774249076e-05,0.45695568370072287,-0.004718589871876137,0.0028016088382534763,manual
0.8900000000000007,p1_m3,0.0,-0.0001195377418785555,-0.00012055796140137751,3.576512518164907e-07,2.3295039774249076e-05,0.45695568370072287,-0.004718589871876137,0.0028016088382534763,manual
0.8900000000000007,p2_m0,0.0,0.00013859633052566407,0.0001383873551943217,-4.1603203035573907e-07,2.3295039774249076e-05,0.45695568370072287,-0.004718589871876137,0.0028016088382534763,manual
0.8900000000000007,p2_m1,20.570404205152403,0.08429781336009086,0.08578922290055213,0.06146191546055896,2.3295039774249076e-05,0.45695568370072287,-0.004718589871876137,0.0028016088382534763,manual
0.8900000000000007,p2_m2,0.0,1.8259069444040463e-05,1.7266964020810587e-05,-5.570987069651378e-08,2.3295039774249076e-05,0.45695568370072287,-0.004718589871876137,0.0028016088382534763,manual
0.8900000000000007,p2_m3,10.149352604076626,0.0451765039200447,0.04566783704270182,0.030313686431980295,2.3295039774249076e-05,0.45695568370072287,-0.004718589871876137,0.0028016088382534763,manual
0.8900000000000007,p3_m0,-10.159897906959237,-0.04517645723882291,-0.04566793636235577,-0.03034532257632094,2.3295039774249076e-05,0.45695568370072287,-0.004718589871876137,0.0028016088382534763,manual
0.8900000000000007,p3_m1,20.53234367238194,0.08966113716927514,0.09027839176378603,0.06132869681090598,2.3295039774249076e-05,0.45695568370072287,-0.004718589871876137,0.0028016088382534763,manual
0.8900000000000007,p3_m2,0.0,1.9714871081266066e-05,1.797841392365844e-05,-6.106340082115774e-08,2.3295039774249076e-05,0.45695568370072287,-0.004718589871876137,0.0028016088382534763,manual
0.8900000000000007,p3_m3,0.0,-9.681115919947532e-05,-9.622836098965322e-05,2.910223602202093e-07,2.3295039774249076e-05,0.45695568370072287,-0.004718589871876137,0.0028016088382534763,manual
0.9000000000000007,p0_m0,21.597855600426275,0.10468234904257623,0.10263031496367321,0.06447694718573635,2.328741921878689e-05,0.45788826231283797,-0.004721171440872032,0.002800574270603376,manual
0.9000000000000007,p0_m1,-10.14236271636664,-0.049269162692257236,-0.049832179748906524,-0.03028051717059633,2.328741921878689e-05,0.45788826231283797,-0.004721171440872032,0.002800574270603376,manual
0.9000000000000007,p0_m2,0.0,4.8610321408180687e-05,4.868561594582645e-05,-1.4618140616772877e-07,2.328741921878689e-05,0.45788826231283797,-0.004721171440872032,0.002800574270603376,manual
0.9000000000000007,p0_m3,0.0,-0.00011993650758689565,-0.0001201107330193654,3.603890823604857e-07,2.328741921878689e-05,0.45788826231283797,-0.004721171440872032,0.002800574270603376,manual
0.9000000000000007,p1_m0,20.613056123807638,0.098965219835092,0.09961143306638624,0.06154290761773861,2.328741921878689e-05,0.45788826231283797,-0.004721171440872032,0.002800574270603376,manual
0.9000000000000007,p1_m1,0.0,2.2736959122894483e-05,2.2748764767295356e-05,-6.785639434716641e-08,2.328741921878689e-05,0.45788826231283797,-0.004721171440872032,0.002800574270603376,manual
0.9000000000000007,p1_m2,10.150512066806755,0.049269119590319856,0.04983215349795852,0.030304965382784283,2.328741921878689e-05,0.45788826231283797,-0.004721171440872032,0.002800574270603376,manual
0.9000000000000007,p1_m3,0.0,-0.00011939767149401603,-0.00011913195438309883,3.590249356880284e-07,2.328741921878689e-05,0.45788826231283797,-0.004721171440872032,0.002800574270603376,manual
0.9000000000000007,p2_m0,0.0,0.00013869106564281383,0.00013880021955034742,-4.1573220157744033e-07,2.328741921878689e-05,0.45788826231283797,-0.004721171440872032,0.002800574270603376,manual
0.9000000000000007,p2_m1,20.570404205152403,0.0935394727690016,0.0946810072746804,0.06143270843454436,2.328741921878689e-05,0.45788826231283797,-0.004721171440872032,0.002800574270603376,manual
0.9000000000000007,p2_m2,0.0,1.8385958799872455e-05,1.8637697935078767e-05,-5.435994379134895e-08,2.328741921878689e-05,0.45788826231283797,-0.004721171440872032,0.002800574270603376,manual
0.9000000000000007,p2_m3,10.149352604076626,0.04926915352383046,0.04983215813138443,0.030301486922070835,2.328741921878689e-05,0.45788826231283797,-0.004721171440872032,0.002800574270603376,manual
0.9000000000000007,p3_m0,-10.159897906959237,-0.049269168378847046,-0.049832170394297874,-0.030333122776146453,2.328741921878689e-05,0.45788826231283797,-0.004721171440872032,0.002800574270603376,manual
0.9000000000000007,p3_m1,20.53234367238194,0.09417263584516206,0.0949389741484167,0.06131658219273997,2.328741921878689e-05,0.45788826231283797,-0.004721171440872032,0.002800574270603376,manual
0.9000000000000007,p3_m2,0.0,1.7967313918918623e-05,1.7785001087194354e-05,-5.3349747847383566e-08,2.328741921878689e-05,0.45788826231283797,-0.004721171440872032,0.002800574270603376,manual
0.9000000000000007,p3_m3,0.0,-9.644845084617885e-05,-9.647516823199942e-05,2.8901834707213567e-07,2.328741921878689e-05,0.45788826231283797,-0.004721171440872032,0.002800574270603376,manual
0.9100000000000007,p0_m0,22.597855600426275,0.19830990658725678,0.1619699970180641,0.06717269235051387,2.31407937828351e-05,0.45894876619708447,-0.004723215773547854,0.002799380988995356,manual
0.9100000000000007,p0_m1,-10.14236271636664,-0.05658331269575771,-0.05759074601107342,-0.030259624164697328,2.31407937828351e-05,0.45894876619708447,-0.004723215773547854,0.002799380988995356,manual
0.9100000000000007,p0_m2,0.0,5.4750093112585075e-05,5.298165557457839e-05,-1.654559175626626e-07,2.31407937828351e-05,0.45894876619708447,-0.004723215773547854,0.002799380988995356,manual
0.9100000000000007,p0_m3,0.0,-0.00013541514715496058,-0.00013379134558959616,4.0839689219753516e-07,2.31407937828351e-05,0.45894876619708447,-0.004723215773547854,0.002799380988995356,manual
0.9100000000000007,p1_m0,20.613056123807638,0.0917756081779026,0.09446239198235085,0.06157626758227331,2.31407937828351e-05,0.45894876619708447,-0.004723215773547854,0.002799380988995356,manual
0.9100000000000007,p1_m1,0.0,1.4937068178261749e-05,1.5744793424434715e-05,-4.372387352870674e-08,2.31407937828351e-05,0.45894876619708447,-0.004723215773547854,0.002799380988995356,manual
0.9100000000000007,p1_m2,10.150512066806755,0.05658363722093001,0.05759105691239638,0.030284071089177085,2.31407937828351e-05,0.45894876619708447,-0.004723215773547854,0.002799380988995356,manual
0.9100000000000007,p1_m3,0.0,-0.00013831726952940175,-0.00013899995621934776,4.1618601524112875e-07,2.31407937828351e-05,0.45894876619708447,-0.004723215773547854,0.002799380988995356,manual
0.9100000000000007,p2_m0,0.0,0.00012785404934496575,0.00012657221032960438,-3.8313345255733137e-07,2.31407937828351e-05,0.45894876619708447,-0.004723215773547854,0.002799380988995356,manual
0.9100000000000007,p2_m1,20.570404205152403,0.09872511959486648,0.09975905019405633,0.06141848186960411,2.31407937828351e-05,0.45894876619708447,-0.004723215773547854,0.002799380988995356,manual
0.9100000000000007,p2_m2,0.0,1.406237676198845e-07,-5.530338014672138e-07,7.169095146409683e-10,2.31407937828351e-05,0.45894876619708447,-0.004723215773547854,0.002799380988995356,manual
0.9100000000000007,p2_m3,10.149352604076626,0.05658434457933554,0.05759178622813542,0.030280590366563876,2.31407937828351e-05,0.45894876619708447,-0.004723215773547854,0.002799380988995356,manual
0.9100000000000007,p3_m0,-10.159897906959237,-0.056584079095342577,-0.05759151524942664,-0.030312227180019535,2.31407937828351e-05,0.45894876619708447,-0.004723215773547854,0.002799380988995356,manual
0.9100000000000007,p3_m1,20.53234367238194,0.11140613210793257,0.1145386331956123,0.06127049558094257,2.31407937828351e-05,0.45894876619708447,-0.004723215773547854,0.002799380988995356,manual
0.9100000000000007,p3_m2,0.0,2.9084877343747536e-06,4.4790288997447416e-06,-6.470566194833876e-09,2.31407937828351e-05,0.45894876619708447,-0.004723215773547854,0.002799380988995356,manual
0.9100000000000007,p3_m3,0.0,-8.711556900966517e-05,-8.665114781257728e-05,2.607245539263704e-07,2.31407937828351e-05,0.45894876619708447,-0.004723215773547854,0.002799380988995356,manual
0.9200000000000007,p0_m0,23.597855600426275,0.24915303169926842,0.20648398683406832,0.07001279558400733,2.2959725876909996e-05,0.46020572447888497,-0.004724888562827665,0.0027978703157653926,manual
0.9200000000000007,p0_m1,-10.14236271636664,-0.06753828215464974,-0.06905210794709618,-0.030227898909032505,2.2959725876909996e-05,0.46020572447888497,-0.004724888562827665,0.0027978703157653926,manual
0.9200000000000007,p0_m2,0.0,6.402410767509415e-05,6.307751148088139e-05,-1.9230265540373295e-07,2.2959725876909996e-05,0.46020572447888497,-0.004724888562827665,0.0027978703157653926,manual
0.9200000000000007,p0_m3,0.0,-0.00015414043941217953,-0.00015349822543224602,4.631715479054184e-07,2.2959725876909996e-05,0.46020572447888497,-0.004724888562827665,0.0027978703157653926,manual
0.9200000000000007,p1_m0,20.613056123807638,0.11624068269891044,0.12235470224656197,0.06150831763371608,2.2959725876909996e-05,0.46020572447888497,-0.004724888562827665,0.0027978703157653926,manual
0.9200000000000007,p1_m1,0.0,5.535350490932267e-06,5.906654872992605e-06,-1.6096622873965386e-08,2.2959725876909996e-05,0.46020572447888497,-0.004724888562827665,0.0027978703157653926,manual
0.9200000000000007,p1_m2,10.150512066806755,0.06753855174339105,0.06905230860993014,0.03025234596290545,2.2959725876909996e-05,0.46020572447888497,-0.004724888562827665,0.0027978703157653926,manual
0.9200000000000007,p1_m3,0.0,-0.00015844789710730913,-0.0001594931287856574,4.7609158191777623e-07,2.2959725876909996e-05,0.46020572447888497,-0.004724888562827665,0.0027978703157653926,manual
0.9200000000000007,p2_m0,0.0,0.0001177851040499103,0.00011663111994833328,-3.5290780530309177e-07,2.2959725876909996e-05,0.46020572447888497,-0.004724888562827665,0.0027978703157653926,manual
0.9200000000000007,p2_m1,20.570404205152403,0.11572345494476127,0.11843588647337637,0.06137149748316302,2.2959725876909996e-05,0.46020572447888497,-0.004724888562827665,0.0027978703157653926,manual
0.9200000000000007,p2_m2,0.0,-1.93332424554122e-05,-2.0383454389494802e-05,5.867041267659698e-08,2.2959725876909996e-05,0.46020572447888497,-0.004724888562827665,0.0027978703157653926,manual
0.9200000000000007,p2_m3,10.149352604076626,0.06753921791486836,0.06905290270050626,0.030248865309683116,2.2959725876909996e-05,0.46020572447888497,-0.004724888562827665,0.0027978703157653926,manual
0.9200000000000007,p3_m0,-10.159897906959237,-0.06753901731089856,-0.06905274161273427,-0.030280501963530503,2.2959725876909996e-05,0.46020572447888497,-0.004724888562827665,0.0027978703157653926,manual
0.9200000000000007,p3_m1,20.53234367238194,0.13545827243110456,0.13919606942291207,0.06119875334844633,2.2959725876909996e-05,0.46020572447888497,-0.004724888562827665,0.0027978703157653926,manual
0.9200000000000007,p3_m2,0.0,-1.5160100983580851e-05,-1.4540746239978561e-05,4.634881730835301e-08,2.2959725876909996e-05,0.46020572447888497,-0.004724888562827665,0.0027978703157653926,manual
0.9200000000000007,p3_m3,0.0,-7.737239711373983e-05,-7.671184056679979e-05,2.3182880734962433e-07,2.2959725876909996e-05,0.46020572447888497,-0.004724888562827665,0.0027978703157653926,manual
0.9300000000000007,p0_m0,23.597855600426275,0.1899398700379884,0.18165048214683316,0.07021446724776685,2.2903604650904294e-05,0.4616826066576848,-0.0047281132492385265,0.0027962135133092385,manual
0.9300000000000007,p0_m1,-10.14236271636664,-0.07887694574181364,-0.08042288983744568,-0.030193791389257804,2.2903604650904294e-05,0.4616826066576848,-0.0047281132492385265,0.0027962135133092385,manual
0.9300000000000007,p0_m2,0.0,6.551170103417627e-05,6.574333808357307e-05,-1.9673171891197422e-07,2.2903604650904294e-05,0.4616826066576848,-0.0047281132492385265,0.0027962135133092385,manual
0.9300000000000007,p0_m3,0.0,-0.00015411949643902257,-0.0001540006051261775,4.631790497819709e-07,2.2903604650904294e-05,0.4616826066576848,-0.0047281132492385265,0.0027962135133092385,manual
0.9300000000000007,p1_m0,20.613056123807638,0.15795008311753184,0.16262170900581047,0.06137261425546104,2.2903604650904294e-05,0.4616826066576848,-0.0047281132492385265,0.0027962135133092385,manual
0.9300000000000007,p1_m1,0.0,5.9286180772104315e-06,6.066157270058046e-06,-1.7238383827469323e-08,2.2903604650904294e-05,0.4616826066576848,-0.0047281132492385265,0.0027962135133092385,manual
0.9300000000000007,p1_m2,10.150512066806755,0.0788768816264466,0.08042283152565806,0.030218239624664096,2.2903604650904294e-05,0.4616826066576848,-0.0047281132492385265,0.0027962135133092385,manual
0.9300000000000007,p1_m3,0.0,-0.00015442617644458183,-0.00015327174465561697,4.652269023388065e-07,2.2903604650904294e-05,0.4616826066576848,-0.0047281132492385265,0.0027962135133092385,manual
0.9300000000000007,p2_m0,0.0,0.00012106631022143458,0.00012187291054416919,-3.620595711701956e-07,2.2903604650904294e-05,0.4616826066576848,-0.0047281132492385265,0.0027962135133092385,manual
0.9300000000000007,p2_m1,20.570404205152403,0.1434758603280519,0.14717751871029636,0.061288646926930104,2.2903604650904294e-05,0.4616826066576848,-0.0047281132492385265,0.0027962135133092385,manual
0.9300000000000007,p2_m2,0.0,-1.5527710280622345e-05,-1.4434177757156565e-05,4.845645182873439e-08,2.2903604650904294e-05,0.4616826066576848,-0.0047281132492385265,0.0027962135133092385,manual
0.9300000000000007,p2_m3,10.149352604076626,0.07887693610568773,0.08042273631422561,0.030214761049302933,2.2903604650904294e-05,0.4616826066576848,-0.0047281132492385265,0.0027962135133092385,manual
0.9300000000000007,p3_m0,-10.159897906959237,-0.07887702229681147,-0.08042278877184157,-0.030246396709158855,2.2903604650904294e-05,0.4616826066576848,-0.0047281132492385265,0.0027962135133092385,manual
0.9300000000000007,p3_m1,20.53234367238194,0.1535772573579488,0.15586917061077302,0.061140763289553694,2.2903604650904294e-05,0.4616826066576848,-0.0047281132492385265,0.0027962135133092385,manual
0.9300000000000007,p3_m2,0.0,-1.5090428213336593e-05,-1.4990586005293045e-05,4.602139837142786e-08,2.2903604650904294e-05,0.4616826066576848,-0.0047281132492385265,0.0027962135133092385,manual
0.9300000000000007,p3_m3,0.0,-7.909155942439204e-05,-7.958771005883154e-05,2.3647186630991955e-07,2.2903604650904294e-05,0.4616826066576848,-0.0047281132492385265,0.0027962135133092385,manual
0.9400000000000007,p0_m0,23.597855600426275,0.17680460189268968,0.1753110626419254,0.07026238109552636,2.2855924955448863e-05,0.4633662135147366,-0.004732941599520896,0.002794530738075562,manual
0.9400000000000007,p0_m1,-10.14236271636664,-0.08923471464614212,-0.09062064068693688,-0.030162248275491,2.2855924955448863e-05,0.4633662135147366,-0.004732941599520896,0.002794530738075562,manual
0.9400000000000007,p0_m2,0.0,6.132591015844656e-05,6.01016584150456e-05,-1.8583300076439474e-07,2.2855924955448863e-05,0.4633662135147366,-0.004732941599520896,0.002794530738075562,manual
0.9400000000000007,p0_m3,0.0,-0.00014572294813460982,-0.00014337932317320026,4.407781478604823e-07,2.2855924955448863e-05,0.4633662135147366,-0.004732941599520896,0.002794530738075562,manual
0.9400000000000007,p1_m0,20.613056123807638,0.17212491125765297,0.17393669002670709,0.06132587178391372,2.2855924955448863e-05,0.4633662135147366,-0.004732941599520896,0.002794530738075562,manual
0.9400000000000007,p1_m1,0.0,1.03416183450896e-05,1.1461357368221957e-05,-2.92436978019991e-08,2.2855924955448863e-05,0.4633662135147366,-0.004732941599520896,0.002794530738075562,manual
0.9400000000000007,p1_m2,10.150512066806755,0.08923472488252998,0.09062075782700828,0.030186696320265036,2.2855924955448863e-05,0.4633662135147366,-0.004732941599520896,0.002794530738075562,manual
0.9400000000000007,p1_m3,0.0,-0.0001442147568358485,-0.00014152546007938915,4.3642173626870446e-07,2.2855924955448863e-05,0.4633662135147366,-0.004732941599520896,0.002794530738075562,manual
0.9400000000000007,p2_m0,0.0,0.00012602485086421768,0.00012725083390393178,-3.762905887680314e-07,2.2855924955448863e-05,0.4633662135147366,-0.004732941599520896,0.002794530738075562,manual
0.9400000000000007,p2_m1,20.570404205152403,0.16463053251733167,0.1673518912019717,0.061222601271876,2.2855924955448863e-05,0.4633662135147366,-0.004732941599520896,0.002794530738075562,manual
0.9400000000000007,p2_m2,0.0,-5.700612717565637e-06,-3.129128253865754e-06,2.0735029990229948e-08,2.2855924955448863e-05,0.4633662135147366,-0.004732941599520896,0.002794530738075562,manual
0.9400000000000007,p2_m3,10.149352604076626,0.08923487466412756,0.09062082958522441,0.030183217508366653,2.2855924955448863e-05,0.4633662135147366,-0.004732941599520896,0.002794530738075562,manual
0.9400000000000007,p3_m0,-10.159897906959237,-0.08923488627208573,-0.09062070223731829,-0.030214853355472696,2.2855924955448863e-05,0.4633662135147366,-0.004732941599520896,0.002794530738075562,manual
0.9400000000000007,p3_m1,20.53234367238194,0.17036399241350902,0.17275447165111127,0.06109134295044267,2.2855924955448863e-05,0.4633662135147366,-0.004732941599520896,0.002794530738075562,manual
0.9400000000000007,p3_m2,0.0,-7.0675918668838025e-06,-4.81483712991296e-06,2.467643368239285e-08,2.2855924955448863e-05,0.4633662135147366,-0.004732941599520896,0.002794530738075562,manual
0.9400000000000007,p3_m3,0.0,-8.37181599089249e-05,-8.503680740826242e-05,2.4934434522161084e-07,2.2855924955448863e-05,0.4633662135147366,-0.004732941599520896,0.002794530738075562,manual
0.9500000000000007,p0_m0,23.597855600426275,0.18087932345056387,0.1815662229660208,0.07025327111432353,2.2764334009407227e-05,0.4652202600070104,-0.0047385803078158414,0.0027927856059814433,manual
0.9500000000000007,p0_m1,-10.14236271636664,-0.09749859867394085,-0.09858461121512191,-0.030136743954429706,2.2764334009407227e-05,0.4652202600070104,-0.0047385803078158414,0.0027927856059814433,manual
0.9500000000000007,p0_m2,0.0,5.465670654204831e-05,5.296466690128865e-05,-1.65928363183525e-07,2.2764334009407227e-05,0.4652202600070104,-0.0047385803078158414,0.0027927856059814433,manual
0.9500000000000007,p0_m3,0.0,-0.00013248912300474957,-0.00012921495788744726,4.0140451733176794e-07,2.2764334009407227e-05,0.4652202600070104,-0.0047385803078158414,0.0027927856059814433,manual
0.9500000000000007,p1_m0,20.613056123807638,0.18236171102419838,0.1838113512696839,0.06129526735118544,2.2764334009407227e-05,0.4652202600070104,-0.0047385803078158414,0.0027927856059814433,manual
0.9500000000000007,p1_m1,0.0,1.6650032915173376e-05,1.8085349737711475e-05,-4.810208056771812e-08,2.2764334009407227e-05,0.4652202600070104,-0.0047385803078158414,0.0027927856059814433,manual
0.9500000000000007,p1_m2,10.150512066806755,0.09749864732045724,0.09858478773776233,0.030161191862523223,2.2764334009407227e-05,0.4652202600070104,-0.0047385803078158414,0.0027927856059814433,manual
0.9500000000000007,p1_m3,0.0,-0.00013104023207605224,-0.00012787905603129667,3.969605840012086e-07,2.2764334009407227e-05,0.4652202600070104,-0.0047385803078158414,0.0027927856059814433,manual
0.9500000000000007,p2_m0,0.0,0.00013236549745129469,0.0001338139837583132,-3.952240342261102e-07,2.2764334009407227e-05,0.4652202600070104,-0.0047385803078158414,0.0027927856059814433,manual
0.9500000000000007,p2_m1,20.570404205152403,0.17992505923856525,0.18197082867638864,0.06117560888317045,2.2764334009407227e-05,0.4652202600070104,-0.0047385803078158414,0.0027927856059814433,manual
0.9500000000000007,p2_m2,0.0,6.961139586817872e-06,9.978977558857838e-06,-1.7194864063711988e-08,2.2764334009407227e-05,0.4652202600070104,-0.0047385803078158414,0.0027927856059814433,manual
0.9500000000000007,p2_m3,10.149352604076626,0.09749880832314518,0.09858488052318254,0.030157712982739872,2.2764334009407227e-05,0.4652202600070104,-0.0047385803078158414,0.0027927856059814433,manual
0.9500000000000007,p3_m0,-10.159897906959237,-0.09749877151183559,-0.09858468471243212,-0.03018934899658746,2.2764334009407227e-05,0.4652202600070104,-0.0047385803078158414,0.0027927856059814433,manual
0.9500000000000007,p3_m1,20.53234367238194,0.1870354282745219,0.18922197654099876,0.06104034465357607,2.2764334009407227e-05,0.4652202600070104,-0.0047385803078158414,0.0027927856059814433,manual
0.9500000000000007,p3_m2,0.0,5.679932446055426e-06,8.841554956051848e-06,-1.3248891116221804e-08,2.2764334009407227e-05,0.4652202600070104,-0.0047385803078158414,0.0027927856059814433,manual
0.9500000000000007,p3_m3,0.0,-9.025172207499813e-05,-9.193521883284375e-05,2.688227979806758e-07,2.2764334009407227e-05,0.4652202600070104,-0.0047385803078158414,0.0027927856059814433,manual
0.9600000000000007,p0_m0,25.597855600426275,0.38390331682254886,0.31303505733779974,0.07559251852469896,2.2425853548468412e-05,0.4672970281782775,-0.0047427587279496265,0.0027905449839167227,manual
0.9600000000000007,p0_m1,-10.14236271636664,-0.11046313095082647,-0.11224009833373454,-0.030099684120257333,2.2425853548468412e-05,0.4672970281782775,-0.0047427587279496265,0.0027905449839167227,manual
0.9600000000000007,p0_m2,0.0,6.597230705687565e-05,6.228996671909063e-05,-2.001361269428964e-07,2.2425853548468412e-05,0.4672970281782775,-0.0047427587279496265,0.0027905449839167227,manual
0.9600000000000007,p0_m3,0.0,-0.0001609405345203056,-0.00015731999835030526,4.869102675688876e-07,2.2425853548468412e-05,0.4672970281782775,-0.0047427587279496265,0.0027905449839167227,manual
0.9600000000000007,p1_m0,20.613056123807638,0.17404964384526145,0.18006407569764868,0.06134290441030383,2.2425853548468412e-05,0.4672970281782775,-0.0047427587279496265,0.0027905449839167227,manual
0.9600000000000007,p1_m1,0.0,2.1568491255746577e-06,4.044236848416149e-06,-4.333246872503269e-09,2.2425853548468412e-05,0.4672970281782775,-0.0047427587279496265,0.0027905449839167227,manual
0.9600000000000007,p1_m2,10.150512066806755,0.11046375174738794,0.1122406977647847,0.03012412998571067,2.2425853548468412e-05,0.4672970281782775,-0.0047427587279496265,0.0027905449839167227,manual
0.9600000000000007,p1_m3,0.0,-0.0001668886630974033,-0.00016778942244191113,5.029303475836376e-07,2.2425853548468412e-05,0.4672970281782775,-0.0047427587279496265,0.0027905449839167227,manual
0.9600000000000007,p2_m0,0.0,0.00011180401294150076,0.00010945810242506906,-3.345481628896965e-07,2.2425853548468412e-05,0.4672970281782775,-0.0047427587279496265,0.0027905449839167227,manual
0.9600000000000007,p2_m1,20.570404205152403,0.19095504965076918,0.19304347445648912,0.06114520218374622,2.2425853548468412e-05,0.4672970281782775,-0.0047427587279496265,0.0027905449839167227,manual
0.9600000000000007,p2_m2,0.0,-2.765439721658896e-05,-2.8619568536594205e-05,8.505743395858794e-08,2.2425853548468412e-05,0.4672970281782775,-0.0047427587279496265,0.0027905449839167227,manual
0.9600000000000007,p2_m3,10.149352604076626,0.11046517269832724,0.11224216853140195,0.03012064687720502,2.2425853548468412e-05,0.4672970281782775,-0.0047427587279496265,0.0027905449839167227,manual
0.9600000000000007,p3_m0,-10.159897906959237,-0.11046464905896773,-0.11224162153474951,-0.0301522846070142,2.2425853548468412e-05,0.4672970281782775,-0.0047427587279496265,0.0027905449839167227,manual
0.9600000000000007,p3_m1,20.53234367238194,0.21832611447729197,0.22411816962498454,0.06095600064686837,2.2425853548468412e-05,0.4672970281782775,-0.0047427587279496265,0.0027905449839167227,manual
0.9600000000000007,p3_m2,0.0,-2.200201774279642e-05,-1.8483127422781388e-05,7.0289754759891e-08,2.2425853548468412e-05,0.4672970281782775,-0.0047427587279496265,0.0027905449839167227,manual
0.9600000000000007,p3_m3,0.0,-7.265332639879831e-05,-7.189134967992971e-05,2.1691102709411258e-07,2.2425853548468412e-05,0.4672970281782775,-0.0047427587279496265,0.0027905449839167227,manual
0.9700000000000008,p0_m0,27.597855600426275,0.42662597485397213,0.38541137878946313,0.08,2.2058338009349335e-05,0.4697139644014562,-0.004746630476149927,0.002787460174812772,manual
0.9700000000000008,p0_m1,-10.14236271636664,-0.12979838524302373,-0.13249814663340198,-0.030043798851507594,2.2058338009349335e-05,0.4697139644014562,-0.004746630476149927,0.002787460174812772,manual
0.9700000000000008,p0_m2,0.0,8.266681328334758e-05,8.155399566434376e-05,-2.4700176498862236e-07,2.2058338009349335e-05,0.4697139644014562,-0.004746630476149927,0.002787460174812772,manual
0.9700000000000008,p0_m3,0.0,-0.00019586135071553712,-0.00019672156611032072,5.870745172880407e-07,2.2058338009349335e-05,0.4697139644014562,-0.004746630476149927,0.002787460174812772,manual
0.9700000000000008,p1_m0,20.613056123807638,0.23495707187718903,0.2476380373219409,0.061168125954843174,2.2058338009349335e-05,0.4697139644014562,-0.004746630476149927,0.002787460174812772,manual
0.9700000000000008,p1_m1,0.0,-1.4812983912955803e-05,-1.3662545456145092e-05,4.6230838324658153e-08,2.2058338009349335e-05,0.4697139644014562,-0.004746630476149927,0.002787460174812772,manual
0.9700000000000008,p1_m2,10.150512066806755,0.12979860485861855,0.13249815235988316,0.030068245583115917,2.2058338009349335e-05,0.4697139644014562,-0.004746630476149927,0.002787460174812772,manual
0.9700000000000008,p1_m3,0.0,-0.00020261579323396542,-0.0002017131559158332,6.130421473434271e-07,2.2058338009349335e-05,0.4697139644014562,-0.004746630476149927,0.002787460174812772,manual
0.9700000000000008,p2_m0,0.0,9.174017348720157e-05,8.930559340020443e-05,-2.727057564937748e-07,2.2058338009349335e-05,0.4697139644014562,-0.004746630476149927,0.002787460174812772,manual
0.9700000000000008,p2_m1,20.570404205152403,0.22591169874727451,0.23090385929909046,0.0610463493111261,2.2058338009349335e-05,0.4697139644014562,-0.004746630476149927,0.002787460174812772,manual
0.9700000000000008,p2_m2,0.0,-6.30264413590926e-05,-6.293953014133692e-05,1.9363594610109038e-07,2.2058338009349335e-05,0.4697139644014562,-0.004746630476149927,0.002787460174812772,manual
0.9700000000000008,p2_m3,10.149352604076626,0.12980009594771538,0.13249951790049644,0.030064761874193737,2.2058338009349335e-05,0.4697139644014562,-0.004746630476149927,0.002787460174812772,manual
0.9700000000000008,p3_m0,-10.159897906959237,-0.12979930061975986,-0.13249874576094323,-0.0300964009201439,2.2058338009349335e-05,0.4697139644014562,-0.004746630476149927,0.002787460174812772,manual
0.9700000000000008,p3_m1,20.53234367238194,0.2614837201078371,0.2685247899827836,0.06082774545410837,2.2058338009349335e-05,0.4697139644014562,-0.004746630476149927,0.002787460174812772,manual
0.9700000000000008,p3_m2,0.0,-5.4961072447949716e-05,-5.512729675836561e-05,1.6503587593056847e-07,2.2058338009349335e-05,0.4697139644014562,-0.004746630476149927,0.002787460174812772,manual
0.9700000000000008,p3_m3,0.0,-5.602308600545997e-05,-5.598443017887283e-05,1.666758152350898e-07,2.2058338009349335e-05,0.4697139644014562,-0.004746630476149927,0.002787460174812772,manual
0.9800000000000008,p0_m0,28.597855600426275,0.32248609527552335,0.3217422028367798,0.08,2.2041507042427475e-05,0.47251260705334297,-0.004753683923704388,0.0027842668410099536,manual
0.9800000000000008,p0_m1,-10.14236271636664,-0.14937296654400473,-0.15201930274970335,-0.029984593132513834,2.2041507042427475e-05,0.47251260705334297,-0.004753683923704388,0.0027842668410099536,manual
0.9800000000000008,p0_m2,0.0,8.550006007176332e-05,8.567389683690088e-05,-2.5764396505715493e-07,2.2041507042427475e-05,0.47251260705334297,-0.004753683923704388,0.0027842668410099536,manual
0.9800000000000008,p0_m3,0.0,-0.00019361298763264775,-0.0001927151148530352,5.837560398769728e-07,2.2041507042427475e-05,0.47251260705334297,-0.004753683923704388,0.0027842668410099536,manual
0.9800000000000008,p1_m0,20.613056123807638,0.3009460607057333,0.30789148449309106,0.06094536404205725,2.2041507042427475e-05,0.47251260705334297,-0.004753683923704388,0.0027842668410099536,manual
0.9800000000000008,p1_m1,0.0,-1.2350017288497318e-05,-1.1745527551002278e-05,3.854640464995452e-08,2.2041507042427475e-05,0.47251260705334297,-0.004753683923704388,0.0027842668410099536,manual
0.9800000000000008,p1_m2,10.150512066806755,0.14937272882031993,0.1520191740929135,0.030009042000025448,2.2041507042427475e-05,0.47251260705334297,-0.004753683923704388,0.0027842668410099536,manual
0.9800000000000008,p1_m3,0.0,-0.0001900638405232195,-0.00018683784942499676,5.747042006139106e-07,2.2041507042427475e-05,0.47251260705334297,-0.004753683923704388,0.0027842668410099536,manual
0.9800000000000008,p2_m0,0.0,0.00010233857907930638,0.00010458835710860486,-3.043334592885255e-07,2.2041507042427475e-05,0.47251260705334297,-0.004753683923704388,0.0027842668410099536,manual
0.9800000000000008,p2_m1,20.570404205152403,0.27385497261992114,0.28019615337059206,0.06090278305834454,2.2041507042427475e-05,0.47251260705334297,-0.004753683923704388,0.0027842668410099536,manual
0.9800000000000008,p2_m2,0.0,-5.057333863004451e-05,-4.741531121853972e-05,1.561832107968878e-07,2.2041507042427475e-05,0.47251260705334297,-0.004753683923704388,0.0027842668410099536,manual
0.9800000000000008,p2_m3,10.149352604076626,0.1493726830929648,0.15201885604861634,0.030005563752120237,2.2041507042427475e-05,0.47251260705334297,-0.004753683923704388,0.0027842668410099536,manual
0.9800000000000008,p3_m0,-10.159897906959237,-0.14937297143272082,-0.15201903707136796,-0.030037198771200143,2.2041507042427475e-05,0.47251260705334297,-0.004753683923704388,0.0027842668410099536,manual
0.9800000000000008,p3_m1,20.53234367238194,0.28968866701932555,0.29316830581739434,0.06073450761963695,2.2041507042427475e-05,0.47251260705334297,-0.004753683923704388,0.0027842668410099536,manual
0.9800000000000008,p3_m2,0.0,-5.3191410261733256e-05,-5.24436723962071e-05,1.6219356686240502e-07,2.2041507042427475e-05,0.47251260705334297,-0.004753683923704388,0.0027842668410099536,manual
0.9800000000000008,p3_m3,0.0,-6.032519193379168e-05,-6.160977242583824e-05,1.790729819182729e-07,2.2041507042427475e-05,0.47251260705334297,-0.004753683923704388,0.0027842668410099536,manual
0.9900000000000008,p0_m0,29.597855600426275,0.3132837598014614,0.3137058793450724,0.08,2.1966973960493764e-05,0.47565522409512706,-0.004763384534218165,0.0027811565175462584,manual
0.9900000000000008,p0_m1,-10.14236271636664,-0.16639635612512865,-0.16865815445171833,-0.029932498620323534,2.1966973960493764e-05,0.47565522409512706,-0.004763384534218165,0.0027811565175462584,manual
0.9900000000000008,p0_m2,0.0,7.546320903302619e-05,7.268340535370516e-05,-2.302298528819338e-07,2.1966973960493764e-05,0.47565522409512706,-0.004763384534218165,0.0027811565175462584,manual
0.9900000000000008,p0_m3,0.0,-0.00017410690500215578,-0.00016886436665692052,5.297510432627582e-07,2.1966973960493764e-05,0.47565522409512706,-0.004763384534218165,0.0027811565175462584,manual
0.9900000000000008,p1_m0,20.613056123807638,0.3168431627884482,0.31900778888179376,0.06089242785684229,2.1966973960493764e-05,0.47565522409512706,-0.004763384534218165,0.0027811565175462584,manual
0.9900000000000008,p1_m1,0.0,-3.0046536308045415e-06,-7.093841290469778e-07,1.2463265073004477e-08,2.1966973960493764e-05,0.47565522409512706,-0.004763384534218165,0.0027811565175462584,manual
0.9900000000000008,p1_m2,10.150512066806755,0.16639643521935937,0.16865846295737938,0.029956946489492563,2.1966973960493764e-05,0.47565522409512706,-0.004763384534218165,0.0027811565175462584,manual
0.9900000000000008,p1_m3,0.0,-0.0001695297745349349,-0.00016428739584070976,5.15669089163851e-07,2.1966973960493764e-05,0.47565522409512706,-0.004763384534218165,0.0027811565175462584,manual
0.9900000000000008,p2_m0,0.0,0.00011245437500797589,0.0001149013973406121,-3.3396477757225225e-07,2.1966973960493764e-05,0.47565522409512706,-0.004763384534218165,0.0027811565175462584,manual
0.9900000000000008,p2_m1,20.570404205152403,0.3074391722541652,0.31171958147081646,0.060797012187874803,2.1966973960493764e-05,0.47565522409512706,-0.004763384534218165,0.0027811565175462584,manual
0.9900000000000008,p2_m2,0.0,-3.055643061789682e-05,-2.5479231588132614e-05,9.852591241665808e-08,2.1966973960493764e-05,0.47565522409512706,-0.004763384534218165,0.0027811565175462584,manual
0.9900000000000008,p2_m3,10.149352604076626,0.16639667239438977,0.1686585852348664,0.02995346744474249,2.1966973960493764e-05,0.47565522409512706,-0.004763384534218165,0.0027811565175462584,manual
0.9900000000000008,p3_m0,-10.159897906959237,-0.1663967021947289,-0.16865833389684337,-0.029985103198234355,2.1966973960493764e-05,0.47565522409512706,-0.004763384534218165,0.0027811565175462584,manual
0.9900000000000008,p3_m1,20.53234367238194,0.3168065774051044,0.32072689951045674,0.06065560649875458,2.1966973960493764e-05,0.47565522409512706,-0.004763384534218165,0.0027811565175462584,manual
0.9900000000000008,p3_m2,0.0,-3.47214649953999e-05,-2.9729288639641844e-05,1.1128296200695417e-07,2.1966973960493764e-05,0.47565522409512706,-0.004763384534218165,0.0027811565175462584,manual
0.9900000000000008,p3_m3,0.0,-6.995468156751896e-05,-7.261482297339068e-05,2.0635118553847314e-07,2.1966973960493764e-05,0.47565522409512706,-0.004763384534218165,0.0027811565175462584,manual
1.0000000000000007,p0_m0,30.597855600426275,0.33083453808163443,0.3310354092706685,0.08,2.178106719181569e-05,0.47906609158239744,-0.004774219474902737,0.0027779446353537376,manual
1.0000000000000007,p0_m1,-10.14236271636664,-0.17932098428096588,-0.18100854283651585,-0.02989241497199596,2.178106719181569e-05,0.47906609158239744,-0.004774219474902737,0.0027779446353537376,manual
1.0000000000000007,p0_m2,0.0,6.295092536881875e-05,5.9796870473691305e-05,-1.9232098670439918e-07,2.178106719181569e-05,0.47906609158239744,-0.004774219474902737,0.0027779446353537376,manual
1.0000000000000007,p0_m3,0.0,-0.00014876336955366032,-0.0001424253147421209,4.5356440045237003e-07,2.178106719181569e-05,0.47906609158239744,-0.004774219474902737,0.0027779446353537376,manual
1.0000000000000007,p1_m0,20.613056123807638,0.3325207566163768,0.3348465470734715,0.060847190769803126,2.178106719181569e-05,0.47906609158239744,-0.004774219474902737,0.0027779446353537376,manual
1.0000000000000007,p1_m1,0.0,8.174576641605967e-06,1.0653186915836302e-05,-2.1535805653337793e-08,2.178106719181569e-05,0.47906609158239744,-0.004774219474902737,0.0027779446353537376,manual
1.0000000000000007,p1_m2,10.150512066806755,0.17932114488904732,0.1810089262949173,0.02991686256493942,2.178106719181569e-05,0.47906609158239744,-0.004774219474902737,0.0027779446353537376,manual
1.0000000000000007,p1_m3,0.0,-0.00014746177750766688,-0.00014249592497301577,4.4793614248922363e-07,2.178106719181569e-05,0.47906609158239744,-0.004774219474902737,0.0027779446353537376,manual
1.0000000000000007,p2_m0,0.0,0.00012389227119215964,0.00012649634250940233,-3.6849664444414734e-07,2.178106719181569e-05,0.47906609158239744,-0.004774219474902737,0.0027779446353537376,manual
1.0000000000000007,p2_m1,20.570404205152403,0.3313665217037205,0.33461474033563876,0.06072390181806144,2.178106719181569e-05,0.47906609158239744,-0.004774219474902737,0.0027779446353537376,manual
1.0000000000000007,p2_m2,0.0,-9.03877087334747e-06,-4.174640333964776e-06,3.262104324789887e-08,2.178106719181569e-05,0.47906609158239744,-0.004774219474902737,0.0027779446353537376,manual
1.0000000000000007,p2_m3,10.149352604076626,0.17932136087394016,0.1810090294284023,0.029913383497483816,2.178106719181569e-05,0.47906609158239744,-0.004774219474902737,0.0027779446353537376,manual
1.0000000000000007,p3_m0,-10.159897906959237,-0.1793213722605593,-0.18100878576280288,-0.02994501939279418,2.178106719181569e-05,0.47906609158239744,-0.004774219474902737,0.0027779446353537376,manual
1.0000000000000007,p3_m1,20.53234367238194,0.34361401602180713,0.34706715671538335,0.06057295811372185,2.178106719181569e-05,0.47906609158239744,-0.004774219474902737,0.0027779446353537376,manual
1.0000000000000007,p3_m2,0.0,-1.0592960177286909e-05,-4.5937195856355745e-06,3.8617218065749825e-08,2.178106719181569e-05,0.47906609158239744,-0.004774219474902737,0.0027779446353537376,manual
1.0000000000000007,p3_m3,0.0,-8.123664740693536e-05,-8.399123671076495e-05,2.4079683991999817e-07,2.178106719181569e-05,0.47906609158239744,-0.004774219474902737,0.0027779446353537376,manual
