time,motor,target_rad_s,speed_rad_s,commanded_torque_nm,closure_error_m
0.010000000000000002,p0_m0,8,7.966804219457046,9.95882074526664e-05,8.790927937034746e-09
0.010000000000000002,p0_m1,0,-2.4450119908609925e-05,0.0,8.790927937034746e-09
0.010000000000000002,p0_m2,0,-2.445015536761093e-05,0.0,8.790927937034746e-09
0.010000000000000002,p0_m3,0,2.974517504313923e-05,0.0,8.790927937034746e-09
0.010000000000000002,p1_m0,0,1.171869704927887e-06,0.0,8.790927937034746e-09
0.010000000000000002,p1_m1,0,-1.7018294854510657e-06,0.0,8.790927937034746e-09
0.010000000000000002,p1_m2,0,-1.701873994909203e-06,0.0,8.790927937034746e-09
0.010000000000000002,p1_m3,0,8.544393420430565e-06,0.0,8.790927937034746e-09
0.010000000000000002,p2_m0,0,2.1208866178064503e-05,0.0,8.790927937034746e-09
0.010000000000000002,p2_m1,0,-2.5274536114207175e-05,0.0,8.790927937034746e-09
0.010000000000000002,p2_m2,0,-2.527460547788209e-05,0.0,8.790927937034746e-09
0.010000000000000002,p2_m3,0,2.6025945931087422e-05,0.0,8.790927937034746e-09
0.010000000000000002,p3_m0,0,-6.341926841607396e-06,0.0,8.790927937034746e-09
0.010000000000000002,p3_m1,0,2.8940922371522565e-05,0.0,8.790927937034746e-09
0.010000000000000002,p3_m2,0,2.89410487217769e-05,0.0,8.790927937034746e-09
0.010000000000000002,p3_m3,0,-2.4916276323222245e-05,0.0,8.790927937034746e-09
0.02000000000000001,p0_m0,8,7.966804503612464,9.958655143466367e-05,2.9737284109053777e-09
0.02000000000000001,p0_m1,0,-1.890093586207537e-05,0.0,2.9737284109053777e-09
0.02000000000000001,p0_m2,0,-1.8900957385814312e-05,0.0,2.9737284109053777e-09
0.02000000000000001,p0_m3,0,2.189875548879128e-05,0.0,2.9737284109053777e-09
0.02000000000000001,p1_m0,0,-6.295058367402184e-06,0.0,2.9737284109053777e-09
0.02000000000000001,p1_m1,0,3.533988088513517e-06,0.0,2.9737284109053777e-09
0.02000000000000001,p1_m2,0,3.5339589556091914e-06,0.0,2.9737284109053777e-09
0.02000000000000001,p1_m3,0,9.985119812210296e-07,0.0,2.9737284109053777e-09
0.02000000000000001,p2_m0,0,1.3254236862997536e-05,0.0,2.9737284109053777e-09
0.02000000000000001,p2_m1,0,-1.9223937095327777e-05,0.0,2.9737284109053777e-09
0.02000000000000001,p2_m2,0,-1.9223988181954036e-05,0.0,2.9737284109053777e-09
0.02000000000000001,p2_m3,0,1.7654287735334058e-05,0.0,2.9737284109053777e-09
0.02000000000000001,p3_m0,0,8.690821177879089e-07,0.0,2.9737284109053777e-09
0.02000000000000001,p3_m1,0,1.8568682165168495e-05,0.0,2.9737284109053777e-09
0.02000000000000001,p3_m2,0,1.856878844472304e-05,0.0,2.9737284109053777e-09
0.02000000000000001,p3_m3,0,-1.6749419922977628e-05,0.0,2.9737284109053777e-09
0.03000000000000002,p0_m0,8,7.9692613686998595,9.24785815296092e-05,1.8452429051107768e-05
0.03000000000000002,p0_m1,0,-0.04046488524009379,0.0,1.8452429051107768e-05
0.03000000000000002,p0_m2,0,-0.04046486313045575,0.0,1.8452429051107768e-05
0.03000000000000002,p0_m3,0,0.010441459987648567,0.0,1.8452429051107768e-05
0.03000000000000002,p1_m0,0,-0.11924208763163724,0.0,1.8452429051107768e-05
0.03000000000000002,p1_m1,0,0.0999857787683218,0.0,1.8452429051107768e-05
0.03000000000000002,p1_m2,0,0.09998588892010353,0.0,1.8452429051107768e-05
0.03000000000000002,p1_m3,0,-0.09703648171528653,0.0,1.8452429051107768e-05
0.03000000000000002,p2_m0,0,-0.027465237407900363,0.0,1.8452429051107768e-05
0.03000000000000002,p2_m1,0,-0.03578305189518486,0.0,1.8452429051107768e-05
0.03000000000000002,p2_m2,0,-0.03578332296818615,0.0,1.8452429051107768e-05
0.03000000000000002,p2_m3,0,1.1487134314116216,0.0,1.8452429051107768e-05
0.03000000000000002,p3_m0,0,0.1377869684380918,0.0,1.8452429051107768e-05
0.03000000000000002,p3_m1,0,-0.08905719741272096,0.0,1.8452429051107768e-05
0.03000000000000002,p3_m2,0,-0.08905697726535419,0.0,1.8452429051107768e-05
0.03000000000000002,p3_m3,0,0.05742841219918245,0.0,1.8452429051107768e-05
0.04000000000000003,p0_m0,8,7.969652015358086,9.109040828306192e-05,2.386147546953436e-05
0.04000000000000003,p0_m1,0,-0.08023950027276293,0.0,2.386147546953436e-05
0.04000000000000003,p0_m2,0,-0.08023949366455518,0.0,2.386147546953436e-05
0.04000000000000003,p0_m3,0,0.034115409374936755,0.0,2.386147546953436e-05
0.04000000000000003,p1_m0,0,-0.18286127211151385,0.0,2.386147546953436e-05
0.04000000000000003,p1_m1,0,0.15729887796003109,0.0,2.386147546953436e-05
0.04000000000000003,p1_m2,0,0.15729903585407287,0.0,2.386147546953436e-05
0.04000000000000003,p1_m3,0,-0.14674507695500422,0.0,2.386147546953436e-05
0.04000000000000003,p2_m0,0,-0.030967362869626106,0.0,2.386147546953436e-05
0.04000000000000003,p2_m1,0,-0.07002067874456579,0.0,2.386147546953436e-05
0.04000000000000003,p2_m2,0,-0.07002116650163193,0.0,2.386147546953436e-05
0.04000000000000003,p2_m3,0,2.6065045841351377,0.0,2.386147546953436e-05
0.04000000000000003,p3_m0,0,0.21288021744350685,0.0,2.386147546953436e-05
0.04000000000000003,p3_m1,0,-0.1265968095189649,0.0,2.386147546953436e-05
0.04000000000000003,p3_m2,0,-0.12659640273818668,0.0,2.386147546953436e-05
0.04000000000000003,p3_m3,0,0.07779534250077355,0.0,2.386147546953436e-05
0.05000000000000004,p0_m0,8,7.9714374026292285,8.516845474954415e-05,2.1502057911446555e-05
0.05000000000000004,p0_m1,0,-0.13209923476821628,0.0,2.1502057911446555e-05
0.05000000000000004,p0_m2,0,-0.13209927780793762,0.0,2.1502057911446555e-05
0.05000000000000004,p0_m3,0,0.0831033585828572,0.0,2.1502057911446555e-05
0.05000000000000004,p1_m0,0,-0.2197600015359085,0.0,2.1502057911446555e-05
0.05000000000000004,p1_m1,0,0.1906700100794288,0.0,2.1502057911446555e-05
0.05000000000000004,p1_m2,0,0.19067014596267098,0.0,2.1502057911446555e-05
0.05000000000000004,p1_m3,0,-0.16661935591500376,0.0,2.1502057911446555e-05
0.05000000000000004,p2_m0,0,-0.00795653268062835,0.0,2.1502057911446555e-05
0.05000000000000004,p2_m1,0,-0.12076406201316102,0.0,2.1502057911446555e-05
0.05000000000000004,p2_m2,0,-0.1207647549978483,0.0,2.1502057911446555e-05
0.05000000000000004,p2_m3,0,1.83654042018245,0.0,2.1502057911446555e-05
0.05000000000000004,p3_m0,0,0.24898916706966778,0.0,2.1502057911446555e-05
0.05000000000000004,p3_m1,0,-0.11396210667933877,0.0,2.1502057911446555e-05
0.05000000000000004,p3_m2,0,-0.1139614414757262,0.0,2.1502057911446555e-05
0.05000000000000004,p3_m3,0,1.2656396383072697,0.0,2.1502057911446555e-05
0.060000000000000046,p0_m0,8,7.970307791458365,8.885508152265054e-05,1.7674428388979513e-05
0.060000000000000046,p0_m1,0,-0.16816140890594808,0.0,1.7674428388979513e-05
0.060000000000000046,p0_m2,0,-0.16816149156014806,0.0,1.7674428388979513e-05
0.060000000000000046,p0_m3,0,0.1168607357452205,0.0,1.7674428388979513e-05
0.060000000000000046,p1_m0,0,-0.24335829231276065,0.0,1.7674428388979513e-05
0.060000000000000046,p1_m1,0,0.21427162260761473,0.0,1.7674428388979513e-05
0.060000000000000046,p1_m2,0,0.21427174993036896,0.0,1.7674428388979513e-05
0.060000000000000046,p1_m3,0,-0.17996533527118053,0.0,1.7674428388979513e-05
0.060000000000000046,p2_m0,0,0.008755957030374578,0.0,1.7674428388979513e-05
0.060000000000000046,p2_m1,0,-0.15614716799366293,0.0,1.7674428388979513e-05
0.060000000000000046,p2_m2,0,-0.15614800751177907,0.0,1.7674428388979513e-05
0.060000000000000046,p2_m3,0,0.8757845636197983,0.0,1.7674428388979513e-05
0.060000000000000046,p3_m0,0,0.27547146093354985,0.0,1.7674428388979513e-05
0.060000000000000046,p3_m1,0,-0.10784000319353064,0.0,1.7674428388979513e-05
0.060000000000000046,p3_m2,0,-0.10783916713166608,0.0,1.7674428388979513e-05
0.060000000000000046,p3_m3,0,0.7979054263595706,0.0,1.7674428388979513e-05
0.07000000000000005,p0_m0,8,7.969833493899913,9.035322450180061e-05,1.446843165347342e-05
0.07000000000000005,p0_m1,0,-0.1965208991275325,0.0,1.446843165347342e-05
0.07000000000000005,p0_m2,0,-0.19652101902555918,0.0,1.446843165347342e-05
0.07000000000000005,p0_m3,0,0.14383401603758703,0.0,1.446843165347342e-05
0.07000000000000005,p1_m0,0,-0.2597855013033312,0.0,1.446843165347342e-05
0.07000000000000005,p1_m1,0,0.23246932158955844,0.0,1.446843165347342e-05
0.07000000000000005,p1_m2,0,0.2324694452239201,0.0,1.446843165347342e-05
0.07000000000000005,p1_m3,0,-0.18928920388583625,0.0,1.446843165347342e-05
0.07000000000000005,p2_m0,0,0.02325783402364083,0.0,1.446843165347342e-05
0.07000000000000005,p2_m1,0,-0.18421245387520238,0.0,1.446843165347342e-05
0.07000000000000005,p2_m2,0,-0.18421340640122616,0.0,1.446843165347342e-05
0.07000000000000005,p2_m3,0,-0.3224809429576682,0.0,1.446843165347342e-05
0.07000000000000005,p3_m0,0,0.2959512563893088,0.0,1.446843165347342e-05
0.07000000000000005,p3_m1,0,-0.10342129126238693,0.0,1.446843165347342e-05
0.07000000000000005,p3_m2,0,-0.10342032627946293,0.0,1.446843165347342e-05
0.07000000000000005,p3_m3,0,-0.5032222034014932,0.0,1.446843165347342e-05
0.08000000000000006,p0_m0,8,7.958400779393035,0.00012722537078007612,6.967304780525042e-05
0.08000000000000006,p0_m1,0,0.025445153155602803,0.0,6.967304780525042e-05
0.08000000000000006,p0_m2,0,3.264754467547729,0.0,6.967304780525042e-05
0.08000000000000006,p0_m3,0,0.38877955779112344,0.0,6.967304780525042e-05
0.08000000000000006,p1_m0,0,-3.063187478721762,0.0,6.967304780525042e-05
0.08000000000000006,p1_m1,0,0.11746704628673278,0.0,6.967304780525042e-05
0.08000000000000006,p1_m2,0,0.11746777597506824,0.0,6.967304780525042e-05
0.08000000000000006,p1_m3,0,-0.2460981391319289,0.0,6.967304780525042e-05
0.08000000000000006,p2_m0,0,-0.20002424991646073,0.0,6.967304780525042e-05
0.08000000000000006,p2_m1,0,0.021978169686930768,0.0,6.967304780525042e-05
0.08000000000000006,p2_m2,0,0.0219779509180423,0.0,6.967304780525042e-05
0.08000000000000006,p2_m3,0,-1.1039300134064693,0.0,6.967304780525042e-05
0.08000000000000006,p3_m0,0,0.2540853530153791,0.0,6.967304780525042e-05
0.08000000000000006,p3_m1,0,-0.014361325461763528,0.0,6.967304780525042e-05
0.08000000000000006,p3_m2,0,-0.014359646187106572,0.0,6.967304780525042e-05
0.08000000000000006,p3_m3,0,-0.6170970632288478,0.0,6.967304780525042e-05
0.09000000000000007,p0_m0,8,7.964805731162541,0.00010742786233760527,9.176865320271726e-05
0.09000000000000007,p0_m1,0,0.16571357560745775,0.0,9.176865320271726e-05
0.09000000000000007,p0_m2,0,3.959110040416218,0.0,9.176865320271726e-05
0.09000000000000007,p0_m3,0,-0.47255246380723515,0.0,9.176865320271726e-05
0.09000000000000007,p1_m0,0,-5.153293049146224,0.0,9.176865320271726e-05
0.09000000000000007,p1_m1,0,0.07665872911456438,0.0,9.176865320271726e-05
0.09000000000000007,p1_m2,0,0.07665999322156065,0.0,9.176865320271726e-05
0.09000000000000007,p1_m3,0,-0.3167618671926331,0.0,9.176865320271726e-05
0.09000000000000007,p2_m0,0,-0.36433452803772476,0.0,9.176865320271726e-05
0.09000000000000007,p2_m1,0,0.1629526238068072,0.0,9.176865320271726e-05
0.09000000000000007,p2_m2,0,0.16295272578106335,0.0,9.176865320271726e-05
0.09000000000000007,p2_m3,0,0.9980598925341544,0.0,9.176865320271726e-05
0.09000000000000007,p3_m0,0,0.26965125655012984,0.0,9.176865320271726e-05
0.09000000000000007,p3_m1,0,-0.02830680863971101,0.0,9.176865320271726e-05
0.09000000000000007,p3_m2,0,-0.028304829532276185,0.0,9.176865320271726e-05
0.09000000000000007,p3_m3,0,-0.6400921622631257,0.0,9.176865320271726e-05
0.10000000000000007,p0_m0,8,7.9678122199979065,9.68372461089464e-05,9.517339562651917e-05
0.10000000000000007,p0_m1,0,0.21230391546813823,0.0,9.517339562651917e-05
0.10000000000000007,p0_m2,0,3.911144686084636,0.0,9.517339562651917e-05
0.10000000000000007,p0_m3,0,-0.5442726556728182,0.0,9.517339562651917e-05
0.10000000000000007,p1_m0,0,-5.825269525586835,0.0,9.517339562651917e-05
0.10000000000000007,p1_m1,0,0.054058268004452445,0.0,9.517339562651917e-05
0.10000000000000007,p1_m2,0,0.05405980016067531,0.0,9.517339562651917e-05
0.10000000000000007,p1_m3,0,-0.3462647015763326,0.0,9.517339562651917e-05
0.10000000000000007,p2_m0,0,-0.42419985628311235,0.0,9.517339562651917e-05
0.10000000000000007,p2_m1,0,0.19883054991832685,0.0,9.517339562651917e-05
0.10000000000000007,p2_m2,0,0.19883064901861644,0.0,9.517339562651917e-05
0.10000000000000007,p2_m3,0,2.6571623266752074,0.0,9.517339562651917e-05
0.10000000000000007,p3_m0,0,0.28489440936897,0.0,9.517339562651917e-05
0.10000000000000007,p3_m1,0,-0.02169958944268595,0.0,9.517339562651917e-05
0.10000000000000007,p3_m2,0,-0.02169734623072872,0.0,9.517339562651917e-05
0.10000000000000007,p3_m3,0,-0.6545201331654761,0.0,9.517339562651917e-05
0.11000000000000008,p0_m0,8,4.6256026039910125,0.008018743262947835,9.031862349627719e-05
0.11000000000000008,p0_m1,0,0.2062550961159165,0.0,9.031862349627719e-05
0.11000000000000008,p0_m2,0,3.7350640150316323,0.0,9.031862349627719e-05
0.11000000000000008,p0_m3,0,-1.5360980489292513,0.0,9.031862349627719e-05
0.11000000000000008,p1_m0,0,-5.146723155592271,0.0,9.031862349627719e-05
0.11000000000000008,p1_m1,0,0.08198583465145746,0.0,9.031862349627719e-05
0.11000000000000008,p1_m2,0,0.08198770695613086,0.0,9.031862349627719e-05
0.11000000000000008,p1_m3,0,-0.40780864162912506,0.0,9.031862349627719e-05
0.11000000000000008,p2_m0,0,-0.49104917083688354,0.0,9.031862349627719e-05
0.11000000000000008,p2_m1,0,0.235673121809221,0.0,9.031862349627719e-05
0.11000000000000008,p2_m2,0,0.23567305770444885,0.0,9.031862349627719e-05
0.11000000000000008,p2_m3,0,1.9587359840601586,0.0,9.031862349627719e-05
0.11000000000000008,p3_m0,0,0.6599945370265192,0.0,9.031862349627719e-05
0.11000000000000008,p3_m1,0,-2.5279714044021264,0.0,9.031862349627719e-05
0.11000000000000008,p3_m2,0,-0.025623315291020483,0.0,9.031862349627719e-05
0.11000000000000008,p3_m3,0,-0.668306170157973,0.0,9.031862349627719e-05
0.12000000000000009,p0_m0,8,5.827925491142332,0.004533418174687356,2.4133756714985394e-06
0.12000000000000009,p0_m1,0,-0.03393556856331936,0.0,2.4133756714985394e-06
0.12000000000000009,p0_m2,0,2.4552187152662928,0.0,2.4133756714985394e-06
0.12000000000000009,p0_m3,0,-1.1320635159408454,0.0,2.4133756714985394e-06
0.12000000000000009,p1_m0,0,-3.7378956272706603,0.0,2.4133756714985394e-06
0.12000000000000009,p1_m1,0,1.1678645895616195,0.0,2.4133756714985394e-06
0.12000000000000009,p1_m2,0,1.2727730893045162,0.0,2.4133756714985394e-06
0.12000000000000009,p1_m3,0,-0.16613980969453365,0.0,2.4133756714985394e-06
0.12000000000000009,p2_m0,0,-0.26986115366533053,0.0,2.4133756714985394e-06
0.12000000000000009,p2_m1,0,0.41671012121692785,0.0,2.4133756714985394e-06
0.12000000000000009,p2_m2,0,0.173762251020478,0.0,2.4133756714985394e-06
0.12000000000000009,p2_m3,0,1.62414459976849,0.0,2.4133756714985394e-06
0.12000000000000009,p3_m0,0,0.830777501456473,0.0,2.4133756714985394e-06
0.12000000000000009,p3_m1,0,-3.64426035538735,0.0,2.4133756714985394e-06
0.12000000000000009,p3_m2,0,-1.1917485250058273,0.0,2.4133756714985394e-06
0.12000000000000009,p3_m3,0,-0.7400581324935918,0.0,2.4133756714985394e-06
0.1300000000000001,p0_m0,8,3.0643839985553356,0.01461366803393179,8.283015034916028e-05
0.1300000000000001,p0_m1,0,-0.05919335830557273,0.0,8.283015034916028e-05
0.1300000000000001,p0_m2,0,0.844183381928247,0.0,8.283015034916028e-05
0.1300000000000001,p0_m3,0,-0.04714905529734059,0.0,8.283015034916028e-05
0.1300000000000001,p1_m0,0,-1.310279140113072,0.0,8.283015034916028e-05
0.1300000000000001,p1_m1,0,0.1997882132713182,0.0,8.283015034916028e-05
0.1300000000000001,p1_m2,0,0.4888854136197248,0.0,8.283015034916028e-05
0.1300000000000001,p1_m3,0,0.39809282048503497,0.0,8.283015034916028e-05
0.1300000000000001,p2_m0,0,0.48679570510982184,0.0,8.283015034916028e-05
0.1300000000000001,p2_m1,0,-0.14399051194219287,0.0,8.283015034916028e-05
0.1300000000000001,p2_m2,0,-0.42140060041761773,0.0,8.283015034916028e-05
0.1300000000000001,p2_m3,0,1.143015316930675,0.0,8.283015034916028e-05
0.1300000000000001,p3_m0,0,0.5195804377209483,0.0,8.283015034916028e-05
0.1300000000000001,p3_m1,0,-1.1398646414309626,0.0,8.283015034916028e-05
0.1300000000000001,p3_m2,0,-0.22472445710075378,0.0,8.283015034916028e-05
0.1300000000000001,p3_m3,0,-0.5207764432287199,0.0,8.283015034916028e-05
0.1400000000000001,p0_m0,0,1.2597479060938972,0.0,0.00010195916451277422
0.1400000000000001,p0_m1,8,1.7063616476805843,0.015,0.00010195916451277422
0.1400000000000001,p0_m2,0,0.7694634376778122,0.0,0.00010195916451277422
0.1400000000000001,p0_m3,0,-0.4921749590031962,0.0,0.00010195916451277422
0.1400000000000001,p1_m0,0,0.39946560651204555,0.0,0.00010195916451277422
0.1400000000000001,p1_m1,0,-0.514440384385513,0.0,0.00010195916451277422
0.1400000000000001,p1_m2,0,-0.3583017622427982,0.0,0.00010195916451277422
0.1400000000000001,p1_m3,0,1.025350139110003,0.0,0.00010195916451277422
0.1400000000000001,p2_m0,0,1.0261208680826632,0.0,0.00010195916451277422
0.1400000000000001,p2_m1,0,-0.2829649067411993,0.0,0.00010195916451277422
0.1400000000000001,p2_m2,0,-0.25095629332365915,0.0,0.00010195916451277422
0.1400000000000001,p2_m3,0,0.7374783290278779,0.0,0.00010195916451277422
0.1400000000000001,p3_m0,0,-0.017816122518415026,0.0,0.00010195916451277422
0.1400000000000001,p3_m1,0,0.15471423371054457,0.0,0.00010195916451277422
0.1400000000000001,p3_m2,0,0.8003869627453122,0.0,0.00010195916451277422
0.1400000000000001,p3_m3,0,-0.7829404389904696,0.0,0.00010195916451277422
0.1500000000000001,p0_m0,0,0.5108842117277076,0.0,7.84650417470504e-05
0.1500000000000001,p0_m1,8,2.704357166046811,0.015,7.84650417470504e-05
0.1500000000000001,p0_m2,0,0.7199004021646664,0.0,7.84650417470504e-05
0.1500000000000001,p0_m3,0,-0.4860749339468867,0.0,7.84650417470504e-05
0.1500000000000001,p1_m0,0,0.4415789403345387,0.0,7.84650417470504e-05
0.1500000000000001,p1_m1,0,-0.998574013039473,0.0,7.84650417470504e-05
0.1500000000000001,p1_m2,0,-0.7836968427691622,0.0,7.84650417470504e-05
0.1500000000000001,p1_m3,0,1.293087881777509,0.0,7.84650417470504e-05
0.1500000000000001,p2_m0,0,0.8652716763438835,0.0,7.84650417470504e-05
0.1500000000000001,p2_m1,0,-0.19240160284627017,0.0,7.84650417470504e-05
0.1500000000000001,p2_m2,0,0.15607207121541375,0.0,7.84650417470504e-05
0.1500000000000001,p2_m3,0,0.005708946853669759,0.0,7.84650417470504e-05
0.1500000000000001,p3_m0,0,-0.3874063945300599,0.0,7.84650417470504e-05
0.1500000000000001,p3_m1,0,1.1020412661354864,0.0,7.84650417470504e-05
0.1500000000000001,p3_m2,0,1.6099976381475622,0.0,7.84650417470504e-05
0.1500000000000001,p3_m3,0,-1.255853512817782,0.0,7.84650417470504e-05
0.16000000000000011,p0_m0,0,0.18736902130383035,0.0,5.1464094525457984e-05
0.16000000000000011,p0_m1,8,3.239082180482699,0.014379333398730655,5.1464094525457984e-05
0.16000000000000011,p0_m2,0,0.6799824840071426,0.0,5.1464094525457984e-05
0.16000000000000011,p0_m3,0,-0.4876673756616995,0.0,5.1464094525457984e-05
0.16000000000000011,p1_m0,0,0.4509865539463729,0.0,5.1464094525457984e-05
0.16000000000000011,p1_m1,0,-1.682000141596606,0.0,5.1464094525457984e-05
0.16000000000000011,p1_m2,0,-0.9204039175878814,0.0,5.1464094525457984e-05
0.16000000000000011,p1_m3,0,1.4674269660642,0.0,5.1464094525457984e-05
0.16000000000000011,p2_m0,0,0.041288380874766314,0.0,5.1464094525457984e-05
0.16000000000000011,p2_m1,0,0.04058192099052585,0.0,5.1464094525457984e-05
0.16000000000000011,p2_m2,0,0.7422582599135542,0.0,5.1464094525457984e-05
0.16000000000000011,p2_m3,0,-0.17637179685355212,0.0,5.1464094525457984e-05
0.16000000000000011,p3_m0,0,-0.6047685989229828,0.0,5.1464094525457984e-05
0.16000000000000011,p3_m1,0,1.6745074131507154,0.0,5.1464094525457984e-05
0.16000000000000011,p3_m2,0,1.910404745211611,0.0,5.1464094525457984e-05
0.16000000000000011,p3_m3,0,-1.590256623986419,0.0,5.1464094525457984e-05
0.17000000000000012,p0_m0,0,0.016489189891724407,0.0,3.236407819463025e-05
0.17000000000000012,p0_m1,8,3.3452016604153134,0.013954400883793527,3.236407819463025e-05
0.17000000000000012,p0_m2,0,0.6479281450017357,0.0,3.236407819463025e-05
0.17000000000000012,p0_m3,0,-0.49534378782104904,0.0,3.236407819463025e-05
0.17000000000000012,p1_m0,0,0.4516990995392891,0.0,3.236407819463025e-05
0.17000000000000012,p1_m1,0,-1.7570001916947893,0.0,3.236407819463025e-05
0.17000000000000012,p1_m2,0,-0.9028916489579744,0.0,3.236407819463025e-05
0.17000000000000012,p1_m3,0,1.3414627631104334,0.0,3.236407819463025e-05
0.17000000000000012,p2_m0,0,-0.38283763199513815,0.0,3.236407819463025e-05
0.17000000000000012,p2_m1,0,0.18778721035680648,0.0,3.236407819463025e-05
0.17000000000000012,p2_m2,0,0.9551959801708362,0.0,3.236407819463025e-05
0.17000000000000012,p2_m3,0,-0.14485565155939154,0.0,3.236407819463025e-05
0.17000000000000012,p3_m0,0,-0.6891983601037166,0.0,3.236407819463025e-05
0.17000000000000012,p3_m1,0,1.6849264570927487,0.0,3.236407819463025e-05
0.17000000000000012,p3_m2,0,1.8336944186677888,0.0,3.236407819463025e-05
0.17000000000000012,p3_m3,0,-1.640703049058148,0.0,3.236407819463025e-05
0.18000000000000013,p0_m0,0,-0.11929194173534143,0.0,2.007687850865173e-05
0.18000000000000013,p0_m1,8,3.5924599627907843,0.013613739469768633,2.007687850865173e-05
0.18000000000000013,p0_m2,0,0.617926661861616,0.0,2.007687850865173e-05
0.18000000000000013,p0_m3,0,-0.5032016327677893,0.0,2.007687850865173e-05
0.18000000000000013,p1_m0,0,0.45260491747843873,0.0,2.007687850865173e-05
0.18000000000000013,p1_m1,0,-1.931105894806337,0.0,2.007687850865173e-05
0.18000000000000013,p1_m2,0,-1.2127390830265916,0.0,2.007687850865173e-05
0.18000000000000013,p1_m3,0,1.1997036171148423,0.0,2.007687850865173e-05
0.18000000000000013,p2_m0,0,-0.5240197305589785,0.0,2.007687850865173e-05
0.18000000000000013,p2_m1,0,0.56782158023389,0.0,2.007687850865173e-05
0.18000000000000013,p2_m2,0,1.3210008354733591,0.0,2.007687850865173e-05
0.18000000000000013,p2_m3,0,-0.11694201424684278,0.0,2.007687850865173e-05
0.18000000000000013,p3_m0,0,-1.1497579566135576,0.0,2.007687850865173e-05
0.18000000000000013,p3_m1,0,1.5527435029456877,0.0,2.007687850865173e-05
0.18000000000000013,p3_m2,0,1.8391520141188507,0.0,2.007687850865173e-05
0.18000000000000013,p3_m3,0,-1.8450720350160434,0.0,2.007687850865173e-05
0.19000000000000014,p0_m0,0,-0.09684455717270402,0.0,1.2134502425537983e-05
0.19000000000000014,p0_m1,8,3.5747569595399917,0.01311333912653126,1.2134502425537983e-05
0.19000000000000014,p0_m2,0,0.5913073338578951,0.0,1.2134502425537983e-05
0.19000000000000014,p0_m3,0,-0.5126744973877232,0.0,1.2134502425537983e-05
0.19000000000000014,p1_m0,0,0.45510022060609634,0.0,1.2134502425537983e-05
0.19000000000000014,p1_m1,0,-1.9896181586248154,0.0,1.2134502425537983e-05
0.19000000000000014,p1_m2,0,-1.6792309949731383,0.0,1.2134502425537983e-05
0.19000000000000014,p1_m3,0,0.8895868499000006,0.0,1.2134502425537983e-05
0.19000000000000014,p2_m0,0,-0.6579811167841433,0.0,1.2134502425537983e-05
0.19000000000000014,p2_m1,0,1.1054393131179219,0.0,1.2134502425537983e-05
0.19000000000000014,p2_m2,0,1.7740394805355522,0.0,1.2134502425537983e-05
0.19000000000000014,p2_m3,0,-0.6006969944727889,0.0,1.2134502425537983e-05
0.19000000000000014,p3_m0,0,-1.6195521817415157,0.0,1.2134502425537983e-05
0.19000000000000014,p3_m1,0,1.536286862986689,0.0,1.2134502425537983e-05
0.19000000000000014,p3_m2,0,1.9422440860388324,0.0,1.2134502425537983e-05
0.19000000000000014,p3_m3,0,-2.29745038642571,0.0,1.2134502425537983e-05
0.20000000000000015,p0_m0,0,-0.08233736978360406,0.0,8.270753749085981e-06
0.20000000000000015,p0_m1,8,7.967213437506891,9.822181351268534e-05,8.270753749085981e-06
0.20000000000000015,p0_m2,0,0.5703355380669103,0.0,8.270753749085981e-06
0.20000000000000015,p0_m3,0,-0.5269735055598078,0.0,8.270753749085981e-06
0.20000000000000015,p1_m0,0,0.4580172546918961,0.0,8.270753749085981e-06
0.20000000000000015,p1_m1,0,-1.2864178404971691,0.0,8.270753749085981e-06
0.20000000000000015,p1_m2,0,-1.159271850165531,0.0,8.270753749085981e-06
0.20000000000000015,p1_m3,0,0.6745551059182613,0.0,8.270753749085981e-06
0.20000000000000015,p2_m0,0,-0.5955019322029755,0.0,8.270753749085981e-06
0.20000000000000015,p2_m1,0,0.6779396946126409,0.0,8.270753749085981e-06
0.20000000000000015,p2_m2,0,1.324258572949902,0.0,8.270753749085981e-06
0.20000000000000015,p2_m3,0,-0.42825763012020335,0.0,8.270753749085981e-06
0.20000000000000015,p3_m0,0,-1.505558432710487,0.0,8.270753749085981e-06
0.20000000000000015,p3_m1,0,0.9446122239696402,0.0,8.270753749085981e-06
0.20000000000000015,p3_m2,0,1.3253823140530216,0.0,8.270753749085981e-06
0.20000000000000015,p3_m3,0,-1.1881008638270074,0.0,8.270753749085981e-06
0.21000000000000016,p0_m0,0,-0.035593634415838744,0.0,6.9211229035862775e-06
0.21000000000000016,p0_m1,8,4.571078107332283,0.009160217874004485,6.9211229035862775e-06
0.21000000000000016,p0_m2,0,0.36933645627008965,0.0,6.9211229035862775e-06
0.21000000000000016,p0_m3,0,-0.3041949493619926,0.0,6.9211229035862775e-06
0.21000000000000016,p1_m0,0,0.35301130727515523,0.0,6.9211229035862775e-06
0.21000000000000016,p1_m1,0,-0.6588859872833462,0.0,6.9211229035862775e-06
0.21000000000000016,p1_m2,0,-0.6080626842267997,0.0,6.9211229035862775e-06
0.21000000000000016,p1_m3,0,0.3434021948561195,0.0,6.9211229035862775e-06
0.21000000000000016,p2_m0,0,-0.2032882875840102,0.0,6.9211229035862775e-06
0.21000000000000016,p2_m1,0,0.2754093541821589,0.0,6.9211229035862775e-06
0.21000000000000016,p2_m2,0,0.5528058066520156,0.0,6.9211229035862775e-06
0.21000000000000016,p2_m3,0,-0.21528757854011119,0.0,6.9211229035862775e-06
0.21000000000000016,p3_m0,0,-0.9865666857827703,0.0,6.9211229035862775e-06
0.21000000000000016,p3_m1,0,0.4888275338370743,0.0,6.9211229035862775e-06
0.21000000000000016,p3_m2,0,0.67632152517444,0.0,6.9211229035862775e-06
0.21000000000000016,p3_m3,0,-0.6114896892816272,0.0,6.9211229035862775e-06
0.22000000000000017,p0_m0,0,-0.05735564157254383,0.0,1.1357408342121594e-06
0.22000000000000017,p0_m1,8,2.7930196674245247,0.015,1.1357408342121594e-06
0.22000000000000017,p0_m2,0,0.37913682817420374,0.0,1.1357408342121594e-06
0.22000000000000017,p0_m3,0,-0.3545272776331203,0.0,1.1357408342121594e-06
0.22000000000000017,p1_m0,0,0.353522639549071,0.0,1.1357408342121594e-06
0.22000000000000017,p1_m1,0,-0.4150406895125199,0.0,1.1357408342121594e-06
0.22000000000000017,p1_m2,0,-0.3944561508351461,0.0,1.1357408342121594e-06
0.22000000000000017,p1_m3,0,0.15890268597569035,0.0,1.1357408342121594e-06
0.22000000000000017,p2_m0,0,-0.05323413543208154,0.0,1.1357408342121594e-06
0.22000000000000017,p2_m1,0,0.17205179838052773,0.0,1.1357408342121594e-06
0.22000000000000017,p2_m2,0,0.26470868175669926,0.0,1.1357408342121594e-06
0.22000000000000017,p2_m3,0,-0.23966357054054926,0.0,1.1357408342121594e-06
0.22000000000000017,p3_m0,0,-0.5021380657968416,0.0,1.1357408342121594e-06
0.22000000000000017,p3_m1,0,0.36141880723046954,0.0,1.1357408342121594e-06
0.22000000000000017,p3_m2,0,0.4321774063053498,0.0,1.1357408342121594e-06
0.22000000000000017,p3_m3,0,-0.5733420819138333,0.0,1.1357408342121594e-06
0.23000000000000018,p0_m0,0,-0.08621309076309074,0.0,4.1203886196629954e-06
0.23000000000000018,p0_m1,8,2.2867586696849784,0.015,4.1203886196629954e-06
0.23000000000000018,p0_m2,0,0.4020772453562674,0.0,4.1203886196629954e-06
0.23000000000000018,p0_m3,0,-0.4117617200391553,0.0,4.1203886196629954e-06
0.23000000000000018,p1_m0,0,0.35556018244853005,0.0,4.1203886196629954e-06
0.23000000000000018,p1_m1,0,-0.3223652638742244,0.0,4.1203886196629954e-06
0.23000000000000018,p1_m2,0,-0.31386633772108663,0.0,4.1203886196629954e-06
0.23000000000000018,p1_m3,0,0.07586295446432041,0.0,4.1203886196629954e-06
0.23000000000000018,p2_m0,0,-0.02118165115423573,0.0,4.1203886196629954e-06
0.23000000000000018,p2_m1,0,0.1580994492249587,0.0,4.1203886196629954e-06
0.23000000000000018,p2_m2,0,0.1885255835301853,0.0,4.1203886196629954e-06
0.23000000000000018,p2_m3,0,-0.2883320401806576,0.0,4.1203886196629954e-06
0.23000000000000018,p3_m0,0,-0.353006121494907,0.0,4.1203886196629954e-06
0.23000000000000018,p3_m1,0,0.32423194889852935,0.0,4.1203886196629954e-06
0.23000000000000018,p3_m2,0,0.36198316902970157,0.0,4.1203886196629954e-06
0.23000000000000018,p3_m3,0,-0.5994825061544801,0.0,4.1203886196629954e-06
0.24000000000000019,p0_m0,0,-0.10274837938280774,0.0,5.328739071192316e-06
0.24000000000000019,p0_m1,8,2.1088277164757585,0.015,5.328739071192316e-06
0.24000000000000019,p0_m2,0,0.40570388594328477,0.0,5.328739071192316e-06
0.24000000000000019,p0_m3,0,-0.4363663549099018,0.0,5.328739071192316e-06
0.24000000000000019,p1_m0,0,0.34306207308985587,0.0,5.328739071192316e-06
0.24000000000000019,p1_m1,0,-0.2775257288184155,0.0,5.328739071192316e-06
0.24000000000000019,p1_m2,0,-0.27417412602016666,0.0,5.328739071192316e-06
0.24000000000000019,p1_m3,0,0.03599215905251085,0.0,5.328739071192316e-06
0.24000000000000019,p2_m0,0,-0.019960899197361156,0.0,5.328739071192316e-06
0.24000000000000019,p2_m1,0,0.16035433031682073,0.0,5.328739071192316e-06
0.24000000000000019,p2_m2,0,0.16962527218380408,0.0,5.328739071192316e-06
0.24000000000000019,p2_m3,0,-0.31385549418574354,0.0,5.328739071192316e-06
0.24000000000000019,p3_m0,0,-0.3005800863700671,0.0,5.328739071192316e-06
0.24000000000000019,p3_m1,0,0.30196201661127403,0.0,5.328739071192316e-06
0.24000000000000019,p3_m2,0,0.3279920938632003,0.0,5.328739071192316e-06
0.24000000000000019,p3_m3,0,-0.60615673975815,0.0,5.328739071192316e-06
0.25000000000000017,p0_m0,0,-0.11239973612260432,0.0,5.610861446512675e-06
0.25000000000000017,p0_m1,8,2.0457597522067026,0.015,5.610861446512675e-06
0.25000000000000017,p0_m2,0,0.4044379685132888,0.0,5.610861446512675e-06
0.25000000000000017,p0_m3,0,-0.44774108226114306,0.0,5.610861446512675e-06
0.25000000000000017,p1_m0,0,0.3304596131412156,0.0,5.610861446512675e-06
0.25000000000000017,p1_m1,0,-0.25442441473858457,0.0,5.610861446512675e-06
0.25000000000000017,p1_m2,0,-0.2534170086539174,0.0,5.610861446512675e-06
0.25000000000000017,p1_m3,0,0.015635753133732753,0.0,5.610861446512675e-06
0.25000000000000017,p2_m0,0,-0.02564487191795912,0.0,5.610861446512675e-06
0.25000000000000017,p2_m1,0,0.16589970687641895,0.0,5.610861446512675e-06
0.25000000000000017,p2_m2,0,0.16790352816662593,0.0,5.610861446512675e-06
0.25000000000000017,p2_m3,0,-0.327975782878862,0.0,5.610861446512675e-06
0.25000000000000017,p3_m0,0,-0.2821173598589974,0.0,5.610861446512675e-06
0.25000000000000017,p3_m1,0,0.2883545504418396,0.0,5.610861446512675e-06
0.25000000000000017,p3_m2,0,0.30974517833104154,0.0,5.610861446512675e-06
0.25000000000000017,p3_m3,0,-0.6067408273603526,0.0,5.610861446512675e-06
0.2600000000000002,p0_m0,0,-0.1998470303719726,0.0,1.7442035738840715e-06
0.2600000000000002,p0_m1,0,1.0999236279062017,0.0,1.7442035738840715e-06
0.2600000000000002,p0_m2,8,1.833184176886178,0.015,1.7442035738840715e-06
0.2600000000000002,p0_m3,0,-0.7097612603145184,0.0,1.7442035738840715e-06
0.2600000000000002,p1_m0,0,0.4170185903372256,0.0,1.7442035738840715e-06
0.2600000000000002,p1_m1,0,-0.2379988190445855,0.0,1.7442035738840715e-06
0.2600000000000002,p1_m2,0,-0.31091703273464,0.0,1.7442035738840715e-06
0.2600000000000002,p1_m3,0,0.007388521130639688,0.0,1.7442035738840715e-06
0.2600000000000002,p2_m0,0,-0.009486336024610395,0.0,1.7442035738840715e-06
0.2600000000000002,p2_m1,0,0.19891271133259084,0.0,1.7442035738840715e-06
0.2600000000000002,p2_m2,0,0.19727087386074635,0.0,1.7442035738840715e-06
0.2600000000000002,p2_m3,0,-0.46027370029620723,0.0,1.7442035738840715e-06
0.2600000000000002,p3_m0,0,-0.3344814415378993,0.0,1.7442035738840715e-06
0.2600000000000002,p3_m1,0,0.3532774597697541,0.0,1.7442035738840715e-06
0.2600000000000002,p3_m2,0,0.3394838336492923,0.0,1.7442035738840715e-06
0.2600000000000002,p3_m3,0,-0.7933984437883799,0.0,1.7442035738840715e-06
0.2700000000000002,p0_m0,0,-0.23347813904864329,0.0,1.897175272471031e-06
0.2700000000000002,p0_m1,0,0.7991918851703501,0.0,1.897175272471031e-06
0.2700000000000002,p0_m2,8,2.348761903948619,0.015,1.897175272471031e-06
0.2700000000000002,p0_m3,0,-0.8384932471902758,0.0,1.897175272471031e-06
0.2700000000000002,p1_m0,0,0.4620570161483673,0.0,1.897175272471031e-06
0.2700000000000002,p1_m1,0,-0.2212863910272809,0.0,1.897175272471031e-06
0.2700000000000002,p1_m2,0,-0.33623126282089616,0.0,1.897175272471031e-06
0.2700000000000002,p1_m3,0,-0.0006454962553219134,0.0,1.897175272471031e-06
0.2700000000000002,p2_m0,0,-0.007461039632543216,0.0,1.897175272471031e-06
0.2700000000000002,p2_m1,0,0.220955326281868,0.0,1.897175272471031e-06
0.2700000000000002,p2_m2,0,0.2178954421704227,0.0,1.897175272471031e-06
0.2700000000000002,p2_m3,0,-0.5332592815216729,0.0,1.897175272471031e-06
0.2700000000000002,p3_m0,0,-0.36586909291523656,0.0,1.897175272471031e-06
0.2700000000000002,p3_m1,0,0.3902159347623744,0.0,1.897175272471031e-06
0.2700000000000002,p3_m2,0,0.356199570902177,0.0,1.897175272471031e-06
0.2700000000000002,p3_m3,0,-0.8912293472085827,0.0,1.897175272471031e-06
0.2800000000000002,p0_m0,0,-0.08933949303552777,0.0,3.5046023591897333e-06
0.2800000000000002,p0_m1,0,0.31574088891523644,0.0,3.5046023591897333e-06
0.2800000000000002,p0_m2,8,7.966659440537004,0.00010007006091607363,3.5046023591897333e-06
0.2800000000000002,p0_m3,0,-0.7639470268681583,0.0,3.5046023591897333e-06
0.2800000000000002,p1_m0,0,0.47207473793825994,0.0,3.5046023591897333e-06
0.2800000000000002,p1_m1,0,-0.09145933696373296,0.0,3.5046023591897333e-06
0.2800000000000002,p1_m2,0,-0.13511614051328763,0.0,3.5046023591897333e-06
0.2800000000000002,p1_m3,0,-0.0069004230206791955,0.0,3.5046023591897333e-06
0.2800000000000002,p2_m0,0,-0.006041209807039399,0.0,3.5046023591897333e-06
0.2800000000000002,p2_m1,0,0.09785136894846871,0.0,3.5046023591897333e-06
0.2800000000000002,p2_m2,0,0.09712466152644272,0.0,3.5046023591897333e-06
0.2800000000000002,p2_m3,0,-0.23390374424516505,0.0,3.5046023591897333e-06
0.2800000000000002,p3_m0,0,-0.16288798938326543,0.0,3.5046023591897333e-06
0.2800000000000002,p3_m1,0,0.17662293125480077,0.0,3.5046023591897333e-06
0.2800000000000002,p3_m2,0,0.16451948400330318,0.0,3.5046023591897333e-06
0.2800000000000002,p3_m3,0,-0.39690203483845676,0.0,3.5046023591897333e-06
0.2900000000000002,p0_m0,0,-0.03190948735623831,0.0,2.2461345723634106e-06
0.2900000000000002,p0_m1,0,0.1315505905652601,0.0,2.2461345723634106e-06
0.2900000000000002,p0_m2,8,5.863632052947756,0.004601337959249952,2.2461345723634106e-06
0.2900000000000002,p0_m3,0,-0.2911849103805498,0.0,2.2461345723634106e-06
0.2900000000000002,p1_m0,0,0.43981946696548224,0.0,2.2461345723634106e-06
0.2900000000000002,p1_m1,0,-0.0458675940839791,0.0,2.2461345723634106e-06
0.2900000000000002,p1_m2,0,-0.060472367658886625,0.0,2.2461345723634106e-06
0.2900000000000002,p1_m3,0,-0.003724681297012349,0.0,2.2461345723634106e-06
0.2900000000000002,p2_m0,0,-0.004094249821508231,0.0,2.2461345723634106e-06
0.2900000000000002,p2_m1,0,0.04688874784173579,0.0,2.2461345723634106e-06
0.2900000000000002,p2_m2,0,0.04669864056629388,0.0,2.2461345723634106e-06
0.2900000000000002,p2_m3,0,-0.10735205967361587,0.0,2.2461345723634106e-06
0.2900000000000002,p3_m0,0,-0.07860335369356736,0.0,2.2461345723634106e-06
0.2900000000000002,p3_m1,0,0.08602484704706517,0.0,2.2461345723634106e-06
0.2900000000000002,p3_m2,0,0.08225949379285863,0.0,2.2461345723634106e-06
0.2900000000000002,p3_m3,0,-0.1874093773757855,0.0,2.2461345723634106e-06
0.3000000000000002,p0_m0,0,-0.09514286521127129,0.0,1.5757393825521932e-06
0.3000000000000002,p0_m1,0,0.27494041302189787,0.0,1.5757393825521932e-06
0.3000000000000002,p0_m2,8,3.15065499745854,0.01424164825981127,1.5757393825521932e-06
0.3000000000000002,p0_m3,0,-0.3775938620472492,0.0,1.5757393825521932e-06
0.3000000000000002,p1_m0,0,0.35446177810030766,0.0,1.5757393825521932e-06
0.3000000000000002,p1_m1,0,-0.0922201708210907,0.0,1.5757393825521932e-06
0.3000000000000002,p1_m2,0,-0.14961982077415398,0.0,1.5757393825521932e-06
0.3000000000000002,p1_m3,0,-0.0005717672388344081,0.0,1.5757393825521932e-06
0.3000000000000002,p2_m0,0,-0.017120216363722254,0.0,1.5757393825521932e-06
0.3000000000000002,p2_m1,0,0.11346158487621755,0.0,1.5757393825521932e-06
0.3000000000000002,p2_m2,0,0.11181288793586106,0.0,1.5757393825521932e-06
0.3000000000000002,p2_m3,0,-0.23001926724354907,0.0,1.5757393825521932e-06
0.3000000000000002,p3_m0,0,-0.173200132623832,0.0,1.5757393825521932e-06
0.3000000000000002,p3_m1,0,0.16939941058461142,0.0,1.5757393825521932e-06
0.3000000000000002,p3_m2,0,0.15025535779107055,0.0,1.5757393825521932e-06
0.3000000000000002,p3_m3,0,-0.39572740027944764,0.0,1.5757393825521932e-06
0.3100000000000002,p0_m0,0,-0.13543660275416497,0.0,2.4805277038012483e-06
0.3100000000000002,p0_m1,0,0.3664971690157817,0.0,2.4805277038012483e-06
0.3100000000000002,p0_m2,8,7.911075016057351,-0.0011659604566594162,2.4805277038012483e-06
0.3100000000000002,p0_m3,0,-0.5028634100435527,0.0,2.4805277038012483e-06
0.3100000000000002,p1_m0,0,0.3955397604892611,0.0,2.4805277038012483e-06
0.3100000000000002,p1_m1,0,-0.07195579955437495,0.0,2.4805277038012483e-06
0.3100000000000002,p1_m2,0,-0.1968665957521667,0.0,2.4805277038012483e-06
0.3100000000000002,p1_m3,0,-0.004963650298438917,0.0,2.4805277038012483e-06
0.3100000000000002,p2_m0,0,-0.013965660241518373,0.0,2.4805277038012483e-06
0.3100000000000002,p2_m1,0,0.14467309395100592,0.0,2.4805277038012483e-06
0.3100000000000002,p2_m2,0,0.14244029088962412,0.0,2.4805277038012483e-06
0.3100000000000002,p2_m3,0,-0.32249348553501317,0.0,2.4805277038012483e-06
0.3100000000000002,p3_m0,0,-0.22791441194346598,0.0,2.4805277038012483e-06
0.3100000000000002,p3_m1,0,0.23314454986691063,0.0,2.4805277038012483e-06
0.3100000000000002,p3_m2,0,0.20688534649444815,0.0,2.4805277038012483e-06
0.3100000000000002,p3_m3,0,-0.5420363109044626,0.0,2.4805277038012483e-06
0.32000000000000023,p0_m0,0,-0.04089350129220873,0.0,9.650362139495036e-07
0.32000000000000023,p0_m1,0,0.13088881307916725,0.0,9.650362139495036e-07
0.32000000000000023,p0_m2,8,7.9667489947689365,9.977770938397867e-05,9.650362139495036e-07
0.32000000000000023,p0_m3,0,-0.18405259588722042,0.0,9.650362139495036e-07
0.32000000000000023,p1_m0,0,0.4086358214727943,0.0,9.650362139495036e-07
0.32000000000000023,p1_m1,0,-0.027528618111510823,0.0,9.650362139495036e-07
0.32000000000000023,p1_m2,0,-0.06917963095920755,0.0,9.650362139495036e-07
0.32000000000000023,p1_m3,0,-0.005189004418198634,0.0,9.650362139495036e-07
0.32000000000000023,p2_m0,0,-0.0064848131699666725,0.0,9.650362139495036e-07
0.32000000000000023,p2_m1,0,0.05779263838148672,0.0,9.650362139495036e-07
0.32000000000000023,p2_m2,0,0.057352646859763316,0.0,9.650362139495036e-07
0.32000000000000023,p2_m3,0,-0.12560286565675347,0.0,9.650362139495036e-07
0.32000000000000023,p3_m0,0,-0.09275623853447337,0.0,9.650362139495036e-07
0.32000000000000023,p3_m1,0,0.09691713077552475,0.0,9.650362139495036e-07
0.32000000000000023,p3_m2,0,0.08875870004155223,0.0,9.650362139495036e-07
0.32000000000000023,p3_m3,0,-0.21849705292155436,0.0,9.650362139495036e-07
0.33000000000000024,p0_m0,0,-0.05627125316509265,0.0,2.9427655894401496e-07
0.33000000000000024,p0_m1,0,0.17100378353303564,0.0,2.9427655894401496e-07
0.33000000000000024,p0_m2,8,3.716361163492239,0.012176466159868482,2.9427655894401496e-07
0.33000000000000024,p0_m3,0,-0.2025769262699675,0.0,2.9427655894401496e-07
0.33000000000000024,p1_m0,0,0.3151806327129953,0.0,2.9427655894401496e-07
0.33000000000000024,p1_m1,0,-0.07363169599194497,0.0,2.9427655894401496e-07
0.33000000000000024,p1_m2,0,-0.09513185368708546,0.0,2.9427655894401496e-07
0.33000000000000024,p1_m3,0,-0.002605299824929484,0.0,2.9427655894401496e-07
0.33000000000000024,p2_m0,0,-0.01662261002338815,0.0,2.9427655894401496e-07
0.33000000000000024,p2_m1,0,0.07961883449841832,0.0,2.9427655894401496e-07
0.33000000000000024,p2_m2,0,0.07866127330745358,0.0,2.9427655894401496e-07
0.33000000000000024,p2_m3,0,-0.1509420377601968,0.0,2.9427655894401496e-07
0.33000000000000024,p3_m0,0,-0.11797016551929365,0.0,2.9427655894401496e-07
0.33000000000000024,p3_m1,0,0.1125010038467102,0.0,2.9427655894401496e-07
0.33000000000000024,p3_m2,0,0.10252868952216813,0.0,2.9427655894401496e-07
0.33000000000000024,p3_m3,0,-0.2617592111258892,0.0,2.9427655894401496e-07
0.34000000000000025,p0_m0,0,-0.15392994229719467,0.0,1.695797853891198e-06
0.34000000000000025,p0_m1,0,0.4061290191608157,0.0,1.695797853891198e-06
0.34000000000000025,p0_m2,8,2.821970161561265,0.015,1.695797853891198e-06
0.34000000000000025,p0_m3,0,-0.5330767308486151,0.0,1.695797853891198e-06
0.34000000000000025,p1_m0,0,0.3738398872910308,0.0,1.695797853891198e-06
0.34000000000000025,p1_m1,0,-0.08038518733315878,0.0,1.695797853891198e-06
0.34000000000000025,p1_m2,0,-0.21990405829443407,0.0,1.695797853891198e-06
0.34000000000000025,p1_m3,0,-0.005050411532024426,0.0,1.695797853891198e-06
0.34000000000000025,p2_m0,0,-0.019620561894187923,0.0,1.695797853891198e-06
0.34000000000000025,p2_m1,0,0.16455967679413794,0.0,1.695797853891198e-06
0.34000000000000025,p2_m2,0,0.16176935716807841,0.0,1.695797853891198e-06
0.34000000000000025,p2_m3,0,-0.3559045396206221,0.0,1.695797853891198e-06
0.34000000000000025,p3_m0,0,-0.2543223679060429,0.0,1.695797853891198e-06
0.34000000000000025,p3_m1,0,0.2554083736108121,0.0,1.695797853891198e-06
0.34000000000000025,p3_m2,0,0.22478895386495776,0.0,1.695797853891198e-06
0.34000000000000025,p3_m3,0,-0.5963838103005088,0.0,1.695797853891198e-06
0.35000000000000026,p0_m0,0,-0.056226488930909244,0.0,1.3292445369403433e-06
0.35000000000000026,p0_m1,0,0.16825828799438725,0.0,1.3292445369403433e-06
0.35000000000000026,p0_m2,8,7.966726691301619,9.985371506011021e-05,1.3292445369403433e-06
0.35000000000000026,p0_m3,0,-0.22744638461247865,0.0,1.3292445369403433e-06
0.35000000000000026,p1_m0,0,0.3879759918119797,0.0,1.3292445369403433e-06
0.35000000000000026,p1_m1,0,-0.034037866786145336,0.0,1.3292445369403433e-06
0.35000000000000026,p1_m2,0,-0.08911715782385797,0.0,1.3292445369403433e-06
0.35000000000000026,p1_m3,0,-0.006500165724710536,0.0,1.3292445369403433e-06
0.35000000000000026,p2_m0,0,-0.009696435757782574,0.0,1.3292445369403433e-06
0.35000000000000026,p2_m1,0,0.07413278596082729,0.0,1.3292445369403433e-06
0.35000000000000026,p2_m2,0,0.07341206462363054,0.0,1.3292445369403433e-06
0.35000000000000026,p2_m3,0,-0.15932717703231575,0.0,1.3292445369403433e-06
0.35000000000000026,p3_m0,0,-0.1161660808576278,0.0,1.3292445369403433e-06
0.35000000000000026,p3_m1,0,0.11912591373860629,0.0,1.3292445369403433e-06
0.35000000000000026,p3_m2,0,0.10797925934531814,0.0,1.3292445369403433e-06
0.35000000000000026,p3_m3,0,-0.2729196805861814,0.0,1.3292445369403433e-06
0.36000000000000026,p0_m0,0,-0.043101814467629125,0.0,2.2063482293435946e-07
0.36000000000000026,p0_m1,0,0.13897892606294251,0.0,2.2063482293435946e-07
0.36000000000000026,p0_m2,8,4.228861756838635,0.010346887345677923,2.2063482293435946e-07
0.36000000000000026,p0_m3,0,-0.16668975699415198,0.0,2.2063482293435946e-07
0.36000000000000026,p1_m0,0,0.33535180076406695,0.0,2.2063482293435946e-07
0.36000000000000026,p1_m1,0,-0.05733413018800334,0.0,2.2063482293435946e-07
0.36000000000000026,p1_m2,0,-0.07633395101415008,0.0,2.2063482293435946e-07
0.36000000000000026,p1_m3,0,-0.004604581606169016,0.0,2.2063482293435946e-07
0.36000000000000026,p2_m0,0,-0.015301852734654819,0.0,2.2063482293435946e-07
0.36000000000000026,p2_m1,0,0.06733243942518538,0.0,2.2063482293435946e-07
0.36000000000000026,p2_m2,0,0.06664149776770514,0.0,2.2063482293435946e-07
0.36000000000000026,p2_m3,0,-0.1292063725156576,0.0,2.2063482293435946e-07
0.36000000000000026,p3_m0,0,-0.09962871871167049,0.0,2.2063482293435946e-07
0.36000000000000026,p3_m1,0,0.09671729201963188,0.0,2.2063482293435946e-07
0.36000000000000026,p3_m2,0,0.09115937254634919,0.0,2.2063482293435946e-07
0.36000000000000026,p3_m3,0,-0.2208291438585346,0.0,2.2063482293435946e-07
0.3700000000000003,p0_m0,0,-0.13660133250345885,0.0,1.3530650274526543e-06
0.3700000000000003,p0_m1,0,0.36403259922357806,0.0,1.3530650274526543e-06
0.3700000000000003,p0_m2,8,2.9014933059673855,0.015,1.3530650274526543e-06
0.3700000000000003,p0_m3,0,-0.4688521413686058,0.0,1.3530650274526543e-06
0.3700000000000003,p1_m0,0,0.370213361755407,0.0,1.3530650274526543e-06
0.3700000000000003,p1_m1,0,-0.08205233727714457,0.0,1.3530650274526543e-06
0.3700000000000003,p1_m2,0,-0.19786511787671446,0.0,1.3530650274526543e-06
0.3700000000000003,p1_m3,0,-0.0046690159342489025,0.0,1.3530650274526543e-06
0.3700000000000003,p2_m0,0,-0.021028575166577877,0.0,1.3530650274526543e-06
0.3700000000000003,p2_m1,0,0.1514207224394187,0.0,1.3530650274526543e-06
0.3700000000000003,p2_m2,0,0.14893477048167236,0.0,1.3530650274526543e-06
0.3700000000000003,p2_m3,0,-0.31859003647453366,0.0,1.3530650274526543e-06
0.3700000000000003,p3_m0,0,-0.231150269012855,0.0,1.3530650274526543e-06
0.3700000000000003,p3_m1,0,0.229084068503512,0.0,1.3530650274526543e-06
0.3700000000000003,p3_m2,0,0.2016684430105791,0.0,1.3530650274526543e-06
0.3700000000000003,p3_m3,0,-0.5360310388146645,0.0,1.3530650274526543e-06
0.3800000000000003,p0_m0,0,-0.07170399401538022,0.0,1.6443853468392518e-06
0.3800000000000003,p0_m1,0,0.20683820446922957,0.0,1.6443853468392518e-06
0.3800000000000003,p0_m2,8,7.966707976451692,9.999628644858394e-05,1.6443853468392518e-06
0.3800000000000003,p0_m3,0,-0.27762717986703794,0.0,1.6443853468392518e-06
0.3800000000000003,p1_m0,0,0.3848514363372874,0.0,1.6443853468392518e-06
0.3800000000000003,p1_m1,0,-0.04156777548768024,0.0,1.6443853468392518e-06
0.3800000000000003,p1_m2,0,-0.10980152426125814,0.0,1.6443853468392518e-06
0.3800000000000003,p1_m3,0,-0.007069263760037085,0.0,1.6443853468392518e-06
0.3800000000000003,p2_m0,0,-0.011778421385807116,0.0,1.6443853468392518e-06
0.3800000000000003,p2_m1,0,0.08940522430297289,0.0,1.6443853468392518e-06
0.3800000000000003,p2_m2,0,0.08841017126575323,0.0,1.6443853468392518e-06
0.3800000000000003,p2_m3,0,-0.1926824142146263,0.0,1.6443853468392518e-06
0.3800000000000003,p3_m0,0,-0.13910932345880972,0.0,1.6443853468392518e-06
0.3800000000000003,p3_m1,0,0.14174977056687557,0.0,1.6443853468392518e-06
0.3800000000000003,p3_m2,0,0.12770037954960556,0.0,1.6443853468392518e-06
0.3800000000000003,p3_m3,0,-0.3272876185750507,0.0,1.6443853468392518e-06
0.3900000000000003,p0_m0,0,0.10453232794821195,0.0,3.969782458507615e-06
0.3900000000000003,p0_m1,0,-0.02795466777063022,0.0,3.969782458507615e-06
0.3900000000000003,p0_m2,0,5.544136735127562,0.0,3.969782458507615e-06
0.3900000000000003,p0_m3,8,5.71608091385977,0.005455845119082292,3.969782458507615e-06
0.3900000000000003,p1_m0,0,0.24606850081540002,0.0,3.969782458507615e-06
0.3900000000000003,p1_m1,0,-0.028103987260200785,0.0,3.969782458507615e-06
0.3900000000000003,p1_m2,0,-0.04663762158218056,0.0,3.969782458507615e-06
0.3900000000000003,p1_m3,0,0.08604714060572072,0.0,3.969782458507615e-06
0.3900000000000003,p2_m0,0,-0.17472747432517013,0.0,3.969782458507615e-06
0.3900000000000003,p2_m1,0,0.08278882856840661,0.0,3.969782458507615e-06
0.3900000000000003,p2_m2,0,0.10713775088387062,0.0,3.969782458507615e-06
0.3900000000000003,p2_m3,0,0.14493081345001482,0.0,3.969782458507615e-06
0.3900000000000003,p3_m0,0,-0.0031345522132517996,0.0,3.969782458507615e-06
0.3900000000000003,p3_m1,0,-0.05034380123431246,0.0,3.969782458507615e-06
0.3900000000000003,p3_m2,0,-0.08489883788208025,0.0,3.969782458507615e-06
0.3900000000000003,p3_m3,0,0.10446296280478104,0.0,3.969782458507615e-06
0.4000000000000003,p0_m0,0,0.1352599082758191,0.0,5.914616779974811e-06
0.4000000000000003,p0_m1,0,-0.16151380661801262,0.0,5.914616779974811e-06
0.4000000000000003,p0_m2,0,1.8332431458991594,0.0,5.914616779974811e-06
0.4000000000000003,p0_m3,8,4.399456168303923,0.010765093515518794,5.914616779974811e-06
0.4000000000000003,p1_m0,0,-0.07814792286376432,0.0,5.914616779974811e-06
0.4000000000000003,p1_m1,0,-0.03977279279868316,0.0,5.914616779974811e-06
0.4000000000000003,p1_m2,0,-0.021055565005628447,0.0,5.914616779974811e-06
0.4000000000000003,p1_m3,0,0.11606892955974468,0.0,5.914616779974811e-06
0.4000000000000003,p2_m0,0,-0.1766160922580036,0.0,5.914616779974811e-06
0.4000000000000003,p2_m1,0,0.05692089961679949,0.0,5.914616779974811e-06
0.4000000000000003,p2_m2,0,0.06817948052444112,0.0,5.914616779974811e-06
0.4000000000000003,p2_m3,0,0.33541235851158274,0.0,5.914616779974811e-06
0.4000000000000003,p3_m0,0,0.07106881784451595,0.0,5.914616779974811e-06
0.4000000000000003,p3_m1,0,-0.16532922291402577,0.0,5.914616779974811e-06
0.4000000000000003,p3_m2,0,-0.20607579111190988,0.0,5.914616779974811e-06
0.4000000000000003,p3_m3,0,0.4203490987915113,0.0,5.914616779974811e-06
0.4100000000000003,p0_m0,0,0.18294389090769395,0.0,7.679803433235193e-06
0.4100000000000003,p0_m1,0,-0.20395212195877632,0.0,7.679803433235193e-06
0.4100000000000003,p0_m2,0,0.5777854368642455,0.0,7.679803433235193e-06
0.4100000000000003,p0_m3,8,4.372542355625614,0.010878982489095367,7.679803433235193e-06
0.4100000000000003,p1_m0,0,-0.19414824813572135,0.0,7.679803433235193e-06
0.4100000000000003,p1_m1,0,-0.05938139696907022,0.0,7.679803433235193e-06
0.4100000000000003,p1_m2,0,0.00010261266241942526,0.0,7.679803433235193e-06
0.4100000000000003,p1_m3,0,0.15491454251951015,0.0,7.679803433235193e-06
0.4100000000000003,p2_m0,0,-0.2276347570096656,0.0,7.679803433235193e-06
0.4100000000000003,p2_m1,0,0.04178790919453227,0.0,7.679803433235193e-06
0.4100000000000003,p2_m2,0,0.04988448435107174,0.0,7.679803433235193e-06
0.4100000000000003,p2_m3,0,0.5024998044235994,0.0,7.679803433235193e-06
0.4100000000000003,p3_m0,0,0.14658285581749741,0.0,7.679803433235193e-06
0.4100000000000003,p3_m1,0,-0.2642474907930661,0.0,7.679803433235193e-06
0.4100000000000003,p3_m2,0,-0.2817849142638902,0.0,7.679803433235193e-06
0.4100000000000003,p3_m3,0,0.7531955385784814,0.0,7.679803433235193e-06
0.4200000000000003,p0_m0,0,0.049314495302957055,0.0,6.315778134888243e-07
0.4200000000000003,p0_m1,0,-0.13633402726278465,0.0,6.315778134888243e-07
0.4200000000000003,p0_m2,0,0.17046221494617037,0.0,6.315778134888243e-07
0.4200000000000003,p0_m3,8,6.538566185679863,0.002465661281608135,6.315778134888243e-07
0.4200000000000003,p1_m0,0,-0.11398060622724532,0.0,6.315778134888243e-07
0.4200000000000003,p1_m1,0,-0.008968180340970825,0.0,6.315778134888243e-07
0.4200000000000003,p1_m2,0,0.011436498345730585,0.0,6.315778134888243e-07
0.4200000000000003,p1_m3,0,0.05616936937636219,0.0,6.315778134888243e-07
0.4200000000000003,p2_m0,0,-0.0927610273523268,0.0,6.315778134888243e-07
0.4200000000000003,p2_m1,0,0.01016490962358981,0.0,6.315778134888243e-07
0.4200000000000003,p2_m2,0,0.013379477131199202,0.0,6.315778134888243e-07
0.4200000000000003,p2_m3,0,0.20896261131458788,0.0,6.315778134888243e-07
0.4200000000000003,p3_m0,0,0.08023234565620661,0.0,6.315778134888243e-07
0.4200000000000003,p3_m1,0,-0.135976244315137,0.0,6.315778134888243e-07
0.4200000000000003,p3_m2,0,-0.19687418700106096,0.0,6.315778134888243e-07
0.4200000000000003,p3_m3,0,0.3420994304765036,0.0,6.315778134888243e-07
0.4300000000000003,p0_m0,0,0.1125495705406489,0.0,2.0334375932879617e-06
0.4300000000000003,p0_m1,0,-0.18117613784454992,0.0,2.0334375932879617e-06
0.4300000000000003,p0_m2,0,-0.03999924288346021,0.0,2.0334375932879617e-06
0.4300000000000003,p0_m3,8,4.438773347930908,0.010584261719680377,2.0334375932879617e-06
0.4300000000000003,p1_m0,0,-0.2182312578589481,0.0,2.0334375932879617e-06
0.4300000000000003,p1_m1,0,-0.013793824286565995,0.0,2.0334375932879617e-06
0.4300000000000003,p1_m2,0,0.015117330498021615,0.0,2.0334375932879617e-06
0.4300000000000003,p1_m3,0,0.08643940137726534,0.0,2.0334375932879617e-06
0.4300000000000003,p2_m0,0,-0.1292610638058095,0.0,2.0334375932879617e-06
0.4300000000000003,p2_m1,0,0.02285067661865264,0.0,2.0334375932879617e-06
0.4300000000000003,p2_m2,0,0.026426884403419997,0.0,2.0334375932879617e-06
0.4300000000000003,p2_m3,0,0.3233761128583919,0.0,2.0334375932879617e-06
0.4300000000000003,p3_m0,0,0.0984724884974179,0.0,2.0334375932879617e-06
0.4300000000000003,p3_m1,0,-0.18380919251540423,0.0,2.0334375932879617e-06
0.4300000000000003,p3_m2,0,-0.22039670868911607,0.0,2.0334375932879617e-06
0.4300000000000003,p3_m3,0,0.48434394712345313,0.0,2.0334375932879617e-06
0.44000000000000034,p0_m0,0,0.03959795193117046,0.0,1.6180028912065526e-06
0.44000000000000034,p0_m1,0,-0.08532182142795196,0.0,1.6180028912065526e-06
0.44000000000000034,p0_m2,0,-0.03193106131972889,0.0,1.6180028912065526e-06
0.44000000000000034,p0_m3,8,7.963956675289473,0.0001080947706944615,1.6180028912065526e-06
0.44000000000000034,p1_m0,0,-0.10611331293336336,0.0,1.6180028912065526e-06
0.44000000000000034,p1_m1,0,0.0034095549897583247,0.0,1.6180028912065526e-06
0.44000000000000034,p1_m2,0,0.01600150985938101,0.0,1.6180028912065526e-06
0.44000000000000034,p1_m3,0,0.03290773753329185,0.0,1.6180028912065526e-06
0.44000000000000034,p2_m0,0,-0.05997925710329416,0.0,1.6180028912065526e-06
0.44000000000000034,p2_m1,0,0.011519588616072704,0.0,1.6180028912065526e-06
0.44000000000000034,p2_m2,0,0.013126524311073218,0.0,1.6180028912065526e-06
0.44000000000000034,p2_m3,0,0.14150468039282912,0.0,1.6180028912065526e-06
0.44000000000000034,p3_m0,0,0.04571334267644771,0.0,1.6180028912065526e-06
0.44000000000000034,p3_m1,0,-0.08640080144037046,0.0,1.6180028912065526e-06
0.44000000000000034,p3_m2,0,-0.10206944492017765,0.0,1.6180028912065526e-06
0.44000000000000034,p3_m3,0,0.21809546067697813,0.0,1.6180028912065526e-06
0.45000000000000034,p0_m0,0,0.0481885700326356,0.0,8.809349177478348e-07
0.45000000000000034,p0_m1,0,-0.08669578676926103,0.0,8.809349177478348e-07
0.45000000000000034,p0_m2,0,-0.0820011838324846,0.0,8.809349177478348e-07
0.45000000000000034,p0_m3,8,5.026338284388409,0.00814005653147165,8.809349177478348e-07
0.45000000000000034,p1_m0,0,-0.13293105077050532,0.0,8.809349177478348e-07
0.45000000000000034,p1_m1,0,0.013451144341450012,0.0,8.809349177478348e-07
0.45000000000000034,p1_m2,0,0.01837137216691998,0.0,8.809349177478348e-07
0.45000000000000034,p1_m3,0,0.026566641349177585,0.0,8.809349177478348e-07
0.45000000000000034,p2_m0,0,-0.05636378588678162,0.0,8.809349177478348e-07
0.45000000000000034,p2_m1,0,0.009183754753124187,0.0,8.809349177478348e-07
0.45000000000000034,p2_m2,0,0.01052345725856397,0.0,8.809349177478348e-07
0.45000000000000034,p2_m3,0,0.12884720530029062,0.0,8.809349177478348e-07
0.45000000000000034,p3_m0,0,0.043696938893049646,0.0,8.809349177478348e-07
0.45000000000000034,p3_m1,0,-0.07974786619632698,0.0,8.809349177478348e-07
0.45000000000000034,p3_m2,0,-0.07883075920178334,0.0,8.809349177478348e-07
0.45000000000000034,p3_m3,0,0.21822916287034724,0.0,8.809349177478348e-07
0.46000000000000035,p0_m0,0,0.06256513431888695,0.0,3.22328471241334e-06
0.46000000000000035,p0_m1,0,-0.10667485045299416,0.0,3.22328471241334e-06
0.46000000000000035,p0_m2,0,-0.07706665941204399,0.0,3.22328471241334e-06
0.46000000000000035,p0_m3,8,7.963003097086823,8.427271886721854e-05,3.22328471241334e-06
0.46000000000000035,p1_m0,0,-0.14373254881347453,0.0,3.22328471241334e-06
0.46000000000000035,p1_m1,0,0.0026269021219695664,0.0,3.22328471241334e-06
0.46000000000000035,p1_m2,0,0.01612515680724814,0.0,3.22328471241334e-06
0.46000000000000035,p1_m3,0,0.04489929189100145,0.0,3.22328471241334e-06
0.46000000000000035,p2_m0,0,-0.076038689694911,0.0,3.22328471241334e-06
0.46000000000000035,p2_m1,0,0.01572112146143681,0.0,3.22328471241334e-06
0.46000000000000035,p2_m2,0,0.017643995829260295,0.0,3.22328471241334e-06
0.46000000000000035,p2_m3,0,0.18594725768507156,0.0,3.22328471241334e-06
0.46000000000000035,p3_m0,0,0.0546093873332751,0.0,3.22328471241334e-06
0.46000000000000035,p3_m1,0,-0.10550048043930342,0.0,3.22328471241334e-06
0.46000000000000035,p3_m2,0,-0.11763247021175299,0.0,3.22328471241334e-06
0.46000000000000035,p3_m3,0,0.27746600454894244,0.0,3.22328471241334e-06
0.47000000000000036,p0_m0,0,0.03687622947657928,0.0,1.0030348910531455e-07
0.47000000000000036,p0_m1,0,-0.07738749791709697,0.0,1.0030348910531455e-07
0.47000000000000036,p0_m2,0,-0.06963247263994288,0.0,1.0030348910531455e-07
0.47000000000000036,p0_m3,8,5.592525958792279,0.005977125848207456,1.0030348910531455e-07
0.47000000000000036,p1_m0,0,-0.10616580609931411,0.0,1.0030348910531455e-07
0.47000000000000036,p1_m1,0,0.011337234673740969,0.0,1.0030348910531455e-07
0.47000000000000036,p1_m2,0,0.016296757784909476,0.0,1.0030348910531455e-07
0.47000000000000036,p1_m3,0,0.02315496400074778,0.0,1.0030348910531455e-07
0.47000000000000036,p2_m0,0,-0.047762382338204866,0.0,1.0030348910531455e-07
0.47000000000000036,p2_m1,0,0.008443855653114386,0.0,1.0030348910531455e-07
0.47000000000000036,p2_m2,0,0.009567746452706763,0.0,1.0030348910531455e-07
0.47000000000000036,p2_m3,0,0.10844467885055398,0.0,1.0030348910531455e-07
0.47000000000000036,p3_m0,0,0.036210348995928635,0.0,1.0030348910531455e-07
0.47000000000000036,p3_m1,0,-0.06732791676012405,0.0,1.0030348910531455e-07
0.47000000000000036,p3_m2,0,-0.06776545816324885,0.0,1.0030348910531455e-07
0.47000000000000036,p3_m3,0,0.17806143871099536,0.0,1.0030348910531455e-07
0.48000000000000037,p0_m0,0,0.08083542668072818,0.0,3.618187145415397e-06
0.48000000000000037,p0_m1,0,-0.13268105610049102,0.0,3.618187145415397e-06
0.48000000000000037,p0_m2,0,-0.10090942631324529,0.0,3.618187145415397e-06
0.48000000000000037,p0_m3,8,7.9073084894746355,-0.0011984387565098906,3.618187145415397e-06
0.48000000000000037,p1_m0,0,-0.1744080903809752,0.0,3.618187145415397e-06
0.48000000000000037,p1_m1,0,-0.0017836248560014253,0.0,3.618187145415397e-06
0.48000000000000037,p1_m2,0,0.01772630925962922,0.0,3.618187145415397e-06
0.48000000000000037,p1_m3,0,0.05796806937173469,0.0,3.618187145415397e-06
0.48000000000000037,p2_m0,0,-0.08944031216922173,0.0,3.618187145415397e-06
0.48000000000000037,p2_m1,0,0.016959489241428084,0.0,3.618187145415397e-06
0.48000000000000037,p2_m2,0,0.019308793696633793,0.0,3.618187145415397e-06
0.48000000000000037,p2_m3,0,0.23156414542847376,0.0,3.618187145415397e-06
0.48000000000000037,p3_m0,0,0.06763450497450682,0.0,3.618187145415397e-06
0.48000000000000037,p3_m1,0,-0.12928769710994942,0.0,3.618187145415397e-06
0.48000000000000037,p3_m2,0,-0.14351209040241553,0.0,3.618187145415397e-06
0.48000000000000037,p3_m3,0,0.3392735123387217,0.0,3.618187145415397e-06
0.4900000000000004,p0_m0,0,0.024909641851847623,0.0,2.987986108889788e-07
0.4900000000000004,p0_m1,0,-0.05723397202093671,0.0,2.987986108889788e-07
0.4900000000000004,p0_m2,0,-0.04642563798532015,0.0,2.987986108889788e-07
0.4900000000000004,p0_m3,8,7.17276661315699,0.00010714695395746166,2.987986108889788e-07
0.4900000000000004,p1_m0,0,-0.07952607329634069,0.0,2.987986108889788e-07
0.4900000000000004,p1_m1,0,0.007474692835064882,0.0,2.987986108889788e-07
0.4900000000000004,p1_m2,0,0.014170365120138903,0.0,2.987986108889788e-07
0.4900000000000004,p1_m3,0,0.0178669472488312,0.0,2.987986108889788e-07
0.4900000000000004,p2_m0,0,-0.039223356571267715,0.0,2.987986108889788e-07
0.4900000000000004,p2_m1,0,0.008160704987860418,0.0,2.987986108889788e-07
0.4900000000000004,p2_m2,0,0.009127348654680546,0.0,2.987986108889788e-07
0.4900000000000004,p2_m3,0,0.08973838259382261,0.0,2.987986108889788e-07
0.4900000000000004,p3_m0,0,0.02968628849509625,0.0,2.987986108889788e-07
0.4900000000000004,p3_m1,0,-0.056871622125765374,0.0,2.987986108889788e-07
0.4900000000000004,p3_m2,0,-0.06197202232440149,0.0,2.987986108889788e-07
0.4900000000000004,p3_m3,0,0.1419360860344369,0.0,2.987986108889788e-07
0.5000000000000003,p0_m0,0,0.09474355659918199,0.0,2.1348618255351025e-06
0.5000000000000003,p0_m1,0,-0.14203722803494742,0.0,2.1348618255351025e-06
0.5000000000000003,p0_m2,0,-0.11483125936326141,0.0,2.1348618255351025e-06
0.5000000000000003,p0_m3,8,4.454396332423382,0.01049620830951496,2.1348618255351025e-06
0.5000000000000003,p1_m0,0,-0.19664808664980588,0.0,2.1348618255351025e-06
0.5000000000000003,p1_m1,0,-0.003788843369740269,0.0,2.1348618255351025e-06
0.5000000000000003,p1_m2,0,0.01654829423082521,0.0,2.1348618255351025e-06
0.5000000000000003,p1_m3,0,0.062987551235128,0.0,2.1348618255351025e-06
0.5000000000000003,p2_m0,0,-0.09814125174696664,0.0,2.1348618255351025e-06
0.5000000000000003,p2_m1,0,0.018764349251392174,0.0,2.1348618255351025e-06
0.5000000000000003,p2_m2,0,0.021294269605694287,0.0,2.1348618255351025e-06
0.5000000000000003,p2_m3,0,0.2520675420403619,0.0,2.1348618255351025e-06
0.5000000000000003,p3_m0,0,0.0735065679254057,0.0,2.1348618255351025e-06
0.5000000000000003,p3_m1,0,-0.14019738643686214,0.0,2.1348618255351025e-06
0.5000000000000003,p3_m2,0,-0.1520783093601141,0.0,2.1348618255351025e-06
0.5000000000000003,p3_m3,0,0.3761784329900255,0.0,2.1348618255351025e-06
0.5100000000000003,p0_m0,0,0.005245753512191834,0.0,1.4089257550805328e-07
0.5100000000000003,p0_m1,0,0.009573770081925254,0.0,1.4089257550805328e-07
0.5100000000000003,p0_m2,0,-0.06514234873455509,0.0,1.4089257550805328e-07
0.5100000000000003,p0_m3,0,2.8233843244691372,0.0,1.4089257550805328e-07
0.5100000000000003,p1_m0,8,5.935556206836363,0.004349233176391752,1.4089257550805328e-07
0.5100000000000003,p1_m1,0,0.0007499601709358969,0.0,1.4089257550805328e-07
0.5100000000000003,p1_m2,0,-0.012562923186927187,0.0,1.4089257550805328e-07
0.5100000000000003,p1_m3,0,0.024946230580171137,0.0,1.4089257550805328e-07
0.5100000000000003,p2_m0,0,-0.02673360441360001,0.0,1.4089257550805328e-07
0.5100000000000003,p2_m1,0,0.02955837344822849,0.0,1.4089257550805328e-07
0.5100000000000003,p2_m2,0,0.05701279611399977,0.0,1.4089257550805328e-07
0.5100000000000003,p2_m3,0,0.002048528815724263,0.0,1.4089257550805328e-07
0.5100000000000003,p3_m0,0,-0.009233375359807913,0.0,1.4089257550805328e-07
0.5100000000000003,p3_m1,0,-0.017397690571151498,0.0,1.4089257550805328e-07
0.5100000000000003,p3_m2,0,-0.004017150714141193,0.0,1.4089257550805328e-07
0.5100000000000003,p3_m3,0,-0.05270930747615434,0.0,1.4089257550805328e-07
0.5200000000000004,p0_m0,0,-0.11623838269972107,0.0,2.513305590953755e-06
0.5200000000000004,p0_m1,0,0.18392895724072575,0.0,2.513305590953755e-06
0.5200000000000004,p0_m2,0,0.01832157401229914,0.0,2.513305590953755e-06
0.5200000000000004,p0_m3,0,0.7283568280990889,0.0,2.513305590953755e-06
0.5200000000000004,p1_m0,8,3.3313069372191557,0.013772269933532191,2.513305590953755e-06
0.5200000000000004,p1_m1,0,-0.0034092081709271175,0.0,2.513305590953755e-06
0.5200000000000004,p1_m2,0,-0.05749658236600914,0.0,2.513305590953755e-06
0.5200000000000004,p1_m3,0,0.015282432951715011,0.0,2.513305590953755e-06
0.5200000000000004,p2_m0,0,0.08187718071591145,0.0,2.513305590953755e-06
0.5200000000000004,p2_m1,0,0.017456211220058564,0.0,2.513305590953755e-06
0.5200000000000004,p2_m2,0,0.02516153402206676,0.0,2.513305590953755e-06
0.5200000000000004,p2_m3,0,-0.12798890138180458,0.0,2.513305590953755e-06
0.5200000000000004,p3_m0,0,-0.06717160378303745,0.0,2.513305590953755e-06
0.5200000000000004,p3_m1,0,0.05049373048182098,0.0,2.513305590953755e-06
0.5200000000000004,p3_m2,0,0.03710772302317263,0.0,2.513305590953755e-06
0.5200000000000004,p3_m3,0,-0.30872459028578203,0.0,2.513305590953755e-06
0.5300000000000004,p0_m0,0,-0.24634896436733097,0.0,4.71770435319678e-06
0.5300000000000004,p0_m1,0,0.3818052729765103,0.0,4.71770435319678e-06
0.5300000000000004,p0_m2,0,0.019091565870413465,0.0,4.71770435319678e-06
0.5300000000000004,p0_m3,0,-0.13151526506244285,0.0,4.71770435319678e-06
0.5300000000000004,p1_m0,8,3.1274660795915676,0.01461796334464953,4.71770435319678e-06
0.5300000000000004,p1_m1,0,-0.002038051929465659,0.0,4.71770435319678e-06
0.5300000000000004,p1_m2,0,-0.11041271724230946,0.0,4.71770435319678e-06
0.5300000000000004,p1_m3,0,0.03188931184407912,0.0,4.71770435319678e-06
0.5300000000000004,p2_m0,0,0.19348382473219017,0.0,4.71770435319678e-06
0.5300000000000004,p2_m1,0,0.011695083129353362,0.0,4.71770435319678e-06
0.5300000000000004,p2_m2,0,0.011193506630809804,0.0,4.71770435319678e-06
0.5300000000000004,p2_m3,0,-0.27771875140803454,0.0,4.71770435319678e-06
0.5300000000000004,p3_m0,0,-0.13506415973529406,0.0,4.71770435319678e-06
0.5300000000000004,p3_m1,0,0.12848450099386732,0.0,4.71770435319678e-06
0.5300000000000004,p3_m2,0,0.09241570012003246,0.0,4.71770435319678e-06
0.5300000000000004,p3_m3,0,-0.6313547810053631,0.0,4.71770435319678e-06
0.5400000000000004,p0_m0,0,-0.18605446908898807,0.0,5.340603971753397e-06
0.5400000000000004,p0_m1,0,0.3012223651250139,0.0,5.340603971753397e-06
0.5400000000000004,p0_m2,0,0.0192621439440068,0.0,5.340603971753397e-06
0.5400000000000004,p0_m3,0,-0.27395433830186133,0.0,5.340603971753397e-06
0.5400000000000004,p1_m0,8,7.968110768848713,5.926156166703223e-05,5.340603971753397e-06
0.5400000000000004,p1_m1,0,-0.0033251298482949746,0.0,5.340603971753397e-06
0.5400000000000004,p1_m2,0,-0.0858419369591813,0.0,5.340603971753397e-06
0.5400000000000004,p1_m3,0,0.020492750251040213,0.0,5.340603971753397e-06
0.5400000000000004,p2_m0,0,0.15009204427686781,0.0,5.340603971753397e-06
0.5400000000000004,p2_m1,0,0.01196605033508568,0.0,5.340603971753397e-06
0.5400000000000004,p2_m2,0,0.010298417538859723,0.0,5.340603971753397e-06
0.5400000000000004,p2_m3,0,-0.23290540936478776,0.0,5.340603971753397e-06
0.5400000000000004,p3_m0,0,-0.11308227407136508,0.0,5.340603971753397e-06
0.5400000000000004,p3_m1,0,0.11589370542751773,0.0,5.340603971753397e-06
0.5400000000000004,p3_m2,0,0.08869452914753037,0.0,5.340603971753397e-06
0.5400000000000004,p3_m3,0,-0.516853648658076,0.0,5.340603971753397e-06
0.5500000000000004,p0_m0,0,-0.05029484127381916,0.0,1.9034645537342689e-06
0.5500000000000004,p0_m1,0,0.1280063998901075,0.0,1.9034645537342689e-06
0.5500000000000004,p0_m2,0,0.015882680829619317,0.0,1.9034645537342689e-06
0.5500000000000004,p0_m3,0,-0.09863966255044733,0.0,1.9034645537342689e-06
0.5500000000000004,p1_m0,8,7.969763956648801,9.069992801440385e-05,1.9034645537342689e-06
0.5500000000000004,p1_m1,0,-7.279978509312089e-05,0.0,1.9034645537342689e-06
0.5500000000000004,p1_m2,0,-0.020453964906218345,0.0,1.9034645537342689e-06
0.5500000000000004,p1_m3,0,-0.0027315471535677223,0.0,1.9034645537342689e-06
0.5500000000000004,p2_m0,0,0.04735777173215696,0.0,1.9034645537342689e-06
0.5500000000000004,p2_m1,0,0.01606237189948911,0.0,1.9034645537342689e-06
0.5500000000000004,p2_m2,0,0.015404817451944214,0.0,1.9034645537342689e-06
0.5500000000000004,p2_m3,0,-0.09747719396265593,0.0,1.9034645537342689e-06
0.5500000000000004,p3_m0,0,-0.05754835087967023,0.0,1.9034645537342689e-06
0.5500000000000004,p3_m1,0,0.06040601405232452,0.0,1.9034645537342689e-06
0.5500000000000004,p3_m2,0,0.05019119039172857,0.0,1.9034645537342689e-06
0.5500000000000004,p3_m3,0,-0.21366832887101192,0.0,1.9034645537342689e-06
0.5600000000000004,p0_m0,0,-0.04821213913222848,0.0,2.021492296401925e-06
0.5600000000000004,p0_m1,0,0.09646423572839126,0.0,2.021492296401925e-06
0.5600000000000004,p0_m2,0,0.053257417825527,0.0,2.021492296401925e-06
0.5600000000000004,p0_m3,0,-0.13346933111575238,0.0,2.021492296401925e-06
0.5600000000000004,p1_m0,8,4.562425425179529,0.009227655185936223,2.021492296401925e-06
0.5600000000000004,p1_m1,0,-0.010176158767157018,0.0,2.021492296401925e-06
0.5600000000000004,p1_m2,0,-0.020781016551026998,0.0,2.021492296401925e-06
0.5600000000000004,p1_m3,0,-0.00458220160983829,0.0,2.021492296401925e-06
0.5600000000000004,p2_m0,0,0.03912328900458595,0.0,2.021492296401925e-06
0.5600000000000004,p2_m1,0,0.01095716489457996,0.0,2.021492296401925e-06
0.5600000000000004,p2_m2,0,0.010294981715788529,0.0,2.021492296401925e-06
0.5600000000000004,p2_m3,0,-0.07971533037098387,0.0,2.021492296401925e-06
0.5600000000000004,p3_m0,0,-0.04413325020596432,0.0,2.021492296401925e-06
0.5600000000000004,p3_m1,0,0.047671215724150715,0.0,2.021492296401925e-06
0.5600000000000004,p3_m2,0,0.041474243236788756,0.0,2.021492296401925e-06
0.5600000000000004,p3_m3,0,-0.16871027155414717,0.0,2.021492296401925e-06
0.5700000000000004,p0_m0,0,-0.17959276181580403,0.0,1.909589987433063e-06
0.5700000000000004,p0_m1,0,0.2881003539579766,0.0,1.909589987433063e-06
0.5700000000000004,p0_m2,0,0.05670251432427888,0.0,1.909589987433063e-06
0.5700000000000004,p0_m3,0,-0.5019723314473984,0.0,1.909589987433063e-06
0.5700000000000004,p1_m0,8,3.210460720375574,0.014263397533774425,1.909589987433063e-06
0.5700000000000004,p1_m1,0,0.00016619486863780913,0.0,1.909589987433063e-06
0.5700000000000004,p1_m2,0,-0.08053180398474644,0.0,1.909589987433063e-06
0.5700000000000004,p1_m3,0,0.011148376503295969,0.0,1.909589987433063e-06
0.5700000000000004,p2_m0,0,0.1407748124926542,0.0,1.909589987433063e-06
0.5700000000000004,p2_m1,0,0.01622816464843894,0.0,1.909589987433063e-06
0.5700000000000004,p2_m2,0,0.01360106841823328,0.0,1.909589987433063e-06
0.5700000000000004,p2_m3,0,-0.2177640824280388,0.0,1.909589987433063e-06
0.5700000000000004,p3_m0,0,-0.11328373682807757,0.0,1.909589987433063e-06
0.5700000000000004,p3_m1,0,0.11039338837563926,0.0,1.909589987433063e-06
0.5700000000000004,p3_m2,0,0.08054827607368269,0.0,1.909589987433063e-06
0.5700000000000004,p3_m3,0,-0.48391900826416556,0.0,1.909589987433063e-06
0.5800000000000004,p0_m0,0,-0.055224318423266,0.0,2.127272365275224e-06
0.5800000000000004,p0_m1,0,0.10095270433954734,0.0,2.127272365275224e-06
0.5800000000000004,p0_m2,0,0.046423226967259194,0.0,2.127272365275224e-06
0.5800000000000004,p0_m3,0,-0.18246816847518532,0.0,2.127272365275224e-06
0.5800000000000004,p1_m0,8,7.969579803200416,9.127149138959823e-05,2.127272365275224e-06
0.5800000000000004,p1_m1,0,4.1973518241679747e-05,0.0,2.127272365275224e-06
0.5800000000000004,p1_m2,0,-0.02701135573836833,0.0,2.127272365275224e-06
0.5800000000000004,p1_m3,0,-5.9751529645749186e-05,0.0,2.127272365275224e-06
0.5800000000000004,p2_m0,0,0.04866359996370929,0.0,2.127272365275224e-06
0.5800000000000004,p2_m1,0,0.0108552454323731,0.0,2.127272365275224e-06
0.5800000000000004,p2_m2,0,0.00989809774484774,0.0,2.127272365275224e-06
0.5800000000000004,p2_m3,0,-0.08655144192219269,0.0,2.127272365275224e-06
0.5800000000000004,p3_m0,0,-0.04909471758514025,0.0,2.127272365275224e-06
0.5800000000000004,p3_m1,0,0.050086447386593194,0.0,2.127272365275224e-06
0.5800000000000004,p3_m2,0,0.04024999969700614,0.0,2.127272365275224e-06
0.5800000000000004,p3_m3,0,-0.1925403426414461,0.0,2.127272365275224e-06
0.5900000000000004,p0_m0,0,-0.02539208109587175,0.0,4.951874382589489e-07
0.5900000000000004,p0_m1,0,0.05014327512917911,0.0,4.951874382589489e-07
0.5900000000000004,p0_m2,0,0.03754384158829632,0.0,4.951874382589489e-07
0.5900000000000004,p0_m3,0,-0.09406598150886301,0.0,4.951874382589489e-07
0.5900000000000004,p1_m0,8,5.878274463086639,0.004568587727818861,4.951874382589489e-07
0.5900000000000004,p1_m1,0,-0.003645549182173228,0.0,4.951874382589489e-07
0.5900000000000004,p1_m2,0,-0.012865245945480623,0.0,4.951874382589489e-07
0.5900000000000004,p1_m3,0,-0.0029209362727323084,0.0,4.951874382589489e-07
0.5900000000000004,p2_m0,0,0.02173436787001805,0.0,4.951874382589489e-07
0.5900000000000004,p2_m1,0,0.008695923727830079,0.0,4.951874382589489e-07
0.5900000000000004,p2_m2,0,0.008223158512900645,0.0,4.951874382589489e-07
0.5900000000000004,p2_m3,0,-0.04761570084042253,0.0,4.951874382589489e-07
0.5900000000000004,p3_m0,0,-0.028760499489754413,0.0,4.951874382589489e-07
0.5900000000000004,p3_m1,0,0.030381755007518628,0.0,4.951874382589489e-07
0.5900000000000004,p3_m2,0,0.0269984401985673,0.0,4.951874382589489e-07
0.5900000000000004,p3_m3,0,-0.10321299786904187,0.0,4.951874382589489e-07
0.6000000000000004,p0_m0,0,-0.13244133221882476,0.0,1.9396157038651183e-06
0.6000000000000004,p0_m1,0,0.21270941429803947,0.0,1.9396157038651183e-06
0.6000000000000004,p0_m2,0,0.06241123971829838,0.0,1.9396157038651183e-06
0.6000000000000004,p0_m3,0,-0.40860166654255997,0.0,1.9396157038651183e-06
0.6000000000000004,p1_m0,8,3.350616820001978,0.013711965282178475,1.9396157038651183e-06
0.6000000000000004,p1_m1,0,-0.001089220628627469,0.0,1.9396157038651183e-06
0.6000000000000004,p1_m2,0,-0.059706540492016964,0.0,1.9396157038651183e-06
0.6000000000000004,p1_m3,0,0.0033434521701725967,0.0,1.9396157038651183e-06
0.6000000000000004,p2_m0,0,0.10411140447377451,0.0,1.9396157038651183e-06
0.6000000000000004,p2_m1,0,0.014530895150577256,0.0,1.9396157038651183e-06
0.6000000000000004,p2_m2,0,0.012558129708729281,0.0,1.9396157038651183e-06
0.6000000000000004,p2_m3,0,-0.16457139090378878,0.0,1.9396157038651183e-06
0.6000000000000004,p3_m0,0,-0.08702946203625402,0.0,1.9396157038651183e-06
0.6000000000000004,p3_m1,0,0.08349188957930144,0.0,1.9396157038651183e-06
0.6000000000000004,p3_m2,0,0.06117885971740549,0.0,1.9396157038651183e-06
0.6000000000000004,p3_m3,0,-0.36533491372037724,0.0,1.9396157038651183e-06
0.6100000000000004,p0_m0,0,-0.050193155475633106,0.0,2.3283863483717548e-06
0.6100000000000004,p0_m1,0,0.09082694626593314,0.0,2.3283863483717548e-06
0.6100000000000004,p0_m2,0,0.042724309331569975,0.0,2.3283863483717548e-06
0.6100000000000004,p0_m3,0,-0.1764942237034591,0.0,2.3283863483717548e-06
0.6100000000000004,p1_m0,8,7.969384372267146,9.184777881232975e-05,2.3283863483717548e-06
0.6100000000000004,p1_m1,0,0.0003552046701868707,0.0,2.3283863483717548e-06
0.6100000000000004,p1_m2,0,-0.02418717373013078,0.0,2.3283863483717548e-06
0.6100000000000004,p1_m3,0,-0.001534767833967429,0.0,2.3283863483717548e-06
0.6100000000000004,p2_m0,0,0.04395828144045982,0.0,2.3283863483717548e-06
0.6100000000000004,p2_m1,0,0.010701923816106872,0.0,2.3283863483717548e-06
0.6100000000000004,p2_m2,0,0.009820809719215772,0.0,2.3283863483717548e-06
0.6100000000000004,p2_m3,0,-0.07927495820891371,0.0,2.3283863483717548e-06
0.6100000000000004,p3_m0,0,-0.04522165568684038,0.0,2.3283863483717548e-06
0.6100000000000004,p3_m1,0,0.04528684776879401,0.0,2.3283863483717548e-06
0.6100000000000004,p3_m2,0,0.03615443127131999,0.0,2.3283863483717548e-06
0.6100000000000004,p3_m3,0,-0.1759090238745444,0.0,2.3283863483717548e-06
0.6200000000000004,p0_m0,0,-0.029625072222010423,0.0,8.429524139410768e-07
0.6200000000000004,p0_m1,0,0.05600124687770732,0.0,8.429524139410768e-07
0.6200000000000004,p0_m2,0,0.039646371141877995,0.0,8.429524139410768e-07
0.6200000000000004,p0_m3,0,-0.10966669703361823,0.0,8.429524139410768e-07
0.6200000000000004,p1_m0,8,5.366922013500409,0.006366478959918659,8.429524139410768e-07
0.6200000000000004,p1_m1,0,-0.005735560100348441,0.0,8.429524139410768e-07
0.6200000000000004,p1_m2,0,-0.01419501930696369,0.0,8.429524139410768e-07
0.6200000000000004,p1_m3,0,-0.004037723591310037,0.0,8.429524139410768e-07
0.6200000000000004,p2_m0,0,0.024316373152539986,0.0,8.429524139410768e-07
0.6200000000000004,p2_m1,0,0.00910597714920487,0.0,8.429524139410768e-07
0.6200000000000004,p2_m2,0,0.008577197686920673,0.0,8.429524139410768e-07
0.6200000000000004,p2_m3,0,-0.05293175087853185,0.0,8.429524139410768e-07
0.6200000000000004,p3_m0,0,-0.03059997398956897,0.0,8.429524139410768e-07
0.6200000000000004,p3_m1,0,0.03205815443886915,0.0,8.429524139410768e-07
0.6200000000000004,p3_m2,0,0.02878769035576055,0.0,8.429524139410768e-07
0.6200000000000004,p3_m3,0,-0.11242833085441992,0.0,8.429524139410768e-07
0.6300000000000004,p0_m0,0,-0.14578665319641887,0.0,2.404207928002172e-06
0.6300000000000004,p0_m1,0,0.23334373494915067,0.0,2.404207928002172e-06
0.6300000000000004,p0_m2,0,0.05865185210488495,0.0,2.404207928002172e-06
0.6300000000000004,p0_m3,0,-0.4475703618346711,0.0,2.404207928002172e-06
0.6300000000000004,p1_m0,8,3.432960824563366,0.013949443263404459,2.404207928002172e-06
0.6300000000000004,p1_m1,0,-0.0006106484585781786,0.0,2.404207928002172e-06
0.6300000000000004,p1_m2,0,-0.0670987084057832,0.0,2.404207928002172e-06
0.6300000000000004,p1_m3,0,0.004746840112696873,0.0,2.404207928002172e-06
0.6300000000000004,p2_m0,0,0.11231627514272688,0.0,2.404207928002172e-06
0.6300000000000004,p2_m1,0,0.017875103940512515,0.0,2.404207928002172e-06
0.6300000000000004,p2_m2,0,0.01570873181675615,0.0,2.404207928002172e-06
0.6300000000000004,p2_m3,0,-0.18041741964288002,0.0,2.404207928002172e-06
0.6300000000000004,p3_m0,0,-0.09659970973148273,0.0,2.404207928002172e-06
0.6300000000000004,p3_m1,0,0.09198559006920472,0.0,2.404207928002172e-06
0.6300000000000004,p3_m2,0,0.06695495988946287,0.0,2.404207928002172e-06
0.6300000000000004,p3_m3,0,-0.3990010848000256,0.0,2.404207928002172e-06
0.6400000000000005,p0_m0,0,-0.0004384133492635265,0.0,3.061356080869718e-06
0.6400000000000005,p0_m1,0,0.011406939846389479,0.0,3.061356080869718e-06
0.6400000000000005,p0_m2,0,0.003068066492927971,0.0,3.061356080869718e-06
0.6400000000000005,p0_m3,0,-0.1661617136983526,0.0,3.061356080869718e-06
0.6400000000000005,p1_m0,0,3.3010071996969894,0.0,3.061356080869718e-06
0.6400000000000005,p1_m1,8,8.101479235540014,0.0031596966344559635,3.061356080869718e-06
0.6400000000000005,p1_m2,0,0.08994007116017473,0.0,3.061356080869718e-06
0.6400000000000005,p1_m3,0,-0.0712841766098802,0.0,3.061356080869718e-06
0.6400000000000005,p2_m0,0,0.10936004575328578,0.0,3.061356080869718e-06
0.6400000000000005,p2_m1,0,-0.09979378563018504,0.0,3.061356080869718e-06
0.6400000000000005,p2_m2,0,-0.10066115588490072,0.0,3.061356080869718e-06
0.6400000000000005,p2_m3,0,-0.06330141637052547,0.0,3.061356080869718e-06
0.6400000000000005,p3_m0,0,0.05282027187289839,0.0,3.061356080869718e-06
0.6400000000000005,p3_m1,0,0.021832122725009926,0.0,3.061356080869718e-06
0.6400000000000005,p3_m2,0,0.0044499888745152824,0.0,3.061356080869718e-06
0.6400000000000005,p3_m3,0,-0.12069766976822967,0.0,3.061356080869718e-06
0.6500000000000005,p0_m0,0,0.02584077888756337,0.0,4.557106062889423e-09
0.6500000000000005,p0_m1,0,-0.057193741392506936,0.0,4.557106062889423e-09
0.6500000000000005,p0_m2,0,-0.053430205862057975,0.0,4.557106062889423e-09
0.6500000000000005,p0_m3,0,-0.06407932368886257,0.0,4.557106062889423e-09
0.6500000000000005,p1_m0,0,2.102801178061865,0.0,4.557106062889423e-09
0.6500000000000005,p1_m1,8,3.5173608594561676,0.01284018727301178,4.557106062889423e-09
0.6500000000000005,p1_m2,0,0.11191704126218834,0.0,4.557106062889423e-09
0.6500000000000005,p1_m3,0,-0.06742344884020662,0.0,4.557106062889423e-09
0.6500000000000005,p2_m0,0,0.08553614812601387,0.0,4.557106062889423e-09
0.6500000000000005,p2_m1,0,-0.12002052119377978,0.0,4.557106062889423e-09
0.6500000000000005,p2_m2,0,-0.12045095565506823,0.0,4.557106062889423e-09
0.6500000000000005,p2_m3,0,-0.006506039826376278,0.0,4.557106062889423e-09
0.6500000000000005,p3_m0,0,0.09153538808413043,0.0,4.557106062889423e-09
0.6500000000000005,p3_m1,0,-0.01178960647468959,0.0,4.557106062889423e-09
0.6500000000000005,p3_m2,0,-0.020771403644735082,0.0,4.557106062889423e-09
0.6500000000000005,p3_m3,0,-0.008547666013709827,0.0,4.557106062889423e-09
0.6600000000000005,p0_m0,0,0.056556141081849295,0.0,1.7922825086022864e-06
0.6600000000000005,p0_m1,0,-0.12434292311941218,0.0,1.7922825086022864e-06
0.6600000000000005,p0_m2,0,-0.09332601035805808,0.0,1.7922825086022864e-06
0.6600000000000005,p0_m3,0,-0.05859405408884682,0.0,1.7922825086022864e-06
0.6600000000000005,p1_m0,0,0.6988558362999839,0.0,1.7922825086022864e-06
0.6600000000000005,p1_m1,8,2.5575317047196435,0.015,1.7922825086022864e-06
0.6600000000000005,p1_m2,0,0.18659070741281028,0.0,1.7922825086022864e-06
0.6600000000000005,p1_m3,0,-0.11347825546376596,0.0,1.7922825086022864e-06
0.6600000000000005,p2_m0,0,0.1378451757419011,0.0,1.7922825086022864e-06
0.6600000000000005,p2_m1,0,-0.20794881816872127,0.0,1.7922825086022864e-06
0.6600000000000005,p2_m2,0,-0.20832359271396317,0.0,1.7922825086022864e-06
0.6600000000000005,p2_m3,0,0.012705826909798698,0.0,1.7922825086022864e-06
0.6600000000000005,p3_m0,0,0.17446956866212626,0.0,1.7922825086022864e-06
0.6600000000000005,p3_m1,0,-0.03474262398386402,0.0,1.7922825086022864e-06
0.6600000000000005,p3_m2,0,-0.05395646562609161,0.0,1.7922825086022864e-06
0.6600000000000005,p3_m3,0,0.05575143199810748,0.0,1.7922825086022864e-06
0.6700000000000005,p0_m0,0,0.07216034217905046,0.0,3.33086248456994e-06
0.6700000000000005,p0_m1,0,-0.15683268210483492,0.0,3.33086248456994e-06
0.6700000000000005,p0_m2,0,-0.11477234842397449,0.0,3.33086248456994e-06
0.6700000000000005,p0_m3,0,-0.04744554180883641,0.0,3.33086248456994e-06
0.6700000000000005,p1_m0,0,0.2110150448653514,0.0,3.33086248456994e-06
0.6700000000000005,p1_m1,8,2.253067309038441,0.015,3.33086248456994e-06
0.6700000000000005,p1_m2,0,0.2189108553163164,0.0,3.33086248456994e-06
0.6700000000000005,p1_m3,0,-0.13225528164845649,0.0,3.33086248456994e-06
0.6700000000000005,p2_m0,0,0.15745662039625566,0.0,3.33086248456994e-06
0.6700000000000005,p2_m1,0,-0.24318896162340298,0.0,3.33086248456994e-06
0.6700000000000005,p2_m2,0,-0.24376617599932968,0.0,3.33086248456994e-06
0.6700000000000005,p2_m3,0,0.022913052179831462,0.0,3.33086248456994e-06
0.6700000000000005,p3_m0,0,0.21000653529262164,0.0,3.33086248456994e-06
0.6700000000000005,p3_m1,0,-0.04659635590740321,0.0,3.33086248456994e-06
0.6700000000000005,p3_m2,0,-0.07130617935185501,0.0,3.33086248456994e-06
0.6700000000000005,p3_m3,0,0.08995105662157052,0.0,3.33086248456994e-06
0.6800000000000005,p0_m0,0,0.0343404173045434,0.0,2.3328902437932345e-06
0.6800000000000005,p0_m1,0,-0.07168626479268224,0.0,2.3328902437932345e-06
0.6800000000000005,p0_m2,0,-0.0556841798798026,0.0,2.3328902437932345e-06
0.6800000000000005,p0_m3,0,-0.011843597961137767,0.0,2.3328902437932345e-06
0.6800000000000005,p1_m0,0,0.061555698637628484,0.0,2.3328902437932345e-06
0.6800000000000005,p1_m1,8,7.152075160316055,9.9429591968903e-05,2.3328902437932345e-06
0.6800000000000005,p1_m2,0,0.09564060852326743,0.0,2.3328902437932345e-06
0.6800000000000005,p1_m3,0,-0.0595115664872835,0.0,2.3328902437932345e-06
0.6800000000000005,p2_m0,0,0.05856451111030815,0.0,2.3328902437932345e-06
0.6800000000000005,p2_m1,0,-0.09406251010470798,0.0,2.3328902437932345e-06
0.6800000000000005,p2_m2,0,-0.09503804056896598,0.0,2.3328902437932345e-06
0.6800000000000005,p2_m3,0,0.008032169838725471,0.0,2.3328902437932345e-06
0.6800000000000005,p3_m0,0,0.08396818910581619,0.0,2.3328902437932345e-06
0.6800000000000005,p3_m1,0,-0.02095511044651767,0.0,2.3328902437932345e-06
0.6800000000000005,p3_m2,0,-0.030578527963221927,0.0,2.3328902437932345e-06
0.6800000000000005,p3_m3,0,0.038588048487273555,0.0,2.3328902437932345e-06
0.6900000000000005,p0_m0,0,0.04337892713542165,0.0,1.65072520307467e-06
0.6900000000000005,p0_m1,0,-0.09691005074487857,0.0,1.65072520307467e-06
0.6900000000000005,p0_m2,0,-0.09017415075886312,0.0,1.65072520307467e-06
0.6900000000000005,p0_m3,0,-0.0003129107006171419,0.0,1.65072520307467e-06
0.6900000000000005,p1_m0,0,0.0015791137440422543,0.0,1.65072520307467e-06
0.6900000000000005,p1_m1,8,3.323302541202886,0.013525136502486896,1.65072520307467e-06
0.6900000000000005,p1_m2,0,0.12348088507006456,0.0,1.65072520307467e-06
0.6900000000000005,p1_m3,0,-0.06947610427230781,0.0,1.65072520307467e-06
0.6900000000000005,p2_m0,0,0.06988955003823241,0.0,1.65072520307467e-06
0.6900000000000005,p2_m1,0,-0.12795785147342603,0.0,1.65072520307467e-06
0.6900000000000005,p2_m2,0,-0.12830954199384553,0.0,1.65072520307467e-06
0.6900000000000005,p2_m3,0,0.022582202967966723,0.0,1.65072520307467e-06
0.6900000000000005,p3_m0,0,0.11511197935369769,0.0,1.65072520307467e-06
0.6900000000000005,p3_m1,0,-0.03281978832152697,0.0,1.65072520307467e-06
0.6900000000000005,p3_m2,0,-0.0415948550457088,0.0,1.65072520307467e-06
0.6900000000000005,p3_m3,0,0.06444270788151751,0.0,1.65072520307467e-06
0.7000000000000005,p0_m0,0,0.0665505951769922,0.0,2.8007448885540226e-06
0.7000000000000005,p0_m1,0,-0.1465453932911081,0.0,2.8007448885540226e-06
0.7000000000000005,p0_m2,0,-0.1124819172126387,0.0,2.8007448885540226e-06
0.7000000000000005,p0_m3,0,-0.024191311062794752,0.0,2.8007448885540226e-06
0.7000000000000005,p1_m0,0,-0.030063072957091107,0.0,2.8007448885540226e-06
0.7000000000000005,p1_m1,8,2.504341101652635,0.015,2.8007448885540226e-06
0.7000000000000005,p1_m2,0,0.1947429351717336,0.0,2.8007448885540226e-06
0.7000000000000005,p1_m3,0,-0.11424240773672714,0.0,2.8007448885540226e-06
0.7000000000000005,p2_m0,0,0.13014345890030474,0.0,2.8007448885540226e-06
0.7000000000000005,p2_m1,0,-0.21251863249454997,0.0,2.8007448885540226e-06
0.7000000000000005,p2_m2,0,-0.21280139309555515,0.0,2.8007448885540226e-06
0.7000000000000005,p2_m3,0,0.028070778874825543,0.0,2.8007448885540226e-06
0.7000000000000005,p3_m0,0,0.18745185007720258,0.0,2.8007448885540226e-06
0.7000000000000005,p3_m1,0,-0.04635692841818768,0.0,2.8007448885540226e-06
0.7000000000000005,p3_m2,0,-0.06684799785616705,0.0,2.8007448885540226e-06
0.7000000000000005,p3_m3,0,0.0947687406235311,0.0,2.8007448885540226e-06
0.7100000000000005,p0_m0,0,0.0386019207646329,0.0,2.656157891966758e-06
0.7100000000000005,p0_m1,0,-0.08207166477574115,0.0,2.656157891966758e-06
0.7100000000000005,p0_m2,0,-0.06423533359199425,0.0,2.656157891966758e-06
0.7100000000000005,p0_m3,0,-0.006653397499301867,0.0,2.656157891966758e-06
0.7100000000000005,p1_m0,0,-0.023864932934776446,0.0,2.656157891966758e-06
0.7100000000000005,p1_m1,8,7.966861678816214,9.939912109028004e-05,2.656157891966758e-06
0.7100000000000005,p1_m2,0,0.10593138224184692,0.0,2.656157891966758e-06
0.7100000000000005,p1_m3,0,-0.06408907467732612,0.0,2.656157891966758e-06
0.7100000000000005,p2_m0,0,0.06292626477072501,0.0,2.656157891966758e-06
0.7100000000000005,p2_m1,0,-0.1051735048840336,0.0,2.656157891966758e-06
0.7100000000000005,p2_m2,0,-0.10601279733995606,0.0,2.656157891966758e-06
0.7100000000000005,p2_m3,0,0.012633394085466602,0.0,2.656157891966758e-06
0.7100000000000005,p3_m0,0,0.09530502675403872,0.0,2.656157891966758e-06
0.7100000000000005,p3_m1,0,-0.025448194140266004,0.0,2.656157891966758e-06
0.7100000000000005,p3_m2,0,-0.03616599287529144,0.0,2.656157891966758e-06
0.7100000000000005,p3_m3,0,0.0502983269149068,0.0,2.656157891966758e-06
0.7200000000000005,p0_m0,0,0.04193685847727102,0.0,1.7576377875492023e-06
0.7200000000000005,p0_m1,0,-0.09352825783823704,0.0,1.7576377875492023e-06
0.7200000000000005,p0_m2,0,-0.08748340081199575,0.0,1.7576377875492023e-06
0.7200000000000005,p0_m3,0,0.004984175199646416,0.0,1.7576377875492023e-06
0.7200000000000005,p1_m0,0,-0.026500306500681876,0.0,1.7576377875492023e-06
0.7200000000000005,p1_m1,8,3.491586137570965,0.012928737923269774,1.7576377875492023e-06
0.7200000000000005,p1_m2,0,0.11650709679606583,0.0,1.7576377875492023e-06
0.7200000000000005,p1_m3,0,-0.06463191777145968,0.0,1.7576377875492023e-06
0.7200000000000005,p2_m0,0,0.06321546150371941,0.0,1.7576377875492023e-06
0.7200000000000005,p2_m1,0,-0.11933412559677119,0.0,1.7576377875492023e-06
0.7200000000000005,p2_m2,0,-0.11968013496524044,0.0,1.7576377875492023e-06
0.7200000000000005,p2_m3,0,0.023481221158683386,0.0,1.7576377875492023e-06
0.7200000000000005,p3_m0,0,0.10851239554558054,0.0,1.7576377875492023e-06
0.7200000000000005,p3_m1,0,-0.032525645067149944,0.0,1.7576377875492023e-06
0.7200000000000005,p3_m2,0,-0.04027377034681489,0.0,1.7576377875492023e-06
0.7200000000000005,p3_m3,0,0.06470312153478136,0.0,1.7576377875492023e-06
0.7300000000000005,p0_m0,0,0.06547611628047038,0.0,2.7410028273092626e-06
0.7300000000000005,p0_m1,0,-0.14428069920513464,0.0,2.7410028273092626e-06
0.7300000000000005,p0_m2,0,-0.11195393586029219,0.0,2.7410028273092626e-06
0.7300000000000005,p0_m3,0,-0.021407128795909853,0.0,2.7410028273092626e-06
0.7300000000000005,p1_m0,0,-0.0393124727788746,0.0,2.7410028273092626e-06
0.7300000000000005,p1_m1,8,2.5506600920104328,0.015,2.7410028273092626e-06
0.7300000000000005,p1_m2,0,0.19062091817560378,0.0,2.7410028273092626e-06
0.7300000000000005,p1_m3,0,-0.11127043342894495,0.0,2.7410028273092626e-06
0.7300000000000005,p2_m0,0,0.12605148389971974,0.0,2.7410028273092626e-06
0.7300000000000005,p2_m1,0,-0.20748092410211638,0.0,2.7410028273092626e-06
0.7300000000000005,p2_m2,0,-0.20772744330402718,0.0,2.7410028273092626e-06
0.7300000000000005,p2_m3,0,0.02847590810360668,0.0,2.7410028273092626e-06
0.7300000000000005,p3_m0,0,0.183349182703865,0.0,2.7410028273092626e-06
0.7300000000000005,p3_m1,0,-0.045875290126176145,0.0,2.7410028273092626e-06
0.7300000000000005,p3_m2,0,-0.06561207607730896,0.0,2.7410028273092626e-06
0.7300000000000005,p3_m3,0,0.0941790484874268,0.0,2.7410028273092626e-06
0.7400000000000005,p0_m0,0,0.04238218280166845,0.0,2.8522926689037772e-06
0.7400000000000005,p0_m1,0,-0.0902869460212771,0.0,2.8522926689037772e-06
0.7400000000000005,p0_m2,0,-0.0703742999703428,0.0,2.8522926689037772e-06
0.7400000000000005,p0_m3,0,-0.007731274184641312,0.0,2.8522926689037772e-06
0.7400000000000005,p1_m0,0,-0.029016505188558056,0.0,2.8522926689037772e-06
0.7400000000000005,p1_m1,8,7.966867118138725,9.932452123986835e-05,2.8522926689037772e-06
0.7400000000000005,p1_m2,0,0.11656608709667367,0.0,2.8522926689037772e-06
0.7400000000000005,p1_m3,0,-0.07002161036840156,0.0,2.8522926689037772e-06
0.7400000000000005,p2_m0,0,0.07075193238008297,0.0,2.8522926689037772e-06
0.7400000000000005,p2_m1,0,-0.11769086534431039,0.0,2.8522926689037772e-06
0.7400000000000005,p2_m2,0,-0.11851225409807732,0.0,2.8522926689037772e-06
0.7400000000000005,p2_m3,0,0.014737334130956417,0.0,2.8522926689037772e-06
0.7400000000000005,p3_m0,0,0.10620918597189585,0.0,2.8522926689037772e-06
0.7400000000000005,p3_m1,0,-0.0281170342079726,0.0,2.8522926689037772e-06
0.7400000000000005,p3_m2,0,-0.04005676185265672,0.0,2.8522926689037772e-06
0.7400000000000005,p3_m3,0,0.056211983673862036,0.0,2.8522926689037772e-06
0.7500000000000006,p0_m0,0,0.039910936259255986,0.0,1.746857489432882e-06
0.7500000000000006,p0_m1,0,-0.08859693715328873,0.0,1.746857489432882e-06
0.7500000000000006,p0_m2,0,-0.08193501481871136,0.0,1.746857489432882e-06
0.7500000000000006,p0_m3,0,0.006488111804912827,0.0,1.746857489432882e-06
0.7500000000000006,p1_m0,0,-0.02694223811414318,0.0,1.746857489432882e-06
0.7500000000000006,p1_m1,8,3.6904518677972526,0.012226990992965031,1.746857489432882e-06
0.7500000000000006,p1_m2,0,0.10928893423879506,0.0,1.746857489432882e-06
0.7500000000000006,p1_m3,0,-0.060388513785271596,0.0,1.746857489432882e-06
0.7500000000000006,p2_m0,0,0.057980958552406966,0.0,1.746857489432882e-06
0.7500000000000006,p2_m1,0,-0.11066539906588639,0.0,1.746857489432882e-06
0.7500000000000006,p2_m2,0,-0.11105723836003507,0.0,1.746857489432882e-06
0.7500000000000006,p2_m3,0,0.022690837926970697,0.0,1.746857489432882e-06
0.7500000000000006,p3_m0,0,0.10112680708090376,0.0,1.746857489432882e-06
0.7500000000000006,p3_m1,0,-0.03112790421065947,0.0,1.746857489432882e-06
0.7500000000000006,p3_m2,0,-0.038004132452227064,0.0,1.746857489432882e-06
0.7500000000000006,p3_m3,0,0.06165509960570617,0.0,1.746857489432882e-06
0.7600000000000006,p0_m0,0,0.08795178424927502,0.0,1.5854874239512908e-06
0.7600000000000006,p0_m1,0,-0.16301522489950096,0.0,1.5854874239512908e-06
0.7600000000000006,p0_m2,0,-0.1607863633740725,0.0,1.5854874239512908e-06
0.7600000000000006,p0_m3,0,0.03614794123972575,0.0,1.5854874239512908e-06
0.7600000000000006,p1_m0,0,-0.05407765641632707,0.0,1.5854874239512908e-06
0.7600000000000006,p1_m1,0,1.3977127001615417,0.0,1.5854874239512908e-06
0.7600000000000006,p1_m2,8,0.8555316741149653,0.015,1.5854874239512908e-06
0.7600000000000006,p1_m3,0,-0.1012531488696066,0.0,1.5854874239512908e-06
0.7600000000000006,p2_m0,0,0.0794952796696168,0.0,1.5854874239512908e-06
0.7600000000000006,p2_m1,0,-0.18420423454897036,0.0,1.5854874239512908e-06
0.7600000000000006,p2_m2,0,-0.18429738716480693,0.0,1.5854874239512908e-06
0.7600000000000006,p2_m3,0,0.03506422119706635,0.0,1.5854874239512908e-06
0.7600000000000006,p3_m0,0,0.1667570217192613,0.0,1.5854874239512908e-06
0.7600000000000006,p3_m1,0,-0.062320835342209474,0.0,1.5854874239512908e-06
0.7600000000000006,p3_m2,0,-0.06734824425961466,0.0,1.5854874239512908e-06
0.7600000000000006,p3_m3,0,0.12493952414394947,0.0,1.5854874239512908e-06
0.7700000000000006,p0_m0,0,0.10556048035332057,0.0,1.369398359926751e-06
0.7700000000000006,p0_m1,0,-0.19028557365269072,0.0,1.369398359926751e-06
0.7700000000000006,p0_m2,0,-0.18958602812623107,0.0,1.369398359926751e-06
0.7700000000000006,p0_m3,0,0.04908623158871093,0.0,1.369398359926751e-06
0.7700000000000006,p1_m0,0,-0.06495690256750293,0.0,1.369398359926751e-06
0.7700000000000006,p1_m1,0,0.6268544115235017,0.0,1.369398359926751e-06
0.7700000000000006,p1_m2,8,1.1091396407954939,0.015,1.369398359926751e-06
0.7700000000000006,p1_m3,0,-0.11486868074909946,0.0,1.369398359926751e-06
0.7700000000000006,p2_m0,0,0.08834094789784103,0.0,1.369398359926751e-06
0.7700000000000006,p2_m1,0,-0.21139770260517404,0.0,1.369398359926751e-06
0.7700000000000006,p2_m2,0,-0.21163222998821749,0.0,1.369398359926751e-06
0.7700000000000006,p2_m3,0,0.04271511097191901,0.0,1.369398359926751e-06
0.7700000000000006,p3_m0,0,0.19396936920650465,0.0,1.369398359926751e-06
0.7700000000000006,p3_m1,0,-0.07485025018339535,0.0,1.369398359926751e-06
0.7700000000000006,p3_m2,0,-0.07766672149440827,0.0,1.369398359926751e-06
0.7700000000000006,p3_m3,0,0.15101716561206072,0.0,1.369398359926751e-06
0.7800000000000006,p0_m0,0,0.11208783654656775,0.0,1.2868755626550868e-06
0.7800000000000006,p0_m1,0,-0.1999579171049402,0.0,1.2868755626550868e-06
0.7800000000000006,p0_m2,0,-0.19981721603750113,0.0,1.2868755626550868e-06
0.7800000000000006,p0_m3,0,0.054651160411613955,0.0,1.2868755626550868e-06
0.7800000000000006,p1_m0,0,-0.06841988545860349,0.0,1.2868755626550868e-06
0.7800000000000006,p1_m1,0,0.36697557720605467,0.0,1.2868755626550868e-06
0.7800000000000006,p1_m2,8,1.19439142942394,0.015,1.2868755626550868e-06
0.7800000000000006,p1_m3,0,-0.11856169464171001,0.0,1.2868755626550868e-06
0.7800000000000006,p2_m0,0,0.09274222348245442,0.0,1.2868755626550868e-06
0.7800000000000006,p2_m1,0,-0.22227481261973503,0.0,1.2868755626550868e-06
0.7800000000000006,p2_m2,0,-0.2226731360877741,0.0,1.2868755626550868e-06
0.7800000000000006,p2_m3,0,0.04751057565909829,0.0,1.2868755626550868e-06
0.7800000000000006,p3_m0,0,0.21665420914795075,0.0,1.2868755626550868e-06
0.7800000000000006,p3_m1,0,-0.07985623091625581,0.0,1.2868755626550868e-06
0.7800000000000006,p3_m2,0,-0.0812827030116133,0.0,1.2868755626550868e-06
0.7800000000000006,p3_m3,0,0.16198602171335127,0.0,1.2868755626550868e-06
0.7900000000000006,p0_m0,0,0.11458775037907695,0.0,1.2673976242985713e-06
0.7900000000000006,p0_m1,0,-0.2031904410695388,0.0,1.2673976242985713e-06
0.7900000000000006,p0_m2,0,-0.2032763499219191,0.0,1.2673976242985713e-06
0.7900000000000006,p0_m3,0,0.05708043785584805,0.0,1.2673976242985713e-06
0.7900000000000006,p1_m0,0,-0.06890360780306,0.0,1.2673976242985713e-06
0.7900000000000006,p1_m1,0,0.2788288631743831,0.0,1.2673976242985713e-06
0.7900000000000006,p1_m2,8,1.2223348039647999,0.015,1.2673976242985713e-06
0.7900000000000006,p1_m3,0,-0.11884671462167734,0.0,1.2673976242985713e-06
0.7900000000000006,p2_m0,0,0.09542030918446551,0.0,1.2673976242985713e-06
0.7900000000000006,p2_m1,0,-0.22725289602856544,0.0,1.2673976242985713e-06
0.7900000000000006,p2_m2,0,-0.22777315559745465,0.0,1.2673976242985713e-06
0.7900000000000006,p2_m3,0,0.05068175742380682,0.0,1.2673976242985713e-06
0.7900000000000006,p3_m0,0,0.2276799738059794,0.0,1.2673976242985713e-06
0.7900000000000006,p3_m1,0,-0.08186346404740255,0.0,1.2673976242985713e-06
0.7900000000000006,p3_m2,0,-0.08247963177799054,0.0,1.2673976242985713e-06
0.7900000000000006,p3_m3,0,0.16686152292515366,0.0,1.2673976242985713e-06
0.8000000000000006,p0_m0,0,0.11553300881191207,0.0,1.2607887773720964e-06
0.8000000000000006,p0_m1,0,-0.2080399236496006,0.0,1.2607887773720964e-06
0.8000000000000006,p0_m2,0,-0.20823168467443454,0.0,1.2607887773720964e-06
0.8000000000000006,p0_m3,0,0.059018949758630694,0.0,1.2607887773720964e-06
0.8000000000000006,p1_m0,0,-0.06839786525024759,0.0,1.2607887773720964e-06
0.8000000000000006,p1_m1,0,0.2523347627016768,0.0,1.2607887773720964e-06
0.8000000000000006,p1_m2,8,1.232547396309862,0.015,1.2607887773720964e-06
0.8000000000000006,p1_m3,0,-0.11886660870650984,0.0,1.2607887773720964e-06
0.8000000000000006,p2_m0,0,0.10087724641448272,0.0,1.2607887773720964e-06
0.8000000000000006,p2_m1,0,-0.23438004735005877,0.0,1.2607887773720964e-06
0.8000000000000006,p2_m2,0,-0.23496261377768607,0.0,1.2607887773720964e-06
0.8000000000000006,p2_m3,0,0.05590633371256631,0.0,1.2607887773720964e-06
0.8000000000000006,p3_m0,0,0.23373155892310837,0.0,1.2607887773720964e-06
0.8000000000000006,p3_m1,0,-0.08506091812669801,0.0,1.2607887773720964e-06
0.8000000000000006,p3_m2,0,-0.08507986468857621,0.0,1.2607887773720964e-06
0.8000000000000006,p3_m3,0,0.1730614965308653,0.0,1.2607887773720964e-06
0.8100000000000006,p0_m0,0,0.12839684849482239,0.0,1.17896993433201e-06
0.8100000000000006,p0_m1,0,-0.23096879642055565,0.0,1.17896993433201e-06
0.8100000000000006,p0_m2,0,-0.23121904938323326,0.0,1.17896993433201e-06
0.8100000000000006,p0_m3,0,0.06584469197009435,0.0,1.17896993433201e-06
0.8100000000000006,p1_m0,0,-0.0709503052651045,0.0,1.17896993433201e-06
0.8100000000000006,p1_m1,0,0.26413634839329225,0.0,1.17896993433201e-06
0.8100000000000006,p1_m2,8,1.248875060989503,0.015,1.17896993433201e-06
0.8100000000000006,p1_m3,0,-0.12489826784301016,0.0,1.17896993433201e-06
0.8100000000000006,p2_m0,0,0.12097411600747575,0.0,1.17896993433201e-06
0.8100000000000006,p2_m1,0,-0.26101841384450447,0.0,1.17896993433201e-06
0.8100000000000006,p2_m2,0,-0.26161015072572136,0.0,1.17896993433201e-06
0.8100000000000006,p2_m3,0,0.07343008071464016,0.0,1.17896993433201e-06
0.8100000000000006,p3_m0,0,0.25137051999642906,0.0,1.17896993433201e-06
0.8100000000000006,p3_m1,0,-0.09871924669825521,0.0,1.17896993433201e-06
0.8100000000000006,p3_m2,0,-0.09608215705187656,0.0,1.17896993433201e-06
0.8100000000000006,p3_m3,0,0.1966279723938152,0.0,1.17896993433201e-06
0.8200000000000006,p0_m0,0,0.1406163225756299,0.0,1.1038893667535505e-06
0.8200000000000006,p0_m1,0,-0.23667109231704767,0.0,1.1038893667535505e-06
0.8200000000000006,p0_m2,0,-0.23698118533011553,0.0,1.1038893667535505e-06
0.8200000000000006,p0_m3,0,0.06507657577260531,0.0,1.1038893667535505e-06
0.8200000000000006,p1_m0,0,-0.0688084107048709,0.0,1.1038893667535505e-06
0.8200000000000006,p1_m1,0,0.2672362355014809,0.0,1.1038893667535505e-06
0.8200000000000006,p1_m2,8,1.7191767793109383,0.015,1.1038893667535505e-06
0.8200000000000006,p1_m3,0,-0.12738885334224695,0.0,1.1038893667535505e-06
0.8200000000000006,p2_m0,0,0.1295301329510164,0.0,1.1038893667535505e-06
0.8200000000000006,p2_m1,0,-0.2702627609020153,0.0,1.1038893667535505e-06
0.8200000000000006,p2_m2,0,-0.2709660863069201,0.0,1.1038893667535505e-06
0.8200000000000006,p2_m3,0,0.07751813428727519,0.0,1.1038893667535505e-06
0.8200000000000006,p3_m0,0,0.25661376578040074,0.0,1.1038893667535505e-06
0.8200000000000006,p3_m1,0,-0.10139548209419712,0.0,1.1038893667535505e-06
0.8200000000000006,p3_m2,0,-0.09892839431057004,0.0,1.1038893667535505e-06
0.8200000000000006,p3_m3,0,0.20144292302741204,0.0,1.1038893667535505e-06
0.8300000000000006,p0_m0,0,0.1522314681178876,0.0,1.0575021489265028e-06
0.8300000000000006,p0_m1,0,-0.23908100280187553,0.0,1.0575021489265028e-06
0.8300000000000006,p0_m2,0,-0.23943609972962784,0.0,1.0575021489265028e-06
0.8300000000000006,p0_m3,0,0.06362199023825804,0.0,1.0575021489265028e-06
0.8300000000000006,p1_m0,0,-0.06748373489817398,0.0,1.0575021489265028e-06
0.8300000000000006,p1_m1,0,0.26969762302068895,0.0,1.0575021489265028e-06
0.8300000000000006,p1_m2,8,2.0632705256535973,0.015,1.0575021489265028e-06
0.8300000000000006,p1_m3,0,-0.12971891897795812,0.0,1.0575021489265028e-06
0.8300000000000006,p2_m0,0,0.13410870397083002,0.0,1.0575021489265028e-06
0.8300000000000006,p2_m1,0,-0.27519169595307064,0.0,1.0575021489265028e-06
0.8300000000000006,p2_m2,0,-0.275961642032577,0.0,1.0575021489265028e-06
0.8300000000000006,p2_m3,0,0.07846057271167765,0.0,1.0575021489265028e-06
0.8300000000000006,p3_m0,0,0.2596999445518096,0.0,1.0575021489265028e-06
0.8300000000000006,p3_m1,0,-0.10228429329404012,0.0,1.0575021489265028e-06
0.8300000000000006,p3_m2,0,-0.09983687598102729,0.0,1.0575021489265028e-06
0.8300000000000006,p3_m3,0,0.20270782579520147,0.0,1.0575021489265028e-06
0.8400000000000006,p0_m0,0,0.163269576798337,0.0,1.0500878988816633e-06
0.8400000000000006,p0_m1,0,-0.24451747291385514,0.0,1.0500878988816633e-06
0.8400000000000006,p0_m2,0,-0.2448795662445724,0.0,1.0500878988816633e-06
0.8400000000000006,p0_m3,0,0.0664755924579401,0.0,1.0500878988816633e-06
0.8400000000000006,p1_m0,0,-0.07103579012034797,0.0,1.0500878988816633e-06
0.8400000000000006,p1_m1,0,0.2740859299707643,0.0,1.0500878988816633e-06
0.8400000000000006,p1_m2,8,1.7734125296178185,0.015,1.0500878988816633e-06
0.8400000000000006,p1_m3,0,-0.13121678264980616,0.0,1.0500878988816633e-06
0.8400000000000006,p2_m0,0,0.13622281327153762,0.0,1.0500878988816633e-06
0.8400000000000006,p2_m1,0,-0.2797103552701386,0.0,1.0500878988816633e-06
0.8400000000000006,p2_m2,0,-0.2804840640755801,0.0,1.0500878988816633e-06
0.8400000000000006,p2_m3,0,0.08277540588664661,0.0,1.0500878988816633e-06
0.8400000000000006,p3_m0,0,0.2645897668310868,0.0,1.0500878988816633e-06
0.8400000000000006,p3_m1,0,-0.10652704885580298,0.0,1.0500878988816633e-06
0.8400000000000006,p3_m2,0,-0.10217395781778243,0.0,1.0500878988816633e-06
0.8400000000000006,p3_m3,0,0.20945206344275302,0.0,1.0500878988816633e-06
0.8500000000000006,p0_m0,0,0.1737576419630491,0.0,1.069215524060907e-06
0.8500000000000006,p0_m1,0,-0.2475128396462846,0.0,1.069215524060907e-06
0.8500000000000006,p0_m2,0,-0.24787013596253835,0.0,1.069215524060907e-06
0.8500000000000006,p0_m3,0,0.06953626601238753,0.0,1.069215524060907e-06
0.8500000000000006,p1_m0,0,-0.07404653140019897,0.0,1.069215524060907e-06
0.8500000000000006,p1_m1,0,0.2756631360592542,0.0,1.069215524060907e-06
0.8500000000000006,p1_m2,8,1.436141314886608,0.015,1.069215524060907e-06
0.8500000000000006,p1_m3,0,-0.13081719612968828,0.0,1.069215524060907e-06
0.8500000000000006,p2_m0,0,0.13597630363270882,0.0,1.069215524060907e-06
0.8500000000000006,p2_m1,0,-0.28091895298430414,0.0,1.069215524060907e-06
0.8500000000000006,p2_m2,0,-0.2816929465930378,0.0,1.069215524060907e-06
0.8500000000000006,p2_m3,0,0.08607496525795014,0.0,1.069215524060907e-06
0.8500000000000006,p3_m0,0,0.26671501156386757,0.0,1.069215524060907e-06
0.8500000000000006,p3_m1,0,-0.10940999140701924,0.0,1.069215524060907e-06
0.8500000000000006,p3_m2,0,-0.10382847230336471,0.0,1.069215524060907e-06
0.8500000000000006,p3_m3,0,0.21443544773507583,0.0,1.069215524060907e-06
0.8600000000000007,p0_m0,0,0.18371923584690739,0.0,1.0779953052213874e-06
0.8600000000000007,p0_m1,0,-0.24787268769294307,0.0,1.0779953052213874e-06
0.8600000000000007,p0_m2,0,-0.24823137492088407,0.0,1.0779953052213874e-06
0.8600000000000007,p0_m3,0,0.07064301279608884,0.0,1.0779953052213874e-06
0.8600000000000007,p1_m0,0,-0.07486296237868437,0.0,1.0779953052213874e-06
0.8600000000000007,p1_m1,0,0.27538470143530086,0.0,1.0779953052213874e-06
0.8600000000000007,p1_m2,8,1.3212956723146925,0.015,1.0779953052213874e-06
0.8600000000000007,p1_m3,0,-0.13013973663291384,0.0,1.0779953052213874e-06
0.8600000000000007,p2_m0,0,0.13536409755301748,0.0,1.0779953052213874e-06
0.8600000000000007,p2_m1,0,-0.2805241260156701,0.0,1.0779953052213874e-06
0.8600000000000007,p2_m2,0,-0.2812988729173323,0.0,1.0779953052213874e-06
0.8600000000000007,p2_m3,0,0.08699544745413677,0.0,1.0779953052213874e-06
0.8600000000000007,p3_m0,0,0.2667344822062196,0.0,1.0779953052213874e-06
0.8600000000000007,p3_m1,0,-0.1100756752191256,0.0,1.0779953052213874e-06
0.8600000000000007,p3_m2,0,-0.10427961158503936,0.0,1.0779953052213874e-06
0.8600000000000007,p3_m3,0,0.21575005261496724,0.0,1.0779953052213874e-06
0.8700000000000007,p0_m0,0,0.1931751996765734,0.0,1.0796267541387218e-06
0.8700000000000007,p0_m1,0,-0.24770582879781242,0.0,1.0796267541387218e-06
0.8700000000000007,p0_m2,0,-0.2480675046360007,0.0,1.0796267541387218e-06
0.8700000000000007,p0_m3,0,0.07102619997273815,0.0,1.0796267541387218e-06
0.8700000000000007,p1_m0,0,-0.07503862334214856,0.0,1.0796267541387218e-06
0.8700000000000007,p1_m1,0,0.2749536988491961,0.0,1.0796267541387218e-06
0.8700000000000007,p1_m2,8,1.2821227647289888,0.015,1.0796267541387218e-06
0.8700000000000007,p1_m3,0,-0.12969255124795998,0.0,1.0796267541387218e-06
0.8700000000000007,p2_m0,0,0.13494384563072215,0.0,1.0796267541387218e-06
0.8700000000000007,p2_m1,0,-0.28006717340283593,0.0,1.0796267541387218e-06
0.8700000000000007,p2_m2,0,-0.28083899066897033,0.0,1.0796267541387218e-06
0.8700000000000007,p2_m3,0,0.0872027502030093,0.0,1.0796267541387218e-06
0.8700000000000007,p3_m0,0,0.26645034068762957,0.0,1.0796267541387218e-06
0.8700000000000007,p3_m1,0,-0.1101622508004924,0.0,1.0796267541387218e-06
0.8700000000000007,p3_m2,0,-0.10437354306264492,0.0,1.0796267541387218e-06
0.8700000000000007,p3_m3,0,0.2160097002971877,0.0,1.0796267541387218e-06
0.8800000000000007,p0_m0,0,0.2021456034170044,0.0,1.0793417917019712e-06
0.8800000000000007,p0_m1,0,-0.24752214114576426,0.0,1.0793417917019712e-06
0.8800000000000007,p0_m2,0,-0.24788673766500033,0.0,1.0793417917019712e-06
0.8800000000000007,p0_m3,0,0.07114970994594436,0.0,1.0793417917019712e-06
0.8800000000000007,p1_m0,0,-0.07504868651783568,0.0,1.0793417917019712e-06
0.8800000000000007,p1_m1,0,0.2746679240616614,0.0,1.0793417917019712e-06
0.8800000000000007,p1_m2,8,1.2687336910223652,0.015,1.0793417917019712e-06
0.8800000000000007,p1_m3,0,-0.12945311055922637,0.0,1.0793417917019712e-06
0.8800000000000007,p2_m0,0,0.13471721176392915,0.0,1.0793417917019712e-06
0.8800000000000007,p2_m1,0,-0.27978350606125973,0.0,1.0793417917019712e-06
0.8800000000000007,p2_m2,0,-0.28055154142297606,0.0,1.0793417917019712e-06
0.8800000000000007,p2_m3,0,0.08722218124574549,0.0,1.0793417917019712e-06
0.8800000000000007,p3_m0,0,0.2662351099699497,0.0,1.0793417917019712e-06
0.8800000000000007,p3_m1,0,-0.11013181766141342,0.0,1.0793417917019712e-06
0.8800000000000007,p3_m2,0,-0.10437803056379863,0.0,1.0793417917019712e-06
0.8800000000000007,p3_m3,0,0.21600988906139,0.0,1.0793417917019712e-06
0.8900000000000007,p0_m0,0,0.10289762301376751,0.0,5.378636712649648e-07
0.8900000000000007,p0_m1,0,-0.11712869071689884,0.0,5.378636712649648e-07
0.8900000000000007,p0_m2,0,-0.11660568549655925,0.0,5.378636712649648e-07
0.8900000000000007,p0_m3,0,0.06589692139634634,0.0,5.378636712649648e-07
0.8900000000000007,p1_m0,0,0.013974692075925766,0.0,5.378636712649648e-07
0.8900000000000007,p1_m1,0,0.17398729808863297,0.0,5.378636712649648e-07
0.8900000000000007,p1_m2,0,0.7963139987532001,0.0,5.378636712649648e-07
0.8900000000000007,p1_m3,8,7.964409838145589,0.00012425779306265384,5.378636712649648e-07
0.8900000000000007,p2_m0,0,0.09068707746814211,0.0,5.378636712649648e-07
0.8900000000000007,p2_m1,0,-0.2648826765120176,0.0,5.378636712649648e-07
0.8900000000000007,p2_m2,0,-0.18123103225248846,0.0,5.378636712649648e-07
0.8900000000000007,p2_m3,0,0.20744895005552402,0.0,5.378636712649648e-07
0.8900000000000007,p3_m0,0,0.0866367509454411,0.0,5.378636712649648e-07
0.8900000000000007,p3_m1,0,-0.1438764032717268,0.0,5.378636712649648e-07
0.8900000000000007,p3_m2,0,-0.13958003004087052,0.0,5.378636712649648e-07
0.8900000000000007,p3_m3,0,0.1822667025726165,0.0,5.378636712649648e-07
0.9000000000000007,p0_m0,0,0.025208352692971545,0.0,5.787989040243762e-07
0.9000000000000007,p0_m1,0,-0.039133015557934935,0.0,5.787989040243762e-07
0.9000000000000007,p0_m2,0,-0.03894218068676736,0.0,5.787989040243762e-07
0.9000000000000007,p0_m3,0,0.017504368632919386,0.0,5.787989040243762e-07
0.9000000000000007,p1_m0,0,-0.009860740130913169,0.0,5.787989040243762e-07
0.9000000000000007,p1_m1,0,0.06655203186228438,0.0,5.787989040243762e-07
0.9000000000000007,p1_m2,0,0.4125197174047557,0.0,5.787989040243762e-07
0.9000000000000007,p1_m3,8,7.963834176437148,0.00010851322742056091,5.787989040243762e-07
0.9000000000000007,p2_m0,0,0.052761204892554384,0.0,5.787989040243762e-07
0.9000000000000007,p2_m1,0,-0.25163871840292074,0.0,5.787989040243762e-07
0.9000000000000007,p2_m2,0,-0.06028716970136609,0.0,5.787989040243762e-07
0.9000000000000007,p2_m3,0,0.06612360256164036,0.0,5.787989040243762e-07
0.9000000000000007,p3_m0,0,0.039696864773355024,0.0,5.787989040243762e-07
0.9000000000000007,p3_m1,0,-0.0632446966385884,0.0,5.787989040243762e-07
0.9000000000000007,p3_m2,0,-0.06226425196697512,0.0,5.787989040243762e-07
0.9000000000000007,p3_m3,0,0.07680687751966085,0.0,5.787989040243762e-07
0.9100000000000007,p0_m0,0,0.0008430582745519197,0.0,8.339412047715124e-07
0.9100000000000007,p0_m1,0,-0.01472082674176293,0.0,8.339412047715124e-07
0.9100000000000007,p0_m2,0,-0.014599412785065928,0.0,8.339412047715124e-07
0.9100000000000007,p0_m3,0,0.007206279170145094,0.0,8.339412047715124e-07
0.9100000000000007,p1_m0,0,-0.011395261892341068,0.0,8.339412047715124e-07
0.9100000000000007,p1_m1,0,0.02424787534674669,0.0,8.339412047715124e-07
0.9100000000000007,p1_m2,0,0.13969061333162514,0.0,8.339412047715124e-07
0.9100000000000007,p1_m3,8,6.490437723289586,0.002453303137144488,8.339412047715124e-07
0.9100000000000007,p2_m0,0,0.017588717661012165,0.0,8.339412047715124e-07
0.9100000000000007,p2_m1,0,-0.07673493272827653,0.0,8.339412047715124e-07
0.9100000000000007,p2_m2,0,-0.012900473706232303,0.0,8.339412047715124e-07
0.9100000000000007,p2_m3,0,0.025645709731941004,0.0,8.339412047715124e-07
0.9100000000000007,p3_m0,0,0.014003905237563374,0.0,8.339412047715124e-07
0.9100000000000007,p3_m1,0,-0.032222208293310795,0.0,8.339412047715124e-07
0.9100000000000007,p3_m2,0,-0.03202047106005054,0.0,8.339412047715124e-07
0.9100000000000007,p3_m3,0,0.035523185552573555,0.0,8.339412047715124e-07
0.9200000000000007,p0_m0,0,-0.07239402289613536,0.0,7.394511310210433e-07
0.9200000000000007,p0_m1,0,-0.02765367198626592,0.0,7.394511310210433e-07
0.9200000000000007,p0_m2,0,-0.026547427768785693,0.0,7.394511310210433e-07
0.9200000000000007,p0_m3,0,0.09455057892648905,0.0,7.394511310210433e-07
0.9200000000000007,p1_m0,0,-0.0020528171539013085,0.0,7.394511310210433e-07
0.9200000000000007,p1_m1,0,-0.0258705604963661,0.0,7.394511310210433e-07
0.9200000000000007,p1_m2,0,-0.015672605765526277,0.0,7.394511310210433e-07
0.9200000000000007,p1_m3,8,3.645019604972174,0.012847379150929423,7.394511310210433e-07
0.9200000000000007,p2_m0,0,-0.025187269079088255,0.0,7.394511310210433e-07
0.9200000000000007,p2_m1,0,0.012709606336593661,0.0,7.394511310210433e-07
0.9200000000000007,p2_m2,0,0.02731765824097104,0.0,7.394511310210433e-07
0.9200000000000007,p2_m3,0,0.17674482169919342,0.0,7.394511310210433e-07
0.9200000000000007,p3_m0,0,-0.046676065538192896,0.0,7.394511310210433e-07
0.9200000000000007,p3_m1,0,-0.11464992154467475,0.0,7.394511310210433e-07
0.9200000000000007,p3_m2,0,-0.10778569828952925,0.0,7.394511310210433e-07
0.9200000000000007,p3_m3,0,0.12497552350150491,0.0,7.394511310210433e-07
0.9300000000000007,p0_m0,0,-0.06347425431820648,0.0,6.053983371957277e-07
0.9300000000000007,p0_m1,0,-0.020793426160023734,0.0,6.053983371957277e-07
0.9300000000000007,p0_m2,0,-0.019954289098642483,0.0,6.053983371957277e-07
0.9300000000000007,p0_m3,0,0.06789408713924328,0.0,6.053983371957277e-07
0.9300000000000007,p1_m0,0,-0.0008093097883354061,0.0,6.053983371957277e-07
0.9300000000000007,p1_m1,0,-0.012314660986858244,0.0,6.053983371957277e-07
0.9300000000000007,p1_m2,0,-0.020210094462371896,0.0,6.053983371957277e-07
0.9300000000000007,p1_m3,8,7.9639421361453655,0.00010764539217020009,6.053983371957277e-07
0.9300000000000007,p2_m0,0,-0.056832260855344985,0.0,6.053983371957277e-07
0.9300000000000007,p2_m1,0,0.013648282170806637,0.0,6.053983371957277e-07
0.9300000000000007,p2_m2,0,0.021442786919008187,0.0,6.053983371957277e-07
0.9300000000000007,p2_m3,0,0.14001490362450683,0.0,6.053983371957277e-07
0.9300000000000007,p3_m0,0,-0.03310133348425385,0.0,6.053983371957277e-07
0.9300000000000007,p3_m1,0,-0.09630469003654148,0.0,6.053983371957277e-07
0.9300000000000007,p3_m2,0,-0.090263958000635,0.0,6.053983371957277e-07
0.9300000000000007,p3_m3,0,0.09997594887879507,0.0,6.053983371957277e-07
0.9400000000000007,p0_m0,0,-0.02986021298490242,0.0,7.67390186247682e-07
0.9400000000000007,p0_m1,0,-0.0061744825079254936,0.0,7.67390186247682e-07
0.9400000000000007,p0_m2,0,-0.005853801953952363,0.0,7.67390186247682e-07
0.9400000000000007,p0_m3,0,0.02042601085107801,0.0,7.67390186247682e-07
0.9400000000000007,p1_m0,0,-0.011083863771307871,0.0,7.67390186247682e-07
0.9400000000000007,p1_m1,0,-0.00032366437422112597,0.0,7.67390186247682e-07
0.9400000000000007,p1_m2,0,-0.0028700180430246244,0.0,7.67390186247682e-07
0.9400000000000007,p1_m3,8,7.964095097179602,0.00010775243204881413,7.67390186247682e-07
0.9400000000000007,p2_m0,0,-0.08733735746149641,0.0,7.67390186247682e-07
0.9400000000000007,p2_m1,0,0.012779253743563354,0.0,7.67390186247682e-07
0.9400000000000007,p2_m2,0,0.015451841729771232,0.0,7.67390186247682e-07
0.9400000000000007,p2_m3,0,0.0439742568906695,0.0,7.67390186247682e-07
0.9400000000000007,p3_m0,0,-0.009288699970334355,0.0,7.67390186247682e-07
0.9400000000000007,p3_m1,0,-0.04281965119781631,0.0,7.67390186247682e-07
0.9400000000000007,p3_m2,0,-0.04106493798912993,0.0,7.67390186247682e-07
0.9400000000000007,p3_m3,0,0.041515519278485485,0.0,7.67390186247682e-07
0.9500000000000007,p0_m0,0,-0.0339909245779547,0.0,8.403070901035155e-07
0.9500000000000007,p0_m1,0,-0.005924603071302262,0.0,8.403070901035155e-07
0.9500000000000007,p0_m2,0,-0.005471328106760973,0.0,8.403070901035155e-07
0.9500000000000007,p0_m3,0,0.034352789127951956,0.0,8.403070901035155e-07
0.9500000000000007,p1_m0,0,-0.01059444153290305,0.0,8.403070901035155e-07
0.9500000000000007,p1_m1,0,-0.02339091765188691,0.0,8.403070901035155e-07
0.9500000000000007,p1_m2,0,-0.024049403643820425,0.0,8.403070901035155e-07
0.9500000000000007,p1_m3,8,4.652252086300635,0.009005541832492362,8.403070901035155e-07
0.9500000000000007,p2_m0,0,-0.05787957107427862,0.0,8.403070901035155e-07
0.9500000000000007,p2_m1,0,0.03804358494652952,0.0,8.403070901035155e-07
0.9500000000000007,p2_m2,0,0.03932788393777646,0.0,8.403070901035155e-07
0.9500000000000007,p2_m3,0,0.057212104577289244,0.0,8.403070901035155e-07
0.9500000000000007,p3_m0,0,-0.021736767077463345,0.0,8.403070901035155e-07
0.9500000000000007,p3_m1,0,-0.04367645014501565,0.0,8.403070901035155e-07
0.9500000000000007,p3_m2,0,-0.042697029951212745,0.0,8.403070901035155e-07
0.9500000000000007,p3_m3,0,0.04666846422371934,0.0,8.403070901035155e-07
0.9600000000000007,p0_m0,0,-0.09814265702052134,0.0,6.29554555249538e-07
0.9600000000000007,p0_m1,0,-0.02900674883534328,0.0,6.29554555249538e-07
0.9600000000000007,p0_m2,0,-0.02767092424116411,0.0,6.29554555249538e-07
0.9600000000000007,p0_m3,0,0.1128350131827601,0.0,6.29554555249538e-07
0.9600000000000007,p1_m0,0,0.005031971305534711,0.0,6.29554555249538e-07
0.9600000000000007,p1_m1,0,-0.03450365647422077,0.0,6.29554555249538e-07
0.9600000000000007,p1_m2,0,-0.06807571562467403,0.0,6.29554555249538e-07
0.9600000000000007,p1_m3,8,8.517898393421335,0.012825374268133865,6.29554555249538e-07
0.9600000000000007,p2_m0,0,-0.08460788545615254,0.0,6.29554555249538e-07
0.9600000000000007,p2_m1,0,0.045631962184145225,0.0,6.29554555249538e-07
0.9600000000000007,p2_m2,0,0.039682190064203864,0.0,6.29554555249538e-07
0.9600000000000007,p2_m3,0,0.22222946757482342,0.0,6.29554555249538e-07
0.9600000000000007,p3_m0,0,-0.0613570818443352,0.0,6.29554555249538e-07
0.9600000000000007,p3_m1,0,-0.14230615370532665,0.0,6.29554555249538e-07
0.9600000000000007,p3_m2,0,-0.13163636423079564,0.0,6.29554555249538e-07
0.9600000000000007,p3_m3,0,0.14938203638358055,0.0,6.29554555249538e-07
0.9700000000000008,p0_m0,0,-0.04248172580067721,0.0,6.993874917424085e-07
0.9700000000000008,p0_m1,0,-0.009056909036571633,0.0,6.993874917424085e-07
0.9700000000000008,p0_m2,0,-0.008549094596672599,0.0,6.993874917424085e-07
0.9700000000000008,p0_m3,0,0.037932688037095326,0.0,6.993874917424085e-07
0.9700000000000008,p1_m0,0,-0.00984346699572405,0.0,6.993874917424085e-07
0.9700000000000008,p1_m1,0,-0.0093899711586441,0.0,6.993874917424085e-07
0.9700000000000008,p1_m2,0,-0.020441392178144297,0.0,6.993874917424085e-07
0.9700000000000008,p1_m3,8,7.96435922148696,0.00010697441542565844,6.993874917424085e-07
0.9700000000000008,p2_m0,0,-0.11402395816208637,0.0,6.993874917424085e-07
0.9700000000000008,p2_m1,0,0.024640395551322802,0.0,6.993874917424085e-07
0.9700000000000008,p2_m2,0,0.022796620735199565,0.0,6.993874917424085e-07
0.9700000000000008,p2_m3,0,0.0743249797053743,0.0,6.993874917424085e-07
0.9700000000000008,p3_m0,0,-0.01913289694171148,0.0,6.993874917424085e-07
0.9700000000000008,p3_m1,0,-0.05978343920241242,0.0,6.993874917424085e-07
0.9700000000000008,p3_m2,0,-0.05661432872563629,0.0,6.993874917424085e-07
0.9700000000000008,p3_m3,0,0.06117482297066359,0.0,6.993874917424085e-07
0.9800000000000008,p0_m0,0,-0.02279908065988968,0.0,8.314789079189406e-07
0.9800000000000008,p0_m1,0,-0.002860644094172932,0.0,8.314789079189406e-07
0.9800000000000008,p0_m2,0,-0.002616765442681313,0.0,8.314789079189406e-07
0.9800000000000008,p0_m3,0,0.015039080280964822,0.0,8.314789079189406e-07
0.9800000000000008,p1_m0,0,-0.010646726112173677,0.0,8.314789079189406e-07
0.9800000000000008,p1_m1,0,-0.004458728721422776,0.0,8.314789079189406e-07
0.9800000000000008,p1_m2,0,-0.008068861273827199,0.0,8.314789079189406e-07
0.9800000000000008,p1_m3,8,6.466818829223979,0.0025375455192893294,8.314789079189406e-07
0.9800000000000008,p2_m0,0,-0.0882774349340336,0.0,8.314789079189406e-07
0.9800000000000008,p2_m1,0,0.018445261327279666,0.0,8.314789079189406e-07
0.9800000000000008,p2_m2,0,0.01791452870228168,0.0,8.314789079189406e-07
0.9800000000000008,p2_m3,0,0.02897397679300234,0.0,8.314789079189406e-07
0.9800000000000008,p3_m0,0,-0.008354463964555943,0.0,8.314789079189406e-07
0.9800000000000008,p3_m1,0,-0.030293384529284328,0.0,8.314789079189406e-07
0.9800000000000008,p3_m2,0,-0.02932555889459481,0.0,8.314789079189406e-07
0.9800000000000008,p3_m3,0,0.029359865633129693,0.0,8.314789079189406e-07
0.9900000000000008,p0_m0,0,-0.08219188015480527,0.0,7.187909763334252e-07
0.9900000000000008,p0_m1,0,-0.022562348073392465,0.0,7.187909763334252e-07
0.9900000000000008,p0_m2,0,-0.021416732272219144,0.0,7.187909763334252e-07
0.9900000000000008,p0_m3,0,0.09706252327883792,0.0,7.187909763334252e-07
0.9900000000000008,p1_m0,0,-0.001836943476174167,0.0,7.187909763334252e-07
0.9900000000000008,p1_m1,0,-0.03990194785779294,0.0,7.187909763334252e-07
0.9900000000000008,p1_m2,0,-0.06679488663375707,0.0,7.187909763334252e-07
0.9900000000000008,p1_m3,8,3.644820506616426,0.012850774993425561,7.187909763334252e-07
0.9900000000000008,p2_m0,0,-0.08120279120912159,0.0,7.187909763334252e-07
0.9900000000000008,p2_m1,0,0.0514707438096372,0.0,7.187909763334252e-07
0.9900000000000008,p2_m2,0,0.04351346008508505,0.0,7.187909763334252e-07
0.9900000000000008,p2_m3,0,0.17909320965927375,0.0,7.187909763334252e-07
0.9900000000000008,p3_m0,0,-0.05446742576667893,0.0,7.187909763334252e-07
0.9900000000000008,p3_m1,0,-0.11573894161245113,0.0,7.187909763334252e-07
0.9900000000000008,p3_m2,0,-0.108428523771497,0.0,7.187909763334252e-07
0.9900000000000008,p3_m3,0,0.1242625008383081,0.0,7.187909763334252e-07
1.0000000000000007,p0_m0,0,-0.058703700822639315,0.0,6.331465644656932e-07
1.0000000000000007,p0_m1,0,-0.014588137923172904,0.0,6.331465644656932e-07
1.0000000000000007,p0_m2,0,-0.013841918253293761,0.0,6.331465644656932e-07
1.0000000000000007,p0_m3,0,0.060119842825341704,0.0,6.331465644656932e-07
1.0000000000000007,p1_m0,0,-0.005838737296443353,0.0,6.331465644656932e-07
1.0000000000000007,p1_m1,0,-0.0176703918175883,0.0,6.331465644656932e-07
1.0000000000000007,p1_m2,0,-0.03499923427137433,0.0,6.331465644656932e-07
1.0000000000000007,p1_m3,8,7.964699352444569,0.00010604103695126277,6.331465644656932e-07
1.0000000000000007,p2_m0,0,-0.11036963074104185,0.0,6.331465644656932e-07
1.0000000000000007,p2_m1,0,0.0313749691510317,0.0,6.331465644656932e-07
1.0000000000000007,p2_m2,0,0.028168804672621933,0.0,6.331465644656932e-07
1.0000000000000007,p2_m3,0,0.11747582566906273,0.0,6.331465644656932e-07
1.0000000000000007,p3_m0,0,-0.03096080849917238,0.0,6.331465644656932e-07
1.0000000000000007,p3_m1,0,-0.08380733772626046,0.0,6.331465644656932e-07
1.0000000000000007,p3_m2,0,-0.07862505978101132,0.0,6.331465644656932e-07
1.0000000000000007,p3_m3,0,0.08771079969819026,0.0,6.331465644656932e-07
1.0099999999999996,p0_m0,0,-0.028461335386608964,0.0,7.912238567142786e-07
1.0099999999999996,p0_m1,0,-0.0033136960934176,0.0,7.912238567142786e-07
1.0099999999999996,p0_m2,0,-0.003026833653742401,0.0,7.912238567142786e-07
1.0099999999999996,p0_m3,0,0.01700438527204433,0.0,7.912238567142786e-07
1.0099999999999996,p1_m0,0,-0.012073896406413836,0.0,7.912238567142786e-07
1.0099999999999996,p1_m1,0,-0.0026819497006021474,0.0,7.912238567142786e-07
1.0099999999999996,p1_m2,0,-0.008372844667532884,0.0,7.912238567142786e-07
1.0099999999999996,p1_m3,0,7.576789884960084,0.0,7.912238567142786e-07
1.0099999999999996,p2_m0,8,7.963844840046647,0.00010847820016993826,7.912238567142786e-07
1.0099999999999996,p2_m1,0,0.018027917022620965,0.0,7.912238567142786e-07
1.0099999999999996,p2_m2,0,0.01704869835376059,0.0,7.912238567142786e-07
1.0099999999999996,p2_m3,0,0.03625920607088439,0.0,7.912238567142786e-07
1.0099999999999996,p3_m0,0,-0.00813437996664013,0.0,7.912238567142786e-07
1.0099999999999996,p3_m1,0,-0.03853875786763584,0.0,7.912238567142786e-07
1.0099999999999996,p3_m2,0,-0.03702793334347301,0.0,7.912238567142786e-07
1.0099999999999996,p3_m3,0,0.03716217100331299,0.0,7.912238567142786e-07
1.0199999999999985,p0_m0,0,-0.03913728147739355,0.0,7.642743143012579e-07
1.0199999999999985,p0_m1,0,-0.013333378389648933,0.0,7.642743143012579e-07
1.0199999999999985,p0_m2,0,-0.013586850923893345,0.0,7.642743143012579e-07
1.0199999999999985,p0_m3,0,-0.07426600114132045,0.0,7.642743143012579e-07
1.0199999999999985,p1_m0,0,0.06979472918663705,0.0,7.642743143012579e-07
1.0199999999999985,p1_m1,0,0.01729773004767663,0.0,7.642743143012579e-07
1.0199999999999985,p1_m2,0,0.025306114823526328,0.0,7.642743143012579e-07
1.0199999999999985,p1_m3,0,3.4623937646154364,0.0,7.642743143012579e-07
1.0199999999999985,p2_m0,8,3.802182019596793,0.012223956314774452,7.642743143012579e-07
1.0199999999999985,p2_m1,0,-0.014460138415491685,0.0,7.642743143012579e-07
1.0199999999999985,p2_m2,0,-0.010465231361535383,0.0,7.642743143012579e-07
1.0199999999999985,p2_m3,0,0.04593875319352349,0.0,7.642743143012579e-07
1.0199999999999985,p3_m0,0,0.025919565647797356,0.0,7.642743143012579e-07
1.0199999999999985,p3_m1,0,-0.044917923646982647,0.0,7.642743143012579e-07
1.0199999999999985,p3_m2,0,-0.044705083720086254,0.0,7.642743143012579e-07
1.0199999999999985,p3_m3,0,-0.014911449816509532,0.0,7.642743143012579e-07
1.0299999999999974,p0_m0,0,-0.03149594821597881,0.0,6.27570510766774e-07
1.0299999999999974,p0_m1,0,-0.005286428812227876,0.0,6.27570510766774e-07
1.0299999999999974,p0_m2,0,-0.005494714256630003,0.0,6.27570510766774e-07
1.0299999999999974,p0_m3,0,-0.06175954134866071,0.0,6.27570510766774e-07
1.0299999999999974,p1_m0,0,0.04811228306592113,0.0,6.27570510766774e-07
1.0299999999999974,p1_m1,0,0.013069410565794543,0.0,6.27570510766774e-07
1.0299999999999974,p1_m2,0,0.019589135773664394,0.0,6.27570510766774e-07
1.0299999999999974,p1_m3,0,2.8996056474502794,0.0,6.27570510766774e-07
1.0299999999999974,p2_m0,8,7.963851230294785,0.00010855063611983784,6.27570510766774e-07
1.0299999999999974,p2_m1,0,-0.0038000031898837213,0.0,6.27570510766774e-07
1.0299999999999974,p2_m2,0,-0.0020267542012128727,0.0,6.27570510766774e-07
1.0299999999999974,p2_m3,0,0.025007159352980906,0.0,6.27570510766774e-07
1.0299999999999974,p3_m0,0,0.02027351937519954,0.0,6.27570510766774e-07
1.0299999999999974,p3_m1,0,-0.03266285680058836,0.0,6.27570510766774e-07
1.0299999999999974,p3_m2,0,-0.03285185422596304,0.0,6.27570510766774e-07
1.0299999999999974,p3_m3,0,-0.013899157117777323,0.0,6.27570510766774e-07
1.0399999999999963,p0_m0,0,-0.018388023127334695,0.0,7.789704461929656e-07
1.0399999999999963,p0_m1,0,0.0004240148027887489,0.0,7.789704461929656e-07
1.0399999999999963,p0_m2,0,0.00035304502159894975,0.0,7.789704461929656e-07
1.0399999999999963,p0_m3,0,-0.029385884900740473,0.0,7.789704461929656e-07
1.0399999999999963,p1_m0,0,0.008092568787701723,0.0,7.789704461929656e-07
1.0399999999999963,p1_m1,0,0.010216571531991306,0.0,7.789704461929656e-07
1.0399999999999963,p1_m2,0,0.012384549837111104,0.0,7.789704461929656e-07
1.0399999999999963,p1_m3,0,2.747735599795329,0.0,7.789704461929656e-07
1.0399999999999963,p2_m0,8,7.9639404726558825,0.00010820486301830013,7.789704461929656e-07
1.0399999999999963,p2_m1,0,0.003847435205817079,0.0,7.789704461929656e-07
1.0399999999999963,p2_m2,0,0.004409657261981441,0.0,7.789704461929656e-07
1.0399999999999963,p2_m3,0,0.001087092545351224,0.0,7.789704461929656e-07
1.0399999999999963,p3_m0,0,0.009979551752162539,0.0,7.789704461929656e-07
1.0399999999999963,p3_m1,0,-0.019248315916514075,0.0,7.789704461929656e-07
1.0399999999999963,p3_m2,0,-0.019401013376969447,0.0,7.789704461929656e-07
1.0399999999999963,p3_m3,0,-0.002287813268382341,0.0,7.789704461929656e-07
1.0499999999999952,p0_m0,0,-0.02224723237322632,0.0,7.966360184838238e-07
1.0499999999999952,p0_m1,0,-0.010711611893687733,0.0,7.966360184838238e-07
1.0499999999999952,p0_m2,0,-0.011074656608809392,0.0,7.966360184838238e-07
1.0499999999999952,p0_m3,0,-0.07713547052491125,0.0,7.966360184838238e-07
1.0499999999999952,p1_m0,0,0.05361499328513414,0.0,7.966360184838238e-07
1.0499999999999952,p1_m1,0,0.03207718279744119,0.0,7.966360184838238e-07
1.0499999999999952,p1_m2,0,0.039088167069614564,0.0,7.966360184838238e-07
1.0499999999999952,p1_m3,0,1.2570605825131314,0.0,7.966360184838238e-07
1.0499999999999952,p2_m0,8,3.854609020560051,0.011891594080998087,7.966360184838238e-07
1.0499999999999952,p2_m1,0,-0.031232537799563316,0.0,7.966360184838238e-07
1.0499999999999952,p2_m2,0,-0.02645276273728882,0.0,7.966360184838238e-07
1.0499999999999952,p2_m3,0,0.011420214894216624,0.0,7.966360184838238e-07
1.0499999999999952,p3_m0,0,0.030985977556304257,0.0,7.966360184838238e-07
1.0499999999999952,p3_m1,0,-0.025631550361738413,0.0,7.966360184838238e-07
1.0499999999999952,p3_m2,0,-0.025985364031407603,0.0,7.966360184838238e-07
1.0499999999999952,p3_m3,0,-0.0281306292592476,0.0,7.966360184838238e-07
1.059999999999994,p0_m0,0,-0.033151274643975014,0.0,6.187328794757075e-07
1.059999999999994,p0_m1,0,-0.006787770515386309,0.0,6.187328794757075e-07
1.059999999999994,p0_m2,0,-0.007152460142019377,0.0,6.187328794757075e-07
1.059999999999994,p0_m3,0,-0.08796040188213142,0.0,6.187328794757075e-07
1.059999999999994,p1_m0,0,0.07049906947833257,0.0,6.187328794757075e-07
1.059999999999994,p1_m1,0,0.022527307066412098,0.0,6.187328794757075e-07
1.059999999999994,p1_m2,0,0.03228339223991055,0.0,6.187328794757075e-07
1.059999999999994,p1_m3,0,1.1097155253139286,0.0,6.187328794757075e-07
1.059999999999994,p2_m0,8,7.964160360147026,0.00011197820078521837,6.187328794757075e-07
1.059999999999994,p2_m1,0,-0.016453157613069876,0.0,6.187328794757075e-07
1.059999999999994,p2_m2,0,-0.013666026824868959,0.0,6.187328794757075e-07
1.059999999999994,p2_m3,0,0.02408574201070941,0.0,6.187328794757075e-07
1.059999999999994,p3_m0,0,0.02927951598103869,0.0,6.187328794757075e-07
1.059999999999994,p3_m1,0,-0.031825702308707474,0.0,6.187328794757075e-07
1.059999999999994,p3_m2,0,-0.03223830026319378,0.0,6.187328794757075e-07
1.059999999999994,p3_m3,0,-0.0309429802712388,0.0,6.187328794757075e-07
1.069999999999993,p0_m0,0,-0.018837073540149653,0.0,7.532483278191973e-07
1.069999999999993,p0_m1,0,-0.00017530775447483656,0.0,7.532483278191973e-07
1.069999999999993,p0_m2,0,-0.0003053201933540798,0.0,7.532483278191973e-07
1.069999999999993,p0_m3,0,-0.039150254386045066,0.0,7.532483278191973e-07
1.069999999999993,p1_m0,0,0.015829194736972058,0.0,7.532483278191973e-07
1.069999999999993,p1_m1,0,0.014080588145958632,0.0,7.532483278191973e-07
1.069999999999993,p1_m2,0,0.017302719449339848,0.0,7.532483278191973e-07
1.069999999999993,p1_m3,0,1.0412647490328768,0.0,7.532483278191973e-07
1.069999999999993,p2_m0,8,7.964133902544765,0.00010763923687706622,7.532483278191973e-07
1.069999999999993,p2_m1,0,-0.0006589803199907234,0.0,7.532483278191973e-07
1.069999999999993,p2_m2,0,0.00020049538001370827,0.0,7.532483278191973e-07
1.069999999999993,p2_m3,0,0.00011686165766523563,0.0,7.532483278191973e-07
1.069999999999993,p3_m0,0,0.013105376965050881,0.0,7.532483278191973e-07
1.069999999999993,p3_m1,0,-0.018726089595935674,0.0,7.532483278191973e-07
1.069999999999993,p3_m2,0,-0.018958201147620216,0.0,7.532483278191973e-07
1.069999999999993,p3_m3,0,-0.00890072864496704,0.0,7.532483278191973e-07
1.0799999999999919,p0_m0,0,-0.014427563392761423,0.0,8.16001907993407e-07
1.0799999999999919,p0_m1,0,-0.008632186776416207,0.0,8.16001907993407e-07
1.0799999999999919,p0_m2,0,-0.008924696353366958,0.0,8.16001907993407e-07
1.0799999999999919,p0_m3,0,-0.059296519976721924,0.0,8.16001907993407e-07
1.0799999999999919,p1_m0,0,0.032937961115755185,0.0,8.16001907993407e-07
1.0799999999999919,p1_m1,0,0.034944035104338675,0.0,8.16001907993407e-07
1.0799999999999919,p1_m2,0,0.035919749979811705,0.0,8.16001907993407e-07
1.0799999999999919,p1_m3,0,0.5199985925279064,0.0,8.16001907993407e-07
1.0799999999999919,p2_m0,8,4.270806697989815,0.010279298822041134,8.16001907993407e-07
1.0799999999999919,p2_m1,0,-0.03126218079832727,0.0,8.16001907993407e-07
1.0799999999999919,p2_m2,0,-0.031130973648736213,0.0,8.16001907993407e-07
1.0799999999999919,p2_m3,0,9.854575001060794e-05,0.0,8.16001907993407e-07
1.0799999999999919,p3_m0,0,0.02591717234563914,0.0,8.16001907993407e-07
1.0799999999999919,p3_m1,0,-0.018561908210148217,0.0,8.16001907993407e-07
1.0799999999999919,p3_m2,0,-0.018892038756952032,0.0,8.16001907993407e-07
1.0799999999999919,p3_m3,0,-0.02144889990878382,0.0,8.16001907993407e-07
1.0899999999999908,p0_m0,0,-0.04275045723503243,0.0,6.177158817078941e-07
1.0899999999999908,p0_m1,0,-0.011189521984529712,0.0,6.177158817078941e-07
1.0899999999999908,p0_m2,0,-0.011756056690723066,0.0,6.177158817078941e-07
1.0899999999999908,p0_m3,0,-0.1281481235416198,0.0,6.177158817078941e-07
1.0899999999999908,p1_m0,0,0.11373091992183282,0.0,6.177158817078941e-07
1.0899999999999908,p1_m1,0,0.030457297357902167,0.0,6.177158817078941e-07
1.0899999999999908,p1_m2,0,0.04635809797890167,0.0,6.177158817078941e-07
1.0899999999999908,p1_m3,0,0.42936514567506123,0.0,6.177158817078941e-07
1.0899999999999908,p2_m0,8,7.8905241363483665,-0.0015847049028661004,6.177158817078941e-07
1.0899999999999908,p2_m1,0,-0.030924688989980628,0.0,6.177158817078941e-07
1.0899999999999908,p2_m2,0,-0.02539275905426559,0.0,6.177158817078941e-07
1.0899999999999908,p2_m3,0,0.03846771343325381,0.0,6.177158817078941e-07
1.0899999999999908,p3_m0,0,0.04308095992500699,0.0,6.177158817078941e-07
1.0899999999999908,p3_m1,0,-0.03947304665064502,0.0,6.177158817078941e-07
1.0899999999999908,p3_m2,0,-0.04001538757748197,0.0,6.177158817078941e-07
1.0899999999999908,p3_m3,0,-0.05106767371573725,0.0,6.177158817078941e-07
1.0999999999999897,p0_m0,0,-0.02237573444475726,0.0,6.976387475780062e-07
1.0999999999999897,p0_m1,0,-0.001654147547367804,0.0,6.976387475780062e-07
1.0999999999999897,p0_m2,0,-0.001859722914325769,0.0,6.976387475780062e-07
1.0999999999999897,p0_m3,0,-0.054293294834922574,0.0,6.976387475780062e-07
1.0999999999999897,p1_m0,0,0.030430201210817853,0.0,6.976387475780062e-07
1.0999999999999897,p1_m1,0,0.01775774208453243,0.0,6.976387475780062e-07
1.0999999999999897,p1_m2,0,0.023010464652013285,0.0,6.976387475780062e-07
1.0999999999999897,p1_m3,0,0.39229036648600785,0.0,6.976387475780062e-07
1.0999999999999897,p2_m0,8,7.964404502815164,0.00010684390391813725,6.976387475780062e-07
1.0999999999999897,p2_m1,0,-0.005798841616728764,0.0,6.976387475780062e-07
1.0999999999999897,p2_m2,0,-0.004065591926619298,0.0,6.976387475780062e-07
1.0999999999999897,p2_m3,0,0.004099309470641482,0.0,6.976387475780062e-07
1.0999999999999897,p3_m0,0,0.018126099089022712,0.0,6.976387475780062e-07
1.0999999999999897,p3_m1,0,-0.02150113378473287,0.0,6.976387475780062e-07
1.0999999999999897,p3_m2,0,-0.021812792666779563,0.0,6.976387475780062e-07
1.0999999999999897,p3_m3,0,-0.01643701293722105,0.0,6.976387475780062e-07
1.1099999999999886,p0_m0,0,-0.014910158339447043,0.0,8.383712148353738e-07
1.1099999999999886,p0_m1,0,0.0013551479065993695,0.0,8.383712148353738e-07
1.1099999999999886,p0_m2,0,0.0012843830756200702,0.0,8.383712148353738e-07
1.1099999999999886,p0_m3,0,-0.026515204859943922,0.0,8.383712148353738e-07
1.1099999999999886,p1_m0,0,0.001821906504582387,0.0,8.383712148353738e-07
1.1099999999999886,p1_m1,0,0.012116696562446554,0.0,8.383712148353738e-07
1.1099999999999886,p1_m2,0,0.013852307174812733,0.0,8.383712148353738e-07
1.1099999999999886,p1_m3,0,0.3578837814295456,0.0,8.383712148353738e-07
1.1099999999999886,p2_m0,8,7.964587644793752,0.00010629073934373512,8.383712148353738e-07
1.1099999999999886,p2_m1,0,0.00363807741752132,0.0,8.383712148353738e-07
1.1099999999999886,p2_m2,0,0.004176331479639431,0.0,8.383712148353738e-07
1.1099999999999886,p2_m3,0,-0.006505013363504581,0.0,8.383712148353738e-07
1.1099999999999886,p3_m0,0,0.008789063720678508,0.0,8.383712148353738e-07
1.1099999999999886,p3_m1,0,-0.01501971121490546,0.0,8.383712148353738e-07
1.1099999999999886,p3_m2,0,-0.015173324042026379,0.0,8.383712148353738e-07
1.1099999999999886,p3_m3,0,-0.0037190567892034284,0.0,8.383712148353738e-07
1.1199999999999875,p0_m0,0,-0.023426886457754825,0.0,8.053065999309133e-07
1.1199999999999875,p0_m1,0,-0.011642571733414554,0.0,8.053065999309133e-07
1.1199999999999875,p0_m2,0,-0.01211419670399643,0.0,8.053065999309133e-07
1.1199999999999875,p0_m3,0,-0.0951851982270958,0.0,8.053065999309133e-07
1.1199999999999875,p1_m0,0,0.06620084944834154,0.0,8.053065999309133e-07
1.1199999999999875,p1_m1,0,0.03813223995226754,0.0,8.053065999309133e-07
1.1199999999999875,p1_m2,0,0.04767069124229202,0.0,8.053065999309133e-07
1.1199999999999875,p1_m3,0,0.1324642193330964,0.0,8.053065999309133e-07
1.1199999999999875,p2_m0,8,3.6948938571160665,0.012496528055501631,8.053065999309133e-07
1.1199999999999875,p2_m1,0,-0.040351988254540457,0.0,8.053065999309133e-07
1.1199999999999875,p2_m2,0,-0.033951218573719015,0.0,8.053065999309133e-07
1.1199999999999875,p2_m3,0,0.007005244111063911,0.0,8.053065999309133e-07
1.1199999999999875,p3_m0,0,0.03762492917051205,0.0,8.053065999309133e-07
1.1199999999999875,p3_m1,0,-0.02414503329552831,0.0,8.053065999309133e-07
1.1199999999999875,p3_m2,0,-0.02460395242906434,0.0,8.053065999309133e-07
1.1199999999999875,p3_m3,0,-0.040388015662116,0.0,8.053065999309133e-07
1.1299999999999863,p0_m0,0,-0.03459443846965115,0.0,6.125155983240096e-07
1.1299999999999863,p0_m1,0,-0.007478014115816316,0.0,6.125155983240096e-07
1.1299999999999863,p0_m2,0,-0.007877990496389289,0.0,6.125155983240096e-07
1.1299999999999863,p0_m3,0,-0.09485965790347854,0.0,6.125155983240096e-07
1.1299999999999863,p1_m0,0,0.07807386039129159,0.0,6.125155983240096e-07
1.1299999999999863,p1_m1,0,0.026218103786654044,0.0,6.125155983240096e-07
1.1299999999999863,p1_m2,0,0.036954511233385966,0.0,6.125155983240096e-07
1.1299999999999863,p1_m3,0,0.11082471192875226,0.0,6.125155983240096e-07
1.1299999999999863,p2_m0,8,7.964891031426069,0.0001098350855825272,6.125155983240096e-07
1.1299999999999863,p2_m1,0,-0.02152044026717924,0.0,6.125155983240096e-07
1.1299999999999863,p2_m2,0,-0.017974774572783587,0.0,6.125155983240096e-07
1.1299999999999863,p2_m3,0,0.026225103350542945,0.0,6.125155983240096e-07
1.1299999999999863,p3_m0,0,0.03126909848499841,0.0,6.125155983240096e-07
1.1299999999999863,p3_m1,0,-0.03252956879076088,0.0,6.125155983240096e-07
1.1299999999999863,p3_m2,0,-0.03297010948761712,0.0,6.125155983240096e-07
1.1299999999999863,p3_m3,0,-0.03503569970032522,0.0,6.125155983240096e-07
1.1399999999999852,p0_m0,0,-0.16203889555251424,0.0,9.12543497305269e-07
1.1399999999999852,p0_m1,0,0.16976374608291708,0.0,9.12543497305269e-07
1.1399999999999852,p0_m2,0,0.16722068273498586,0.0,9.12543497305269e-07
1.1399999999999852,p0_m3,0,0.04151070236465736,0.0,9.12543497305269e-07
1.1399999999999852,p1_m0,0,0.02712781535159308,0.0,9.12543497305269e-07
1.1399999999999852,p1_m1,0,-0.26532258023921407,0.0,9.12543497305269e-07
1.1399999999999852,p1_m2,0,-0.26217147920824385,0.0,9.12543497305269e-07
1.1399999999999852,p1_m3,0,0.0881631444499534,0.0,9.12543497305269e-07
1.1399999999999852,p2_m0,0,7.577578942971159,0.0,9.12543497305269e-07
1.1399999999999852,p2_m1,8,0.9345924785542563,0.015,9.12543497305269e-07
1.1399999999999852,p2_m2,0,0.3107297286102432,0.0,9.12543497305269e-07
1.1399999999999852,p2_m3,0,0.011190757379711902,0.0,9.12543497305269e-07
1.1399999999999852,p3_m0,0,-0.214969112177747,0.0,9.12543497305269e-07
1.1399999999999852,p3_m1,0,0.01883540157019979,0.0,9.12543497305269e-07
1.1399999999999852,p3_m2,0,0.004567642282714428,0.0,9.12543497305269e-07
1.1399999999999852,p3_m3,0,-0.040768422464937094,0.0,9.12543497305269e-07
1.1499999999999841,p0_m0,0,-0.17838736475839673,0.0,1.2802435435095461e-06
1.1499999999999841,p0_m1,0,0.20887439829319002,0.0,1.2802435435095461e-06
1.1499999999999841,p0_m2,0,0.19985948492748026,0.0,1.2802435435095461e-06
1.1499999999999841,p0_m3,0,0.057829405254166674,0.0,1.2802435435095461e-06
1.1499999999999841,p1_m0,0,0.020066869438304182,0.0,1.2802435435095461e-06
1.1499999999999841,p1_m1,0,-0.31956312360702177,0.0,1.2802435435095461e-06
1.1499999999999841,p1_m2,0,-0.31640604540477413,0.0,1.2802435435095461e-06
1.1499999999999841,p1_m3,0,0.10283802129084643,0.0,1.2802435435095461e-06
1.1499999999999841,p2_m0,0,4.739507162565702,0.0,1.2802435435095461e-06
1.1499999999999841,p2_m1,8,1.2208616051618462,0.015,1.2802435435095461e-06
1.1499999999999841,p2_m2,0,0.36690090241470386,0.0,1.2802435435095461e-06
1.1499999999999841,p2_m3,0,0.004919994584049161,0.0,1.2802435435095461e-06
1.1499999999999841,p3_m0,0,-0.26738974977947716,0.0,1.2802435435095461e-06
1.1499999999999841,p3_m1,0,0.037538827781442935,0.0,1.2802435435095461e-06
1.1499999999999841,p3_m2,0,0.025767242728672788,0.0,1.2802435435095461e-06
1.1499999999999841,p3_m3,0,-0.06351190731408687,0.0,1.2802435435095461e-06
1.159999999999983,p0_m0,0,-0.13033346545531335,0.0,1.2270901008229808e-06
1.159999999999983,p0_m1,0,0.17810180485160254,0.0,1.2270901008229808e-06
1.159999999999983,p0_m2,0,0.17551639345270895,0.0,1.2270901008229808e-06
1.159999999999983,p0_m3,0,0.026674290308051008,0.0,1.2270901008229808e-06
1.159999999999983,p1_m0,0,0.01881083475163619,0.0,1.2270901008229808e-06
1.159999999999983,p1_m1,0,-0.25668587248276364,0.0,1.2270901008229808e-06
1.159999999999983,p1_m2,0,-0.25548631366855745,0.0,1.2270901008229808e-06
1.159999999999983,p1_m3,0,0.13226628475560137,0.0,1.2270901008229808e-06
1.159999999999983,p2_m0,0,1.5424156448420603,0.0,1.2270901008229808e-06
1.159999999999983,p2_m1,8,1.2332917989299004,0.015,1.2270901008229808e-06
1.159999999999983,p2_m2,0,0.28943190012120157,0.0,1.2270901008229808e-06
1.159999999999983,p2_m3,0,0.0045425010218235785,0.0,1.2270901008229808e-06
1.159999999999983,p3_m0,0,-0.23327201634344852,0.0,1.2270901008229808e-06
1.159999999999983,p3_m1,0,0.03920306535066388,0.0,1.2270901008229808e-06
1.159999999999983,p3_m2,0,0.04563696019066018,0.0,1.2270901008229808e-06
1.159999999999983,p3_m3,0,-0.08814325277753941,0.0,1.2270901008229808e-06
1.169999999999982,p0_m0,0,-0.11230519384024208,0.0,1.1401821868671092e-06
1.169999999999982,p0_m1,0,0.16794817833660333,0.0,1.1401821868671092e-06
1.169999999999982,p0_m2,0,0.1675392480487505,0.0,1.1401821868671092e-06
1.169999999999982,p0_m3,0,0.019010370251069525,0.0,1.1401821868671092e-06
1.169999999999982,p1_m0,0,0.01740967390114983,0.0,1.1401821868671092e-06
1.169999999999982,p1_m1,0,-0.23712622130499064,0.0,1.1401821868671092e-06
1.169999999999982,p1_m2,0,-0.23650142499925877,0.0,1.1401821868671092e-06
1.169999999999982,p1_m3,0,0.1429549200509504,0.0,1.1401821868671092e-06
1.169999999999982,p2_m0,0,0.44476895879070505,0.0,1.1401821868671092e-06
1.169999999999982,p2_m1,8,1.2374707994089402,0.015,1.1401821868671092e-06
1.169999999999982,p2_m2,0,0.2629725098077368,0.0,1.1401821868671092e-06
1.169999999999982,p2_m3,0,0.004316563617285431,0.0,1.1401821868671092e-06
1.169999999999982,p3_m0,0,-0.22182480737300217,0.0,1.1401821868671092e-06
1.169999999999982,p3_m1,0,0.04140476025787279,0.0,1.1401821868671092e-06
1.169999999999982,p3_m2,0,0.05434956079128656,0.0,1.1401821868671092e-06
1.169999999999982,p3_m3,0,-0.09552228642530934,0.0,1.1401821868671092e-06
1.1799999999999808,p0_m0,0,-0.10602888836711653,0.0,1.1054383889887947e-06
1.1799999999999808,p0_m1,0,0.16510121138787665,0.0,1.1054383889887947e-06
1.1799999999999808,p0_m2,0,0.1654448001112273,0.0,1.1054383889887947e-06
1.1799999999999808,p0_m3,0,0.01727739753205273,0.0,1.1054383889887947e-06
1.1799999999999808,p1_m0,0,0.01683644057684013,0.0,1.1054383889887947e-06
1.1799999999999808,p1_m1,0,-0.2317487324253333,0.0,1.1054383889887947e-06
1.1799999999999808,p1_m2,0,-0.23124935596553392,0.0,1.1054383889887947e-06
1.1799999999999808,p1_m3,0,0.14741680429405635,0.0,1.1054383889887947e-06
1.1799999999999808,p2_m0,0,0.0668279202185322,0.0,1.1054383889887947e-06
1.1799999999999808,p2_m1,8,1.2387851703618689,0.015,1.1054383889887947e-06
1.1799999999999808,p2_m2,0,0.2537899849334327,0.0,1.1054383889887947e-06
1.1799999999999808,p2_m3,0,0.00446486841507706,0.0,1.1054383889887947e-06
1.1799999999999808,p3_m0,0,-0.21770324780788813,0.0,1.1054383889887947e-06
1.1799999999999808,p3_m1,0,0.042357184342485435,0.0,1.1054383889887947e-06
1.1799999999999808,p3_m2,0,0.057656321962475734,0.0,1.1054383889887947e-06
1.1799999999999808,p3_m3,0,-0.09717147882093255,0.0,1.1054383889887947e-06
1.1899999999999797,p0_m0,0,-0.10414392639123435,0.0,1.0981471437949024e-06
1.1899999999999797,p0_m1,0,0.16471257178134538,0.0,1.0981471437949024e-06
1.1899999999999797,p0_m2,0,0.16532811082209603,0.0,1.0981471437949024e-06
1.1899999999999797,p0_m3,0,0.016740785547517345,0.0,1.0981471437949024e-06
1.1899999999999797,p1_m0,0,0.016770722883314097,0.0,1.0981471437949024e-06
1.1899999999999797,p1_m1,0,-0.23070567119321683,0.0,1.0981471437949024e-06
1.1899999999999797,p1_m2,0,-0.23020993079431823,0.0,1.0981471437949024e-06
1.1899999999999797,p1_m3,0,0.14942833465499789,0.0,1.0981471437949024e-06
1.1899999999999797,p2_m0,0,-0.06319174934204622,0.0,1.0981471437949024e-06
1.1899999999999797,p2_m1,8,1.2389372324327463,0.015,1.0981471437949024e-06
1.1899999999999797,p2_m2,0,0.25037296555443095,0.0,1.0981471437949024e-06
1.1899999999999797,p2_m3,0,0.004698434607543438,0.0,1.0981471437949024e-06
1.1899999999999797,p3_m0,0,-0.21589384463028036,0.0,1.0981471437949024e-06
1.1899999999999797,p3_m1,0,0.042473653798136106,0.0,1.0981471437949024e-06
1.1899999999999797,p3_m2,0,0.058604933616704276,0.0,1.0981471437949024e-06
1.1899999999999797,p3_m3,0,-0.09708327831956375,0.0,1.0981471437949024e-06
1.1999999999999786,p0_m0,0,-0.10396235637596508,0.0,1.098923410701827e-06
1.1999999999999786,p0_m1,0,0.16851148564425994,0.0,1.098923410701827e-06
1.1999999999999786,p0_m2,0,0.1692347497956483,0.0,1.098923410701827e-06
1.1999999999999786,p0_m3,0,0.015637040689516882,0.0,1.098923410701827e-06
1.1999999999999786,p1_m0,0,0.017839376947110908,0.0,1.098923410701827e-06
1.1999999999999786,p1_m1,0,-0.23458590244771482,0.0,1.098923410701827e-06
1.1999999999999786,p1_m2,0,-0.23397806358965276,0.0,1.098923410701827e-06
1.1999999999999786,p1_m3,0,0.15186061757667857,0.0,1.098923410701827e-06
1.1999999999999786,p2_m0,0,-0.11026845561741619,0.0,1.098923410701827e-06
1.1999999999999786,p2_m1,8,1.2414168453065717,0.015,1.098923410701827e-06
1.1999999999999786,p2_m2,0,0.2523675227795845,0.0,1.098923410701827e-06
1.1999999999999786,p2_m3,0,0.003291374248349944,0.0,1.098923410701827e-06
1.1999999999999786,p3_m0,0,-0.21852857547179502,0.0,1.098923410701827e-06
1.1999999999999786,p3_m1,0,0.044357172995593684,0.0,1.098923410701827e-06
1.1999999999999786,p3_m2,0,0.06060634130474106,0.0,1.098923410701827e-06
1.1999999999999786,p3_m3,0,-0.09966869630348027,0.0,1.098923410701827e-06
1.2099999999999775,p0_m0,0,-0.10501659825168501,0.0,1.084020914239242e-06
1.2099999999999775,p0_m1,0,0.1794658768316464,0.0,1.084020914239242e-06
1.2099999999999775,p0_m2,0,0.180240624356208,0.0,1.084020914239242e-06
1.2099999999999775,p0_m3,0,0.01264929817724677,0.0,1.084020914239242e-06
1.2099999999999775,p1_m0,0,0.021114691833142712,0.0,1.084020914239242e-06
1.2099999999999775,p1_m1,0,-0.246080917971772,0.0,1.084020914239242e-06
1.2099999999999775,p1_m2,0,-0.2451658460693382,0.0,1.084020914239242e-06
1.2099999999999775,p1_m3,0,0.1567470555621505,0.0,1.084020914239242e-06
1.2099999999999775,p2_m0,0,-0.1328524842171666,0.0,1.084020914239242e-06
1.2099999999999775,p2_m1,8,1.2496106448061026,0.015,1.084020914239242e-06
1.2099999999999775,p2_m2,0,0.26200649179169566,0.0,1.084020914239242e-06
1.2099999999999775,p2_m3,0,-0.0016852060780348749,0.0,1.084020914239242e-06
1.2099999999999775,p3_m0,0,-0.22878808127096673,0.0,1.084020914239242e-06
1.2099999999999775,p3_m1,0,0.050511643412662795,0.0,1.084020914239242e-06
1.2099999999999775,p3_m2,0,0.0661277357131141,0.0,1.084020914239242e-06
1.2099999999999775,p3_m3,0,-0.10882424538280258,0.0,1.084020914239242e-06
1.2199999999999764,p0_m0,0,-0.10592565364330055,0.0,1.0745566713398227e-06
1.2199999999999764,p0_m1,0,0.1823364143098983,0.0,1.0745566713398227e-06
1.2199999999999764,p0_m2,0,0.18313810488573948,0.0,1.0745566713398227e-06
1.2199999999999764,p0_m3,0,0.011356486528025182,0.0,1.0745566713398227e-06
1.2199999999999764,p1_m0,0,0.022129742411476357,0.0,1.0745566713398227e-06
1.2199999999999764,p1_m1,0,-0.2488306046553127,0.0,1.0745566713398227e-06
1.2199999999999764,p1_m2,0,-0.2478716837016648,0.0,1.0745566713398227e-06
1.2199999999999764,p1_m3,0,0.15798852100340613,0.0,1.0745566713398227e-06
1.2199999999999764,p2_m0,0,-0.1397398473690221,0.0,1.0745566713398227e-06
1.2199999999999764,p2_m1,8,1.2515930056784805,0.015,1.0745566713398227e-06
1.2199999999999764,p2_m2,0,0.264041997096993,0.0,1.0745566713398227e-06
1.2199999999999764,p2_m3,0,-0.0029615092331620094,0.0,1.0745566713398227e-06
1.2199999999999764,p3_m0,0,-0.23075915996690127,0.0,1.0745566713398227e-06
1.2199999999999764,p3_m1,0,0.05168082814145263,0.0,1.0745566713398227e-06
1.2199999999999764,p3_m2,0,0.06704551782751154,0.0,1.0745566713398227e-06
1.2199999999999764,p3_m3,0,-0.11086633935112859,0.0,1.0745566713398227e-06
1.2299999999999753,p0_m0,0,-0.10575341512721366,0.0,1.086934256029947e-06
1.2299999999999753,p0_m1,0,0.17461253462905213,0.0,1.086934256029947e-06
1.2299999999999753,p0_m2,0,0.17542687773295465,0.0,1.086934256029947e-06
1.2299999999999753,p0_m3,0,0.01294795578189101,0.0,1.086934256029947e-06
1.2299999999999753,p1_m0,0,0.019810100778894033,0.0,1.086934256029947e-06
1.2299999999999753,p1_m1,0,-0.24041799256768293,0.0,1.086934256029947e-06
1.2299999999999753,p1_m2,0,-0.23968700339313295,0.0,1.086934256029947e-06
1.2299999999999753,p1_m3,0,0.15470211309031917,0.0,1.086934256029947e-06
1.2299999999999753,p2_m0,0,-0.13600217594200414,0.0,1.086934256029947e-06
1.2299999999999753,p2_m1,8,1.2450632618279087,0.015,1.086934256029947e-06
1.2299999999999753,p2_m2,0,0.2559452461438709,0.0,1.086934256029947e-06
1.2299999999999753,p2_m3,0,0.0010533479141558932,0.0,1.086934256029947e-06
1.2299999999999753,p3_m0,0,-0.22197366395963308,0.0,1.086934256029947e-06
1.2299999999999753,p3_m1,0,0.04634990129434445,0.0,1.086934256029947e-06
1.2299999999999753,p3_m2,0,0.062368986788829246,0.0,1.086934256029947e-06
1.2299999999999753,p3_m3,0,-0.10316705562011737,0.0,1.086934256029947e-06
1.2399999999999742,p0_m0,0,-0.10603109572111155,0.0,1.0857525724601387e-06
1.2399999999999742,p0_m1,0,0.17595412553367046,0.0,1.0857525724601387e-06
1.2399999999999742,p0_m2,0,0.17677910877492442,0.0,1.0857525724601387e-06
1.2399999999999742,p0_m3,0,0.012503188320038583,0.0,1.0857525724601387e-06
1.2399999999999742,p1_m0,0,0.020114105063857256,0.0,1.0857525724601387e-06
1.2399999999999742,p1_m1,0,-0.24175452877253356,0.0,1.0857525724601387e-06
1.2399999999999742,p1_m2,0,-0.24096265005602435,0.0,1.0857525724601387e-06
1.2399999999999742,p1_m3,0,0.15520825828279933,0.0,1.0857525724601387e-06
1.2399999999999742,p2_m0,0,-0.13740546219022265,0.0,1.0857525724601387e-06
1.2399999999999742,p2_m1,8,1.245800267372182,0.015,1.0857525724601387e-06
1.2399999999999742,p2_m2,0,0.2569176151510052,0.0,1.0857525724601387e-06
1.2399999999999742,p2_m3,0,0.000552130424501381,0.0,1.0857525724601387e-06
1.2399999999999742,p3_m0,0,-0.22289431753747607,0.0,1.0857525724601387e-06
1.2399999999999742,p3_m1,0,0.04677958111171894,0.0,1.0857525724601387e-06
1.2399999999999742,p3_m2,0,0.06277513028094311,0.0,1.0857525724601387e-06
1.2399999999999742,p3_m3,0,-0.10389057694680219,0.0,1.0857525724601387e-06
1.2499999999999731,p0_m0,0,-0.10617562028357815,0.0,1.086161785002512e-06
1.2499999999999731,p0_m1,0,0.17576590758635588,0.0,1.086161785002512e-06
1.2499999999999731,p0_m2,0,0.17659778069640267,0.0,1.086161785002512e-06
1.2499999999999731,p0_m3,0,0.012440586776977808,0.0,1.086161785002512e-06
1.2499999999999731,p1_m0,0,0.02000258218089082,0.0,1.086161785002512e-06
1.2499999999999731,p1_m1,0,-0.24147468506162492,0.0,1.086161785002512e-06
1.2499999999999731,p1_m2,0,-0.24068153979279552,0.0,1.086161785002512e-06
1.2499999999999731,p1_m3,0,0.15507893702321576,0.0,1.086161785002512e-06
1.2499999999999731,p2_m0,0,-0.13737395278501952,0.0,1.086161785002512e-06
1.2499999999999731,p2_m1,8,1.2454046722978604,0.015,1.086161785002512e-06
1.2499999999999731,p2_m2,0,0.2564751758237012,0.0,1.086161785002512e-06
1.2499999999999731,p2_m3,0,0.000742613745180346,0.0,1.086161785002512e-06
1.2499999999999731,p3_m0,0,-0.22233389511250176,0.0,1.086161785002512e-06
1.2499999999999731,p3_m1,0,0.04636027682986367,0.0,1.086161785002512e-06
1.2499999999999731,p3_m2,0,0.062407040135037575,0.0,1.086161785002512e-06
1.2499999999999731,p3_m3,0,-0.10334911131419328,0.0,1.086161785002512e-06
1.259999999999972,p0_m0,0,-0.1540073376530367,0.0,5.79141344284194e-07
1.259999999999972,p0_m1,0,0.19499457724237476,0.0,5.79141344284194e-07
1.259999999999972,p0_m2,0,0.19667000229125262,0.0,5.79141344284194e-07
1.259999999999972,p0_m3,0,0.08621312184136788,0.0,5.79141344284194e-07
1.259999999999972,p1_m0,0,0.01238501782738952,0.0,5.79141344284194e-07
1.259999999999972,p1_m1,0,-0.31380332540172856,0.0,5.79141344284194e-07
1.259999999999972,p1_m2,0,-0.33826127059091343,0.0,5.79141344284194e-07
1.259999999999972,p1_m3,0,0.3245521807441531,0.0,5.79141344284194e-07
1.259999999999972,p2_m0,0,-0.2086054001005894,0.0,5.79141344284194e-07
1.259999999999972,p2_m1,0,0.678752178488448,0.0,5.79141344284194e-07
1.259999999999972,p2_m2,8,1.8146607983421377,0.015,5.79141344284194e-07
1.259999999999972,p2_m3,0,0.04261546822778541,0.0,5.79141344284194e-07
1.259999999999972,p3_m0,0,-0.27346476187497837,0.0,5.79141344284194e-07
1.259999999999972,p3_m1,0,0.022631598734141684,0.0,5.79141344284194e-07
1.259999999999972,p3_m2,0,0.004971843385791167,0.0,5.79141344284194e-07
1.259999999999972,p3_m3,0,-0.036664756109535845,0.0,5.79141344284194e-07
1.269999999999971,p0_m0,0,-0.17754749794123648,0.0,1.6872409856719168e-06
1.269999999999971,p0_m1,0,0.1758878745904898,0.0,1.6872409856719168e-06
1.269999999999971,p0_m2,0,0.20406253875011746,0.0,1.6872409856719168e-06
1.269999999999971,p0_m3,0,0.10858500875233364,0.0,1.6872409856719168e-06
1.269999999999971,p1_m0,0,0.006777883008943513,0.0,1.6872409856719168e-06
1.269999999999971,p1_m1,0,-0.305084348586451,0.0,1.6872409856719168e-06
1.269999999999971,p1_m2,0,-0.32142250469606015,0.0,1.6872409856719168e-06
1.269999999999971,p1_m3,0,0.3215749014461756,0.0,1.6872409856719168e-06
1.269999999999971,p2_m0,0,-0.24373665687872767,0.0,1.6872409856719168e-06
1.269999999999971,p2_m1,0,0.4611103396794405,0.0,1.6872409856719168e-06
1.269999999999971,p2_m2,8,7.96712134547334,9.721167927846697e-05,1.6872409856719168e-06
1.269999999999971,p2_m3,0,0.045390328146305524,0.0,1.6872409856719168e-06
1.269999999999971,p3_m0,0,-0.2697171906897384,0.0,1.6872409856719168e-06
1.269999999999971,p3_m1,0,0.008607524106874086,0.0,1.6872409856719168e-06
1.269999999999971,p3_m2,0,-0.023832078904276913,0.0,1.6872409856719168e-06
1.269999999999971,p3_m3,0,-0.025325580880406803,0.0,1.6872409856719168e-06
1.2799999999999698,p0_m0,0,-0.07845643003412713,0.0,2.3377836740503944e-06
1.2799999999999698,p0_m1,0,0.09122234954220987,0.0,2.3377836740503944e-06
1.2799999999999698,p0_m2,0,0.1021183181382701,0.0,2.3377836740503944e-06
1.2799999999999698,p0_m3,0,0.04647739695671282,0.0,2.3377836740503944e-06
1.2799999999999698,p1_m0,0,0.01279725982125553,0.0,2.3377836740503944e-06
1.2799999999999698,p1_m1,0,-0.1491038025186829,0.0,2.3377836740503944e-06
1.2799999999999698,p1_m2,0,-0.15380164250811895,0.0,2.3377836740503944e-06
1.2799999999999698,p1_m3,0,0.16425983556818183,0.0,2.3377836740503944e-06
1.2799999999999698,p2_m0,0,-0.11835079603954388,0.0,2.3377836740503944e-06
1.2799999999999698,p2_m1,0,0.21389863650869573,0.0,2.3377836740503944e-06
1.2799999999999698,p2_m2,8,4.5658023420655995,0.0092119483142966,2.3377836740503944e-06
1.2799999999999698,p2_m3,0,0.03801542571781378,0.0,2.3377836740503944e-06
1.2799999999999698,p3_m0,0,-0.14409276041063845,0.0,2.3377836740503944e-06
1.2799999999999698,p3_m1,0,0.00954594447393765,0.0,2.3377836740503944e-06
1.2799999999999698,p3_m2,0,0.00014215512820273986,0.0,2.3377836740503944e-06
1.2799999999999698,p3_m3,0,-0.03541670158392082,0.0,2.3377836740503944e-06
1.2899999999999687,p0_m0,0,-0.11480485540433943,0.0,6.484320580890872e-07
1.2899999999999687,p0_m1,0,0.14034388380036567,0.0,6.484320580890872e-07
1.2899999999999687,p0_m2,0,0.14501435410676922,0.0,6.484320580890872e-07
1.2899999999999687,p0_m3,0,0.07493781032965088,0.0,6.484320580890872e-07
1.2899999999999687,p1_m0,0,0.010152009602677014,0.0,6.484320580890872e-07
1.2899999999999687,p1_m1,0,-0.24496898853875107,0.0,6.484320580890872e-07
1.2899999999999687,p1_m2,0,-0.2532654202938591,0.0,6.484320580890872e-07
1.2899999999999687,p1_m3,0,0.25700802454188754,0.0,6.484320580890872e-07
1.2899999999999687,p2_m0,0,-0.16202784545140045,0.0,6.484320580890872e-07
1.2899999999999687,p2_m1,0,0.2703522121593742,0.0,6.484320580890872e-07
1.2899999999999687,p2_m2,8,3.0424493799510093,0.01472130588850621,6.484320580890872e-07
1.2899999999999687,p2_m3,0,0.04167334039086562,0.0,6.484320580890872e-07
1.2899999999999687,p3_m0,0,-0.2098043484086168,0.0,6.484320580890872e-07
1.2899999999999687,p3_m1,0,0.010568065635351759,0.0,6.484320580890872e-07
1.2899999999999687,p3_m2,0,-0.0066245868259014705,0.0,6.484320580890872e-07
1.2899999999999687,p3_m3,0,-0.016121949947667153,0.0,6.484320580890872e-07
1.2999999999999676,p0_m0,0,-0.1010779188616297,0.0,1.079766366053618e-06
1.2999999999999676,p0_m1,0,0.1111361623084338,0.0,1.079766366053618e-06
1.2999999999999676,p0_m2,0,0.11345329548996635,0.0,1.079766366053618e-06
1.2999999999999676,p0_m3,0,0.07680233435978784,0.0,1.079766366053618e-06
1.2999999999999676,p1_m0,0,0.00020112094343343679,0.0,1.079766366053618e-06
1.2999999999999676,p1_m1,0,-0.19031652903932195,0.0,1.079766366053618e-06
1.2999999999999676,p1_m2,0,-0.21489815087558586,0.0,1.079766366053618e-06
1.2999999999999676,p1_m3,0,0.23221327978586043,0.0,1.079766366053618e-06
1.2999999999999676,p2_m0,0,-0.15019489998640012,0.0,1.079766366053618e-06
1.2999999999999676,p2_m1,0,0.22391806547275264,0.0,1.079766366053618e-06
1.2999999999999676,p2_m2,8,7.965748154093352,7.045330917318804e-05,1.079766366053618e-06
1.2999999999999676,p2_m3,0,0.07298266505076802,0.0,1.079766366053618e-06
1.2999999999999676,p3_m0,0,-0.18388804486862656,0.0,1.079766366053618e-06
1.2999999999999676,p3_m1,0,0.010949739440463901,0.0,1.079766366053618e-06
1.2999999999999676,p3_m2,0,-0.008056037419498669,0.0,1.079766366053618e-06
1.2999999999999676,p3_m3,0,-0.017627960513744923,0.0,1.079766366053618e-06
1.3099999999999665,p0_m0,0,-0.03659540352359596,0.0,1.1970405113134808e-06
1.3099999999999665,p0_m1,0,0.04071747708866087,0.0,1.1970405113134808e-06
1.3099999999999665,p0_m2,0,0.041544560096182036,0.0,1.1970405113134808e-06
1.3099999999999665,p0_m3,0,0.02803200743763155,0.0,1.1970405113134808e-06
1.3099999999999665,p1_m0,0,-0.0028234167566486977,0.0,1.1970405113134808e-06
1.3099999999999665,p1_m1,0,-0.06865848846653136,0.0,1.1970405113134808e-06
1.3099999999999665,p1_m2,0,-0.0763727442755031,0.0,1.1970405113134808e-06
1.3099999999999665,p1_m3,0,0.08032780556846703,0.0,1.1970405113134808e-06
1.3099999999999665,p2_m0,0,-0.0635596791796766,0.0,1.1970405113134808e-06
1.3099999999999665,p2_m1,0,0.09448313854554849,0.0,1.1970405113134808e-06
1.3099999999999665,p2_m2,8,6.458152383622321,0.0025397422838842614,1.1970405113134808e-06
1.3099999999999665,p2_m3,0,0.04708322199348124,0.0,1.1970405113134808e-06
1.3099999999999665,p3_m0,0,-0.07819625928694462,0.0,1.1970405113134808e-06
1.3099999999999665,p3_m1,0,0.009990580761148839,0.0,1.1970405113134808e-06
1.3099999999999665,p3_m2,0,0.003630486270497456,0.0,1.1970405113134808e-06
1.3099999999999665,p3_m3,0,-0.0182905480095869,0.0,1.1970405113134808e-06
1.3199999999999654,p0_m0,0,-0.06810254281718642,0.0,7.226244840286606e-07
1.3199999999999654,p0_m1,0,0.09240602209533838,0.0,7.226244840286606e-07
1.3199999999999654,p0_m2,0,0.0932981373149279,0.0,7.226244840286606e-07
1.3199999999999654,p0_m3,0,0.04060952710904096,0.0,7.226244840286606e-07
1.3199999999999654,p1_m0,0,0.007063226773544549,0.0,7.226244840286606e-07
1.3199999999999654,p1_m1,0,-0.156857535639752,0.0,7.226244840286606e-07
1.3199999999999654,p1_m2,0,-0.15924250746503388,0.0,7.226244840286606e-07
1.3199999999999654,p1_m3,0,0.14416509306155845,0.0,7.226244840286606e-07
1.3199999999999654,p2_m0,0,-0.0975815250771042,0.0,7.226244840286606e-07
1.3199999999999654,p2_m1,0,0.1683276858361756,0.0,7.226244840286606e-07
1.3199999999999654,p2_m2,8,3.3303799199727684,0.013643197256938654,7.226244840286606e-07
1.3199999999999654,p2_m3,0,0.030517762974001345,0.0,7.226244840286606e-07
1.3199999999999654,p3_m0,0,-0.13737243952485284,0.0,7.226244840286606e-07
1.3199999999999654,p3_m1,0,0.009850866027485068,0.0,7.226244840286606e-07
1.3199999999999654,p3_m2,0,0.004891857323178053,0.0,7.226244840286606e-07
1.3199999999999654,p3_m3,0,-0.01978264584167495,0.0,7.226244840286606e-07
1.3299999999999643,p0_m0,0,-0.10536560694569731,0.0,1.269003702499566e-06
1.3299999999999643,p0_m1,0,0.12147820857730982,0.0,1.269003702499566e-06
1.3299999999999643,p0_m2,0,0.12272598961729564,0.0,1.269003702499566e-06
1.3299999999999643,p0_m3,0,0.07268004504517805,0.0,1.269003702499566e-06
1.3299999999999643,p1_m0,0,0.0003176123654423104,0.0,1.269003702499566e-06
1.3299999999999643,p1_m1,0,-0.2085423203245053,0.0,1.269003702499566e-06
1.3299999999999643,p1_m2,0,-0.22686240357546286,0.0,1.269003702499566e-06
1.3299999999999643,p1_m3,0,0.23349781165344288,0.0,1.269003702499566e-06
1.3299999999999643,p2_m0,0,-0.1498578705165116,0.0,1.269003702499566e-06
1.3299999999999643,p2_m1,0,0.22870150343257514,0.0,1.269003702499566e-06
1.3299999999999643,p2_m2,8,7.882495637247046,-0.001826692689068743,1.269003702499566e-06
1.3299999999999643,p2_m3,0,0.03759302847424884,0.0,1.269003702499566e-06
1.3299999999999643,p3_m0,0,-0.186626297378603,0.0,1.269003702499566e-06
1.3299999999999643,p3_m1,0,0.007646555483689109,0.0,1.269003702499566e-06
1.3299999999999643,p3_m2,0,-0.009963375726613344,0.0,1.269003702499566e-06
1.3299999999999643,p3_m3,0,-0.009885142921461816,0.0,1.269003702499566e-06
1.3399999999999632,p0_m0,0,-0.037868871642863476,0.0,1.582473538070159e-07
1.3399999999999632,p0_m1,0,0.041442061191158626,0.0,1.582473538070159e-07
1.3399999999999632,p0_m2,0,0.04189095992105538,0.0,1.582473538070159e-07
1.3399999999999632,p0_m3,0,0.02342761114714692,0.0,1.582473538070159e-07
1.3399999999999632,p1_m0,0,-0.005371104966641061,0.0,1.582473538070159e-07
1.3399999999999632,p1_m1,0,-0.06808398278234473,0.0,1.582473538070159e-07
1.3399999999999632,p1_m2,0,-0.07363513794650299,0.0,1.582473538070159e-07
1.3399999999999632,p1_m3,0,0.0748427539791566,0.0,1.582473538070159e-07
1.3399999999999632,p2_m0,0,-0.06101380769526921,0.0,1.582473538070159e-07
1.3399999999999632,p2_m1,0,0.08942980838595636,0.0,1.582473538070159e-07
1.3399999999999632,p2_m2,8,7.966855775816686,9.941206811101556e-05,1.582473538070159e-07
1.3399999999999632,p2_m3,0,0.0046845590909328945,0.0,1.582473538070159e-07
1.3399999999999632,p3_m0,0,-0.07197570945865636,0.0,1.582473538070159e-07
1.3399999999999632,p3_m1,0,0.0060647664852750876,0.0,1.582473538070159e-07
1.3399999999999632,p3_m2,0,0.00014457216154193416,0.0,1.582473538070159e-07
1.3399999999999632,p3_m3,0,-0.011896976609656848,0.0,1.582473538070159e-07
1.3499999999999621,p0_m0,0,-0.03427552799864873,0.0,7.676641032399336e-07
1.3499999999999621,p0_m1,0,0.04746587310947673,0.0,7.676641032399336e-07
1.3499999999999621,p0_m2,0,0.04781796661121009,0.0,7.676641032399336e-07
1.3499999999999621,p0_m3,0,0.015116024428872523,0.0,7.676641032399336e-07
1.3499999999999621,p1_m0,0,0.00363512019253046,0.0,7.676641032399336e-07
1.3499999999999621,p1_m1,0,-0.07341380018322148,0.0,7.676641032399336e-07
1.3499999999999621,p1_m2,0,-0.07514687933935962,0.0,7.676641032399336e-07
1.3499999999999621,p1_m3,0,0.05945597234012137,0.0,7.676641032399336e-07
1.3499999999999621,p2_m0,0,-0.04955506818010147,0.0,7.676641032399336e-07
1.3499999999999621,p2_m1,0,0.08736996388593281,0.0,7.676641032399336e-07
1.3499999999999621,p2_m2,8,4.251583721751854,0.01032109294762535,7.676641032399336e-07
1.3499999999999621,p2_m3,0,0.003141076512443272,0.0,7.676641032399336e-07
1.3499999999999621,p3_m0,0,-0.0717770806586835,0.0,7.676641032399336e-07
1.3499999999999621,p3_m1,0,0.006795770120076615,0.0,7.676641032399336e-07
1.3499999999999621,p3_m2,0,0.007730055424350442,0.0,7.676641032399336e-07
1.3499999999999621,p3_m3,0,-0.020039532146698857,0.0,7.676641032399336e-07
1.359999999999961,p0_m0,0,-0.10522370156186336,0.0,5.825006025048904e-07
1.359999999999961,p0_m1,0,0.1277975953153493,0.0,5.825006025048904e-07
1.359999999999961,p0_m2,0,0.128995167194439,0.0,5.825006025048904e-07
1.359999999999961,p0_m3,0,0.07001284949251962,0.0,5.825006025048904e-07
1.359999999999961,p1_m0,0,0.0029755429769693156,0.0,5.825006025048904e-07
1.359999999999961,p1_m1,0,-0.22164513491721868,0.0,5.825006025048904e-07
1.359999999999961,p1_m2,0,-0.23392367359273605,0.0,5.825006025048904e-07
1.359999999999961,p1_m3,0,0.23176733410660033,0.0,5.825006025048904e-07
1.359999999999961,p2_m0,0,-0.1480701025224071,0.0,5.825006025048904e-07
1.359999999999961,p2_m1,0,0.23581370539806099,0.0,5.825006025048904e-07
1.359999999999961,p2_m2,8,2.993255166986786,0.014905166590987297,5.825006025048904e-07
1.359999999999961,p2_m3,0,0.03192622545895494,0.0,5.825006025048904e-07
1.359999999999961,p3_m0,0,-0.19123029999795407,0.0,5.825006025048904e-07
1.359999999999961,p3_m1,0,0.007964479017055407,0.0,5.825006025048904e-07
1.359999999999961,p3_m2,0,-0.007356030904659112,0.0,5.825006025048904e-07
1.359999999999961,p3_m3,0,-0.008967249595159796,0.0,5.825006025048904e-07
1.36999999999996,p0_m0,0,-0.05423133030608408,0.0,7.823194790883252e-07
1.36999999999996,p0_m1,0,0.060938444914956175,0.0,7.823194790883252e-07
1.36999999999996,p0_m2,0,0.061559806093252,0.0,7.823194790883252e-07
1.36999999999996,p0_m3,0,0.0352326327153625,0.0,7.823194790883252e-07
1.36999999999996,p1_m0,0,-0.003935778830227861,0.0,7.823194790883252e-07
1.36999999999996,p1_m1,0,-0.1019003566277642,0.0,7.823194790883252e-07
1.36999999999996,p1_m2,0,-0.11075199588473145,0.0,7.823194790883252e-07
1.36999999999996,p1_m3,0,0.1127700208145967,0.0,7.823194790883252e-07
1.36999999999996,p2_m0,0,-0.0822513055035789,0.0,7.823194790883252e-07
1.36999999999996,p2_m1,0,0.12281012265241374,0.0,7.823194790883252e-07
1.36999999999996,p2_m2,8,7.966884080361131,9.930839493408961e-05,7.823194790883252e-07
1.36999999999996,p2_m3,0,0.010469146354280479,0.0,7.823194790883252e-07
1.36999999999996,p3_m0,0,-0.09974124788099184,0.0,7.823194790883252e-07
1.36999999999996,p3_m1,0,0.0065070101578527575,0.0,7.823194790883252e-07
1.36999999999996,p3_m2,0,-0.0019877496927340277,0.0,7.823194790883252e-07
1.36999999999996,p3_m3,0,-0.011445380356096747,0.0,7.823194790883252e-07
1.3799999999999588,p0_m0,0,-0.03074196159036162,0.0,5.76276040947861e-07
1.3799999999999588,p0_m1,0,0.03903472134324564,0.0,5.76276040947861e-07
1.3799999999999588,p0_m2,0,0.03935065504948582,0.0,5.76276040947861e-07
1.3799999999999588,p0_m3,0,0.014693828305362191,0.0,5.76276040947861e-07
1.3799999999999588,p1_m0,0,0.00031821310446215136,0.0,5.76276040947861e-07
1.3799999999999588,p1_m1,0,-0.0603379852106437,0.0,5.76276040947861e-07
1.3799999999999588,p1_m2,0,-0.06307248279027758,0.0,5.76276040947861e-07
1.3799999999999588,p1_m3,0,0.053377558558032404,0.0,5.76276040947861e-07
1.3799999999999588,p2_m0,0,-0.04679374992353242,0.0,5.76276040947861e-07
1.3799999999999588,p2_m1,0,0.07646660263890862,0.0,5.76276040947861e-07
1.3799999999999588,p2_m2,8,4.93841840354901,0.007884366882498725,5.76276040947861e-07
1.3799999999999588,p2_m3,0,0.000713787742152066,0.0,5.76276040947861e-07
1.3799999999999588,p3_m0,0,-0.06265208105486604,0.0,5.76276040947861e-07
1.3799999999999588,p3_m1,0,0.007162942860772306,0.0,5.76276040947861e-07
1.3799999999999588,p3_m2,0,0.0059499724516599815,0.0,5.76276040947861e-07
1.3799999999999588,p3_m3,0,-0.01737120755104086,0.0,5.76276040947861e-07
1.3899999999999577,p0_m0,0,-0.02886852480165142,0.0,2.1124821982021716e-06
1.3899999999999577,p0_m1,0,-0.02105314282266295,0.0,2.1124821982021716e-06
1.3899999999999577,p0_m2,0,-0.02252381305613821,0.0,2.1124821982021716e-06
1.3899999999999577,p0_m3,0,0.066369029673419,0.0,2.1124821982021716e-06
1.3899999999999577,p1_m0,0,-0.015375722405454612,0.0,2.1124821982021716e-06
1.3899999999999577,p1_m1,0,-0.032099816568477664,0.0,2.1124821982021716e-06
1.3899999999999577,p1_m2,0,-0.03259790073596573,0.0,2.1124821982021716e-06
1.3899999999999577,p1_m3,0,0.07686614930711992,0.0,2.1124821982021716e-06
1.3899999999999577,p2_m0,0,-0.02295581691873824,0.0,2.1124821982021716e-06
1.3899999999999577,p2_m1,0,0.07139475356723257,0.0,2.1124821982021716e-06
1.3899999999999577,p2_m2,0,3.9859600933802666,0.0,2.1124821982021716e-06
1.3899999999999577,p2_m3,8,7.969680347786228,9.243556367085404e-05,2.1124821982021716e-06
1.3899999999999577,p3_m0,0,-0.053845911980424245,0.0,2.1124821982021716e-06
1.3899999999999577,p3_m1,0,0.009792915987961826,0.0,2.1124821982021716e-06
1.3899999999999577,p3_m2,0,-0.09691869946190988,0.0,2.1124821982021716e-06
1.3899999999999577,p3_m3,0,-0.06439657661238869,0.0,2.1124821982021716e-06
1.3999999999999566,p0_m0,0,-0.027879757638425935,0.0,4.267864465826064e-06
1.3999999999999566,p0_m1,0,-0.07016289885323616,0.0,4.267864465826064e-06
1.3999999999999566,p0_m2,0,-0.06992559486877738,0.0,4.267864465826064e-06
1.3999999999999566,p0_m3,0,0.11191417406165077,0.0,4.267864465826064e-06
1.3999999999999566,p1_m0,0,-0.05208216688215706,0.0,4.267864465826064e-06
1.3999999999999566,p1_m1,0,-0.006477046912941377,0.0,4.267864465826064e-06
1.3999999999999566,p1_m2,0,-0.005848393864177453,0.0,4.267864465826064e-06
1.3999999999999566,p1_m3,0,0.08859336693535028,0.0,4.267864465826064e-06
1.3999999999999566,p2_m0,0,-9.656769811282937e-05,0.0,4.267864465826064e-06
1.3999999999999566,p2_m1,0,0.030660709910858522,0.0,4.267864465826064e-06
1.3999999999999566,p2_m2,0,1.7293523327636477,0.0,4.267864465826064e-06
1.3999999999999566,p2_m3,8,4.474774809491416,0.009852811905089407,4.267864465826064e-06
1.3999999999999566,p3_m0,0,0.010493852009313118,0.0,4.267864465826064e-06
1.3999999999999566,p3_m1,0,-0.031739371919264646,0.0,4.267864465826064e-06
1.3999999999999566,p3_m2,0,-0.12614838096300304,0.0,4.267864465826064e-06
1.3999999999999566,p3_m3,0,0.09442171515444617,0.0,4.267864465826064e-06
1.4099999999999555,p0_m0,0,-0.04822696116142137,0.0,2.2289152456593675e-07
1.4099999999999555,p0_m1,0,-0.1007395014766236,0.0,2.2289152456593675e-07
1.4099999999999555,p0_m2,0,-0.0997307946575952,0.0,2.2289152456593675e-07
1.4099999999999555,p0_m3,0,0.14227637974283752,0.0,2.2289152456593675e-07
1.4099999999999555,p1_m0,0,-0.06784004478737887,0.0,2.2289152456593675e-07
1.4099999999999555,p1_m1,0,-0.0068105561310748425,0.0,2.2289152456593675e-07
1.4099999999999555,p1_m2,0,-0.0056810826396724145,0.0,2.2289152456593675e-07
1.4099999999999555,p1_m3,0,0.13232417201225496,0.0,2.2289152456593675e-07
1.4099999999999555,p2_m0,0,0.02520599938963179,0.0,2.2289152456593675e-07
1.4099999999999555,p2_m1,0,0.0168182260878734,0.0,2.2289152456593675e-07
1.4099999999999555,p2_m2,0,0.8199726205633225,0.0,2.2289152456593675e-07
1.4099999999999555,p2_m3,8,7.968266523108019,6.487347616195294e-05,2.2289152456593675e-07
1.4099999999999555,p3_m0,0,0.041937156354004156,0.0,2.2289152456593675e-07
1.4099999999999555,p3_m1,0,-0.02671035051359492,0.0,2.2289152456593675e-07
1.4099999999999555,p3_m2,0,-0.16793361369971366,0.0,2.2289152456593675e-07
1.4099999999999555,p3_m3,0,0.06976254073485277,0.0,2.2289152456593675e-07
1.4199999999999544,p0_m0,0,-0.008694345480160416,0.0,3.0416351479985044e-06
1.4199999999999544,p0_m1,0,-0.04627374111895972,0.0,3.0416351479985044e-06
1.4199999999999544,p0_m2,0,-0.043580607228899,0.0,3.0416351479985044e-06
1.4199999999999544,p0_m3,0,0.06308667849836015,0.0,3.0416351479985044e-06
1.4199999999999544,p1_m0,0,-0.026059572110673623,0.0,3.0416351479985044e-06
1.4199999999999544,p1_m1,0,0.0020210121508379376,0.0,3.0416351479985044e-06
1.4199999999999544,p1_m2,0,0.002456624153602518,0.0,3.0416351479985044e-06
1.4199999999999544,p1_m3,0,0.045764217353141436,0.0,3.0416351479985044e-06
1.4199999999999544,p2_m0,0,0.0030177763082656567,0.0,3.0416351479985044e-06
1.4199999999999544,p2_m1,0,0.018127908908852988,0.0,3.0416351479985044e-06
1.4199999999999544,p2_m2,0,0.34563644848866837,0.0,3.0416351479985044e-06
1.4199999999999544,p2_m3,8,7.969570177643293,9.126430343936054e-05,3.0416351479985044e-06
1.4199999999999544,p3_m0,0,-0.000753566984816942,0.0,3.0416351479985044e-06
1.4199999999999544,p3_m1,0,-0.015054914540916977,0.0,3.0416351479985044e-06
1.4199999999999544,p3_m2,0,-0.06906699988034277,0.0,3.0416351479985044e-06
1.4199999999999544,p3_m3,0,0.012926017905831491,0.0,3.0416351479985044e-06
1.4299999999999533,p0_m0,0,-0.03526647574906997,0.0,1.7654086800914887e-06
1.4299999999999533,p0_m1,0,-0.11267390050555519,0.0,1.7654086800914887e-06
1.4299999999999533,p0_m2,0,-0.11070110666018318,0.0,1.7654086800914887e-06
1.4299999999999533,p0_m3,0,0.14903953027722433,0.0,1.7654086800914887e-06
1.4299999999999533,p1_m0,0,-0.07538422574186647,0.0,1.7654086800914887e-06
1.4299999999999533,p1_m1,0,0.00973205889690443,0.0,1.7654086800914887e-06
1.4299999999999533,p1_m2,0,0.010920427939663854,0.0,1.7654086800914887e-06
1.4299999999999533,p1_m3,0,0.1139177757392432,0.0,1.7654086800914887e-06
1.4299999999999533,p2_m0,0,0.025035379879888596,0.0,1.7654086800914887e-06
1.4299999999999533,p2_m1,0,0.004083364477339501,0.0,1.7654086800914887e-06
1.4299999999999533,p2_m2,0,0.175121160165615,0.0,1.7654086800914887e-06
1.4299999999999533,p2_m3,8,4.135436596034093,0.011208276582709495,1.7654086800914887e-06
1.4299999999999533,p3_m0,0,0.05330190464630127,0.0,1.7654086800914887e-06
1.4299999999999533,p3_m1,0,-0.04954059358683101,0.0,1.7654086800914887e-06
1.4299999999999533,p3_m2,0,-0.16799125334407086,0.0,1.7654086800914887e-06
1.4299999999999533,p3_m3,0,0.14588706686380462,0.0,1.7654086800914887e-06
1.4399999999999522,p0_m0,0,-0.023308934430856215,0.0,6.258313066963176e-07
1.4399999999999522,p0_m1,0,-0.07991904539879865,0.0,6.258313066963176e-07
1.4399999999999522,p0_m2,0,-0.07884738753958331,0.0,6.258313066963176e-07
1.4399999999999522,p0_m3,0,0.1038350731903004,0.0,6.258313066963176e-07
1.4399999999999522,p1_m0,0,-0.05203391683113636,0.0,6.258313066963176e-07
1.4399999999999522,p1_m1,0,0.007149687909900656,0.0,6.258313066963176e-07
1.4399999999999522,p1_m2,0,0.007951073930523647,0.0,6.258313066963176e-07
1.4399999999999522,p1_m3,0,0.08155052698799695,0.0,6.258313066963176e-07
1.4399999999999522,p2_m0,0,0.019341101106336748,0.0,6.258313066963176e-07
1.4399999999999522,p2_m1,0,0.0037478822914404626,0.0,6.258313066963176e-07
1.4399999999999522,p2_m2,0,0.08412541908085654,0.0,6.258313066963176e-07
1.4399999999999522,p2_m3,8,7.969279813088571,9.223804553508953e-05,6.258313066963176e-07
1.4399999999999522,p3_m0,0,0.03340451662153906,0.0,6.258313066963176e-07
1.4399999999999522,p3_m1,0,-0.03245181614882361,0.0,6.258313066963176e-07
1.4399999999999522,p3_m2,0,-0.10763378772226995,0.0,6.258313066963176e-07
1.4399999999999522,p3_m3,0,0.06825566214291422,0.0,6.258313066963176e-07
1.449999999999951,p0_m0,0,-0.0019190988395780524,0.0,1.1247788075981868e-06
1.449999999999951,p0_m1,0,-0.03494127192960967,0.0,1.1247788075981868e-06
1.449999999999951,p0_m2,0,-0.03456733314350704,0.0,1.1247788075981868e-06
1.449999999999951,p0_m3,0,0.04427292214810047,0.0,1.1247788075981868e-06
1.449999999999951,p1_m0,0,-0.020147486311712117,0.0,1.1247788075981868e-06
1.449999999999951,p1_m1,0,0.006124976002474374,0.0,1.1247788075981868e-06
1.449999999999951,p1_m2,0,0.006411780620839929,0.0,1.1247788075981868e-06
1.449999999999951,p1_m3,0,0.028071737937905693,0.0,1.1247788075981868e-06
1.449999999999951,p2_m0,0,0.00449136754532488,0.0,1.1247788075981868e-06
1.449999999999951,p2_m1,0,0.006342987267108543,0.0,1.1247788075981868e-06
1.449999999999951,p2_m2,0,0.03344528973801732,0.0,1.1247788075981868e-06
1.449999999999951,p2_m3,8,7.969269135218354,9.216479687769929e-05,1.1247788075981868e-06
1.449999999999951,p3_m0,0,0.004401448931042432,0.0,1.1247788075981868e-06
1.449999999999951,p3_m1,0,-0.018949821251614714,0.0,1.1247788075981868e-06
1.449999999999951,p3_m2,0,-0.031487253777006126,0.0,1.1247788075981868e-06
1.449999999999951,p3_m3,0,0.019334563774046288,0.0,1.1247788075981868e-06
1.45999999999995,p0_m0,0,-0.00885024084355526,0.0,1.3599569752330795e-06
1.45999999999995,p0_m1,0,-0.06467303336702496,0.0,1.3599569752330795e-06
1.45999999999995,p0_m2,0,-0.06400830417187256,0.0,1.3599569752330795e-06
1.45999999999995,p0_m3,0,0.08632306600507353,0.0,1.3599569752330795e-06
1.45999999999995,p1_m0,0,-0.04631196050429427,0.0,1.3599569752330795e-06
1.45999999999995,p1_m1,0,0.013056490715558353,0.0,1.3599569752330795e-06
1.45999999999995,p1_m2,0,0.013697500560328995,0.0,1.3599569752330795e-06
1.45999999999995,p1_m3,0,0.04855711481017593,0.0,1.3599569752330795e-06
1.45999999999995,p2_m0,0,0.00611754020140727,0.0,1.3599569752330795e-06
1.45999999999995,p2_m1,0,0.0007707018388081966,0.0,1.3599569752330795e-06
1.45999999999995,p2_m2,0,0.010288011536683206,0.0,1.3599569752330795e-06
1.45999999999995,p2_m3,8,4.682401264487332,0.008990154781332345,1.3599569752330795e-06
1.45999999999995,p3_m0,0,0.02692230912786293,0.0,1.3599569752330795e-06
1.45999999999995,p3_m1,0,-0.04747495499473901,0.0,1.3599569752330795e-06
1.45999999999995,p3_m2,0,-0.07627433026149827,0.0,1.3599569752330795e-06
1.45999999999995,p3_m3,0,0.10751216225461491,0.0,1.3599569752330795e-06
1.469999999999949,p0_m0,0,-0.02710784139611811,0.0,7.863008194019172e-07
1.469999999999949,p0_m1,0,-0.08378894453361836,0.0,7.863008194019172e-07
1.469999999999949,p0_m2,0,-0.08288071583236818,0.0,7.863008194019172e-07
1.469999999999949,p0_m3,0,0.10886497043769029,0.0,7.863008194019172e-07
1.469999999999949,p1_m0,0,-0.05636865814900456,0.0,7.863008194019172e-07
1.469999999999949,p1_m1,0,0.007809304364699608,0.0,7.863008194019172e-07
1.469999999999949,p1_m2,0,0.008655201225637607,0.0,7.863008194019172e-07
1.469999999999949,p1_m3,0,0.0859107779152083,0.0,7.863008194019172e-07
1.469999999999949,p2_m0,0,0.020629647660083503,0.0,7.863008194019172e-07
1.469999999999949,p2_m1,0,0.001996037615632659,0.0,7.863008194019172e-07
1.469999999999949,p2_m2,0,0.006800137130790033,0.0,7.863008194019172e-07
1.469999999999949,p2_m3,8,7.969100215951591,9.662896237830232e-05,7.863008194019172e-07
1.469999999999949,p3_m0,0,0.03990335435506439,0.0,7.863008194019172e-07
1.469999999999949,p3_m1,0,-0.02857199260540467,0.0,7.863008194019172e-07
1.469999999999949,p3_m2,0,-0.11709272375506716,0.0,7.863008194019172e-07
1.469999999999949,p3_m3,0,0.0859694068982885,0.0,7.863008194019172e-07
1.4799999999999478,p0_m0,0,-0.004539293690969327,0.0,2.536914675744894e-07
1.4799999999999478,p0_m1,0,-0.03593791112949419,0.0,2.536914675744894e-07
1.4799999999999478,p0_m2,0,-0.03561414578995662,0.0,2.536914675744894e-07
1.4799999999999478,p0_m3,0,0.04522205085092483,0.0,2.536914675744894e-07
1.4799999999999478,p1_m0,0,-0.02281138906268185,0.0,2.536914675744894e-07
1.4799999999999478,p1_m1,0,0.006851290678110395,0.0,2.536914675744894e-07
1.4799999999999478,p1_m2,0,0.007155191381894961,0.0,2.536914675744894e-07
1.4799999999999478,p1_m3,0,0.028911178851816224,0.0,2.536914675744894e-07
1.4799999999999478,p2_m0,0,0.004711647955638302,0.0,2.536914675744894e-07
1.4799999999999478,p2_m1,0,0.004834737697254663,0.0,2.536914675744894e-07
1.4799999999999478,p2_m2,0,0.006460162867855,0.0,2.536914675744894e-07
1.4799999999999478,p2_m3,8,7.968874769643863,9.334107589497443e-05,2.536914675744894e-07
1.4799999999999478,p3_m0,0,0.008459239303993997,0.0,2.536914675744894e-07
1.4799999999999478,p3_m1,0,-0.006482407549056529,0.0,2.536914675744894e-07
1.4799999999999478,p3_m2,0,-0.036501996428166456,0.0,2.536914675744894e-07
1.4799999999999478,p3_m3,0,0.027846836585130666,0.0,2.536914675744894e-07
1.4899999999999467,p0_m0,0,0.00036688603716776233,0.0,1.098667340804917e-06
1.4899999999999467,p0_m1,0,-0.032380388377911795,0.0,1.098667340804917e-06
1.4899999999999467,p0_m2,0,-0.032101418732116374,0.0,1.098667340804917e-06
1.4899999999999467,p0_m3,0,0.04151245573256443,0.0,1.098667340804917e-06
1.4899999999999467,p1_m0,0,-0.022343687461092356,0.0,1.098667340804917e-06
1.4899999999999467,p1_m1,0,0.008631264209740794,0.0,1.098667340804917e-06
1.4899999999999467,p1_m2,0,0.008907569058841998,0.0,1.098667340804917e-06
1.4899999999999467,p1_m3,0,0.019722053118769307,0.0,1.098667340804917e-06
1.4899999999999467,p2_m0,0,0.0010315727170892499,0.0,1.098667340804917e-06
1.4899999999999467,p2_m1,0,0.0033068633114739974,0.0,1.098667340804917e-06
1.4899999999999467,p2_m2,0,0.0040392744740843116,0.0,1.098667340804917e-06
1.4899999999999467,p2_m3,8,5.911013979359981,0.00451595079909722,1.098667340804917e-06
1.4899999999999467,p3_m0,0,0.007903024714101876,0.0,1.098667340804917e-06
1.4899999999999467,p3_m1,0,-0.019406081897556892,0.0,1.098667340804917e-06
1.4899999999999467,p3_m2,0,-0.029279575169211924,0.0,1.098667340804917e-06
1.4899999999999467,p3_m3,0,0.03836440340395169,0.0,1.098667340804917e-06
1.4999999999999456,p0_m0,0,-0.03555540762737418,0.0,6.212005327378861e-07
1.4999999999999456,p0_m1,0,-0.11021883318873052,0.0,6.212005327378861e-07
1.4999999999999456,p0_m2,0,-0.1090109989104155,0.0,6.212005327378861e-07
1.4999999999999456,p0_m3,0,0.14206559093481483,0.0,6.212005327378861e-07
1.4999999999999456,p1_m0,0,-0.07349340807112865,0.0,6.212005327378861e-07
1.4999999999999456,p1_m1,0,0.010405171495728258,0.0,6.212005327378861e-07
1.4999999999999456,p1_m2,0,0.011522297532738037,0.0,6.212005327378861e-07
1.4999999999999456,p1_m3,0,0.1128182752665259,0.0,6.212005327378861e-07
1.4999999999999456,p2_m0,0,0.0297468279464847,0.0,6.212005327378861e-07
1.4999999999999456,p2_m1,0,-0.0013901817971589314,0.0,6.212005327378861e-07
1.4999999999999456,p2_m2,0,-0.001460604922330888,0.0,6.212005327378861e-07
1.4999999999999456,p2_m3,8,7.902802437253164,-0.0014139079275120956,6.212005327378861e-07
1.4999999999999456,p3_m0,0,0.0569094100707548,0.0,6.212005327378861e-07
1.4999999999999456,p3_m1,0,-0.03365820412013161,0.0,6.212005327378861e-07
1.4999999999999456,p3_m2,0,-0.15634851465281852,0.0,6.212005327378861e-07
1.4999999999999456,p3_m3,0,0.11592244991701431,0.0,6.212005327378861e-07
1.5099999999999445,p0_m0,0,0.09161638546044855,0.0,4.251702936629713e-07
1.5099999999999445,p0_m1,0,-0.2411726936101035,0.0,4.251702936629713e-07
1.5099999999999445,p0_m2,0,-0.24055145357182955,0.0,4.251702936629713e-07
1.5099999999999445,p0_m3,0,0.15704897407984747,0.0,4.251702936629713e-07
1.5099999999999445,p1_m0,0,-0.127345430683264,0.0,4.251702936629713e-07
1.5099999999999445,p1_m1,0,0.1965026464074562,0.0,4.251702936629713e-07
1.5099999999999445,p1_m2,0,0.19758640826254711,0.0,4.251702936629713e-07
1.5099999999999445,p1_m3,0,-0.050564192169098555,0.0,4.251702936629713e-07
1.5099999999999445,p2_m0,0,0.07798348704652375,0.0,4.251702936629713e-07
1.5099999999999445,p2_m1,0,-0.17811415414866166,0.0,4.251702936629713e-07
1.5099999999999445,p2_m2,0,-0.17693090494615143,0.0,4.251702936629713e-07
1.5099999999999445,p2_m3,0,7.557906950290029,0.0,4.251702936629713e-07
1.5099999999999445,p3_m0,8,0.8819166467131723,0.015,4.251702936629713e-07
1.5099999999999445,p3_m1,0,-0.05384346457768897,0.0,4.251702936629713e-07
1.5099999999999445,p3_m2,0,-0.12482987992635013,0.0,4.251702936629713e-07
1.5099999999999445,p3_m3,0,0.2361699557647346,0.0,4.251702936629713e-07
1.5199999999999434,p0_m0,0,0.12180994587893519,0.0,2.116865893693297e-06
1.5199999999999434,p0_m1,0,-0.2637584984247215,0.0,2.116865893693297e-06
1.5199999999999434,p0_m2,0,-0.26334476350886815,0.0,2.116865893693297e-06
1.5199999999999434,p0_m3,0,0.15341426062561506,0.0,2.116865893693297e-06
1.5199999999999434,p1_m0,0,-0.13672411140257126,0.0,2.116865893693297e-06
1.5199999999999434,p1_m1,0,0.237381504088379,0.0,2.116865893693297e-06
1.5199999999999434,p1_m2,0,0.23750253747666258,0.0,2.116865893693297e-06
1.5199999999999434,p1_m3,0,-0.08451609544532265,0.0,2.116865893693297e-06
1.5199999999999434,p2_m0,0,0.08109497717063002,0.0,2.116865893693297e-06
1.5199999999999434,p2_m1,0,-0.2166779999230423,0.0,2.116865893693297e-06
1.5199999999999434,p2_m2,0,-0.21585756458002367,0.0,2.116865893693297e-06
1.5199999999999434,p2_m3,0,7.227519894523697,0.0,2.116865893693297e-06
1.5199999999999434,p3_m0,8,1.1532305785169172,0.015,2.116865893693297e-06
1.5199999999999434,p3_m1,0,-0.09193674903769349,0.0,2.116865893693297e-06
1.5199999999999434,p3_m2,0,-0.11369913953684804,0.0,2.116865893693297e-06
1.5199999999999434,p3_m3,0,0.26574266343486475,0.0,2.116865893693297e-06
1.5299999999999423,p0_m0,0,0.12037175268043497,0.0,2.157168857313213e-06
1.5299999999999423,p0_m1,0,-0.2692765580535774,0.0,2.157168857313213e-06
1.5299999999999423,p0_m2,0,-0.2688047724157536,0.0,2.157168857313213e-06
1.5299999999999423,p0_m3,0,0.15987067493198942,0.0,2.157168857313213e-06
1.5299999999999423,p1_m0,0,-0.1436879146670965,0.0,2.157168857313213e-06
1.5299999999999423,p1_m1,0,0.23912853404516618,0.0,2.157168857313213e-06
1.5299999999999423,p1_m2,0,0.23580082924444498,0.0,2.157168857313213e-06
1.5299999999999423,p1_m3,0,-0.07565860817748707,0.0,2.157168857313213e-06
1.5299999999999423,p2_m0,0,0.0870031128101306,0.0,2.157168857313213e-06
1.5299999999999423,p2_m1,0,-0.21828362113000238,0.0,2.157168857313213e-06
1.5299999999999423,p2_m2,0,-0.2176971948152814,0.0,2.157168857313213e-06
1.5299999999999423,p2_m3,0,2.855988957738158,0.0,2.157168857313213e-06
1.5299999999999423,p3_m0,8,1.2480167934331554,0.015,2.157168857313213e-06
1.5299999999999423,p3_m1,0,-0.13568275183693587,0.0,2.157168857313213e-06
1.5299999999999423,p3_m2,0,-0.12750496711072368,0.0,2.157168857313213e-06
1.5299999999999423,p3_m3,0,0.2939524102553514,0.0,2.157168857313213e-06
1.5399999999999412,p0_m0,0,0.11857490047745112,0.0,1.8619786720892638e-06
1.5399999999999412,p0_m1,0,-0.26003494953564815,0.0,1.8619786720892638e-06
1.5399999999999412,p0_m2,0,-0.25962577107864626,0.0,1.8619786720892638e-06
1.5399999999999412,p0_m3,0,0.1545943871549148,0.0,1.8619786720892638e-06
1.5399999999999412,p1_m0,0,-0.13798816347848977,0.0,1.8619786720892638e-06
1.5399999999999412,p1_m1,0,0.23408673796678714,0.0,1.8619786720892638e-06
1.5399999999999412,p1_m2,0,0.2301093684653115,0.0,1.8619786720892638e-06
1.5399999999999412,p1_m3,0,-0.07536726220228597,0.0,1.8619786720892638e-06
1.5399999999999412,p2_m0,0,0.086861207133446,0.0,1.8619786720892638e-06
1.5399999999999412,p2_m1,0,-0.21650666119967016,0.0,1.8619786720892638e-06
1.5399999999999412,p2_m2,0,-0.21615505439706614,0.0,1.8619786720892638e-06
1.5399999999999412,p2_m3,0,1.0757371689109516,0.0,1.8619786720892638e-06
1.5399999999999412,p3_m0,8,1.273553943632275,0.015,1.8619786720892638e-06
1.5399999999999412,p3_m1,0,-0.1399046153428558,0.0,1.8619786720892638e-06
1.5399999999999412,p3_m2,0,-0.12384762575350866,0.0,1.8619786720892638e-06
1.5399999999999412,p3_m3,0,0.28716794818611774,0.0,1.8619786720892638e-06
1.54999999999994,p0_m0,0,0.11765821678278232,0.0,1.7211130734963073e-06
1.54999999999994,p0_m1,0,-0.2517190404112544,0.0,1.7211130734963073e-06
1.54999999999994,p0_m2,0,-0.25136753932119815,0.0,1.7211130734963073e-06
1.54999999999994,p0_m3,0,0.1493164429392587,0.0,1.7211130734963073e-06
1.54999999999994,p1_m0,0,-0.1316247209222312,0.0,1.7211130734963073e-06
1.54999999999994,p1_m1,0,0.22944109370139085,0.0,1.7211130734963073e-06
1.54999999999994,p1_m2,0,0.2256246369962755,0.0,1.7211130734963073e-06
1.54999999999994,p1_m3,0,-0.07631686860216276,0.0,1.7211130734963073e-06
1.54999999999994,p2_m0,0,0.08613500456060331,0.0,1.7211130734963073e-06
1.54999999999994,p2_m1,0,-0.21526674114554198,0.0,1.7211130734963073e-06
1.54999999999994,p2_m2,0,-0.21508053840896865,0.0,1.7211130734963073e-06
1.54999999999994,p2_m3,0,0.457275933654474,0.0,1.7211130734963073e-06
1.54999999999994,p3_m0,8,1.2788008735898593,0.015,1.7211130734963073e-06
1.54999999999994,p3_m1,0,-0.13582505496897987,0.0,1.7211130734963073e-06
1.54999999999994,p3_m2,0,-0.1184681168592526,0.0,1.7211130734963073e-06
1.54999999999994,p3_m3,0,0.2770310317995601,0.0,1.7211130734963073e-06
1.559999999999939,p0_m0,0,0.12088749643853385,0.0,1.659166628028952e-06
1.559999999999939,p0_m1,0,-0.25892941433683936,0.0,1.659166628028952e-06
1.559999999999939,p0_m2,0,-0.2585998035217063,0.0,1.659166628028952e-06
1.559999999999939,p0_m3,0,0.1469474395721676,0.0,1.659166628028952e-06
1.559999999999939,p1_m0,0,-0.12997165323831847,0.0,1.659166628028952e-06
1.559999999999939,p1_m1,0,0.23761165554840077,0.0,1.659166628028952e-06
1.559999999999939,p1_m2,0,0.23541871505527082,0.0,1.659166628028952e-06
1.559999999999939,p1_m3,0,-0.0769422178947698,0.0,1.659166628028952e-06
1.559999999999939,p2_m0,0,0.09225090355830053,0.0,1.659166628028952e-06
1.559999999999939,p2_m1,0,-0.22726246038686435,0.0,1.659166628028952e-06
1.559999999999939,p2_m2,0,-0.22710825185703398,0.0,1.659166628028952e-06
1.559999999999939,p2_m3,0,0.25168674397990953,0.0,1.659166628028952e-06
1.559999999999939,p3_m0,8,1.2866682153669193,0.015,1.659166628028952e-06
1.559999999999939,p3_m1,0,-0.13967001886706606,0.0,1.659166628028952e-06
1.559999999999939,p3_m2,0,-0.12088956797719237,0.0,1.659166628028952e-06
1.559999999999939,p3_m3,0,0.28321172063492295,0.0,1.659166628028952e-06
1.569999999999938,p0_m0,0,0.1339474946802663,0.0,1.5623598607543501e-06
1.569999999999938,p0_m1,0,-0.2779946621608347,0.0,1.5623598607543501e-06
1.569999999999938,p0_m2,0,-0.27763522494354165,0.0,1.5623598607543501e-06
1.569999999999938,p0_m3,0,0.15020026517504284,0.0,1.5623598607543501e-06
1.569999999999938,p1_m0,0,-0.13399150632231377,0.0,1.5623598607543501e-06
1.569999999999938,p1_m1,0,0.2533596857744853,0.0,1.5623598607543501e-06
1.569999999999938,p1_m2,0,0.25260069906504184,0.0,1.5623598607543501e-06
1.569999999999938,p1_m3,0,-0.07522287631681501,0.0,1.5623598607543501e-06
1.569999999999938,p2_m0,0,0.10240931428549374,0.0,1.5623598607543501e-06
1.569999999999938,p2_m1,0,-0.2460139340678963,0.0,1.5623598607543501e-06
1.569999999999938,p2_m2,0,-0.2458805414165918,0.0,1.5623598607543501e-06
1.569999999999938,p2_m3,0,0.19549185953042134,0.0,1.5623598607543501e-06
1.569999999999938,p3_m0,8,1.8920985738320477,0.015,1.5623598607543501e-06
1.569999999999938,p3_m1,0,-0.1513669200082914,0.0,1.5623598607543501e-06
1.569999999999938,p3_m2,0,-0.12928893647061326,0.0,1.5623598607543501e-06
1.569999999999938,p3_m3,0,0.3051139871523562,0.0,1.5623598607543501e-06
1.5799999999999368,p0_m0,0,0.14634806299420292,0.0,1.5482091199826988e-06
1.5799999999999368,p0_m1,0,-0.28765742827474566,0.0,1.5482091199826988e-06
1.5799999999999368,p0_m2,0,-0.28728043276531257,0.0,1.5482091199826988e-06
1.5799999999999368,p0_m3,0,0.15285354043596422,0.0,1.5482091199826988e-06
1.5799999999999368,p1_m0,0,-0.1372134280027038,0.0,1.5482091199826988e-06
1.5799999999999368,p1_m1,0,0.2611924540263166,0.0,1.5482091199826988e-06
1.5799999999999368,p1_m2,0,0.26087849473688274,0.0,1.5482091199826988e-06
1.5799999999999368,p1_m3,0,-0.07499410797767662,0.0,1.5482091199826988e-06
1.5799999999999368,p2_m0,0,0.10685612819778015,0.0,1.5482091199826988e-06
1.5799999999999368,p2_m1,0,-0.2549521337528582,0.0,1.5482091199826988e-06
1.5799999999999368,p2_m2,0,-0.2548792343013029,0.0,1.5482091199826988e-06
1.5799999999999368,p2_m3,0,0.17893106716897283,0.0,1.5482091199826988e-06
1.5799999999999368,p3_m0,8,2.1886988780842,0.015,1.5482091199826988e-06
1.5799999999999368,p3_m1,0,-0.15759146665693607,0.0,1.5482091199826988e-06
1.5799999999999368,p3_m2,0,-0.13335028583202158,0.0,1.5482091199826988e-06
1.5799999999999368,p3_m3,0,0.3166847797384827,0.0,1.5482091199826988e-06
1.5899999999999357,p0_m0,0,0.15812758229160906,0.0,1.5538577163659072e-06
1.5899999999999357,p0_m1,0,-0.2924810553733932,0.0,1.5538577163659072e-06
1.5899999999999357,p0_m2,0,-0.29209577331718206,0.0,1.5538577163659072e-06
1.5899999999999357,p0_m3,0,0.15432603388063348,0.0,1.5538577163659072e-06
1.5899999999999357,p1_m0,0,-0.1392130366679084,0.0,1.5538577163659072e-06
1.5899999999999357,p1_m1,0,0.26523323539671456,0.0,1.5538577163659072e-06
1.5899999999999357,p1_m2,0,0.26505114052862555,0.0,1.5538577163659072e-06
1.5899999999999357,p1_m3,0,-0.0754311673602998,0.0,1.5538577163659072e-06
1.5899999999999357,p2_m0,0,0.10883028832409339,0.0,1.5538577163659072e-06
1.5899999999999357,p2_m1,0,-0.2593653373197763,0.0,1.5538577163659072e-06
1.5899999999999357,p2_m2,0,-0.2593396602707896,0.0,1.5538577163659072e-06
1.5899999999999357,p2_m3,0,0.174414775100011,0.0,1.5538577163659072e-06
1.5899999999999357,p3_m0,8,2.292667520096545,0.015,1.5538577163659072e-06
1.5899999999999357,p3_m1,0,-0.16080790399951184,0.0,1.5538577163659072e-06
1.5899999999999357,p3_m2,0,-0.135353009739556,0.0,1.5538577163659072e-06
1.5899999999999357,p3_m3,0,0.3224886596147518,0.0,1.5538577163659072e-06
1.5999999999999346,p0_m0,0,0.1693177414869298,0.0,1.5591933701094779e-06
1.5999999999999346,p0_m1,0,-0.2947789946832355,0.0,1.5591933701094779e-06
1.5999999999999346,p0_m2,0,-0.2943894980764673,0.0,1.5591933701094779e-06
1.5999999999999346,p0_m3,0,0.15506541414575822,0.0,1.5591933701094779e-06
1.5999999999999346,p1_m0,0,-0.14031830627072236,0.0,1.5591933701094779e-06
1.5999999999999346,p1_m1,0,0.267208277512742,0.0,1.5591933701094779e-06
1.5999999999999346,p1_m2,0,0.267063314896988,0.0,1.5591933701094779e-06
1.5999999999999346,p1_m3,0,-0.07582071885615864,0.0,1.5591933701094779e-06
1.5999999999999346,p2_m0,0,0.10967088331048729,0.0,1.5591933701094779e-06
1.5999999999999346,p2_m1,0,-0.26142320878440356,0.0,1.5591933701094779e-06
1.5999999999999346,p2_m2,0,-0.26142599258243393,0.0,1.5591933701094779e-06
1.5999999999999346,p2_m3,0,0.17335243353794305,0.0,1.5591933701094779e-06
1.5999999999999346,p3_m0,8,2.329257509331134,0.015,1.5591933701094779e-06
1.5999999999999346,p3_m1,0,-0.1623995043236372,0.0,1.5591933701094779e-06
1.5999999999999346,p3_m2,0,-0.1363291855655678,0.0,1.5591933701094779e-06
1.5999999999999346,p3_m3,0,0.32528709229187736,0.0,1.5591933701094779e-06
1.6099999999999335,p0_m0,0,0.1799458971257039,0.0,1.5618529072723221e-06
1.6099999999999335,p0_m1,0,-0.29584248441218336,0.0,1.5618529072723221e-06
1.6099999999999335,p0_m2,0,-0.29545067346233844,0.0,1.5618529072723221e-06
1.6099999999999335,p0_m3,0,0.15540936381885515,0.0,1.5618529072723221e-06
1.6099999999999335,p1_m0,0,-0.14090268580689858,0.0,1.5618529072723221e-06
1.6099999999999335,p1_m1,0,0.2681505023063115,0.0,1.5618529072723221e-06
1.6099999999999335,p1_m2,0,0.26801583548796093,0.0,1.5618529072723221e-06
1.6099999999999335,p1_m3,0,-0.07607521053606772,0.0,1.5618529072723221e-06
1.6099999999999335,p2_m0,0,0.11000919383226111,0.0,1.5618529072723221e-06
1.6099999999999335,p2_m1,0,-0.26234250399882997,0.0,1.5618529072723221e-06
1.6099999999999335,p2_m2,0,-0.2623601270637516,0.0,1.5618529072723221e-06
1.6099999999999335,p2_m3,0,0.17318214877193697,0.0,1.5618529072723221e-06
1.6099999999999335,p3_m0,8,2.342203173849652,0.015,1.5618529072723221e-06
1.6099999999999335,p3_m1,0,-0.16317272967271323,0.0,1.5618529072723221e-06
1.6099999999999335,p3_m2,0,-0.13680765782235846,0.0,1.5618529072723221e-06
1.6099999999999335,p3_m3,0,0.32660337849702825,0.0,1.5618529072723221e-06
1.6199999999999324,p0_m0,0,0.1900365471966945,0.0,1.562895113854866e-06
1.6199999999999324,p0_m1,0,-0.29632598114047437,0.0,1.562895113854866e-06
1.6199999999999324,p0_m2,0,-0.2959328035138299,0.0,1.562895113854866e-06
1.6199999999999324,p0_m3,0,0.15555653086002985,0.0,1.562895113854866e-06
1.6199999999999324,p1_m0,0,-0.14120918712256086,0.0,1.562895113854866e-06
1.6199999999999324,p1_m1,0,0.2685985731316973,0.0,1.562895113854866e-06
1.6199999999999324,p1_m2,0,0.2684672632034582,0.0,1.562895113854866e-06
1.6199999999999324,p1_m3,0,-0.07622963926851006,0.0,1.562895113854866e-06
1.6199999999999324,p2_m0,0,0.11013278104471991,0.0,1.562895113854866e-06
1.6199999999999324,p2_m1,0,-0.262736747680689,0.0,1.562895113854866e-06
1.6199999999999324,p2_m2,0,-0.26276123096548515,0.0,1.562895113854866e-06
1.6199999999999324,p2_m3,0,0.17319437136537869,0.0,1.562895113854866e-06
1.6199999999999324,p3_m0,8,2.3468168243458147,0.015,1.562895113854866e-06
1.6199999999999324,p3_m1,0,-0.163548630297,0.0,1.562895113854866e-06
1.6199999999999324,p3_m2,0,-0.13704809784024252,0.0,1.562895113854866e-06
1.6199999999999324,p3_m3,0,0.32721324780085376,0.0,1.562895113854866e-06
1.6299999999999313,p0_m0,0,0.19961227914336496,0.0,1.56324244332575e-06
1.6299999999999313,p0_m1,0,-0.2965437044798485,0.0,1.56324244332575e-06
1.6299999999999313,p0_m2,0,-0.2961496677327987,0.0,1.56324244332575e-06
1.6299999999999313,p0_m3,0,0.15561172829468192,0.0,1.56324244332575e-06
1.6299999999999313,p1_m0,0,-0.14137256547771576,0.0,1.56324244332575e-06
1.6299999999999313,p1_m1,0,0.26881498532383746,0.0,1.56324244332575e-06
1.6299999999999313,p1_m2,0,0.2686854101645041,0.0,1.56324244332575e-06
1.6299999999999313,p1_m3,0,-0.07632342998111567,0.0,1.56324244332575e-06
1.6299999999999313,p2_m0,0,0.11016889739458288,0.0,1.56324244332575e-06
1.6299999999999313,p2_m1,0,-0.26289740125267064,0.0,1.56324244332575e-06
1.6299999999999313,p2_m2,0,-0.2629246135594633,0.0,1.56324244332575e-06
1.6299999999999313,p2_m3,0,0.17321893476164923,0.0,1.56324244332575e-06
1.6299999999999313,p3_m0,8,2.348477895679977,0.015,1.56324244332575e-06
1.6299999999999313,p3_m1,0,-0.16373471916413612,0.0,1.56324244332575e-06
1.6299999999999313,p3_m2,0,-0.13717438997102552,0.0,1.56324244332575e-06
1.6299999999999313,p3_m3,0,0.32749367404330076,0.0,1.56324244332575e-06
1.6399999999999302,p0_m0,0,0.20851426902217707,0.0,5.425451937002512e-07
1.6399999999999302,p0_m1,0,0.05091403417772361,0.0,5.425451937002512e-07
1.6399999999999302,p0_m2,0,0.04993643254432753,0.0,5.425451937002512e-07
1.6399999999999302,p0_m3,0,-0.07281282886554495,0.0,5.425451937002512e-07
1.6399999999999302,p1_m0,0,0.008881032880793878,0.0,5.425451937002512e-07
1.6399999999999302,p1_m1,0,0.03094686331443502,0.0,5.425451937002512e-07
1.6399999999999302,p1_m2,0,0.029182377176967835,0.0,5.425451937002512e-07
1.6399999999999302,p1_m3,0,-0.12524117944565874,0.0,5.425451937002512e-07
1.6399999999999302,p2_m0,0,-0.024164370333429046,0.0,5.425451937002512e-07
1.6399999999999302,p2_m1,0,-0.05454667847806212,0.0,5.425451937002512e-07
1.6399999999999302,p2_m2,0,-0.07647864095975374,0.0,5.425451937002512e-07
1.6399999999999302,p2_m3,0,-0.043584189086609916,0.0,5.425451937002512e-07
1.6399999999999302,p3_m0,0,0.7236966245082536,0.0,5.425451937002512e-07
1.6399999999999302,p3_m1,8,0.9925815952763122,0.015,5.425451937002512e-07
1.6399999999999302,p3_m2,0,0.12162353600164887,0.0,5.425451937002512e-07
1.6399999999999302,p3_m3,0,-0.1268215692141245,0.0,5.425451937002512e-07
1.649999999999929,p0_m0,0,0.21715558016019376,0.0,9.509181131180595e-08
1.649999999999929,p0_m1,0,0.08669698067859023,0.0,9.509181131180595e-08
1.649999999999929,p0_m2,0,0.08589548592587214,0.0,9.509181131180595e-08
1.649999999999929,p0_m3,0,-0.08194277473580985,0.0,9.509181131180595e-08
1.649999999999929,p1_m0,0,0.04037954014987319,0.0,9.509181131180595e-08
1.649999999999929,p1_m1,0,-0.022832427943315636,0.0,9.509181131180595e-08
1.649999999999929,p1_m2,0,-0.02390113176981402,0.0,9.509181131180595e-08
1.649999999999929,p1_m3,0,-0.07731727585627514,0.0,9.509181131180595e-08
1.649999999999929,p2_m0,0,-0.031731670166493364,0.0,9.509181131180595e-08
1.649999999999929,p2_m1,0,0.002219754500215825,0.0,9.509181131180595e-08
1.649999999999929,p2_m2,0,-0.013753353595957626,0.0,9.509181131180595e-08
1.649999999999929,p2_m3,0,-0.07721102123631547,0.0,9.509181131180595e-08
1.649999999999929,p3_m0,0,0.19819133619339602,0.0,9.509181131180595e-08
1.649999999999929,p3_m1,8,7.966610875846775,9.190690479015817e-05,9.509181131180595e-08
1.649999999999929,p3_m2,0,0.12275689764069175,0.0,9.509181131180595e-08
1.649999999999929,p3_m3,0,-0.16378088452179274,0.0,9.509181131180595e-08
1.659999999999928,p0_m0,0,0.08321011309634556,0.0,8.359923156696855e-07
1.659999999999928,p0_m1,0,0.09480424690665964,0.0,8.359923156696855e-07
1.659999999999928,p0_m2,0,0.09400704851520941,0.0,8.359923156696855e-07
1.659999999999928,p0_m3,0,-0.09658748135874287,0.0,8.359923156696855e-07
1.659999999999928,p1_m0,0,0.04967367328017104,0.0,8.359923156696855e-07
1.659999999999928,p1_m1,0,-0.03340477564529704,0.0,8.359923156696855e-07
1.659999999999928,p1_m2,0,-0.03425593311102888,0.0,8.359923156696855e-07
1.659999999999928,p1_m3,0,-0.0646360938473912,0.0,8.359923156696855e-07
1.659999999999928,p2_m0,0,-0.03042890072444339,0.0,8.359923156696855e-07
1.659999999999928,p2_m1,0,0.0161936562269256,0.0,8.359923156696855e-07
1.659999999999928,p2_m2,0,0.010137537170226269,0.0,8.359923156696855e-07
1.659999999999928,p2_m3,0,-0.1167233740281899,0.0,8.359923156696855e-07
1.659999999999928,p3_m0,0,0.028942374805502786,0.0,8.359923156696855e-07
1.659999999999928,p3_m1,8,3.772412970969719,0.011796102665263066,8.359923156696855e-07
1.659999999999928,p3_m2,0,0.11807281311538999,0.0,8.359923156696855e-07
1.659999999999928,p3_m3,0,-0.16998034938942752,0.0,8.359923156696855e-07
1.6699999999999269,p0_m0,0,0.041371832755217046,0.0,8.084348982435972e-08
1.6699999999999269,p0_m1,0,0.20026495486479357,0.0,8.084348982435972e-08
1.6699999999999269,p0_m2,0,0.1988122421156063,0.0,8.084348982435972e-08
1.6699999999999269,p0_m3,0,-0.18112241500979806,0.0,8.084348982435972e-08
1.6699999999999269,p1_m0,0,0.0870677673974534,0.0,8.084348982435972e-08
1.6699999999999269,p1_m1,0,-0.07426598568927095,0.0,8.084348982435972e-08
1.6699999999999269,p1_m2,0,-0.07584092705145089,0.0,8.084348982435972e-08
1.6699999999999269,p1_m3,0,-0.13412192640034243,0.0,8.084348982435972e-08
1.6699999999999269,p2_m0,0,-0.07859404583947081,0.0,8.084348982435972e-08
1.6699999999999269,p2_m1,0,0.04447493375821555,0.0,8.084348982435972e-08
1.6699999999999269,p2_m2,0,0.0517233007055231,0.0,8.084348982435972e-08
1.6699999999999269,p2_m3,0,-0.1345908657610718,0.0,8.084348982435972e-08
1.6699999999999269,p3_m0,0,-0.06280949442374577,0.0,8.084348982435972e-08
1.6699999999999269,p3_m1,8,2.3610306684271785,0.015,8.084348982435972e-08
1.6699999999999269,p3_m2,0,0.22114033091814042,0.0,8.084348982435972e-08
1.6699999999999269,p3_m3,0,-0.3278657254103325,0.0,8.084348982435972e-08
1.6799999999999258,p0_m0,0,0.02011149530499354,0.0,4.816650379573556e-07
1.6799999999999258,p0_m1,0,0.09729368801259657,0.0,4.816650379573556e-07
1.6799999999999258,p0_m2,0,0.09659417153422832,0.0,4.816650379573556e-07
1.6799999999999258,p0_m3,0,-0.08998158638145574,0.0,4.816650379573556e-07
1.6799999999999258,p1_m0,0,0.05184591234491136,0.0,4.816650379573556e-07
1.6799999999999258,p1_m1,0,-0.03955017602757539,0.0,4.816650379573556e-07
1.6799999999999258,p1_m2,0,-0.04093687223195874,0.0,4.816650379573556e-07
1.6799999999999258,p1_m3,0,-0.059991893708915126,0.0,4.816650379573556e-07
1.6799999999999258,p2_m0,0,-0.03574001178431134,0.0,4.816650379573556e-07
1.6799999999999258,p2_m1,0,0.027330362030947814,0.0,4.816650379573556e-07
1.6799999999999258,p2_m2,0,0.032403341985277216,0.0,4.816650379573556e-07
1.6799999999999258,p2_m3,0,-0.11769785883128964,0.0,4.816650379573556e-07
1.6799999999999258,p3_m0,0,-0.047196221291230966,0.0,4.816650379573556e-07
1.6799999999999258,p3_m1,8,7.146054276048765,9.935341039874946e-05,4.816650379573556e-07
1.6799999999999258,p3_m2,0,0.12019021054213659,0.0,4.816650379573556e-07
1.6799999999999258,p3_m3,0,-0.17799735467453995,0.0,4.816650379573556e-07
1.6899999999999247,p0_m0,0,0.018208197742505088,0.0,9.605981072330575e-07
1.6899999999999247,p0_m1,0,0.14104814140347197,0.0,9.605981072330575e-07
1.6899999999999247,p0_m2,0,0.14000018342887924,0.0,9.605981072330575e-07
1.6899999999999247,p0_m3,0,-0.13576658098905184,0.0,9.605981072330575e-07
1.6899999999999247,p1_m0,0,0.06760947317810913,0.0,9.605981072330575e-07
1.6899999999999247,p1_m1,0,-0.05486210159556707,0.0,9.605981072330575e-07
1.6899999999999247,p1_m2,0,-0.055752485248621614,0.0,9.605981072330575e-07
1.6899999999999247,p1_m3,0,-0.08677290650340504,0.0,9.605981072330575e-07
1.6899999999999247,p2_m0,0,-0.05042367743096333,0.0,9.605981072330575e-07
1.6899999999999247,p2_m1,0,0.036035013306225334,0.0,9.605981072330575e-07
1.6899999999999247,p2_m2,0,0.03791529088441958,0.0,9.605981072330575e-07
1.6899999999999247,p2_m3,0,-0.14989164918345127,0.0,9.605981072330575e-07
1.6899999999999247,p3_m0,0,-0.07327040132706253,0.0,9.605981072330575e-07
1.6899999999999247,p3_m1,8,3.1214004559409156,0.014089275592429933,9.605981072330575e-07
1.6899999999999247,p3_m2,0,0.1598512218882428,0.0,9.605981072330575e-07
1.6899999999999247,p3_m3,0,-0.23971139440318742,0.0,9.605981072330575e-07
1.6999999999999236,p0_m0,0,0.01699550712390129,0.0,1.5618076738384957e-07
1.6999999999999236,p0_m1,0,0.1990435947535432,0.0,1.5618076738384957e-07
1.6999999999999236,p0_m2,0,0.19764497071881912,0.0,1.5618076738384957e-07
1.6999999999999236,p0_m3,0,-0.1792074459325379,0.0,1.5618076738384957e-07
1.6999999999999236,p1_m0,0,0.08867123147982622,0.0,1.5618076738384957e-07
1.6999999999999236,p1_m1,0,-0.0761684181069762,0.0,1.5618076738384957e-07
1.6999999999999236,p1_m2,0,-0.0812362096892049,0.0,1.5618076738384957e-07
1.6999999999999236,p1_m3,0,-0.12856363690192557,0.0,1.5618076738384957e-07
1.6999999999999236,p2_m0,0,-0.07851078227242168,0.0,1.5618076738384957e-07
1.6999999999999236,p2_m1,0,0.04941617221998359,0.0,1.5618076738384957e-07
1.6999999999999236,p2_m2,0,0.06835153553211382,0.0,1.5618076738384957e-07
1.6999999999999236,p2_m3,0,-0.1385745862872459,0.0,1.5618076738384957e-07
1.6999999999999236,p3_m0,0,-0.09188957646430516,0.0,1.5618076738384957e-07
1.6999999999999236,p3_m1,8,7.852550588174897,0.015,1.5618076738384957e-07
1.6999999999999236,p3_m2,0,0.21789375357613489,0.0,1.5618076738384957e-07
1.6999999999999236,p3_m3,0,-0.32786500728727214,0.0,1.5618076738384957e-07
1.7099999999999225,p0_m0,0,0.01086528496520449,0.0,9.186728531133275e-07
1.7099999999999225,p0_m1,0,0.09402919256610251,0.0,9.186728531133275e-07
1.7099999999999225,p0_m2,0,0.09335152896771683,0.0,9.186728531133275e-07
1.7099999999999225,p0_m3,0,-0.09089499380844877,0.0,9.186728531133275e-07
1.7099999999999225,p1_m0,0,0.05308387430721695,0.0,9.186728531133275e-07
1.7099999999999225,p1_m1,0,-0.03882430234651511,0.0,9.186728531133275e-07
1.7099999999999225,p1_m2,0,-0.04057865981148999,0.0,9.186728531133275e-07
1.7099999999999225,p1_m3,0,-0.0544059087394249,0.0,9.186728531133275e-07
1.7099999999999225,p2_m0,0,-0.0324479109714169,0.0,9.186728531133275e-07
1.7099999999999225,p2_m1,0,0.02786334231111249,0.0,9.186728531133275e-07
1.7099999999999225,p2_m2,0,0.03412299117088141,0.0,9.186728531133275e-07
1.7099999999999225,p2_m3,0,-0.12196301315834501,0.0,9.186728531133275e-07
1.7099999999999225,p3_m0,0,-0.055735248276859634,0.0,9.186728531133275e-07
1.7099999999999225,p3_m1,8,5.271875260269643,0.006579468064567874,9.186728531133275e-07
1.7099999999999225,p3_m2,0,0.1129425313796509,0.0,9.186728531133275e-07
1.7099999999999225,p3_m3,0,-0.1712481571376387,0.0,9.186728531133275e-07
1.7199999999999214,p0_m0,0,0.01674704338942195,0.0,7.165469021577571e-07
1.7199999999999214,p0_m1,0,0.17538701749490168,0.0,7.165469021577571e-07
1.7199999999999214,p0_m2,0,0.17412325738734696,0.0,7.165469021577571e-07
1.7199999999999214,p0_m3,0,-0.16221740568346638,0.0,7.165469021577571e-07
1.7199999999999214,p1_m0,0,0.0792902309523969,0.0,7.165469021577571e-07
1.7199999999999214,p1_m1,0,-0.06710135988682842,0.0,7.165469021577571e-07
1.7199999999999214,p1_m2,0,-0.06802438597159231,0.0,7.165469021577571e-07
1.7199999999999214,p1_m3,0,-0.11187864566114777,0.0,7.165469021577571e-07
1.7199999999999214,p2_m0,0,-0.06689736466915064,0.0,7.165469021577571e-07
1.7199999999999214,p2_m1,0,0.043614430359792934,0.0,7.165469021577571e-07
1.7199999999999214,p2_m2,0,0.051974924421205666,0.0,7.165469021577571e-07
1.7199999999999214,p2_m3,0,-0.1478416394760109,0.0,7.165469021577571e-07
1.7199999999999214,p3_m0,0,-0.0864378559056211,0.0,7.165469021577571e-07
1.7199999999999214,p3_m1,8,2.7217741653413836,0.015,7.165469021577571e-07
1.7199999999999214,p3_m2,0,0.19423629852563473,0.0,7.165469021577571e-07
1.7199999999999214,p3_m3,0,-0.29096489375594337,0.0,7.165469021577571e-07
1.7299999999999203,p0_m0,0,0.013357741881593211,0.0,2.1273385909175677e-07
1.7299999999999203,p0_m1,0,0.16691108473382374,0.0,2.1273385909175677e-07
1.7299999999999203,p0_m2,0,0.16575297087232332,0.0,2.1273385909175677e-07
1.7299999999999203,p0_m3,0,-0.15083829558355077,0.0,2.1273385909175677e-07
1.7299999999999203,p1_m0,0,0.07789139601220617,0.0,2.1273385909175677e-07
1.7299999999999203,p1_m1,0,-0.06589825389973618,0.0,2.1273385909175677e-07
1.7299999999999203,p1_m2,0,-0.06982588491081841,0.0,2.1273385909175677e-07
1.7299999999999203,p1_m3,0,-0.10406426247236251,0.0,2.1273385909175677e-07
1.7299999999999203,p2_m0,0,-0.06500162770648163,0.0,2.1273385909175677e-07
1.7299999999999203,p2_m1,0,0.04494494822926196,0.0,2.1273385909175677e-07
1.7299999999999203,p2_m2,0,0.059126703105193294,0.0,2.1273385909175677e-07
1.7299999999999203,p2_m3,0,-0.1337104969555499,0.0,2.1273385909175677e-07
1.7299999999999203,p3_m0,0,-0.08360270312388864,0.0,2.1273385909175677e-07
1.7299999999999203,p3_m1,8,7.965997909680389,7.761264108445332e-05,2.1273385909175677e-07
1.7299999999999203,p3_m2,0,0.18597507841349054,0.0,2.1273385909175677e-07
1.7299999999999203,p3_m3,0,-0.28115583334949895,0.0,2.1273385909175677e-07
1.7399999999999192,p0_m0,0,0.01114314600666078,0.0,1.1502873161046162e-06
1.7399999999999192,p0_m1,0,0.09076231467112154,0.0,1.1502873161046162e-06
1.7399999999999192,p0_m2,0,0.09010000391164302,0.0,1.1502873161046162e-06
1.7399999999999192,p0_m3,0,-0.08936451522172624,0.0,1.1502873161046162e-06
1.7399999999999192,p1_m0,0,0.052395270300987055,0.0,1.1502873161046162e-06
1.7399999999999192,p1_m1,0,-0.03743542596474815,0.0,1.1502873161046162e-06
1.7399999999999192,p1_m2,0,-0.03890166618655336,0.0,1.1502873161046162e-06
1.7399999999999192,p1_m3,0,-0.051958859144851224,0.0,1.1502873161046162e-06
1.7399999999999192,p2_m0,0,-0.03051466403895409,0.0,1.1502873161046162e-06
1.7399999999999192,p2_m1,0,0.026851141546619536,0.0,1.1502873161046162e-06
1.7399999999999192,p2_m2,0,0.031418509098431704,0.0,1.1502873161046162e-06
1.7399999999999192,p2_m3,0,-0.12426301266425643,0.0,1.1502873161046162e-06
1.7399999999999192,p3_m0,0,-0.054622648222507744,0.0,1.1502873161046162e-06
1.7399999999999192,p3_m1,8,4.81119449764685,0.008175552866890324,1.1502873161046162e-06
1.7399999999999192,p3_m2,0,0.10857279096101408,0.0,1.1502873161046162e-06
1.7399999999999192,p3_m3,0,-0.16555584726307462,0.0,1.1502873161046162e-06
1.749999999999918,p0_m0,0,0.016774979972838153,0.0,6.541213692332922e-07
1.749999999999918,p0_m1,0,0.182643645261523,0.0,6.541213692332922e-07
1.749999999999918,p0_m2,0,0.18133314301417974,0.0,6.541213692332922e-07
1.749999999999918,p0_m3,0,-0.1675283761431722,0.0,6.541213692332922e-07
1.749999999999918,p1_m0,0,0.08156268523412544,0.0,6.541213692332922e-07
1.749999999999918,p1_m1,0,-0.06963758718918273,0.0,6.541213692332922e-07
1.749999999999918,p1_m2,0,-0.06981166285853106,0.0,6.541213692332922e-07
1.749999999999918,p1_m3,0,-0.11740780763170285,0.0,6.541213692332922e-07
1.749999999999918,p2_m0,0,-0.07057086535470744,0.0,6.541213692332922e-07
1.749999999999918,p2_m1,0,0.045078535148976334,0.0,6.541213692332922e-07
1.749999999999918,p2_m2,0,0.05394752128957749,0.0,6.541213692332922e-07
1.749999999999918,p2_m3,0,-0.14588120840635066,0.0,6.541213692332922e-07
1.749999999999918,p3_m0,0,-0.08811308581815562,0.0,6.541213692332922e-07
1.749999999999918,p3_m1,8,2.6168759131376964,0.015,6.541213692332922e-07
1.749999999999918,p3_m2,0,0.2011761060450218,0.0,6.541213692332922e-07
1.749999999999918,p3_m3,0,-0.3014306857562356,0.0,6.541213692332922e-07
1.759999999999917,p0_m0,0,0.13371708427885193,0.0,7.676169027286548e-06
1.759999999999917,p0_m1,0,0.15869132211485862,0.0,7.676169027286548e-06
1.759999999999917,p0_m2,0,0.16036240572348637,0.0,7.676169027286548e-06
1.759999999999917,p0_m3,0,-0.16690837459580976,0.0,7.676169027286548e-06
1.759999999999917,p1_m0,0,0.08949291786087062,0.0,7.676169027286548e-06
1.759999999999917,p1_m1,0,-0.050339310932167355,0.0,7.676169027286548e-06
1.759999999999917,p1_m2,0,-0.05132796013376073,0.0,7.676169027286548e-06
1.759999999999917,p1_m3,0,-0.16573417736612903,0.0,7.676169027286548e-06
1.759999999999917,p2_m0,0,-0.08117581966478604,0.0,7.676169027286548e-06
1.759999999999917,p2_m1,0,0.027386724330773292,0.0,7.676169027286548e-06
1.759999999999917,p2_m2,0,0.029068567103871925,0.0,7.676169027286548e-06
1.759999999999917,p2_m3,0,-0.28932126237156913,0.0,7.676169027286548e-06
1.759999999999917,p3_m0,0,-0.09511191053914496,0.0,7.676169027286548e-06
1.759999999999917,p3_m1,0,1.1365703068873305,0.0,7.676169027286548e-06
1.759999999999917,p3_m2,8,8.602933164400318,0.014722949781626526,7.676169027286548e-06
1.759999999999917,p3_m3,0,-0.32405778533608864,0.0,7.676169027286548e-06
1.7699999999999159,p0_m0,0,0.0058000098285541524,0.0,2.8092558700210947e-06
1.7699999999999159,p0_m1,0,0.15489257655975697,0.0,2.8092558700210947e-06
1.7699999999999159,p0_m2,0,0.08926024034770784,0.0,2.8092558700210947e-06
1.7699999999999159,p0_m3,0,-0.09906765494010258,0.0,2.8092558700210947e-06
1.7699999999999159,p1_m0,0,0.08391464126925359,0.0,2.8092558700210947e-06
1.7699999999999159,p1_m1,0,-0.04713163174581699,0.0,2.8092558700210947e-06
1.7699999999999159,p1_m2,0,-0.028454252348633673,0.0,2.8092558700210947e-06
1.7699999999999159,p1_m3,0,-0.06283900414350685,0.0,2.8092558700210947e-06
1.7699999999999159,p2_m0,0,-0.03792682219958992,0.0,2.8092558700210947e-06
1.7699999999999159,p2_m1,0,0.008421512872762885,0.0,2.8092558700210947e-06
1.7699999999999159,p2_m2,0,0.009063966711010672,0.0,2.8092558700210947e-06
1.7699999999999159,p2_m3,0,-0.11082631163159204,0.0,2.8092558700210947e-06
1.7699999999999159,p3_m0,0,-0.004850595449735106,0.0,2.8092558700210947e-06
1.7699999999999159,p3_m1,0,0.3393501582221996,0.0,2.8092558700210947e-06
1.7699999999999159,p3_m2,8,7.966556523989649,0.00010042271675252934,2.8092558700210947e-06
1.7699999999999159,p3_m3,0,-0.33552254461338493,0.0,2.8092558700210947e-06
1.7799999999999148,p0_m0,0,0.0008775096459320684,0.0,3.4681402030287e-06
1.7799999999999148,p0_m1,0,0.1271421338370675,0.0,3.4681402030287e-06
1.7799999999999148,p0_m2,0,0.08646110905605738,0.0,3.4681402030287e-06
1.7799999999999148,p0_m3,0,-0.0966808869527422,0.0,3.4681402030287e-06
1.7799999999999148,p1_m0,0,0.06663269601205427,0.0,3.4681402030287e-06
1.7799999999999148,p1_m1,0,-0.035547828514130575,0.0,3.4681402030287e-06
1.7799999999999148,p1_m2,0,-0.027204129565316596,0.0,3.4681402030287e-06
1.7799999999999148,p1_m3,0,-0.0559791340150993,0.0,3.4681402030287e-06
1.7799999999999148,p2_m0,0,-0.02847463765319776,0.0,3.4681402030287e-06
1.7799999999999148,p2_m1,0,0.01224628297568923,0.0,3.4681402030287e-06
1.7799999999999148,p2_m2,0,0.012010801086179808,0.0,3.4681402030287e-06
1.7799999999999148,p2_m3,0,-0.1160062747454457,0.0,3.4681402030287e-06
1.7799999999999148,p3_m0,0,-0.02999636913517991,0.0,3.4681402030287e-06
1.7799999999999148,p3_m1,0,0.17882172651897985,0.0,3.4681402030287e-06
1.7799999999999148,p3_m2,8,4.478408390485618,0.009758526507116158,3.4681402030287e-06
1.7799999999999148,p3_m3,0,-0.256518682908171,0.0,3.4681402030287e-06
1.7899999999999137,p0_m0,0,0.0765817480478925,0.0,6.188700315904881e-06
1.7899999999999137,p0_m1,0,0.1208097098348661,0.0,6.188700315904881e-06
1.7899999999999137,p0_m2,0,0.1547064840271106,0.0,6.188700315904881e-06
1.7899999999999137,p0_m3,0,-0.15651013821773552,0.0,6.188700315904881e-06
1.7899999999999137,p1_m0,0,0.1027265346737701,0.0,6.188700315904881e-06
1.7899999999999137,p1_m1,0,-0.048947586252885755,0.0,6.188700315904881e-06
1.7899999999999137,p1_m2,0,-0.047364696901395546,0.0,6.188700315904881e-06
1.7899999999999137,p1_m3,0,-0.1377036728336106,0.0,6.188700315904881e-06
1.7899999999999137,p2_m0,0,-0.06665601324328058,0.0,6.188700315904881e-06
1.7899999999999137,p2_m1,0,0.0253840632599567,0.0,6.188700315904881e-06
1.7899999999999137,p2_m2,0,0.023796283031995963,0.0,6.188700315904881e-06
1.7899999999999137,p2_m3,0,-0.28564000466739536,0.0,6.188700315904881e-06
1.7899999999999137,p3_m0,0,-0.09491624610108465,0.0,6.188700315904881e-06
1.7899999999999137,p3_m1,0,0.2906283282055007,0.0,6.188700315904881e-06
1.7899999999999137,p3_m2,8,3.58965185062389,0.013204467399638275,6.188700315904881e-06
1.7899999999999137,p3_m3,0,-0.2795210092500182,0.0,6.188700315904881e-06
1.7999999999999126,p0_m0,0,0.020375859581347064,0.0,2.9922467023677988e-06
1.7999999999999126,p0_m1,0,0.08099354390879503,0.0,2.9922467023677988e-06
1.7999999999999126,p0_m2,0,0.08808672987439203,0.0,2.9922467023677988e-06
1.7999999999999126,p0_m3,0,-0.09264110005643193,0.0,2.9922467023677988e-06
1.7999999999999126,p1_m0,0,0.05978502451363268,0.0,2.9922467023677988e-06
1.7999999999999126,p1_m1,0,-0.02967739297923482,0.0,2.9922467023677988e-06
1.7999999999999126,p1_m2,0,-0.026261870827225562,0.0,2.9922467023677988e-06
1.7999999999999126,p1_m3,0,-0.07006784084727996,0.0,2.9922467023677988e-06
1.7999999999999126,p2_m0,0,-0.03673328221943623,0.0,2.9922467023677988e-06
1.7999999999999126,p2_m1,0,0.011699559493613378,0.0,2.9922467023677988e-06
1.7999999999999126,p2_m2,0,0.01099397877788695,0.0,2.9922467023677988e-06
1.7999999999999126,p2_m3,0,-0.14355158487787636,0.0,2.9922467023677988e-06
1.7999999999999126,p3_m0,0,-0.026805817324032845,0.0,2.9922467023677988e-06
1.7999999999999126,p3_m1,0,0.10495084569151385,0.0,2.9922467023677988e-06
1.7999999999999126,p3_m2,8,7.966848043617802,0.00010074358020192609,2.9922467023677988e-06
1.7999999999999126,p3_m3,0,-0.1970378483313937,0.0,2.9922467023677988e-06
1.8099999999999115,p0_m0,0,0.010422848335187846,0.0,3.2548956275569705e-07
1.8099999999999115,p0_m1,0,0.08051871580505675,0.0,3.2548956275569705e-07
1.8099999999999115,p0_m2,0,0.08277334408610389,0.0,3.2548956275569705e-07
1.8099999999999115,p0_m3,0,-0.09080967899743142,0.0,3.2548956275569705e-07
1.8099999999999115,p1_m0,0,0.049708278615884796,0.0,3.2548956275569705e-07
1.8099999999999115,p1_m1,0,-0.026199657311960382,0.0,3.2548956275569705e-07
1.8099999999999115,p1_m2,0,-0.025468083450578737,0.0,3.2548956275569705e-07
1.8099999999999115,p1_m3,0,-0.05896941910558362,0.0,3.2548956275569705e-07
1.8099999999999115,p2_m0,0,-0.0280912921977952,0.0,3.2548956275569705e-07
1.8099999999999115,p2_m1,0,0.014327867053591263,0.0,3.2548956275569705e-07
1.8099999999999115,p2_m2,0,0.013643019440814337,0.0,3.2548956275569705e-07
1.8099999999999115,p2_m3,0,-0.12815065212238155,0.0,3.2548956275569705e-07
1.8099999999999115,p3_m0,0,-0.03928199393795109,0.0,3.2548956275569705e-07
1.8099999999999115,p3_m1,0,0.10248307322879183,0.0,3.2548956275569705e-07
1.8099999999999115,p3_m2,8,4.481440234703774,0.009746209212610789,3.2548956275569705e-07
1.8099999999999115,p3_m3,0,-0.14227947862913076,0.0,3.2548956275569705e-07
1.8199999999999104,p0_m0,0,0.038371264945930454,0.0,6.318879149043973e-06
1.8199999999999104,p0_m1,0,0.06451381941079319,0.0,6.318879149043973e-06
1.8199999999999104,p0_m2,0,0.10685950426886204,0.0,6.318879149043973e-06
1.8199999999999104,p0_m3,0,-0.11461573593661126,0.0,6.318879149043973e-06
1.8199999999999104,p1_m0,0,0.06423225672179216,0.0,6.318879149043973e-06
1.8199999999999104,p1_m1,0,-0.03282059338388778,0.0,6.318879149043973e-06
1.8199999999999104,p1_m2,0,-0.033243596072203146,0.0,6.318879149043973e-06
1.8199999999999104,p1_m3,0,-0.08791195911803341,0.0,6.318879149043973e-06
1.8199999999999104,p2_m0,0,-0.04298982456670042,0.0,6.318879149043973e-06
1.8199999999999104,p2_m1,0,0.017706998875341242,0.0,6.318879149043973e-06
1.8199999999999104,p2_m2,0,0.016660876071246902,0.0,6.318879149043973e-06
1.8199999999999104,p2_m3,0,-0.18581054248506146,0.0,6.318879149043973e-06
1.8199999999999104,p3_m0,0,-0.05770629124568905,0.0,6.318879149043973e-06
1.8199999999999104,p3_m1,0,0.15375477227239603,0.0,6.318879149043973e-06
1.8199999999999104,p3_m2,8,7.976227381448122,0.00032182112192795387,6.318879149043973e-06
1.8199999999999104,p3_m3,0,-0.12163742274489402,0.0,6.318879149043973e-06
1.8299999999999093,p0_m0,0,0.005381355522594517,0.0,2.1397280558942104e-06
1.8299999999999093,p0_m1,0,0.032894844521926536,0.0,2.1397280558942104e-06
1.8299999999999093,p0_m2,0,0.0471143483179257,0.0,2.1397280558942104e-06
1.8299999999999093,p0_m3,0,-0.053716218578019816,0.0,2.1397280558942104e-06
1.8299999999999093,p1_m0,0,0.024119154918070745,0.0,2.1397280558942104e-06
1.8299999999999093,p1_m1,0,-0.014243997830088215,0.0,2.1397280558942104e-06
1.8299999999999093,p1_m2,0,-0.014349621689217914,0.0,2.1397280558942104e-06
1.8299999999999093,p1_m3,0,-0.034253536748709824,0.0,2.1397280558942104e-06
1.8299999999999093,p2_m0,0,-0.01734587378054551,0.0,2.1397280558942104e-06
1.8299999999999093,p2_m1,0,0.006032462107457925,0.0,2.1397280558942104e-06
1.8299999999999093,p2_m2,0,0.005689372510219927,0.0,2.1397280558942104e-06
1.8299999999999093,p2_m3,0,-0.07175026776816704,0.0,2.1397280558942104e-06
1.8299999999999093,p3_m0,0,-0.01389746052961227,0.0,2.1397280558942104e-06
1.8299999999999093,p3_m1,0,0.04468328595126514,0.0,2.1397280558942104e-06
1.8299999999999093,p3_m2,8,7.96676507600207,9.973016360978626e-05,2.1397280558942104e-06
1.8299999999999093,p3_m3,0,-0.043729152235638565,0.0,2.1397280558942104e-06
1.8399999999999082,p0_m0,0,0.024942150520247508,0.0,3.014160366389251e-06
1.8399999999999082,p0_m1,0,0.06839546272138905,0.0,3.014160366389251e-06
1.8399999999999082,p0_m2,0,0.09984814881861363,0.0,3.014160366389251e-06
1.8399999999999082,p0_m3,0,-0.11733079601862388,0.0,3.014160366389251e-06
1.8399999999999082,p1_m0,0,0.05662777371754878,0.0,3.014160366389251e-06
1.8399999999999082,p1_m1,0,-0.03058407466154672,0.0,3.014160366389251e-06
1.8399999999999082,p1_m2,0,-0.03137670603372758,0.0,3.014160366389251e-06
1.8399999999999082,p1_m3,0,-0.07575521196801419,0.0,3.014160366389251e-06
1.8399999999999082,p2_m0,0,-0.036645069785101674,0.0,3.014160366389251e-06
1.8399999999999082,p2_m1,0,0.01804651771221157,0.0,3.014160366389251e-06
1.8399999999999082,p2_m2,0,0.017098551455105828,0.0,3.014160366389251e-06
1.8399999999999082,p2_m3,0,-0.16380907033423972,0.0,3.014160366389251e-06
1.8399999999999082,p3_m0,0,-0.05648148344921845,0.0,3.014160366389251e-06
1.8399999999999082,p3_m1,0,0.13628821973512187,0.0,3.014160366389251e-06
1.8399999999999082,p3_m2,8,3.9307735247762516,0.011791082755414567,3.014160366389251e-06
1.8399999999999082,p3_m3,0,-0.08303027666597085,0.0,3.014160366389251e-06
1.849999999999907,p0_m0,0,0.017222669875042392,0.0,5.136885932492501e-06
1.849999999999907,p0_m1,0,0.04184050163389355,0.0,5.136885932492501e-06
1.849999999999907,p0_m2,0,0.06987498649090186,0.0,5.136885932492501e-06
1.849999999999907,p0_m3,0,-0.07811230542079567,0.0,5.136885932492501e-06
1.849999999999907,p1_m0,0,0.038840262150148255,0.0,5.136885932492501e-06
1.849999999999907,p1_m1,0,-0.02152059320512608,0.0,5.136885932492501e-06
1.849999999999907,p1_m2,0,-0.02199829346847433,0.0,5.136885932492501e-06
1.849999999999907,p1_m3,0,-0.053577346003082865,0.0,5.136885932492501e-06
1.849999999999907,p2_m0,0,-0.026371603682214622,0.0,5.136885932492501e-06
1.849999999999907,p2_m1,0,0.010595082242306682,0.0,5.136885932492501e-06
1.849999999999907,p2_m2,0,0.009991301604878154,0.0,5.136885932492501e-06
1.849999999999907,p2_m3,0,-0.11395604629535587,0.0,5.136885932492501e-06
1.849999999999907,p3_m0,0,-0.030332075076628624,0.0,5.136885932492501e-06
1.849999999999907,p3_m1,0,0.08278304658634528,0.0,5.136885932492501e-06
1.849999999999907,p3_m2,8,7.966702493993241,0.00010002599303674397,5.136885932492501e-06
1.849999999999907,p3_m3,0,-0.04757505284464367,0.0,5.136885932492501e-06
1.859999999999906,p0_m0,0,0.0027716177320391234,0.0,1.2016041715368995e-06
1.859999999999906,p0_m1,0,0.04966383129306043,0.0,1.2016041715368995e-06
1.859999999999906,p0_m2,0,0.05887636613240859,0.0,1.2016041715368995e-06
1.859999999999906,p0_m3,0,-0.06883949853923746,0.0,1.2016041715368995e-06
1.859999999999906,p1_m0,0,0.031703809643959524,0.0,1.2016041715368995e-06
1.859999999999906,p1_m1,0,-0.01834244012839876,0.0,1.2016041715368995e-06
1.859999999999906,p1_m2,0,-0.018750405834842297,0.0,1.2016041715368995e-06
1.859999999999906,p1_m3,0,-0.03891349144834258,0.0,1.2016041715368995e-06
1.859999999999906,p2_m0,0,-0.018618714954304814,0.0,1.2016041715368995e-06
1.859999999999906,p2_m1,0,0.010115192515095739,0.0,1.2016041715368995e-06
1.859999999999906,p2_m2,0,0.009649752116807523,0.0,1.2016041715368995e-06
1.859999999999906,p2_m3,0,-0.08675946078117283,0.0,1.2016041715368995e-06
1.859999999999906,p3_m0,0,-0.025241566527248797,0.0,1.2016041715368995e-06
1.859999999999906,p3_m1,0,0.061726455281976005,0.0,1.2016041715368995e-06
1.859999999999906,p3_m2,8,5.041785786311956,0.007699197265106805,1.2016041715368995e-06
1.859999999999906,p3_m3,0,-0.05820822807644323,0.0,1.2016041715368995e-06
1.8699999999999048,p0_m0,0,0.03655189990322216,0.0,6.373248204360614e-06
1.8699999999999048,p0_m1,0,0.057562512424159024,0.0,6.373248204360614e-06
1.8699999999999048,p0_m2,0,0.10706953953054027,0.0,6.373248204360614e-06
1.8699999999999048,p0_m3,0,-0.11723469012369608,0.0,6.373248204360614e-06
1.8699999999999048,p1_m0,0,0.06227320008936744,0.0,6.373248204360614e-06
1.8699999999999048,p1_m1,0,-0.03282086971262303,0.0,6.373248204360614e-06
1.8699999999999048,p1_m2,0,-0.03372104606303057,0.0,6.373248204360614e-06
1.8699999999999048,p1_m3,0,-0.08646466285276103,0.0,6.373248204360614e-06
1.8699999999999048,p2_m0,0,-0.042493399874265536,0.0,6.373248204360614e-06
1.8699999999999048,p2_m1,0,0.018141005354896225,0.0,6.373248204360614e-06
1.8699999999999048,p2_m2,0,0.01708566227782321,0.0,6.373248204360614e-06
1.8699999999999048,p2_m3,0,-0.18387295005346246,0.0,6.373248204360614e-06
1.8699999999999048,p3_m0,0,-0.059239372072361636,0.0,6.373248204360614e-06
1.8699999999999048,p3_m1,0,0.15199867367782968,0.0,6.373248204360614e-06
1.8699999999999048,p3_m2,8,7.893326417063047,-0.0015796607917250825,6.373248204360614e-06
1.8699999999999048,p3_m3,0,-0.06981066846392438,0.0,6.373248204360614e-06
1.8799999999999037,p0_m0,0,0.004883641849205855,0.0,2.60733289687503e-06
1.8799999999999037,p0_m1,0,0.03055603664356031,0.0,2.60733289687503e-06
1.8799999999999037,p0_m2,0,0.04718810118950267,0.0,2.60733289687503e-06
1.8799999999999037,p0_m3,0,-0.05440196367025868,0.0,2.60733289687503e-06
1.8799999999999037,p1_m0,0,0.02340517351413907,0.0,2.60733289687503e-06
1.8799999999999037,p1_m1,0,-0.014357768655734373,0.0,2.60733289687503e-06
1.8799999999999037,p1_m2,0,-0.014620661661631802,0.0,2.60733289687503e-06
1.8799999999999037,p1_m3,0,-0.03371806816989664,0.0,2.60733289687503e-06
1.8799999999999037,p2_m0,0,-0.01711888642870094,0.0,2.60733289687503e-06
1.8799999999999037,p2_m1,0,0.005933873591849775,0.0,2.60733289687503e-06
1.8799999999999037,p2_m2,0,0.005590980745463937,0.0,2.60733289687503e-06
1.8799999999999037,p2_m3,0,-0.0709307863689028,0.0,2.60733289687503e-06
1.8799999999999037,p3_m0,0,-0.013730242375085423,0.0,2.60733289687503e-06
1.8799999999999037,p3_m1,0,0.043145079514578445,0.0,2.60733289687503e-06
1.8799999999999037,p3_m2,8,7.966763751541977,9.973610171213743e-05,2.60733289687503e-06
1.8799999999999037,p3_m3,0,-0.025214769153682766,0.0,2.60733289687503e-06
1.8899999999999026,p0_m0,0,0.06906372983472016,0.0,8.158372329900919e-07
1.8899999999999026,p0_m1,0,-0.1943858457808963,0.0,8.158372329900919e-07
1.8899999999999026,p0_m2,0,-0.2025595468994579,0.0,8.158372329900919e-07
1.8899999999999026,p0_m3,0,0.38667291152701094,0.0,8.158372329900919e-07
1.8899999999999026,p1_m0,0,-0.24132235345158115,0.0,8.158372329900919e-07
1.8899999999999026,p1_m1,0,0.0735251685463755,0.0,8.158372329900919e-07
1.8899999999999026,p1_m2,0,0.09511082196610751,0.0,8.158372329900919e-07
1.8899999999999026,p1_m3,0,0.04101535279001067,0.0,8.158372329900919e-07
1.8899999999999026,p2_m0,0,-0.010744653313230495,0.0,8.158372329900919e-07
1.8899999999999026,p2_m1,0,-0.07706303901616643,0.0,8.158372329900919e-07
1.8899999999999026,p2_m2,0,-0.010214323605732252,0.0,8.158372329900919e-07
1.8899999999999026,p2_m3,0,0.18660644588093506,0.0,8.158372329900919e-07
1.8899999999999026,p3_m0,0,0.1623822211770885,0.0,8.158372329900919e-07
1.8899999999999026,p3_m1,0,-0.23139221052713352,0.0,8.158372329900919e-07
1.8899999999999026,p3_m2,0,6.377349997679504,0.0,8.158372329900919e-07
1.8899999999999026,p3_m3,8,7.964038078907546,0.0001093850618757184,8.158372329900919e-07
1.8999999999999015,p0_m0,0,0.04807084004330058,0.0,2.71927317943971e-06
1.8999999999999015,p0_m1,0,-0.1930105809987918,0.0,2.71927317943971e-06
1.8999999999999015,p0_m2,0,-0.19487843462787832,0.0,2.71927317943971e-06
1.8999999999999015,p0_m3,0,0.3142030759263667,0.0,2.71927317943971e-06
1.8999999999999015,p1_m0,0,-0.20478107072170942,0.0,2.71927317943971e-06
1.8999999999999015,p1_m1,0,0.0669361016315191,0.0,2.71927317943971e-06
1.8999999999999015,p1_m2,0,0.07513576389676149,0.0,2.71927317943971e-06
1.8999999999999015,p1_m3,0,0.05007602802890071,0.0,2.71927317943971e-06
1.8999999999999015,p2_m0,0,-0.018311365292889882,0.0,2.71927317943971e-06
1.8999999999999015,p2_m1,0,-0.05014165953252895,0.0,2.71927317943971e-06
1.8999999999999015,p2_m2,0,-0.026438402622459216,0.0,2.71927317943971e-06
1.8999999999999015,p2_m3,0,0.2110204937048971,0.0,2.71927317943971e-06
1.8999999999999015,p3_m0,0,0.12135708797878059,0.0,2.71927317943971e-06
1.8999999999999015,p3_m1,0,-0.1736190285411062,0.0,2.71927317943971e-06
1.8999999999999015,p3_m2,0,2.361889646564765,0.0,2.71927317943971e-06
1.8999999999999015,p3_m3,8,4.81726642963922,0.008926976998252937,2.71927317943971e-06
1.9099999999999004,p0_m0,0,0.06979091243933741,0.0,3.43008435652495e-06
1.9099999999999004,p0_m1,0,-0.2715397371309273,0.0,3.43008435652495e-06
1.9099999999999004,p0_m2,0,-0.2855064954686181,0.0,3.43008435652495e-06
1.9099999999999004,p0_m3,0,0.4402631384442481,0.0,3.43008435652495e-06
1.9099999999999004,p1_m0,0,-0.2675148758226375,0.0,3.43008435652495e-06
1.9099999999999004,p1_m1,0,0.1011585047314515,0.0,3.43008435652495e-06
1.9099999999999004,p1_m2,0,0.10538667139933035,0.0,3.43008435652495e-06
1.9099999999999004,p1_m3,0,0.0721077831381678,0.0,3.43008435652495e-06
1.9099999999999004,p2_m0,0,-0.014080490073489093,0.0,3.43008435652495e-06
1.9099999999999004,p2_m1,0,-0.06911129767792962,0.0,3.43008435652495e-06
1.9099999999999004,p2_m2,0,-0.04519067693706281,0.0,3.43008435652495e-06
1.9099999999999004,p2_m3,0,0.3358295825139335,0.0,3.43008435652495e-06
1.9099999999999004,p3_m0,0,0.16278642077662886,0.0,3.43008435652495e-06
1.9099999999999004,p3_m1,0,-0.23713484332810167,0.0,3.43008435652495e-06
1.9099999999999004,p3_m2,0,0.615825633537179,0.0,3.43008435652495e-06
1.9099999999999004,p3_m3,8,7.972360947732456,0.00030018242220571344,3.43008435652495e-06
1.9199999999998993,p0_m0,0,0.035371622408673746,0.0,1.680707522526263e-06
1.9199999999998993,p0_m1,0,-0.14841757365765673,0.0,1.680707522526263e-06
1.9199999999998993,p0_m2,0,-0.15270257930180595,0.0,1.680707522526263e-06
1.9199999999998993,p0_m3,0,0.2299705501981742,0.0,1.680707522526263e-06
1.9199999999998993,p1_m0,0,-0.14756625168741427,0.0,1.680707522526263e-06
1.9199999999998993,p1_m1,0,0.05497786580057629,0.0,1.680707522526263e-06
1.9199999999998993,p1_m2,0,0.05668288393638264,0.0,1.680707522526263e-06
1.9199999999998993,p1_m3,0,0.038181721159320225,0.0,1.680707522526263e-06
1.9199999999998993,p2_m0,0,-0.013402395880324377,0.0,1.680707522526263e-06
1.9199999999998993,p2_m1,0,-0.031067941728210254,0.0,1.680707522526263e-06
1.9199999999998993,p2_m2,0,-0.022651084978609185,0.0,1.680707522526263e-06
1.9199999999998993,p2_m3,0,0.1761488866524245,0.0,1.680707522526263e-06
1.9199999999998993,p3_m0,0,0.0850459095683056,0.0,1.680707522526263e-06
1.9199999999998993,p3_m1,0,-0.12796323043652091,0.0,1.680707522526263e-06
1.9199999999998993,p3_m2,0,0.16381598075472134,0.0,1.680707522526263e-06
1.9199999999998993,p3_m3,8,5.590964890621606,0.005969612494383238,1.680707522526263e-06
1.9299999999998982,p0_m0,0,0.09468954993789835,0.0,4.537623613046191e-06
1.9299999999998982,p0_m1,0,-0.3718173143786319,0.0,4.537623613046191e-06
1.9299999999998982,p0_m2,0,-0.39660089293557266,0.0,4.537623613046191e-06
1.9299999999998982,p0_m3,0,0.5999250702017118,0.0,4.537623613046191e-06
1.9299999999998982,p1_m0,0,-0.357016302543948,0.0,4.537623613046191e-06
1.9299999999998982,p1_m1,0,0.13877010524583233,0.0,4.537623613046191e-06
1.9299999999998982,p1_m2,0,0.14198907034073197,0.0,4.537623613046191e-06
1.9299999999998982,p1_m3,0,0.1059204401905992,0.0,4.537623613046191e-06
1.9299999999998982,p2_m0,0,-0.013098346518743297,0.0,4.537623613046191e-06
1.9299999999998982,p2_m1,0,-0.09351484272970038,0.0,4.537623613046191e-06
1.9299999999998982,p2_m2,0,-0.07060191806784331,0.0,4.537623613046191e-06
1.9299999999998982,p2_m3,0,0.47923432909874036,0.0,4.537623613046191e-06
1.9299999999998982,p3_m0,0,0.21641945886921757,0.0,4.537623613046191e-06
1.9299999999998982,p3_m1,0,-0.317092898333429,0.0,4.537623613046191e-06
1.9299999999998982,p3_m2,0,-0.24734170355390803,0.0,4.537623613046191e-06
1.9299999999998982,p3_m3,8,4.269894809437714,0.011132739366731743,4.537623613046191e-06
1.9399999999998971,p0_m0,0,0.03815135984685051,0.0,3.0077411569467705e-06
1.9399999999998971,p0_m1,0,-0.15603731328574919,0.0,3.0077411569467705e-06
1.9399999999998971,p0_m2,0,-0.16418297481929012,0.0,3.0077411569467705e-06
1.9399999999998971,p0_m3,0,0.2472260170857893,0.0,3.0077411569467705e-06
1.9399999999998971,p1_m0,0,-0.15222727394725938,0.0,3.0077411569467705e-06
1.9399999999998971,p1_m1,0,0.06085144970354296,0.0,3.0077411569467705e-06
1.9399999999998971,p1_m2,0,0.06185885521172825,0.0,3.0077411569467705e-06
1.9399999999998971,p1_m3,0,0.039820853477211336,0.0,3.0077411569467705e-06
1.9399999999998971,p2_m0,0,-0.010548200517018349,0.0,3.0077411569467705e-06
1.9399999999998971,p2_m1,0,-0.034259087354159966,0.0,3.0077411569467705e-06
1.9399999999998971,p2_m2,0,-0.026562061317052788,0.0,3.0077411569467705e-06
1.9399999999998971,p2_m3,0,0.19247172824913286,0.0,3.0077411569467705e-06
1.9399999999998971,p3_m0,0,0.09071007783230553,0.0,3.0077411569467705e-06
1.9399999999998971,p3_m1,0,-0.13703636792209029,0.0,3.0077411569467705e-06
1.9399999999998971,p3_m2,0,-0.11358355657616384,0.0,3.0077411569467705e-06
1.9399999999998971,p3_m3,8,6.5676379231341455,0.002343680934637984,3.0077411569467705e-06
1.949999999999896,p0_m0,0,0.08027367712702949,0.0,3.955122314309326e-06
1.949999999999896,p0_m1,0,-0.33684719887999987,0.0,3.955122314309326e-06
1.949999999999896,p0_m2,0,-0.3489476022350123,0.0,3.955122314309326e-06
1.949999999999896,p0_m3,0,0.519224455725844,0.0,3.955122314309326e-06
1.949999999999896,p1_m0,0,-0.3135968427463047,0.0,3.955122314309326e-06
1.949999999999896,p1_m1,0,0.12101615547720079,0.0,3.955122314309326e-06
1.949999999999896,p1_m2,0,0.12360548657806887,0.0,3.955122314309326e-06
1.949999999999896,p1_m3,0,0.09504598419334215,0.0,3.955122314309326e-06
1.949999999999896,p2_m0,0,-0.014645114957521563,0.0,3.955122314309326e-06
1.949999999999896,p2_m1,0,-0.07844162335483586,0.0,3.955122314309326e-06
1.949999999999896,p2_m2,0,-0.06482242854797618,0.0,3.955122314309326e-06
1.949999999999896,p2_m3,0,0.41758577648523776,0.0,3.955122314309326e-06
1.949999999999896,p3_m0,0,0.18783845357245235,0.0,3.955122314309326e-06
1.949999999999896,p3_m1,0,-0.27620459845307493,0.0,3.955122314309326e-06
1.949999999999896,p3_m2,0,-0.2934695967007389,0.0,3.955122314309326e-06
1.949999999999896,p3_m3,8,4.326462800808152,0.010880631452951851,3.955122314309326e-06
1.959999999999895,p0_m0,0,0.04367262621882525,0.0,3.849482788617369e-06
1.959999999999895,p0_m1,0,-0.1762062881395665,0.0,3.849482788617369e-06
1.959999999999895,p0_m2,0,-0.18672825442279728,0.0,3.849482788617369e-06
1.959999999999895,p0_m3,0,0.2808321447004034,0.0,3.849482788617369e-06
1.959999999999895,p1_m0,0,-0.17085151747575153,0.0,3.849482788617369e-06
1.959999999999895,p1_m1,0,0.06933187952523978,0.0,3.849482788617369e-06
1.959999999999895,p1_m2,0,0.07037105086274908,0.0,3.849482788617369e-06
1.959999999999895,p1_m3,0,0.045187164720978105,0.0,3.849482788617369e-06
1.959999999999895,p2_m0,0,-0.010134869581034869,0.0,3.849482788617369e-06
1.959999999999895,p2_m1,0,-0.040130813519193606,0.0,3.849482788617369e-06
1.959999999999895,p2_m2,0,-0.032260578911853986,0.0,3.849482788617369e-06
1.959999999999895,p2_m3,0,0.21985192692573863,0.0,3.849482788617369e-06
1.959999999999895,p3_m0,0,0.10340691211922379,0.0,3.849482788617369e-06
1.959999999999895,p3_m1,0,-0.15544056659835234,0.0,3.849482788617369e-06
1.959999999999895,p3_m2,0,-0.16683340160961987,0.0,3.849482788617369e-06
1.959999999999895,p3_m3,8,7.964040409335138,0.00010785973007669014,3.849482788617369e-06
1.9699999999998938,p0_m0,0,0.05747559308761939,0.0,2.578935321114158e-06
1.9699999999998938,p0_m1,0,-0.2586633042744564,0.0,2.578935321114158e-06
1.9699999999998938,p0_m2,0,-0.2610410060358017,0.0,2.578935321114158e-06
1.9699999999998938,p0_m3,0,0.38174294055666086,0.0,2.578935321114158e-06
1.9699999999998938,p1_m0,0,-0.23720209853021174,0.0,2.578935321114158e-06
1.9699999999998938,p1_m1,0,0.09019892189968462,0.0,2.578935321114158e-06
1.9699999999998938,p1_m2,0,0.09206724396946914,0.0,2.578935321114158e-06
1.9699999999998938,p1_m3,0,0.0723103548262454,0.0,2.578935321114158e-06
1.9699999999998938,p2_m0,0,-0.01629198079493573,0.0,2.578935321114158e-06
1.9699999999998938,p2_m1,0,-0.05436904940671987,0.0,2.578935321114158e-06
1.9699999999998938,p2_m2,0,-0.04860043375787239,0.0,2.578935321114158e-06
1.9699999999998938,p2_m3,0,0.30696434107385323,0.0,2.578935321114158e-06
1.9699999999998938,p3_m0,0,0.13888516038028276,0.0,2.578935321114158e-06
1.9699999999998938,p3_m1,0,-0.2049090432940778,0.0,2.578935321114158e-06
1.9699999999998938,p3_m2,0,-0.2252235113077818,0.0,2.578935321114158e-06
1.9699999999998938,p3_m3,8,4.5309558499297955,0.010039044032931455,2.578935321114158e-06
1.9799999999998927,p0_m0,0,0.05858396792866555,0.0,4.832642133711407e-06
1.9799999999998927,p0_m1,0,-0.23241448698075914,0.0,4.832642133711407e-06
1.9799999999998927,p0_m2,0,-0.24674387532315378,0.0,4.832642133711407e-06
1.9799999999998927,p0_m3,0,0.3715958088511719,0.0,4.832642133711407e-06
1.9799999999998927,p1_m0,0,-0.2233141054201741,0.0,4.832642133711407e-06
1.9799999999998927,p1_m1,0,0.08927492883170213,0.0,4.832642133711407e-06
1.9799999999998927,p1_m2,0,0.090781930009509,0.0,4.832642133711407e-06
1.9799999999998927,p1_m3,0,0.06260473981547889,0.0,4.832642133711407e-06
1.9799999999998927,p2_m0,0,-0.010764789972013558,0.0,4.832642133711407e-06
1.9799999999998927,p2_m1,0,-0.055061122949823293,0.0,4.832642133711407e-06
1.9799999999998927,p2_m2,0,-0.04555740315966847,0.0,4.832642133711407e-06
1.9799999999998927,p2_m3,0,0.29367183344339165,0.0,4.832642133711407e-06
1.9799999999998927,p3_m0,0,0.13556913952248373,0.0,4.832642133711407e-06
1.9799999999998927,p3_m1,0,-0.2019425041550962,0.0,4.832642133711407e-06
1.9799999999998927,p3_m2,0,-0.22237735774427025,0.0,4.832642133711407e-06
1.9799999999998927,p3_m3,8,7.964353091622395,0.00011065766217234074,4.832642133711407e-06
1.9899999999998916,p0_m0,0,0.04831529018881858,0.0,2.41342567263295e-06
1.9899999999998916,p0_m1,0,-0.2158642801784529,0.0,2.41342567263295e-06
1.9899999999998916,p0_m2,0,-0.21975513818934556,0.0,2.41342567263295e-06
1.9899999999998916,p0_m3,0,0.3207400041397141,0.0,2.41342567263295e-06
1.9899999999998916,p1_m0,0,-0.20152063388731395,0.0,2.41342567263295e-06
1.9899999999998916,p1_m1,0,0.07642046004654617,0.0,2.41342567263295e-06
1.9899999999998916,p1_m2,0,0.07790867959272409,0.0,2.41342567263295e-06
1.9899999999998916,p1_m3,0,0.06049759993684775,0.0,2.41342567263295e-06
1.9899999999998916,p2_m0,0,-0.015566046496133707,0.0,2.41342567263295e-06
1.9899999999998916,p2_m1,0,-0.04412208623164906,0.0,2.41342567263295e-06
1.9899999999998916,p2_m2,0,-0.03955955625118358,0.0,2.41342567263295e-06
1.9899999999998916,p2_m3,0,0.25676244037448104,0.0,2.41342567263295e-06
1.9899999999998916,p3_m0,0,0.11690887141248557,0.0,2.41342567263295e-06
1.9899999999998916,p3_m1,0,-0.17379984728088926,0.0,2.41342567263295e-06
1.9899999999998916,p3_m2,0,-0.18981309436956778,0.0,2.41342567263295e-06
1.9899999999998916,p3_m3,8,4.813541453200382,0.008943149725791223,2.41342567263295e-06
1.9999999999998905,p0_m0,0,0.07224482448723393,0.0,5.30727318615481e-06
1.9999999999998905,p0_m1,0,-0.2842562374131297,0.0,5.30727318615481e-06
1.9999999999998905,p0_m2,0,-0.30252549543681995,0.0,5.30727318615481e-06
1.9999999999998905,p0_m3,0,0.45627671767404604,0.0,5.30727318615481e-06
1.9999999999998905,p1_m0,0,-0.27245136522612234,0.0,5.30727318615481e-06
1.9999999999998905,p1_m1,0,0.10800377725927278,0.0,5.30727318615481e-06
1.9999999999998905,p1_m2,0,0.10995408814831181,0.0,5.30727318615481e-06
1.9999999999998905,p1_m3,0,0.0786296871256319,0.0,5.30727318615481e-06
1.9999999999998905,p2_m0,0,-0.011350658134277105,0.0,5.30727318615481e-06
1.9999999999998905,p2_m1,0,-0.0691441488487017,0.0,5.30727318615481e-06
1.9999999999998905,p2_m2,0,-0.05928160405732787,0.0,5.30727318615481e-06
1.9999999999998905,p2_m3,0,0.36264809044940916,0.0,5.30727318615481e-06
1.9999999999998905,p3_m0,0,0.1655866401793596,0.0,5.30727318615481e-06
1.9999999999998905,p3_m1,0,-0.2451678728063011,0.0,5.30727318615481e-06
1.9999999999998905,p3_m2,0,-0.2708392754861392,0.0,5.30727318615481e-06
1.9999999999998905,p3_m3,8,7.972793245822442,0.0002979324919736728,5.30727318615481e-06
