time,motor,target_rad_s,speed_rad_s,commanded_torque_nm,closure_error_m
0.010000000000000002,p0_m0,0.0,-1.4292370398294452e-11,-6.720340284260828e-15,1.5969636285163263e-13
0.010000000000000002,p0_m1,0,8.627010649858659e-12,0.0,1.5969636285163263e-13
0.010000000000000002,p0_m2,0,8.627981678855376e-12,0.0,1.5969636285163263e-13
0.010000000000000002,p0_m3,0,-7.519629363628156e-12,0.0,1.5969636285163263e-13
0.010000000000000002,p1_m0,0,6.238537686442669e-12,0.0,1.5969636285163263e-13
0.010000000000000002,p1_m1,0,-7.375482879944334e-12,0.0,1.5969636285163263e-13
0.010000000000000002,p1_m2,0,-7.375130672959543e-12,0.0,1.5969636285163263e-13
0.010000000000000002,p1_m3,0,5.470683461794579e-12,0.0,1.5969636285163263e-13
0.010000000000000002,p2_m0,0,4.909304962552597e-12,0.0,1.5969636285163263e-13
0.010000000000000002,p2_m1,0,-6.366036009278919e-12,0.0,1.5969636285163263e-13
0.010000000000000002,p2_m2,0,-6.36682896965876e-12,0.0,1.5969636285163263e-13
0.010000000000000002,p2_m3,0,5.1641224629861425e-12,0.0,1.5969636285163263e-13
0.010000000000000002,p3_m0,0,3.7243372830175764e-12,0.0,1.5969636285163263e-13
0.010000000000000002,p3_m1,0,-2.4450359893143265e-12,0.0,1.5969636285163263e-13
0.010000000000000002,p3_m2,0,-2.4458548047912766e-12,0.0,1.5969636285163263e-13
0.010000000000000002,p3_m3,0,3.620355570888024e-12,0.0,1.5969636285163263e-13
0.02000000000000001,p0_m0,0.0,2.0032150160886886e-11,-2.519295438929702e-15,1.4080676117470205e-13
0.02000000000000001,p0_m1,0,-2.1440692526072818e-11,0.0,1.4080676117470205e-13
0.02000000000000001,p0_m2,0,-2.1439342036284462e-11,0.0,1.4080676117470205e-13
0.02000000000000001,p0_m3,0,2.0366833997087498e-11,0.0,1.4080676117470205e-13
0.02000000000000001,p1_m0,0,-1.0484234369556589e-11,0.0,1.4080676117470205e-13
0.02000000000000001,p1_m1,0,1.1580571729350379e-11,0.0,1.4080676117470205e-13
0.02000000000000001,p1_m2,0,1.1581580959278065e-11,0.0,1.4080676117470205e-13
0.02000000000000001,p1_m3,0,-7.858723449771788e-12,0.0,1.4080676117470205e-13
0.02000000000000001,p2_m0,0,-3.4959630745845507e-12,0.0,1.4080676117470205e-13
0.02000000000000001,p2_m1,0,3.744511093285286e-12,0.0,1.4080676117470205e-13
0.02000000000000001,p2_m2,0,3.743643728504753e-12,0.0,1.4080676117470205e-13
0.02000000000000001,p2_m3,0,-2.1335999633720343e-12,0.0,1.4080676117470205e-13
0.02000000000000001,p3_m0,0,6.9399339608366975e-12,0.0,1.4080676117470205e-13
0.02000000000000001,p3_m1,0,-1.3945265826688241e-11,0.0,1.4080676117470205e-13
0.02000000000000001,p3_m2,0,-1.3945489841609539e-11,0.0,1.4080676117470205e-13
0.02000000000000001,p3_m3,0,1.2756356415621895e-11,0.0,1.4080676117470205e-13
0.03000000000000002,p0_m0,0.0,0.00265242764111023,-7.671742821817801e-06,1.8455889973883572e-05
0.03000000000000002,p0_m1,0,-0.040454095081637005,0.0,1.8455889973883572e-05
0.03000000000000002,p0_m2,0,-0.04045407295912984,0.0,1.8455889973883572e-05
0.03000000000000002,p0_m3,0,0.010426136245694204,0.0,1.8455889973883572e-05
0.03000000000000002,p1_m0,0,-0.11924424113879781,0.0,1.8455889973883572e-05
0.03000000000000002,p1_m1,0,0.09999010976125818,0.0,1.8455889973883572e-05
0.03000000000000002,p1_m2,0,0.099990219945149,0.0,1.8455889973883572e-05
0.03000000000000002,p1_m3,0,-0.09704352344721298,0.0,1.8455889973883572e-05
0.03000000000000002,p2_m0,0,-0.0274761428003334,0.0,1.8455889973883572e-05
0.03000000000000002,p2_m1,0,-0.03577239007001394,0.0,1.8455889973883572e-05
0.03000000000000002,p2_m2,0,-0.03577266113414315,0.0,1.8455889973883572e-05
0.03000000000000002,p2_m3,0,1.1489912223702727,0.0,1.8455889973883572e-05
0.03000000000000002,p3_m0,0,0.13779613341504388,0.0,1.8455889973883572e-05
0.03000000000000002,p3_m1,0,-0.0890784185760683,0.0,1.8455889973883572e-05
0.03000000000000002,p3_m2,0,-0.0890781984973284,0.0,1.8455889973883572e-05
0.03000000000000002,p3_m3,0,0.057445821290243185,0.0,1.8455889973883572e-05
0.04000000000000003,p0_m0,0.0,0.0030990247697440763,-9.238995499692929e-06,2.386478349739744e-05
0.04000000000000003,p0_m1,0,-0.08023457568689575,0.0,2.386478349739744e-05
0.04000000000000003,p0_m2,0,-0.0802345690779289,0.0,2.386478349739744e-05
0.04000000000000003,p0_m3,0,0.03410644319248586,0.0,2.386478349739744e-05
0.04000000000000003,p1_m0,0,-0.18286477251405817,0.0,2.386478349739744e-05
0.04000000000000003,p1_m1,0,0.15730530216134497,0.0,2.386478349739744e-05
0.04000000000000003,p1_m2,0,0.15730546008424373,0.0,2.386478349739744e-05
0.04000000000000003,p1_m3,0,-0.14675242894627943,0.0,2.386478349739744e-05
0.04000000000000003,p2_m0,0,-0.030974362037576354,0.0,2.386478349739744e-05
0.04000000000000003,p2_m1,0,-0.07001608832584084,0.0,2.386478349739744e-05
0.04000000000000003,p2_m2,0,-0.07001657609815051,0.0,2.386478349739744e-05
0.04000000000000003,p2_m3,0,2.606743254092338,0.0,2.386478349739744e-05
0.04000000000000003,p3_m0,0,0.21289051198201903,0.0,2.386478349739744e-05
0.04000000000000003,p3_m1,0,-0.1266149272183461,0.0,2.386478349739744e-05
0.04000000000000003,p3_m2,0,-0.12661452048206487,0.0,2.386478349739744e-05
0.04000000000000003,p3_m3,0,0.07780959933054005,0.0,2.386478349739744e-05
0.05000000000000004,p0_m0,0.0,0.004842206529200391,-1.5043637227166307e-05,2.150418448589866e-05
0.05000000000000004,p0_m1,0,-0.13211369703114417,0.0,2.150418448589866e-05
0.05000000000000004,p0_m2,0,-0.13211374009388469,0.0,2.150418448589866e-05
0.05000000000000004,p0_m3,0,0.08311991243074499,0.0,2.150418448589866e-05
0.05000000000000004,p1_m0,0,-0.21976193890083098,0.0,2.150418448589866e-05
0.05000000000000004,p1_m1,0,0.19067223674325828,0.0,2.150418448589866e-05
0.05000000000000004,p1_m2,0,0.19067237260636483,0.0,2.150418448589866e-05
0.05000000000000004,p1_m3,0,-0.16661708578456738,0.0,2.150418448589866e-05
0.05000000000000004,p2_m0,0,-0.007945645473346202,0.0,2.150418448589866e-05
0.05000000000000004,p2_m1,0,-0.12077888995506682,0.0,2.150418448589866e-05
0.05000000000000004,p2_m2,0,-0.12077958298547001,0.0,2.150418448589866e-05
0.05000000000000004,p2_m3,0,1.836442367627523,0.0,2.150418448589866e-05
0.05000000000000004,p3_m0,0,0.2489883451509773,0.0,2.150418448589866e-05
0.05000000000000004,p3_m1,0,-0.11394860524202624,0.0,2.150418448589866e-05
0.05000000000000004,p3_m2,0,-0.11394793996570732,0.0,2.150418448589866e-05
0.05000000000000004,p3_m3,0,1.26604413716261,0.0,2.150418448589866e-05
0.060000000000000046,p0_m0,0.0,0.0037184418113232792,-1.1375954078938975e-05,1.7674966400758748e-05
0.060000000000000046,p0_m1,0,-0.1681787821053672,0.0,1.7674966400758748e-05
0.060000000000000046,p0_m2,0,-0.1681788647836082,0.0,1.7674966400758748e-05
0.060000000000000046,p0_m3,0,0.11688191377126068,0.0,1.7674966400758748e-05
0.060000000000000046,p1_m0,0,-0.24335978406250713,0.0,1.7674966400758748e-05
0.060000000000000046,p1_m1,0,0.21427167900966265,0.0,1.7674966400758748e-05
0.060000000000000046,p1_m2,0,0.2142718062987774,0.0,1.7674966400758748e-05
0.060000000000000046,p1_m3,0,-0.1799603687101253,0.0,1.7674966400758748e-05
0.060000000000000046,p2_m0,0,0.008770114899671836,0.0,1.7674966400758748e-05
0.060000000000000046,p2_m1,0,-0.15616457626752747,0.0,1.7674966400758748e-05
0.060000000000000046,p2_m2,0,-0.15616541582366295,0.0,1.7674966400758748e-05
0.060000000000000046,p2_m3,0,0.875867668676394,0.0,1.7674966400758748e-05
0.060000000000000046,p3_m0,0,0.2754671281777781,0.0,1.7674966400758748e-05
0.060000000000000046,p3_m1,0,-0.10781828741763602,0.0,1.7674966400758748e-05
0.060000000000000046,p3_m2,0,-0.10781745125632976,0.0,1.7674966400758748e-05
0.060000000000000046,p3_m3,0,0.7984038840471854,0.0,1.7674966400758748e-05
0.07000000000000005,p0_m0,0.0,0.0031860711125830956,-9.72538500251784e-06,1.446805659356104e-05
0.07000000000000005,p0_m1,0,-0.19653503150636673,0.0,1.446805659356104e-05
0.07000000000000005,p0_m2,0,-0.1965351514199709,0.0,1.446805659356104e-05
0.07000000000000005,p0_m3,0,0.14385203583437692,0.0,1.446805659356104e-05
0.07000000000000005,p1_m0,0,-0.2597856610843077,0.0,1.446805659356104e-05
0.07000000000000005,p1_m1,0,0.23246728439057565,0.0,1.446805659356104e-05
0.07000000000000005,p1_m2,0,0.2324674079909945,0.0,1.446805659356104e-05
0.07000000000000005,p1_m3,0,-0.18928328809280662,0.0,1.446805659356104e-05
0.07000000000000005,p2_m0,0,0.02327030162880272,0.0,1.446805659356104e-05
0.07000000000000005,p2_m1,0,-0.1842265484324198,0.0,1.446805659356104e-05
0.07000000000000005,p2_m2,0,-0.1842275009782987,0.0,1.446805659356104e-05
0.07000000000000005,p2_m3,0,-0.32239509736233585,0.0,1.446805659356104e-05
0.07000000000000005,p3_m0,0,0.2959448194371408,0.0,1.446805659356104e-05
0.07000000000000005,p3_m1,0,-0.10339909998546687,0.0,1.446805659356104e-05
0.07000000000000005,p3_m2,0,-0.10339813491109759,0.0,1.446805659356104e-05
0.07000000000000005,p3_m3,0,-0.5030379299345418,0.0,1.446805659356104e-05
0.08000000000000006,p0_m0,0.0,-0.007654153841243099,2.53907812931107e-05,6.967365266588703e-05
0.08000000000000006,p0_m1,0,0.025433700555658283,0.0,6.967365266588703e-05
0.08000000000000006,p0_m2,0,3.264643310795647,0.0,6.967365266588703e-05
0.08000000000000006,p0_m3,0,0.3891790320773691,0.0,6.967365266588703e-05
0.08000000000000006,p1_m0,0,-3.063151968494828,0.0,6.967365266588703e-05
0.08000000000000006,p1_m1,0,0.11746378621958307,0.0,6.967365266588703e-05
0.08000000000000006,p1_m2,0,0.11746451586966483,0.0,6.967365266588703e-05
0.08000000000000006,p1_m3,0,-0.24609118605973582,0.0,6.967365266588703e-05
0.08000000000000006,p2_m0,0,-0.20001263840043076,0.0,6.967365266588703e-05
0.08000000000000006,p2_m1,0,0.021966443637438014,0.0,6.967365266588703e-05
0.08000000000000006,p2_m2,0,0.02196622486021323,0.0,6.967365266588703e-05
0.08000000000000006,p2_m3,0,-1.1039407905141836,0.0,6.967365266588703e-05
0.08000000000000006,p3_m0,0,0.254077735693209,0.0,6.967365266588703e-05
0.08000000000000006,p3_m1,0,-0.014341473827518486,0.0,6.967365266588703e-05
0.08000000000000006,p3_m2,0,-0.014339794484450379,0.0,6.967365266588703e-05
0.08000000000000006,p3_m3,0,-0.6170041619967788,0.0,6.967365266588703e-05
0.09000000000000007,p0_m0,0.0,-0.0011709402338040016,5.37076292723176e-06,9.176906052591141e-05
0.09000000000000007,p0_m1,0,0.1657048481293695,0.0,9.176906052591141e-05
0.09000000000000007,p0_m2,0,3.958947027891927,0.0,9.176906052591141e-05
0.09000000000000007,p0_m3,0,-0.4723253731790161,0.0,9.176906052591141e-05
0.09000000000000007,p1_m0,0,-5.153260802972089,0.0,9.176906052591141e-05
0.09000000000000007,p1_m1,0,0.07665649315501079,0.0,9.176906052591141e-05
0.09000000000000007,p1_m2,0,0.07665775722673668,0.0,9.176906052591141e-05
0.09000000000000007,p1_m3,0,-0.3167561881289174,0.0,9.176906052591141e-05
0.09000000000000007,p2_m0,0,-0.3643251244863123,0.0,9.176906052591141e-05
0.09000000000000007,p2_m1,0,0.16294361326415358,0.0,9.176906052591141e-05
0.09000000000000007,p2_m2,0,0.16294371523748843,0.0,9.176906052591141e-05
0.09000000000000007,p2_m3,0,0.9978963786215096,0.0,9.176906052591141e-05
0.09000000000000007,p3_m0,0,0.2696447697712467,0.0,9.176906052591141e-05
0.09000000000000007,p3_m1,0,-0.028291601901459303,0.0,9.176906052591141e-05
0.09000000000000007,p3_m2,0,-0.028289622748525187,0.0,9.176906052591141e-05
0.09000000000000007,p3_m3,0,-0.6399999404696609,0.0,9.176906052591141e-05
0.10000000000000007,p0_m0,0.0,0.0018045993623256034,-5.158406569340939e-06,9.517392265075344e-05
0.10000000000000007,p0_m1,0,0.21229856861247876,0.0,9.517392265075344e-05
0.10000000000000007,p0_m2,0,3.9109834673066413,0.0,9.517392265075344e-05
0.10000000000000007,p0_m3,0,-0.5440593262075689,0.0,9.517392265075344e-05
0.10000000000000007,p1_m0,0,-5.8251669950760006,0.0,9.517392265075344e-05
0.10000000000000007,p1_m1,0,0.054056370193777965,0.0,9.517392265075344e-05
0.10000000000000007,p1_m2,0,0.054057902319282154,0.0,9.517392265075344e-05
0.10000000000000007,p1_m3,0,-0.34626004481363126,0.0,9.517392265075344e-05
0.10000000000000007,p2_m0,0,-0.4241925656256263,0.0,9.517392265075344e-05
0.10000000000000007,p2_m1,0,0.19882392701886195,0.0,9.517392265075344e-05
0.10000000000000007,p2_m2,0,0.19882402612446362,0.0,9.517392265075344e-05
0.10000000000000007,p2_m3,0,2.656911761635183,0.0,9.517392265075344e-05
0.10000000000000007,p3_m0,0,0.28488957061972786,0.0,9.517392265075344e-05
0.10000000000000007,p3_m1,0,-0.02168886139360065,0.0,9.517392265075344e-05
0.10000000000000007,p3_m2,0,-0.021686618154924,0.0,9.517392265075344e-05
0.10000000000000007,p3_m3,0,-0.6544285283366709,0.0,9.517392265075344e-05
0.11000000000000008,p0_m0,0.0,-1.2433215162693079,0.003428749618836765,9.040439720171227e-05
0.11000000000000008,p0_m1,0,0.20610954054992964,0.0,9.040439720171227e-05
0.11000000000000008,p0_m2,0,3.7347687339683864,0.0,9.040439720171227e-05
0.11000000000000008,p0_m3,0,-1.6209352455355317,0.0,9.040439720171227e-05
0.11000000000000008,p1_m0,0,-5.1466396381142525,0.0,9.040439720171227e-05
0.11000000000000008,p1_m1,0,0.08202903996353762,0.0,9.040439720171227e-05
0.11000000000000008,p1_m2,0,0.08203091172630059,0.0,9.040439720171227e-05
0.11000000000000008,p1_m3,0,-0.4077598644951665,0.0,9.040439720171227e-05
0.11000000000000008,p2_m0,0,-0.49087578675232324,0.0,9.040439720171227e-05
0.11000000000000008,p2_m1,0,0.2354568583797159,0.0,9.040439720171227e-05
0.11000000000000008,p2_m2,0,0.2354567937392744,0.0,9.040439720171227e-05
0.11000000000000008,p2_m3,0,2.0118272265405897,0.0,9.040439720171227e-05
0.11000000000000008,p3_m0,0,0.6300761970010468,0.0,9.040439720171227e-05
0.11000000000000008,p3_m1,0,-2.5548463789336826,0.0,9.040439720171227e-05
0.11000000000000008,p3_m2,0,-0.025541063496252504,0.0,9.040439720171227e-05
0.11000000000000008,p3_m3,0,-0.6682697138877592,0.0,9.040439720171227e-05
0.12000000000000009,p0_m0,0.0,-0.043983766060524,0.0001097605536959447,2.088852671156897e-06
0.12000000000000009,p0_m1,0,-0.03318439791307193,0.0,2.088852671156897e-06
0.12000000000000009,p0_m2,0,2.4610951667324947,0.0,2.088852671156897e-06
0.12000000000000009,p0_m3,0,-1.3371973785268825,0.0,2.088852671156897e-06
0.12000000000000009,p1_m0,0,-3.724182813500767,0.0,2.088852671156897e-06
0.12000000000000009,p1_m1,0,1.1479813322689068,0.0,2.088852671156897e-06
0.12000000000000009,p1_m2,0,1.2697585603718886,0.0,2.088852671156897e-06
0.12000000000000009,p1_m3,0,-0.1589196272923653,0.0,2.088852671156897e-06
0.12000000000000009,p2_m0,0,-0.266874183595669,0.0,2.088852671156897e-06
0.12000000000000009,p2_m1,0,0.41860082854401215,0.0,2.088852671156897e-06
0.12000000000000009,p2_m2,0,0.17841258060108223,0.0,2.088852671156897e-06
0.12000000000000009,p2_m3,0,1.7269907935644804,0.0,2.088852671156897e-06
0.12000000000000009,p3_m0,0,0.7735105806345328,0.0,2.088852671156897e-06
0.12000000000000009,p3_m1,0,-3.7465641968680705,0.0,2.088852671156897e-06
0.12000000000000009,p3_m2,0,-1.1847368313162385,0.0,2.088852671156897e-06
0.12000000000000009,p3_m3,0,-0.7406326308058669,0.0,2.088852671156897e-06
0.1300000000000001,p0_m0,0.0,0.24780407716633165,-0.0006475487367607714,8.14197172007938e-05
0.1300000000000001,p0_m1,0,-0.016227125776338062,0.0,8.14197172007938e-05
0.1300000000000001,p0_m2,0,0.8997575206898232,0.0,8.14197172007938e-05
0.1300000000000001,p0_m3,0,-0.28681230532550644,0.0,8.14197172007938e-05
0.1300000000000001,p1_m0,0,-1.02203773107137,0.0,8.14197172007938e-05
0.1300000000000001,p1_m1,0,0.08622830724327689,0.0,8.14197172007938e-05
0.1300000000000001,p1_m2,0,0.28495930214982285,0.0,8.14197172007938e-05
0.1300000000000001,p1_m3,0,0.5110636725158145,0.0,8.14197172007938e-05
0.1300000000000001,p2_m0,0,0.5400198668969683,0.0,8.14197172007938e-05
0.1300000000000001,p2_m1,0,-0.15627132611895622,0.0,8.14197172007938e-05
0.1300000000000001,p2_m2,0,-0.3354672478111272,0.0,8.14197172007938e-05
0.1300000000000001,p2_m3,0,1.1019657190124315,0.0,8.14197172007938e-05
0.1300000000000001,p3_m0,0,0.36518546360295256,0.0,8.14197172007938e-05
0.1300000000000001,p3_m1,0,-1.0952474130852539,0.0,8.14197172007938e-05
0.1300000000000001,p3_m2,0,-0.1845086959259767,0.0,8.14197172007938e-05
0.1300000000000001,p3_m3,0,-0.6580121992882417,0.0,8.14197172007938e-05
0.1400000000000001,p0_m0,0.0,0.3819072783916123,-0.0011435253939602677,9.989868553861745e-05
0.1400000000000001,p0_m1,0,0.23785256812672673,0.0,9.989868553861745e-05
0.1400000000000001,p0_m2,0,0.7294141573632106,0.0,9.989868553861745e-05
0.1400000000000001,p0_m3,0,-0.008674572572601683,0.0,9.989868553861745e-05
0.1400000000000001,p1_m0,0,-0.027224552608276786,0.0,9.989868553861745e-05
0.1400000000000001,p1_m1,0,-0.4290991281752855,0.0,9.989868553861745e-05
0.1400000000000001,p1_m2,0,-0.0864362053128173,0.0,9.989868553861745e-05
0.1400000000000001,p1_m3,0,1.0687057944018492,0.0,9.989868553861745e-05
0.1400000000000001,p2_m0,0,1.1526512358750165,0.0,9.989868553861745e-05
0.1400000000000001,p2_m1,0,-0.35644446364429117,0.0,9.989868553861745e-05
0.1400000000000001,p2_m2,0,-0.6255527063853564,0.0,9.989868553861745e-05
0.1400000000000001,p2_m3,0,1.1698256307035877,0.0,9.989868553861745e-05
0.1400000000000001,p3_m0,0,0.056153564906041724,0.0,9.989868553861745e-05
0.1400000000000001,p3_m1,0,-0.14207862183809386,0.0,9.989868553861745e-05
0.1400000000000001,p3_m2,0,0.4535191896841278,0.0,9.989868553861745e-05
0.1400000000000001,p3_m3,0,-0.13880582841288533,0.0,9.989868553861745e-05
0.1500000000000001,p0_m0,0.0,0.4294826636891592,-0.001269237651011224,7.7142438007787e-05
0.1500000000000001,p0_m1,0,0.31808015481987806,0.0,7.7142438007787e-05
0.1500000000000001,p0_m2,0,0.6816444191481948,0.0,7.7142438007787e-05
0.1500000000000001,p0_m3,0,-0.024559007018242464,0.0,7.7142438007787e-05
0.1500000000000001,p1_m0,0,0.09779356402714355,0.0,7.7142438007787e-05
0.1500000000000001,p1_m1,0,-0.7820009094597912,0.0,7.7142438007787e-05
0.1500000000000001,p1_m2,0,-0.2935967193630453,0.0,7.7142438007787e-05
0.1500000000000001,p1_m3,0,1.2439870449308599,0.0,7.7142438007787e-05
0.1500000000000001,p2_m0,0,1.1476997649593135,0.0,7.7142438007787e-05
0.1500000000000001,p2_m1,0,-0.4548907461080306,0.0,7.7142438007787e-05
0.1500000000000001,p2_m2,0,-0.6525112908144445,0.0,7.7142438007787e-05
0.1500000000000001,p2_m3,0,1.1858290579935802,0.0,7.7142438007787e-05
0.1500000000000001,p3_m0,0,-0.18345438285140972,0.0,7.7142438007787e-05
0.1500000000000001,p3_m1,0,0.18189647336903333,0.0,7.7142438007787e-05
0.1500000000000001,p3_m2,0,0.747066121242691,0.0,7.7142438007787e-05
0.1500000000000001,p3_m3,0,-0.0248064116580367,0.0,7.7142438007787e-05
0.16000000000000011,p0_m0,0.0,0.4223271237469016,-0.0012773901452364476,4.916387687249864e-05
0.16000000000000011,p0_m1,0,0.25838076452356395,0.0,4.916387687249864e-05
0.16000000000000011,p0_m2,0,0.6454334892171582,0.0,4.916387687249864e-05
0.16000000000000011,p0_m3,0,-0.04887047234634721,0.0,4.916387687249864e-05
0.16000000000000011,p1_m0,0,0.1254181447526769,0.0,4.916387687249864e-05
0.16000000000000011,p1_m1,0,-0.9340905196262679,0.0,4.916387687249864e-05
0.16000000000000011,p1_m2,0,-0.4844133754868925,0.0,4.916387687249864e-05
0.16000000000000011,p1_m3,0,1.2853096975584608,0.0,4.916387687249864e-05
0.16000000000000011,p2_m0,0,0.7925072331809142,0.0,4.916387687249864e-05
0.16000000000000011,p2_m1,0,-0.3813401310433051,0.0,4.916387687249864e-05
0.16000000000000011,p2_m2,0,-0.5161993526120894,0.0,4.916387687249864e-05
0.16000000000000011,p2_m3,0,1.1494921423694122,0.0,4.916387687249864e-05
0.16000000000000011,p3_m0,0,-0.35918178694487246,0.0,4.916387687249864e-05
0.16000000000000011,p3_m1,0,0.3137829931982099,0.0,4.916387687249864e-05
0.16000000000000011,p3_m2,0,0.7705605042441914,0.0,4.916387687249864e-05
0.16000000000000011,p3_m3,0,0.016029177311174606,0.0,4.916387687249864e-05
0.17000000000000012,p0_m0,0.0,0.3950919609233505,-0.001198352671281136,2.8791313388629994e-05
0.17000000000000012,p0_m1,0,0.1006038646237424,0.0,2.8791313388629994e-05
0.17000000000000012,p0_m2,0,0.6149283777357034,0.0,2.8791313388629994e-05
0.17000000000000012,p0_m3,0,-0.07655082506943889,0.0,2.8791313388629994e-05
0.17000000000000012,p1_m0,0,0.1422197262547974,0.0,2.8791313388629994e-05
0.17000000000000012,p1_m1,0,-0.8007359534455762,0.0,2.8791313388629994e-05
0.17000000000000012,p1_m2,0,-0.47175844192115085,0.0,2.8791313388629994e-05
0.17000000000000012,p1_m3,0,1.1918991742772276,0.0,2.8791313388629994e-05
0.17000000000000012,p2_m0,0,0.7219805371650605,0.0,2.8791313388629994e-05
0.17000000000000012,p2_m1,0,-0.3201620686349974,0.0,2.8791313388629994e-05
0.17000000000000012,p2_m2,0,-0.4458508751708083,0.0,2.8791313388629994e-05
0.17000000000000012,p2_m3,0,1.1203782561792477,0.0,2.8791313388629994e-05
0.17000000000000012,p3_m0,0,-0.43259309156195763,0.0,2.8791313388629994e-05
0.17000000000000012,p3_m1,0,0.4307362147315313,0.0,2.8791313388629994e-05
0.17000000000000012,p3_m2,0,0.6368892899264825,0.0,2.8791313388629994e-05
0.17000000000000012,p3_m3,0,0.0863244192823326,0.0,2.8791313388629994e-05
0.18000000000000013,p0_m0,0.0,0.35090310947100184,-0.0010624345817890847,1.648749520011053e-05
0.18000000000000013,p0_m1,0,0.012998753393052927,0.0,1.648749520011053e-05
0.18000000000000013,p0_m2,0,0.5885207047348804,0.0,1.648749520011053e-05
0.18000000000000013,p0_m3,0,0.08827818834024335,0.0,1.648749520011053e-05
0.18000000000000013,p1_m0,0,0.15588110330184096,0.0,1.648749520011053e-05
0.18000000000000013,p1_m1,0,-0.5769647187942395,0.0,1.648749520011053e-05
0.18000000000000013,p1_m2,0,-0.38896963567791093,0.0,1.648749520011053e-05
0.18000000000000013,p1_m3,0,0.9089046110172502,0.0,1.648749520011053e-05
0.18000000000000013,p2_m0,0,0.5785839373699964,0.0,1.648749520011053e-05
0.18000000000000013,p2_m1,0,-0.23272349632648576,0.0,1.648749520011053e-05
0.18000000000000013,p2_m2,0,-0.3071386832933195,0.0,1.648749520011053e-05
0.18000000000000013,p2_m3,0,1.088293186876992,0.0,1.648749520011053e-05
0.18000000000000013,p3_m0,0,-0.3054421486072001,0.0,1.648749520011053e-05
0.18000000000000013,p3_m1,0,0.40553210599882367,0.0,1.648749520011053e-05
0.18000000000000013,p3_m2,0,0.4927247692413335,0.0,1.648749520011053e-05
0.18000000000000013,p3_m3,0,0.07876775370600247,0.0,1.648749520011053e-05
0.19000000000000014,p0_m0,0.0,0.28980758787931005,-0.0008910373083978621,8.440107117672426e-06
0.19000000000000014,p0_m1,0,-0.02764084263707915,0.0,8.440107117672426e-06
0.19000000000000014,p0_m2,0,0.5639825115961331,0.0,8.440107117672426e-06
0.19000000000000014,p0_m3,0,0.244192844235698,0.0,8.440107117672426e-06
0.19000000000000014,p1_m0,0,0.16997943920011002,0.0,8.440107117672426e-06
0.19000000000000014,p1_m1,0,-0.365908697395206,0.0,8.440107117672426e-06
0.19000000000000014,p1_m2,0,-0.29085590579982556,0.0,8.440107117672426e-06
0.19000000000000014,p1_m3,0,0.5311927180834716,0.0,8.440107117672426e-06
0.19000000000000014,p2_m0,0,0.3810629373951585,0.0,8.440107117672426e-06
0.19000000000000014,p2_m1,0,-0.1799189992044222,0.0,8.440107117672426e-06
0.19000000000000014,p2_m2,0,-0.21656325656121622,0.0,8.440107117672426e-06
0.19000000000000014,p2_m3,0,1.0583956299733377,0.0,8.440107117672426e-06
0.19000000000000014,p3_m0,0,-0.16571675662282442,0.0,8.440107117672426e-06
0.19000000000000014,p3_m1,0,0.3254143383093224,0.0,8.440107117672426e-06
0.19000000000000014,p3_m2,0,0.36421657869348073,0.0,8.440107117672426e-06
0.19000000000000014,p3_m3,0,0.041546981232036026,0.0,8.440107117672426e-06
0.20000000000000015,p0_m0,0.0,0.21870281994312946,-0.0006774641880195523,4.069425415160973e-06
0.20000000000000015,p0_m1,0,-0.0391213455067635,0.0,4.069425415160973e-06
0.20000000000000015,p0_m2,0,0.5398472103398573,0.0,4.069425415160973e-06
0.20000000000000015,p0_m3,0,0.23035412974774555,0.0,4.069425415160973e-06
0.20000000000000015,p1_m0,0,0.18536696728567678,0.0,4.069425415160973e-06
0.20000000000000015,p1_m1,0,-0.23283600364560422,0.0,4.069425415160973e-06
0.20000000000000015,p1_m2,0,-0.20180505553054087,0.0,4.069425415160973e-06
0.20000000000000015,p1_m3,0,0.32378986885985,0.0,4.069425415160973e-06
0.20000000000000015,p2_m0,0,0.2464353258197826,0.0,4.069425415160973e-06
0.20000000000000015,p2_m1,0,-0.14023619584542535,0.0,4.069425415160973e-06
0.20000000000000015,p2_m2,0,-0.1588390573934249,0.0,4.069425415160973e-06
0.20000000000000015,p2_m3,0,1.0323966210189892,0.0,4.069425415160973e-06
0.20000000000000015,p3_m0,0,-0.09372773319682873,0.0,4.069425415160973e-06
0.20000000000000015,p3_m1,0,0.23697573893714752,0.0,4.069425415160973e-06
0.20000000000000015,p3_m2,0,0.2524764303703441,0.0,4.069425415160973e-06
0.20000000000000015,p3_m3,0,0.017893174965626552,0.0,4.069425415160973e-06
0.21000000000000016,p0_m0,0.0,0.15011164720033404,-0.000469324536731255,2.1296155093154153e-06
0.21000000000000016,p0_m1,0,-0.03575598806796937,0.0,2.1296155093154153e-06
0.21000000000000016,p0_m2,0,0.5162392482491818,0.0,2.1296155093154153e-06
0.21000000000000016,p0_m3,0,0.1737119006444792,0.0,2.1296155093154153e-06
0.21000000000000016,p1_m0,0,0.20200651548532547,0.0,2.1296155093154153e-06
0.21000000000000016,p1_m1,0,-0.15028706252842006,0.0,2.1296155093154153e-06
0.21000000000000016,p1_m2,0,-0.1370438870437553,0.0,2.1296155093154153e-06
0.21000000000000016,p1_m3,0,0.20645993924847678,0.0,2.1296155093154153e-06
0.21000000000000016,p2_m0,0,0.16875932791452364,0.0,2.1296155093154153e-06
0.21000000000000016,p2_m1,0,-0.10300630264268022,0.0,2.1296155093154153e-06
0.21000000000000016,p2_m2,0,-0.1122738472422922,0.0,2.1296155093154153e-06
0.21000000000000016,p2_m3,0,0.6028558341175809,0.0,2.1296155093154153e-06
0.21000000000000016,p3_m0,0,-0.057390130488775816,0.0,2.1296155093154153e-06
0.21000000000000016,p3_m1,0,0.16200570460952468,0.0,2.1296155093154153e-06
0.21000000000000016,p3_m2,0,0.1685648741772092,0.0,2.1296155093154153e-06
0.21000000000000016,p3_m3,0,0.002559379039832119,0.0,2.1296155093154153e-06
0.22000000000000017,p0_m0,0.0,0.0886690748279922,-0.0002797215504977003,1.2082568340709626e-06
0.22000000000000017,p0_m1,0,-0.015706031350061694,0.0,1.2082568340709626e-06
0.22000000000000017,p0_m2,0,0.1701727000020863,0.0,1.2082568340709626e-06
0.22000000000000017,p0_m3,0,0.09334929933072154,0.0,1.2082568340709626e-06
0.22000000000000017,p1_m0,0,0.1646258582523627,0.0,1.2082568340709626e-06
0.22000000000000017,p1_m1,0,-0.09837780765226806,0.0,1.2082568340709626e-06
0.22000000000000017,p1_m2,0,-0.09256082039022888,0.0,1.2082568340709626e-06
0.22000000000000017,p1_m3,0,0.1350477869547616,0.0,1.2082568340709626e-06
0.22000000000000017,p2_m0,0,0.12465533798367262,0.0,1.2082568340709626e-06
0.22000000000000017,p2_m1,0,-0.07660703930040025,0.0,1.2082568340709626e-06
0.22000000000000017,p2_m2,0,-0.08138003924032804,0.0,1.2082568340709626e-06
0.22000000000000017,p2_m3,0,0.26301795647159754,0.0,1.2082568340709626e-06
0.22000000000000017,p3_m0,0,-0.03500190156235804,0.0,1.2082568340709626e-06
0.22000000000000017,p3_m1,0,0.10690779636319168,0.0,1.2082568340709626e-06
0.22000000000000017,p3_m2,0,0.10974925463232144,0.0,1.2082568340709626e-06
0.22000000000000017,p3_m3,0,-0.018895403948556478,0.0,1.2082568340709626e-06
0.23000000000000018,p0_m0,0.0,0.05564194027257157,-0.00017453369175351728,5.260073190609007e-07
0.23000000000000018,p0_m1,0,-0.008064973444256699,0.0,5.260073190609007e-07
0.23000000000000018,p0_m2,0,0.05441062266116513,0.0,5.260073190609007e-07
0.23000000000000018,p0_m3,0,0.054588514962139574,0.0,5.260073190609007e-07
0.23000000000000018,p1_m0,0,0.1023993097852346,0.0,5.260073190609007e-07
0.23000000000000018,p1_m1,0,-0.064022314826793,0.0,5.260073190609007e-07
0.23000000000000018,p1_m2,0,-0.061364245030351344,0.0,5.260073190609007e-07
0.23000000000000018,p1_m3,0,0.08724964652916267,0.0,5.260073190609007e-07
0.23000000000000018,p2_m0,0,0.08624611363312093,0.0,5.260073190609007e-07
0.23000000000000018,p2_m1,0,-0.05507823677610247,0.0,5.260073190609007e-07
0.23000000000000018,p2_m2,0,-0.05748421727547245,0.0,5.260073190609007e-07
0.23000000000000018,p2_m3,0,0.12794238647070177,0.0,5.260073190609007e-07
0.23000000000000018,p3_m0,0,-0.02030984222331393,0.0,5.260073190609007e-07
0.23000000000000018,p3_m1,0,0.06984275688781404,0.0,5.260073190609007e-07
0.23000000000000018,p3_m2,0,0.07114537535567629,0.0,5.260073190609007e-07
0.23000000000000018,p3_m3,0,-0.019013931399423978,0.0,5.260073190609007e-07
0.24000000000000019,p0_m0,0.0,0.036097055958474164,-0.00011296715116738256,6.190774414818014e-07
0.24000000000000019,p0_m1,0,-0.0046276139715466826,0.0,6.190774414818014e-07
0.24000000000000019,p0_m2,0,0.01635888246301321,0.0,6.190774414818014e-07
0.24000000000000019,p0_m3,0,0.03364213560337318,0.0,6.190774414818014e-07
0.24000000000000019,p1_m0,0,0.06603027806502854,0.0,6.190774414818014e-07
0.24000000000000019,p1_m1,0,-0.04209200040825651,0.0,6.190774414818014e-07
0.24000000000000019,p1_m2,0,-0.04083831145514394,0.0,6.190774414818014e-07
0.24000000000000019,p1_m3,0,0.056859759408981504,0.0,6.190774414818014e-07
0.24000000000000019,p2_m0,0,0.05840898066048518,0.0,6.190774414818014e-07
0.24000000000000019,p2_m1,0,-0.038444923199506896,0.0,6.190774414818014e-07
0.24000000000000019,p2_m2,0,-0.039666104825187225,0.0,6.190774414818014e-07
0.24000000000000019,p2_m3,0,0.06932955910497256,0.0,6.190774414818014e-07
0.24000000000000019,p3_m0,0,-0.012135969108295445,0.0,6.190774414818014e-07
0.24000000000000019,p3_m1,0,0.04595457525041547,0.0,6.190774414818014e-07
0.24000000000000019,p3_m2,0,0.04658905695942023,0.0,6.190774414818014e-07
0.24000000000000019,p3_m3,0,-0.0153531801537663,0.0,6.190774414818014e-07
0.25000000000000017,p0_m0,0.0,0.023907992965137067,-7.467920979040205e-05,7.403348253200983e-07
0.25000000000000017,p0_m1,0,-0.00286905020223831,0.0,7.403348253200983e-07
0.25000000000000017,p0_m2,0,0.004171875539972102,0.0,7.403348253200983e-07
0.25000000000000017,p0_m3,0,0.021332705163037216,0.0,7.403348253200983e-07
0.25000000000000017,p1_m0,0,0.043736344909605554,0.0,7.403348253200983e-07
0.25000000000000017,p1_m1,0,-0.02796865777545694,0.0,7.403348253200983e-07
0.25000000000000017,p1_m2,0,-0.027361548649163014,0.0,7.403348253200983e-07
0.25000000000000017,p1_m3,0,0.03746246096365584,0.0,7.403348253200983e-07
0.25000000000000017,p2_m0,0,0.03938526395977506,0.0,7.403348253200983e-07
0.25000000000000017,p2_m1,0,-0.02651265881776999,0.0,7.403348253200983e-07
0.25000000000000017,p2_m2,0,-0.02714721124913805,0.0,7.403348253200983e-07
0.25000000000000017,p2_m3,0,0.041123224138438406,0.0,7.403348253200983e-07
0.25000000000000017,p3_m0,0,-0.007490465531569532,0.0,7.403348253200983e-07
0.25000000000000017,p3_m1,0,0.030556345162339765,0.0,7.403348253200983e-07
0.25000000000000017,p3_m2,0,0.030884711673845346,0.0,7.403348253200983e-07
0.25000000000000017,p3_m3,0,-0.0116391711320364,0.0,7.403348253200983e-07
0.2600000000000002,p0_m0,0.0,0.01610843147284287,-5.023717827030893e-05,7.773753820549857e-07
0.2600000000000002,p0_m1,0,-0.0018534760498027801,0.0,7.773753820549857e-07
0.2600000000000002,p0_m2,0,0.0005022368471905624,0.0,7.773753820549857e-07
0.2600000000000002,p0_m3,0,0.013706407581805781,0.0,7.773753820549857e-07
0.2600000000000002,p1_m0,0,0.02953393263694784,0.0,7.773753820549857e-07
0.2600000000000002,p1_m1,0,-0.018766776524204935,0.0,7.773753820549857e-07
0.2600000000000002,p1_m2,0,-0.01846432622577954,0.0,7.773753820549857e-07
0.2600000000000002,p1_m3,0,0.02487363204916481,0.0,7.773753820549857e-07
0.2600000000000002,p2_m0,0,0.026569799432009107,0.0,7.773753820549857e-07
0.2600000000000002,p2_m1,0,-0.018224235444671062,0.0,7.773753820549857e-07
0.2600000000000002,p2_m2,0,-0.018564574842824557,0.0,7.773753820549857e-07
0.2600000000000002,p2_m3,0,0.025994928674953507,0.0,7.773753820549857e-07
0.2600000000000002,p3_m0,0,-0.004750123828316261,0.0,7.773753820549857e-07
0.2600000000000002,p3_m1,0,0.020580630825782036,0.0,7.773753820549857e-07
0.2600000000000002,p3_m2,0,0.0207603291582526,0.0,7.773753820549857e-07
0.2600000000000002,p3_m3,0,-0.008707582998247788,0.0,7.773753820549857e-07
0.2700000000000002,p0_m0,0.0,0.011010978719464097,-3.4293670205933616e-05,7.829542639782763e-07
0.2700000000000002,p0_m1,0,-0.0012134662395965905,0.0,7.829542639782763e-07
0.2700000000000002,p0_m2,0,-0.0004302754547058713,0.0,7.829542639782763e-07
0.2700000000000002,p0_m3,0,0.008796876426987107,0.0,7.829542639782763e-07
0.2700000000000002,p1_m0,0,0.020251167774600388,0.0,7.829542639782763e-07
0.2700000000000002,p1_m1,0,-0.012696860312645112,0.0,7.829542639782763e-07
0.2700000000000002,p1_m2,0,-0.012541622147026714,0.0,7.829542639782763e-07
0.2700000000000002,p1_m3,0,0.016582528828945474,0.0,7.829542639782763e-07
0.2700000000000002,p2_m0,0,0.01795511459994615,0.0,7.829542639782763e-07
0.2700000000000002,p2_m1,0,-0.012538238852312818,0.0,7.829542639782763e-07
0.2700000000000002,p2_m2,0,-0.012727859026561721,0.0,7.829542639782763e-07
0.2700000000000002,p2_m3,0,0.017117432949140088,0.0,7.829542639782763e-07
0.2700000000000002,p3_m0,0,-0.0030670662532820713,0.0,7.829542639782763e-07
0.2700000000000002,p3_m1,0,0.014033667511493717,0.0,7.829542639782763e-07
0.2700000000000002,p3_m2,0,0.014136869427577081,0.0,7.829542639782763e-07
0.2700000000000002,p3_m3,0,-0.00657334669175826,0.0,7.829542639782763e-07
0.2800000000000002,p0_m0,0.0,0.007621685392335003,-2.3709374767616625e-05,7.811657446046934e-07
0.2800000000000002,p0_m1,0,-0.0007867124376899743,0.0,7.811657446046934e-07
0.2800000000000002,p0_m2,0,-0.0005302566201313063,0.0,7.811657446046934e-07
0.2800000000000002,p0_m3,0,0.0055499980910129225,0.0,7.811657446046934e-07
0.2800000000000002,p1_m0,0,0.014076185355325751,0.0,7.811657446046934e-07
0.2800000000000002,p1_m1,0,-0.008647182806191166,0.0,7.811657446046934e-07
0.2800000000000002,p1_m2,0,-0.008565128775997863,0.0,7.811657446046934e-07
0.2800000000000002,p1_m3,0,0.011052676072929838,0.0,7.811657446046934e-07
0.2800000000000002,p2_m0,0,0.012145217632245495,0.0,7.811657446046934e-07
0.2800000000000002,p2_m1,0,-0.008651012724175025,0.0,7.811657446046934e-07
0.2800000000000002,p2_m2,0,-0.008761220307305995,0.0,7.811657446046934e-07
0.2800000000000002,p2_m3,0,0.011562926456143686,0.0,7.811657446046934e-07
0.2800000000000002,p3_m0,0,-0.0019946754956703507,0.0,7.811657446046934e-07
0.2800000000000002,p3_m1,0,0.00967667146504489,0.0,7.811657446046934e-07
0.2800000000000002,p3_m2,0,0.009738245562351538,0.0,7.811657446046934e-07
0.2800000000000002,p3_m3,0,-0.005066986207197199,0.0,7.811657446046934e-07
0.2900000000000002,p0_m0,0.0,0.005336799756398185,-1.6582837395188518e-05,7.787745713957465e-07
0.2900000000000002,p0_m1,0,-0.0004922085970301401,0.0,7.787745713957465e-07
0.2900000000000002,p0_m2,0,-0.00041145575485543784,0.0,7.787745713957465e-07
0.2900000000000002,p0_m3,0,0.0033622171612607203,0.0,7.787745713957465e-07
0.2900000000000002,p1_m0,0,0.009916541775751192,0.0,7.787745713957465e-07
0.2900000000000002,p1_m1,0,-0.005918934926719726,0.0,7.787745713957465e-07
0.2900000000000002,p1_m2,0,-0.005874449339021094,0.0,7.787745713957465e-07
0.2900000000000002,p1_m3,0,0.007325649164681745,0.0,7.787745713957465e-07
0.2900000000000002,p2_m0,0,0.00820592887459664,0.0,7.787745713957465e-07
0.2900000000000002,p2_m1,0,-0.005991685970296767,0.0,7.787745713957465e-07
0.2900000000000002,p2_m2,0,-0.006058632124745691,0.0,7.787745713957465e-07
0.2900000000000002,p2_m3,0,0.007940825392203725,0.0,7.787745713957465e-07
0.2900000000000002,p3_m0,0,-0.00129046541664026,0.0,7.787745713957465e-07
0.2900000000000002,p3_m1,0,0.006740926566119241,0.0,7.787745713957465e-07
0.2900000000000002,p3_m2,0,0.006778639767025154,0.0,7.787745713957465e-07
0.2900000000000002,p3_m3,0,-0.004015522534196251,0.0,7.787745713957465e-07
0.3000000000000002,p0_m0,0.0,0.0037796789154076766,-1.1730853464643467e-05,7.769846598071091e-07
0.3000000000000002,p0_m1,0,-0.00028484199121373694,0.0,7.769846598071091e-07
0.3000000000000002,p0_m2,0,-0.00026218691412177684,0.0,7.769846598071091e-07
0.3000000000000002,p0_m3,0,0.0018689373514722254,0.0,7.769846598071091e-07
0.3000000000000002,p1_m0,0,0.0070883304515783905,0.0,7.769846598071091e-07
0.3000000000000002,p1_m1,0,-0.004066138944238572,0.0,7.769846598071091e-07
0.3000000000000002,p1_m2,0,-0.004041633871952199,0.0,7.769846598071091e-07
0.3000000000000002,p1_m3,0,0.004792299436831553,0.0,7.769846598071091e-07
0.3000000000000002,p2_m0,0,0.005519688613485951,0.0,7.769846598071091e-07
0.3000000000000002,p2_m1,0,-0.0041679747988184615,0.0,7.769846598071091e-07
0.3000000000000002,p2_m2,0,-0.004210479940304646,0.0,7.769846598071091e-07
0.3000000000000002,p2_m3,0,0.005518197287467597,0.0,7.769846598071091e-07
0.3000000000000002,p3_m0,0,-0.0008171971529102168,0.0,7.769846598071091e-07
0.3000000000000002,p3_m1,0,0.00474255391074762,0.0,7.769846598071091e-07
0.3000000000000002,p3_m2,0,0.004765950403714096,0.0,7.769846598071091e-07
0.3000000000000002,p3_m3,0,-0.0032833676363039116,0.0,7.769846598071091e-07
0.3100000000000002,p0_m0,0.0,0.002709701931201579,-8.399228849253216e-06,7.757514992627334e-07
0.3100000000000002,p0_m1,0,-0.00013716333034523442,0.0,7.757514992627334e-07
0.3100000000000002,p0_m2,0,-0.00013335928564822756,0.0,7.757514992627334e-07
0.3100000000000002,p0_m3,0,0.00084057458298035,0.0,7.757514992627334e-07
0.3100000000000002,p1_m0,0,0.0051518669695811295,0.0,7.757514992627334e-07
0.3100000000000002,p1_m1,0,-0.0027997515288301425,0.0,7.757514992627334e-07
0.3100000000000002,p1_m2,0,-0.0027862804664837626,0.0,7.757514992627334e-07
0.3100000000000002,p1_m3,0,0.003058675941262089,0.0,7.757514992627334e-07
0.3100000000000002,p2_m0,0,0.003678251728332606,0.0,7.757514992627334e-07
0.3100000000000002,p2_m1,0,-0.002913625913003294,0.0,7.757514992627334e-07
0.3100000000000002,p2_m2,0,-0.0029418042927847935,0.0,7.757514992627334e-07
0.3100000000000002,p2_m3,0,0.00387271363190807,0.0,7.757514992627334e-07
0.3100000000000002,p3_m0,0,-0.0004936648755379581,0.0,7.757514992627334e-07
0.3100000000000002,p3_m1,0,0.0033712542096857906,0.0,7.757514992627334e-07
0.3100000000000002,p3_m2,0,0.003385725950751873,0.0,7.757514992627334e-07
0.3100000000000002,p3_m3,0,-0.002772927405397829,0.0,7.757514992627334e-07
0.32000000000000023,p0_m0,0.0,0.0019698934896234415,-6.096905389314105e-06,7.748973184114771e-07
0.32000000000000023,p0_m1,0,-3.1343977773687e-05,0.0,7.748973184114771e-07
0.32000000000000023,p0_m2,0,-3.340109795532783e-05,0.0,7.748973184114771e-07
0.32000000000000023,p0_m3,0,0.0001279917431337993,0.0,7.748973184114771e-07
0.32000000000000023,p1_m0,0,0.0038188984611569328,0.0,7.748973184114771e-07
0.32000000000000023,p1_m1,0,-0.0019297684283072036,0.0,7.748973184114771e-07
0.32000000000000023,p1_m2,0,-0.0019226275488219834,0.0,7.748973184114771e-07
0.32000000000000023,p1_m3,0,0.0018660457315566384,0.0,7.748973184114771e-07
0.32000000000000023,p2_m0,0,0.002410239024772515,0.0,7.748973184114771e-07
0.32000000000000023,p2_m1,0,-0.002048404849788541,0.0,7.748973184114771e-07
0.32000000000000023,p2_m2,0,-0.0020678870882792537,0.0,7.748973184114771e-07
0.32000000000000023,p2_m3,0,0.0027444237663721413,0.0,7.748973184114771e-07
0.32000000000000023,p3_m0,0,-0.00026977361821600417,0.0,7.748973184114771e-07
0.32000000000000023,p3_m1,0,0.0024243889876979607,0.0,7.748973184114771e-07
0.32000000000000023,p3_m2,0,0.0024331244857052612,0.0,7.748973184114771e-07
0.32000000000000023,p3_m3,0,-0.0024161662584698883,0.0,7.748973184114771e-07
0.33000000000000024,p0_m0,0.0,0.001456021194598072,-4.49834316128096e-06,7.742964070098327e-07
0.33000000000000024,p0_m1,0,4.471909878287536e-05,0.0,7.742964070098327e-07
0.33000000000000024,p0_m2,0,4.1024814677039024e-05,0.0,7.742964070098327e-07
0.33000000000000024,p0_m3,0,-0.00036791638349490763,0.0,7.742964070098327e-07
0.33000000000000024,p1_m0,0,0.002897616983257245,0.0,7.742964070098327e-07
0.33000000000000024,p1_m1,0,-0.0013297410228239625,0.0,7.742964070098327e-07
0.33000000000000024,p1_m2,0,-0.0013263671388562138,0.0,7.742964070098327e-07
0.33000000000000024,p1_m3,0,0.0010422315729413907,0.0,7.742964070098327e-07
0.33000000000000024,p2_m0,0,0.0015338664925741582,0.0,7.742964070098327e-07
0.33000000000000024,p2_m1,0,-0.0014500776671884695,0.0,7.742964070098327e-07
0.33000000000000024,p2_m2,0,-0.0014641150563021311,0.0,7.742964070098327e-07
0.33000000000000024,p2_m3,0,0.0019660848193373366,0.0,7.742964070098327e-07
0.33000000000000024,p3_m0,0,-0.00011349581639925944,0.0,7.742964070098327e-07
0.33000000000000024,p3_m1,0,0.00176749379055462,0.0,7.742964070098327e-07
0.33000000000000024,p3_m2,0,0.0017724542243933198,0.0,7.742964070098327e-07
0.33000000000000024,p3_m3,0,-0.0021661440431434845,0.0,7.742964070098327e-07
0.34000000000000025,p0_m0,0.0,0.0010978811612086237,-3.3845599470657893e-06,7.738703890657768e-07
0.34000000000000025,p0_m1,0,9.947244787858745e-05,0.0,7.738703890657768e-07
0.34000000000000025,p0_m2,0,9.546107435066981e-05,0.0,7.738703890657768e-07
0.34000000000000025,p0_m3,0,-0.0007140887877104734,0.0,7.738703890657768e-07
0.34000000000000025,p1_m0,0,0.0022589072221612778,0.0,7.738703890657768e-07
0.34000000000000025,p1_m1,0,-0.0009146420857045324,0.0,7.738703890657768e-07
0.34000000000000025,p1_m2,0,-0.0009135857203640792,0.0,7.738703890657768e-07
0.34000000000000025,p1_m3,0,0.00047139721323263616,0.0,7.738703890657768e-07
0.34000000000000025,p2_m0,0,0.0009263996993292278,0.0,7.738703890657768e-07
0.34000000000000025,p2_m1,0,-0.0010354352537145358,0.0,7.738703890657768e-07
0.34000000000000025,p2_m2,0,-0.0010459730499668945,0.0,7.738703890657768e-07
0.34000000000000025,p2_m3,0,0.0014270166543119507,0.0,7.738703890657768e-07
0.34000000000000025,p3_m0,0,-3.756604687168396e-06,0.0,7.738703890657768e-07
0.34000000000000025,p3_m1,0,0.0013101459450388722,0.0,7.738703890657768e-07
0.34000000000000025,p3_m2,0,0.0013125773149889638,0.0,7.738703890657768e-07
0.34000000000000025,p3_m3,0,-0.001990503479425438,0.0,7.738703890657768e-07
0.35000000000000026,p0_m0,0.0,0.0008476621149600321,-2.606567101064602e-06,7.735680536096136e-07
0.35000000000000026,p0_m1,0,0.00013890691273467015,0.0,7.735680536096136e-07
0.35000000000000026,p0_m2,0,0.00013495233355353107,0.0,7.735680536096136e-07
0.35000000000000026,p0_m3,0,-0.0009562637762943564,0.0,7.735680536096136e-07
0.35000000000000026,p1_m0,0,0.0018150661039082396,0.0,7.735680536096136e-07
0.35000000000000026,p1_m1,0,-0.0006268109188055834,0.0,7.735680536096136e-07
0.35000000000000026,p1_m2,0,-0.0006272218689326319,0.0,7.735680536096136e-07
0.35000000000000026,p1_m3,0,7.491686014118628e-05,0.0,7.735680536096136e-07
0.35000000000000026,p2_m0,0,0.0005043705556563281,0.0,7.735680536096136e-07
0.35000000000000026,p2_m1,0,-0.0007475932088847372,0.0,7.735680536096136e-07
0.35000000000000026,p2_m2,0,-0.0007558336544630887,0.0,7.735680536096136e-07
0.35000000000000026,p2_m3,0,0.0010526531327845264,0.0,7.735680536096136e-07
0.35000000000000026,p3_m0,0,7.362270541168948e-05,0.0,7.735680536096136e-07
0.35000000000000026,p3_m1,0,0.0009908837793563263,0.0,7.735680536096136e-07
0.35000000000000026,p3_m2,0,0.0009915983216223481,0.0,7.735680536096136e-07
0.35000000000000026,p3_m3,0,-0.0018668717007601008,0.0,7.735680536096136e-07
0.36000000000000026,p0_m0,0.0,0.0006725281697392986,-2.062117278111765e-06,7.733538823499455e-07
0.36000000000000026,p0_m1,0,0.0001673095904864281,0.0,7.733538823499455e-07
0.36000000000000026,p0_m2,0,0.00016348858808402326,0.0,7.733538823499455e-07
0.36000000000000026,p0_m3,0,-0.0011259503483226328,0.0,7.733538823499455e-07
0.36000000000000026,p1_m0,0,0.0015060980832858487,0.0,7.733538823499455e-07
0.36000000000000026,p1_m1,0,-0.0004268786488338672,0.0,7.733538823499455e-07
0.36000000000000026,p1_m2,0,-0.0004282408765462165,0.0,7.733538823499455e-07
0.36000000000000026,p1_m3,0,-0.000200956601163939,0.0,7.733538823499455e-07
0.36000000000000026,p2_m0,0,0.00021066167466116126,0.0,7.733538823499455e-07
0.36000000000000026,p2_m1,0,-0.000547505203016525,0.0,7.733538823499455e-07
0.36000000000000026,p2_m2,0,-0.0005542124878042984,0.0,7.733538823499455e-07
0.36000000000000026,p2_m3,0,0.0007921798076308846,0.0,7.733538823499455e-07
0.36000000000000026,p3_m0,0,0.00012833977522402342,0.0,7.733538823499455e-07
0.36000000000000026,p3_m1,0,0.0007675774190845803,0.0,7.733538823499455e-07
0.36000000000000026,p3_m2,0,0.0007671152023070528,0.0,7.733538823499455e-07
0.36000000000000026,p3_m3,0,-0.0017797133723839456,0.0,7.733538823499455e-07
0.3700000000000003,p0_m0,0.0,0.0005497862225282529,-1.6805852961502413e-06,7.73202514063553e-07
0.3700000000000003,p0_m1,0,0.00018776249839532472,0.0,7.73202514063553e-07
0.3700000000000003,p0_m2,0,0.00018406664157619192,0.0,7.73202514063553e-07
0.3700000000000003,p0_m3,0,-0.001244981576754596,0.0,7.73202514063553e-07
0.3700000000000003,p1_m0,0,0.0012907358928606412,0.0,7.73202514063553e-07
0.3700000000000003,p1_m1,0,-0.00028782087790066784,0.0,7.73202514063553e-07
0.3700000000000003,p1_m2,0,-0.000289811526326826,0.0,7.73202514063553e-07
0.3700000000000003,p1_m3,0,-0.0003931680593924413,0.0,7.73202514063553e-07
0.3700000000000003,p2_m0,0,5.987834114873727e-06,0.0,7.73202514063553e-07
0.3700000000000003,p2_m1,0,-0.0004082731051877648,0.0,7.73202514063553e-07
0.3700000000000003,p2_m2,0,-0.0004139443651120984,0.0,7.73202514063553e-07
0.3700000000000003,p2_m3,0,0.0006107054796764368,0.0,7.73202514063553e-07
0.3700000000000003,p3_m0,0,0.00016710707818737823,0.0,7.73202514063553e-07
0.3700000000000003,p3_m1,0,0.0006111601358864395,0.0,7.73202514063553e-07
0.3700000000000003,p3_m2,0,0.000609885663217652,0.0,7.73202514063553e-07
0.3700000000000003,p3_m3,0,-0.001718195548598503,0.0,7.73202514063553e-07
0.3800000000000003,p0_m0,0.0,0.0004636797971466005,-1.412953871625936e-06,7.73095736096943e-07
0.3800000000000003,p0_m1,0,0.00020248611473994317,0.0,7.73095736096943e-07
0.3800000000000003,p0_m2,0,0.000198888581128302,0.0,7.73095736096943e-07
0.3800000000000003,p0_m3,0,-0.0013285490267283145,0.0,7.73095736096943e-07
0.3800000000000003,p1_m0,0,0.0011404739892446841,0.0,7.73095736096943e-07
0.3800000000000003,p1_m1,0,-0.00019100928212245426,0.0,7.73095736096943e-07
0.3800000000000003,p1_m2,0,-0.00019342111397522167,0.0,7.73095736096943e-07
0.3800000000000003,p1_m3,0,-0.0005272222207072747,0.0,7.73095736096943e-07
0.3800000000000003,p2_m0,0,-0.00013678137379890697,0.0,7.73095736096943e-07
0.3800000000000003,p2_m1,0,-0.0003113117106181748,0.0,7.73095736096943e-07
0.3800000000000003,p2_m2,0,-0.0003162763581005176,0.0,7.73095736096943e-07
0.3800000000000003,p2_m3,0,0.00048414888959127483,0.0,7.73095736096943e-07
0.3800000000000003,p3_m0,0,0.00019461037139983779,0.0,7.73095736096943e-07
0.3800000000000003,p3_m1,0,0.0005014787361488335,0.0,7.73095736096943e-07
0.3800000000000003,p3_m2,0,0.0004996407592689168,0.0,7.73095736096943e-07
0.3800000000000003,p3_m3,0,-0.0016747367463942693,0.0,7.73095736096943e-07
0.3900000000000003,p0_m0,0.0,0.0004032311306425159,-1.225082122636854e-06,7.730205160713542e-07
0.3900000000000003,p0_m1,0,0.00021308155344562811,0.0,7.730205160713542e-07
0.3900000000000003,p0_m2,0,0.00020955651561447273,0.0,7.730205160713542e-07
0.3900000000000003,p0_m3,0,-0.0013872548348874056,0.0,7.730205160713542e-07
0.3900000000000003,p1_m0,0,0.0010355582363242863,0.0,7.730205160713542e-07
0.3900000000000003,p1_m1,0,-0.00012356170353879716,0.0,7.730205160713542e-07
0.3900000000000003,p1_m2,0,-0.00012625890468170577,0.0,7.730205160713542e-07
0.3900000000000003,p1_m3,0,-0.0006207842377630872,0.0,7.730205160713542e-07
0.3900000000000003,p2_m0,0,-0.00023644188736384285,0.0,7.730205160713542e-07
0.3900000000000003,p2_m1,0,-0.00024374833630183513,0.0,7.730205160713542e-07
0.3900000000000003,p2_m2,0,-0.00024822776125277914,0.0,7.730205160713542e-07
0.3900000000000003,p2_m3,0,0.00039582971139992063,0.0,7.730205160713542e-07
0.3900000000000003,p3_m0,0,0.00021414010077530692,0.0,7.730205160713542e-07
0.3900000000000003,p3_m1,0,0.00042450831765249554,0.0,7.730205160713542e-07
0.3900000000000003,p3_m2,0,0.0004222779803981679,0.0,7.730205160713542e-07
0.3900000000000003,p3_m3,0,-0.001644015395942214,0.0,7.730205160713542e-07
0.4000000000000003,p0_m0,0.0,0.0003607725408113825,-1.0931287451979748e-06,7.729675768585942e-07
0.4000000000000003,p0_m1,0,0.00022070348913585803,0.0,7.729675768585942e-07
0.4000000000000003,p0_m2,0,0.00021723048075364564,0.0,7.729675768585942e-07
0.4000000000000003,p0_m3,0,-0.0014285143331911477,0.0,7.729675768585942e-07
0.4000000000000003,p1_m0,0,0.0009622654987712491,0.0,7.729675768585942e-07
0.4000000000000003,p1_m1,0,-7.654780179283397e-05,0.0,7.729675768585942e-07
0.4000000000000003,p1_m2,0,-7.943990676714865e-05,0.0,7.729675768585942e-07
0.4000000000000003,p1_m3,0,-0.0006861200725146267,0.0,7.729675768585942e-07
0.4000000000000003,p2_m0,0,-0.00030604742039102244,0.0,7.729675768585942e-07
0.4000000000000003,p2_m1,0,-0.00019664979706466565,0.0,7.729675768585942e-07
0.4000000000000003,p2_m2,0,-0.00020079438407806285,0.0,7.729675768585942e-07
0.4000000000000003,p2_m3,0,0.0003341643372854426,0.0,7.729675768585942e-07
0.4000000000000003,p3_m0,0,0.0002280164224016867,0.0,7.729675768585942e-07
0.4000000000000003,p3_m1,0,0.0003704617902310901,0.0,7.729675768585942e-07
0.4000000000000003,p3_m2,0,0.00036795754024464354,0.0,7.729675768585942e-07
0.4000000000000003,p3_m3,0,-0.0016222876623125195,0.0,7.729675768585942e-07
0.4100000000000003,p0_m0,0.0,0.000330938419244772,-1.000413006165489e-06,7.729303425740553e-07
0.4100000000000003,p0_m1,0,0.00022618446521177342,0.0,7.729303425740553e-07
0.4100000000000003,p0_m2,0,0.00022274834414362111,0.0,7.729303425740553e-07
0.4100000000000003,p0_m3,0,-0.0014575222051060215,0.0,7.729303425740553e-07
0.4100000000000003,p1_m0,0,0.0009110446985598884,0.0,7.729303425740553e-07
0.4100000000000003,p1_m1,0,-4.376530423349425e-05,0.0,7.729303425740553e-07
0.4100000000000003,p1_m2,0,-4.6791303421714376e-05,0.0,7.729303425740553e-07
0.4100000000000003,p1_m3,0,-0.0007317627905262693,0.0,7.729303425740553e-07
0.4100000000000003,p2_m0,0,-0.0003546806048089347,0.0,7.729303425740553e-07
0.4100000000000003,p2_m1,0,-0.00016380752157650174,0.0,7.729303425740553e-07
0.4100000000000003,p2_m2,0,-0.00016772023058265272,0.0,7.729303425740553e-07
0.4100000000000003,p2_m3,0,0.00029109363865273223,0.0,7.729303425740553e-07
0.4100000000000003,p3_m0,0,0.00023787996822280524,0.0,7.729303425740553e-07
0.4100000000000003,p3_m1,0,0.0003324953986268106,0.0,7.729303425740553e-07
0.4100000000000003,p3_m2,0,0.00032979956488326064,0.0,7.729303425740553e-07
0.4100000000000003,p3_m3,0,-0.001606915129016218,0.0,7.729303425740553e-07
0.4200000000000003,p0_m0,0.0,0.0003099689676234794,-9.352477316233608e-07,7.729041658227953e-07
0.4200000000000003,p0_m1,0,0.0002301245405491093,0.0,7.729041658227953e-07
0.4200000000000003,p0_m2,0,0.00022671442303623203,0.0,7.729041658227953e-07
0.4200000000000003,p0_m3,0,-0.0014779217523134525,0.0,7.729041658227953e-07
0.4200000000000003,p1_m0,0,0.000875239228815751,0.0,7.729041658227953e-07
0.4200000000000003,p1_m1,0,-2.0900665191327645e-05,0.0,7.729041658227953e-07
0.4200000000000003,p1_m2,0,-2.40190322940208e-05,0.0,7.729041658227953e-07
0.4200000000000003,p1_m3,0,-0.0007636569746107835,0.0,7.729041658227953e-07
0.4200000000000003,p2_m0,0,-0.0003886698851283544,0.0,7.729041658227953e-07
0.4200000000000003,p2_m1,0,-0.00014090163269186596,0.0,7.729041658227953e-07
0.4200000000000003,p2_m2,0,-0.00014465336045531912,0.0,7.729041658227953e-07
0.4200000000000003,p2_m3,0,0.0002610030245922763,0.0,7.729041658227953e-07
0.4200000000000003,p3_m0,0,0.00024489312363361565,0.0,7.729041658227953e-07
0.4200000000000003,p3_m1,0,0.00030581633308202235,0.0,7.729041658227953e-07
0.4200000000000003,p3_m2,0,0.0003029863170155556,0.0,7.729041658227953e-07
0.4200000000000003,p3_m3,0,-0.0015960360165072432,0.0,7.729041658227953e-07
0.4300000000000003,p0_m0,0.0,0.00029522698021453,-8.894359894685292e-07,7.728857685697768e-07
0.4300000000000003,p0_m1,0,0.00023295602356805342,0.0,7.728857685697768e-07
0.4300000000000003,p0_m2,0,0.00022956418800431922,0.0,7.728857685697768e-07
0.4300000000000003,p0_m3,0,-0.0014922704153527834,0.0,7.728857685697768e-07
0.4300000000000003,p1_m0,0,0.0008502050014777084,0.0,7.728857685697768e-07
0.4300000000000003,p1_m1,0,-4.950834412387584e-06,0.0,7.728857685697768e-07
0.4300000000000003,p1_m2,0,-8.133112454601639e-06,0.0,7.728857685697768e-07
0.4300000000000003,p1_m3,0,-0.0007859482764357922,0.0,7.728857685697768e-07
0.4300000000000003,p2_m0,0,-0.0004124292920774289,0.0,7.728857685697768e-07
0.4300000000000003,p2_m1,0,-0.00012492382156967103,0.0,7.728857685697768e-07
0.4300000000000003,p2_m2,0,-0.00012856358934142806,0.0,7.728857685697768e-07
0.4300000000000003,p2_m3,0,0.00023997710142781024,0.0,7.728857685697768e-07
0.4300000000000003,p3_m0,0,0.00024988053439921093,0.0,7.728857685697768e-07
0.4300000000000003,p3_m1,0,0.0002870643671509189,0.0,7.728857685697768e-07
0.4300000000000003,p3_m2,0,0.0002841402795860345,0.0,7.728857685697768e-07
0.4300000000000003,p3_m3,0,-0.0015883353266716654,0.0,7.728857685697768e-07
0.44000000000000034,p0_m0,0.0,0.0002848613024583464,-8.572244098835786e-07,7.728728416721057e-07
0.44000000000000034,p0_m1,0,0.00023499023043671707,0.0,7.728728416721057e-07
0.44000000000000034,p0_m2,0,0.00023161123171142164,0.0,7.728728416721057e-07
0.44000000000000034,p0_m3,0,-0.0015023645542150941,0.0,7.728728416721057e-07
0.44000000000000034,p1_m0,0,0.0008326995324531083,0.0,7.728728416721057e-07
0.44000000000000034,p1_m1,0,6.1764506719094664e-06,0.0,7.728728416721057e-07
0.44000000000000034,p1_m2,0,2.949858405723317e-06,0.0,7.728728416721057e-07
0.44000000000000034,p1_m3,0,-0.0008015300375056249,0.0,7.728728416721057e-07
0.44000000000000034,p2_m0,0,-0.00042903994634400656,0.0,7.728728416721057e-07
0.44000000000000034,p2_m1,0,-0.00011377781526226898,0.0,7.728728416721057e-07
0.44000000000000034,p2_m2,0,-0.00011733961930675235,0.0,7.728728416721057e-07
0.44000000000000034,p2_m3,0,0.0002252834717605597,0.0,7.728728416721057e-07
0.44000000000000034,p3_m0,0,0.00025342777177063896,0.0,7.728728416721057e-07
0.44000000000000034,p3_m1,0,0.00027388172422019777,0.0,7.728728416721057e-07
0.44000000000000034,p3_m2,0,0.00027089163880853097,0.0,7.728728416721057e-07
0.44000000000000034,p3_m3,0,-0.0015828836120389362,0.0,7.728728416721057e-07
0.45000000000000034,p0_m0,0.0,0.0002775718339892438,-8.345724845886801e-07,7.728637599525767e-07
0.45000000000000034,p0_m1,0,0.0002364512518266433,0.0,7.728637599525767e-07
0.45000000000000034,p0_m2,0,0.00023308126107858112,0.0,7.728637599525767e-07
0.45000000000000034,p0_m3,0,-0.001509466542405811,0.0,7.728637599525767e-07
0.45000000000000034,p1_m0,0,0.0008204576727929543,0.0,7.728637599525767e-07
0.45000000000000034,p1_m1,0,1.3939683605949698e-05,0.0,7.728637599525767e-07
0.45000000000000034,p1_m2,0,1.0682319750518144e-05,0.0,7.728637599525767e-07
0.45000000000000034,p1_m3,0,-0.0008124227246859328,0.0,7.728637599525767e-07
0.45000000000000034,p2_m0,0,-0.0004406537746152918,0.0,7.728637599525767e-07
0.45000000000000034,p2_m1,0,-0.00010600220321247599,0.0,7.728637599525767e-07
0.45000000000000034,p2_m2,0,-0.00010950966976516779,0.0,7.728637599525767e-07
0.45000000000000034,p2_m3,0,0.0002150143148442519,0.0,7.728637599525767e-07
0.45000000000000034,p3_m0,0,0.00025595090094096583,0.0,7.728637599525767e-07
0.45000000000000034,p3_m1,0,0.00026461301766474913,0.0,7.728637599525767e-07
0.45000000000000034,p3_m2,0,0.000261576606037047,0.0,7.728637599525767e-07
0.45000000000000034,p3_m3,0,-0.0015790235974346132,0.0,7.728637599525767e-07
0.46000000000000035,p0_m0,0.0,0.0002724451229621179,-8.186414478812428e-07,7.728573803282054e-07
0.46000000000000035,p0_m1,0,0.0002375003268659939,0.0,7.728573803282054e-07
0.46000000000000035,p0_m2,0,0.00023413665535250685,0.0,7.728573803282054e-07
0.46000000000000035,p0_m3,0,-0.001514463816521325,0.0,7.728573803282054e-07
0.46000000000000035,p1_m0,0,0.0008118963863848306,0.0,7.728573803282054e-07
0.46000000000000035,p1_m1,0,1.935595345708088e-05,0.0,7.728573803282054e-07
0.46000000000000035,p1_m2,0,1.6077200226614608e-05,0.0,7.728573803282054e-07
0.46000000000000035,p1_m3,0,-0.0008200378385123565,0.0,7.728573803282054e-07
0.46000000000000035,p2_m0,0,-0.00044877434853998397,0.0,7.728573803282054e-07
0.46000000000000035,p2_m1,0,-0.00010057783674173724,0.0,7.728573803282054e-07
0.46000000000000035,p2_m2,0,-0.00010404740971669815,0.0,7.728573803282054e-07
0.46000000000000035,p2_m3,0,0.00020783705208012832,0.0,7.728573803282054e-07
0.46000000000000035,p3_m0,0,0.0002577456728901243,0.0,7.728573803282054e-07
0.46000000000000035,p3_m1,0,0.0002580954854760823,0.0,7.728573803282054e-07
0.46000000000000035,p3_m2,0,0.00025502654342232623,0.0,7.728573803282054e-07
0.46000000000000035,p3_m3,0,-0.001576290303216455,0.0,7.728573803282054e-07
0.47000000000000036,p0_m0,0.0,0.00026883918467531176,-8.074362342232002e-07,7.728528991611282e-07
0.47000000000000036,p0_m1,0,0.00023825342761148505,0.0,7.728528991611282e-07
0.47000000000000036,p0_m2,0,0.00023489418841273125,0.0,7.728528991611282e-07
0.47000000000000036,p0_m3,0,-0.0015179804043855757,0.0,7.728528991611282e-07
0.47000000000000036,p1_m0,0,0.0008059090230020445,0.0,7.728528991611282e-07
0.47000000000000036,p1_m1,0,2.3134720157921296e-05,0.0,7.728528991611282e-07
0.47000000000000036,p1_m2,0,1.9841088856495846e-05,0.0,7.728528991611282e-07
0.47000000000000036,p1_m3,0,-0.0008253617420746341,0.0,7.728528991611282e-07
0.47000000000000036,p2_m0,0,-0.00045445253580702266,0.0,7.728528991611282e-07
0.47000000000000036,p2_m1,0,-9.679383101311366e-05,0.0,7.728528991611282e-07
0.47000000000000036,p2_m2,0,-0.00010023696737478077,0.0,7.728528991611282e-07
0.47000000000000036,p2_m3,0,0.00020282065650312553,0.0,7.728528991611282e-07
0.47000000000000036,p3_m0,0,0.0002590223759022383,0.0,7.728528991611282e-07
0.47000000000000036,p3_m1,0,0.00025351211805618154,0.0,7.728528991611282e-07
0.47000000000000036,p3_m2,0,0.0002504203265199518,0.0,7.728528991611282e-07
0.47000000000000036,p3_m3,0,-0.001574354693847281,0.0,7.728528991611282e-07
0.48000000000000037,p0_m0,0.0,0.0002663027228635758,-7.99554399385481e-07,7.728497516432472e-07
0.48000000000000037,p0_m1,0,0.00023879393828889352,0.0,7.728497516432472e-07
0.48000000000000037,p0_m2,0,0.00023543780758748185,0.0,7.728497516432472e-07
0.48000000000000037,p0_m3,0,-0.0015204552004364268,0.0,7.728497516432472e-07
0.48000000000000037,p1_m0,0,0.0008017218010610811,0.0,7.728497516432472e-07
0.48000000000000037,p1_m1,0,2.5770946140474075e-05,0.0,7.728497516432472e-07
0.48000000000000037,p1_m2,0,2.2466961145375326e-05,0.0,7.728497516432472e-07
0.48000000000000037,p1_m3,0,-0.0008290838508999133,0.0,7.728497516432472e-07
0.48000000000000037,p2_m0,0,-0.00045842295404970523,0.0,7.728497516432472e-07
0.48000000000000037,p2_m1,0,-9.415425253220627e-05,0.0,7.728497516432472e-07
0.48000000000000037,p2_m2,0,-9.757894047758266e-05,0.0,7.728497516432472e-07
0.48000000000000037,p2_m3,0,0.0001993145333976664,0.0,7.728497516432472e-07
0.48000000000000037,p3_m0,0,0.00025993056034357396,0.0,7.728497516432472e-07
0.48000000000000037,p3_m1,0,0.00025028870344422885,0.0,7.728497516432472e-07
0.48000000000000037,p3_m2,0,0.00024718085887707715,0.0,7.728497516432472e-07
0.48000000000000037,p3_m3,0,-0.0015729838832804165,0.0,7.728497516432472e-07
0.4900000000000004,p0_m0,0.0,0.00026451843504913554,-7.940099120462626e-07,7.728475409146225e-07
0.4900000000000004,p0_m1,0,0.00023918179277805868,0.0,7.728475409146225e-07
0.4900000000000004,p0_m2,0,0.00023582784194636728,0.0,7.728475409146225e-07
0.4900000000000004,p0_m3,0,-0.0015221969394001002,0.0,7.728475409146225e-07
0.4900000000000004,p1_m0,0,0.0007987936084159911,0.0,7.728475409146225e-07
0.4900000000000004,p1_m1,0,2.760998407310744e-05,0.0,7.728475409146225e-07
0.4900000000000004,p1_m2,0,2.4298791760854765e-05,0.0,7.728475409146225e-07
0.4900000000000004,p1_m3,0,-0.0008316860966819464,0.0,7.728475409146225e-07
0.4900000000000004,p2_m0,0,-0.0004611992160615439,0.0,7.728475409146225e-07
0.4900000000000004,p2_m1,0,-9.231309473119416e-05,0.0,7.728475409146225e-07
0.4900000000000004,p2_m2,0,-9.57249066740637e-05,0.0,7.728475409146225e-07
0.4900000000000004,p2_m3,0,0.0001968639970208748,0.0,7.728475409146225e-07
0.4900000000000004,p3_m0,0,0.000260576595318761,0.0,7.728475409146225e-07
0.4900000000000004,p3_m1,0,0.0002480215964902312,0.0,7.728475409146225e-07
0.4900000000000004,p3_m2,0,0.0002449024718649967,0.0,7.728475409146225e-07
0.4900000000000004,p3_m3,0,-0.0015720130119765445,0.0,7.728475409146225e-07
0.5000000000000003,p0_m0,0.0,0.0002632631989723797,-7.901094182566474e-07,7.728459881656988e-07
0.5000000000000003,p0_m1,0,0.00023946005642772912,0.0,7.728459881656988e-07
0.5000000000000003,p0_m2,0,0.000236107634096827,0.0,7.728459881656988e-07
0.5000000000000003,p0_m3,0,-0.0015234228240643827,0.0,7.728459881656988e-07
0.5000000000000003,p1_m0,0,0.0007967460054871411,0.0,7.728459881656988e-07
0.5000000000000003,p1_m1,0,2.889281207405441e-05,0.0,7.728459881656988e-07
0.5000000000000003,p1_m2,0,2.5576601736902538e-05,0.0,7.728459881656988e-07
0.5000000000000003,p1_m3,0,-0.0008335054011453482,0.0,7.728459881656988e-07
0.5000000000000003,p2_m0,0,-0.00046314045084298617,0.0,7.728459881656988e-07
0.5000000000000003,p2_m1,0,-9.102894364632248e-05,0.0,7.728459881656988e-07
0.5000000000000003,p2_m2,0,-9.443176808977594e-05,0.0,7.728459881656988e-07
0.5000000000000003,p2_m3,0,0.00019515125384241228,0.0,7.728459881656988e-07
0.5000000000000003,p3_m0,0,0.000261036143197382,0.0,7.728459881656988e-07
0.5000000000000003,p3_m1,0,0.0002464270114691827,0.0,7.728459881656988e-07
0.5000000000000003,p3_m2,0,0.00024329995953815064,0.0,7.728459881656988e-07
0.5000000000000003,p3_m3,0,-0.0015713253616314261,0.0,7.728459881656988e-07
0.5100000000000003,p0_m0,0.0,0.0002623801020521348,-7.873653156942882e-07,7.728448975475621e-07
0.5100000000000003,p0_m1,0,0.00023965966483453872,0.0,7.728448975475621e-07
0.5100000000000003,p0_m2,0,0.0002363083141270123,0.0,7.728448975475621e-07
0.5100000000000003,p0_m3,0,-0.0015242856775332634,0.0,7.728448975475621e-07
0.5100000000000003,p1_m0,0,0.0007953143062750282,0.0,7.728448975475621e-07
0.5100000000000003,p1_m1,0,2.9787581379719053e-05,0.0,7.728448975475621e-07
0.5100000000000003,p1_m2,0,2.6467876903341785e-05,0.0,7.728448975475621e-07
0.5100000000000003,p1_m3,0,-0.0008347773212581628,0.0,7.728448975475621e-07
0.5100000000000003,p2_m0,0,-0.000464497783220733,0.0,7.728448975475621e-07
0.5100000000000003,p2_m1,0,-9.013336025470316e-05,0.0,7.728448975475621e-07
0.5100000000000003,p2_m2,0,-9.35299112309854e-05,0.0,7.728448975475621e-07
0.5100000000000003,p2_m3,0,0.00019395417906703483,0.0,7.728448975475621e-07
0.5100000000000003,p3_m0,0,0.0002613630269320402,0.0,7.728448975475621e-07
0.5100000000000003,p3_m1,0,0.0002453054080129929,0.0,7.728448975475621e-07
0.5100000000000003,p3_m2,0,0.00024217278433204202,0.0,7.728448975475621e-07
0.5100000000000003,p3_m3,0,-0.0015708382890988522,0.0,7.728448975475621e-07
0.5200000000000004,p0_m0,0.0,0.0002617587849259673,-7.854346677484962e-07,7.728441314979844e-07
0.5200000000000004,p0_m1,0,0.00023980283425077632,0.0,7.728441314979844e-07
0.5200000000000004,p0_m2,0,0.00023645223471294066,0.0,7.728441314979844e-07
0.5200000000000004,p0_m3,0,-0.00152489303447071,0.0,7.728441314979844e-07
0.5200000000000004,p1_m0,0,0.0007943133797486659,0.0,7.728441314979844e-07
0.5200000000000004,p1_m1,0,3.0411624318372635e-05,0.0,7.728441314979844e-07
0.5200000000000004,p1_m2,0,2.70894866523152e-05,0.0,7.728441314979844e-07
0.5200000000000004,p1_m3,0,-0.0008356665498263025,0.0,7.728441314979844e-07
0.5200000000000004,p2_m0,0,-0.00046544682015747275,0.0,7.728441314979844e-07
0.5200000000000004,p2_m1,0,-8.950882395408179e-05,0.0,7.728441314979844e-07
0.5200000000000004,p2_m2,0,-9.290099600789993e-05,0.0,7.728441314979844e-07
0.5200000000000004,p2_m3,0,0.00019311751384503586,0.0,7.728441314979844e-07
0.5200000000000004,p3_m0,0,0.000261595535085552,0.0,7.728441314979844e-07
0.5200000000000004,p3_m1,0,0.0002445164691046204,0.0,7.728441314979844e-07
0.5200000000000004,p3_m2,0,0.0002413799288566748,0.0,7.728441314979844e-07
0.5200000000000004,p3_m3,0,-0.0015704932736711919,0.0,7.728441314979844e-07
0.5300000000000004,p0_m0,0.0,0.00026132162454299595,-7.8407626592547e-07,7.728435933963783e-07
0.5300000000000004,p0_m1,0,0.00023990551504589076,0.0,7.728435933963783e-07
0.5300000000000004,p0_m2,0,0.00023655544191289574,0.0,7.728435933963783e-07
0.5300000000000004,p0_m3,0,-0.0015253205673677358,0.0,7.728435933963783e-07
0.5300000000000004,p1_m0,0,0.0007936137369045117,0.0,7.728435933963783e-07
0.5300000000000004,p1_m1,0,3.0846810177426634e-05,0.0,7.728435933963783e-07
0.5300000000000004,p1_m2,0,2.7522978053474105e-05,0.0,7.728435933963783e-07
0.5300000000000004,p1_m3,0,-0.0008362882348296876,0.0,7.728435933963783e-07
0.5300000000000004,p2_m0,0,-0.0004661103615658137,0.0,7.728435933963783e-07
0.5300000000000004,p2_m1,0,-8.907334347516662e-05,0.0,7.728435933963783e-07
0.5300000000000004,p2_m2,0,-9.246245919825957e-05,0.0,7.728435933963783e-07
0.5300000000000004,p2_m3,0,0.00019253273691509923,0.0,7.728435933963783e-07
0.5300000000000004,p3_m0,0,0.0002617609058456488,0.0,7.728435933963783e-07
0.5300000000000004,p3_m1,0,0.00024396151637272366,0.0,7.728435933963783e-07
0.5300000000000004,p3_m2,0,0.0002408222227356399,0.0,7.728435933963783e-07
0.5300000000000004,p3_m3,0,-0.0015702488732915,0.0,7.728435933963783e-07
0.5400000000000004,p0_m0,0.0,0.00026101402026560235,-7.831204432852303e-07,7.728432153860566e-07
0.5400000000000004,p0_m1,0,0.00023997915611155993,0.0,7.728432153860566e-07
0.5400000000000004,p0_m2,0,0.00023662945173493434,0.0,7.728432153860566e-07
0.5400000000000004,p0_m3,0,-0.001525621530382249,0.0,7.728432153860566e-07
0.5400000000000004,p1_m0,0,0.0007931248074627387,0.0,7.728432153860566e-07
0.5400000000000004,p1_m1,0,3.115026087756024e-05,0.0,7.728432153860566e-07
0.5400000000000004,p1_m2,0,2.7825248690100928e-05,0.0,7.728432153860566e-07
0.5400000000000004,p1_m3,0,-0.0008367228834335365,0.0,7.728432153860566e-07
0.5400000000000004,p2_m0,0,-0.0004665742795624656,0.0,7.728432153860566e-07
0.5400000000000004,p2_m1,0,-8.876971870932903e-05,0.0,7.728432153860566e-07
0.5400000000000004,p2_m2,0,-9.215670143650129e-05,0.0,7.728432153860566e-07
0.5400000000000004,p2_m3,0,0.00019212399640620702,0.0,7.728432153860566e-07
0.5400000000000004,p3_m0,0,0.0002618785163901761,0.0,7.728432153860566e-07
0.5400000000000004,p3_m1,0,0.00024357114967000113,0.0,7.728432153860566e-07
0.5400000000000004,p3_m2,0,0.00024042992013634444,0.0,7.728432153860566e-07
0.5400000000000004,p3_m3,0,-0.0015700757386602746,0.0,7.728432153860566e-07
0.5500000000000004,p0_m0,0.0,0.0002607975636370371,-7.824478493184943e-07,7.728429498129123e-07
0.5500000000000004,p0_m1,0,0.00024003197331590227,0.0,7.728429498129123e-07
0.5500000000000004,p0_m2,0,0.00023668252712222466,0.0,7.728429498129123e-07
0.5500000000000004,p0_m3,0,-0.0015258334028502754,0.0,7.728429498129123e-07
0.5500000000000004,p1_m0,0,0.0007927832434125431,0.0,7.728429498129123e-07
0.5500000000000004,p1_m1,0,3.1361829090699544e-05,0.0,7.728429498129123e-07
0.5500000000000004,p1_m2,0,2.8035995019446918e-05,0.0,7.728429498129123e-07
0.5500000000000004,p1_m3,0,-0.0008370267821525506,0.0,7.728429498129123e-07
0.5500000000000004,p2_m0,0,-0.00046689862224108753,0.0,7.728429498129123e-07
0.5500000000000004,p2_m1,0,-8.855804748554691e-05,0.0,7.728429498129123e-07
0.5500000000000004,p2_m2,0,-9.194354181848096e-05,0.0,7.728429498129123e-07
0.5500000000000004,p2_m3,0,0.00019183827642313002,0.0,7.728429498129123e-07
0.5500000000000004,p3_m0,0,0.00026196215159733703,0.0,7.728429498129123e-07
0.5500000000000004,p3_m1,0,0.00024329655753806319,0.0,7.728429498129123e-07
0.5500000000000004,p3_m2,0,0.00024015396669123965,0.0,7.728429498129123e-07
0.5500000000000004,p3_m3,0,-0.0015699530835435185,0.0,7.728429498129123e-07
0.5600000000000004,p0_m0,0.0,0.0002606452352566175,-7.819745242532556e-07,7.728427632046354e-07
0.5600000000000004,p0_m1,0,0.00024006986112780083,0.0,7.728427632046354e-07
0.5600000000000004,p0_m2,0,0.0002367205955617258,0.0,7.728427632046354e-07
0.5600000000000004,p0_m3,0,-0.0015259825633232955,0.0,7.728427632046354e-07
0.5600000000000004,p1_m0,0,0.0007925447378697801,0.0,7.728427632046354e-07
0.5600000000000004,p1_m1,0,3.1509317111334634e-05,0.0,7.728427632046354e-07
0.5600000000000004,p1_m2,0,2.81829105478392e-05,0.0,7.728427632046354e-07
0.5600000000000004,p1_m3,0,-0.0008372392825623704,0.0,7.728427632046354e-07
0.5600000000000004,p2_m0,0,-0.0004671253786059589,0.0,7.728427632046354e-07
0.5600000000000004,p2_m1,0,-8.84104966429339e-05,0.0,7.728427632046354e-07
0.5600000000000004,p2_m2,0,-9.17949525814985e-05,0.0,7.728427632046354e-07
0.5600000000000004,p2_m3,0,0.0001916385233411571,0.0,7.728427632046354e-07
0.5600000000000004,p3_m0,0,0.00026202161794949103,0.0,7.728427632046354e-07
0.5600000000000004,p3_m1,0,0.00024310340763671986,0.0,7.728427632046354e-07
0.5600000000000004,p3_m2,0,0.0002399598593524134,0.0,7.728427632046354e-07
0.5600000000000004,p3_m3,0,-0.0015698661857238433,0.0,7.728427632046354e-07
0.5700000000000004,p0_m0,0.0,0.00026053802685465646,-7.816414022514466e-07,7.72842632053994e-07
0.5700000000000004,p0_m1,0,0.00024009704760264518,0.0,7.72842632053994e-07
0.5700000000000004,p0_m2,0,0.00023674790826768344,0.0,7.72842632053994e-07
0.5700000000000004,p0_m3,0,-0.0015260875782616822,0.0,7.72842632053994e-07
0.5700000000000004,p1_m0,0,0.0007923783025382195,0.0,7.72842632053994e-07
0.5700000000000004,p1_m1,0,3.161211900421067e-05,0.0,7.72842632053994e-07
0.5700000000000004,p1_m2,0,2.8285313580033377e-05,0.0,7.72842632053994e-07
0.5700000000000004,p1_m3,0,-0.0008373878955752153,0.0,7.72842632053994e-07
0.5700000000000004,p2_m0,0,-0.0004672839088195063,0.0,7.72842632053994e-07
0.5700000000000004,p2_m1,0,-8.8307653230495e-05,0.0,7.72842632053994e-07
0.5700000000000004,p2_m2,0,-9.169138490881279e-05,0.0,7.72842632053994e-07
0.5700000000000004,p2_m3,0,0.0001914988408803981,0.0,7.72842632053994e-07
0.5700000000000004,p3_m0,0,0.0002620638916637763,0.0,7.72842632053994e-07
0.5700000000000004,p3_m1,0,0.00024296755073568768,0.0,7.72842632053994e-07
0.5700000000000004,p3_m2,0,0.0002398233289140328,0.0,7.72842632053994e-07
0.5700000000000004,p3_m3,0,-0.0015698046175069147,0.0,7.72842632053994e-07
0.5800000000000004,p0_m0,0.0,0.0002604625655119392,-7.814069287812653e-07,7.728425398548755e-07
0.5800000000000004,p0_m1,0,0.0002401165648495321,0.0,7.728425398548755e-07
0.5800000000000004,p0_m2,0,0.00023676751359258264,0.0,7.728425398548755e-07
0.5800000000000004,p0_m3,0,-0.0015261615161489485,0.0,7.728425398548755e-07
0.5800000000000004,p1_m0,0,0.0007922622648474693,0.0,7.728425398548755e-07
0.5800000000000004,p1_m1,0,3.168376232233429e-05,0.0,7.728425398548755e-07
0.5800000000000004,p1_m2,0,2.8356678911274998e-05,0.0,7.728425398548755e-07
0.5800000000000004,p1_m3,0,-0.0008374918534735463,0.0,7.728425398548755e-07
0.5800000000000004,p2_m0,0,-0.0004673947417839558,0.0,7.728425398548755e-07
0.5800000000000004,p2_m1,0,-8.823597842649917e-05,0.0,7.728425398548755e-07
0.5800000000000004,p2_m2,0,-9.161920512196125e-05,0.0,7.728425398548755e-07
0.5800000000000004,p2_m3,0,0.00019140113131534044,0.0,7.728425398548755e-07
0.5800000000000004,p3_m0,0,0.00026209393548624264,0.0,7.728425398548755e-07
0.5800000000000004,p3_m1,0,0.0002428719997044772,0.0,7.728425398548755e-07
0.5800000000000004,p3_m2,0,0.00023972730391922447,0.0,7.728425398548755e-07
0.5800000000000004,p3_m3,0,-0.0015697609927155013,0.0,7.728425398548755e-07
0.5900000000000004,p0_m0,0.0,0.0002604094426114484,-7.812418679476152e-07,7.728424750121413e-07
0.5900000000000004,p0_m1,0,0.00024013058687047623,0.0,7.728424750121413e-07
0.5900000000000004,p0_m2,0,0.00023678159693154514,0.0,7.728424750121413e-07
0.5900000000000004,p0_m3,0,-0.0015262135759404895,0.0,7.728424750121413e-07
0.5900000000000004,p1_m0,0,0.0007921814679866019,0.0,7.728424750121413e-07
0.5900000000000004,p1_m1,0,3.173368179790835e-05,0.0,7.728424750121413e-07
0.5900000000000004,p1_m2,0,2.8406404536013573e-05,0.0,7.728424750121413e-07
0.5900000000000004,p1_m3,0,-0.0008375646005478426,0.0,7.728424750121413e-07
0.5900000000000004,p2_m0,0,-0.00046747223093130844,0.0,7.728424750121413e-07
0.5900000000000004,p2_m1,0,-8.818603100856717e-05,0.0,7.728424750121413e-07
0.5900000000000004,p2_m2,0,-9.156890577537765e-05,0.0,7.728424750121413e-07
0.5900000000000004,p2_m3,0,0.00019133274760541364,0.0,7.728424750121413e-07
0.5900000000000004,p3_m0,0,0.00026211527977412064,0.0,7.728424750121413e-07
0.5900000000000004,p3_m1,0,0.00024280480496343006,0.0,7.728424750121413e-07
0.5900000000000004,p3_m2,0,0.00023965977551549745,0.0,7.728424750121413e-07
0.5900000000000004,p3_m3,0,-0.0015697300793627404,0.0,7.728424750121413e-07
0.6000000000000004,p0_m0,0.0,0.0002603720384183489,-7.811256499688308e-07,7.728424293819944e-07
0.6000000000000004,p0_m1,0,0.00024014067210150898,0.0,7.728424293819944e-07
0.6000000000000004,p0_m2,0,0.00023679172471133858,0.0,7.728424293819944e-07
0.6000000000000004,p0_m3,0,-0.0015262502330605342,0.0,7.728424293819944e-07
0.6000000000000004,p1_m0,0,0.0007921253123763119,0.0,7.728424293819944e-07
0.6000000000000004,p1_m1,0,3.176845700388484e-05,0.0,7.728424293819944e-07
0.6000000000000004,p1_m2,0,2.844104444789395e-05,0.0,7.728424293819944e-07
0.6000000000000004,p1_m3,0,-0.0008376155345690885,0.0,7.728424293819944e-07
0.6000000000000004,p2_m0,0,-0.00046752641148881574,0.0,7.728424293819944e-07
0.6000000000000004,p2_m1,0,-8.815122785962515e-05,0.0,7.728424293819944e-07
0.6000000000000004,p2_m2,0,-9.153385752129728e-05,0.0,7.728424293819944e-07
0.6000000000000004,p2_m3,0,0.0001912848522250275,0.0,7.728424293819944e-07
0.6000000000000004,p3_m0,0,0.00026213043588909295,0.0,7.728424293819944e-07
0.6000000000000004,p3_m1,0,0.00024275756030092512,0.0,7.728424293819944e-07
0.6000000000000004,p3_m2,0,0.00023961229582627924,0.0,7.728424293819944e-07
0.6000000000000004,p3_m3,0,-0.0015697081712546719,0.0,7.728424293819944e-07
0.6100000000000004,p0_m0,0.0,0.0002603456952457586,-7.810438018664998e-07,7.728423972473756e-07
0.6100000000000004,p0_m1,0,0.0002401479374940094,0.0,7.728423972473756e-07
0.6100000000000004,p0_m2,0,0.00023679901948859232,0.0,7.728423972473756e-07
0.6100000000000004,p0_m3,0,-0.0015262760459293068,0.0,7.728423972473756e-07
0.6100000000000004,p1_m0,0,0.0007920863857366671,0.0,7.728423972473756e-07
0.6100000000000004,p1_m1,0,3.1792675923576546e-05,0.0,7.728423972473756e-07
0.6100000000000004,p1_m2,0,2.8465168822048798e-05,0.0,7.728423972473756e-07
0.6100000000000004,p1_m3,0,-0.0008376512244061143,0.0,7.728423972473756e-07
0.6100000000000004,p2_m0,0,-0.00046756429928524124,0.0,7.728423972473756e-07
0.6100000000000004,p2_m1,0,-8.812697922892995e-05,0.0,7.728423972473756e-07
0.6100000000000004,p2_m2,0,-9.150943833619082e-05,0.0,7.728423972473756e-07
0.6100000000000004,p2_m3,0,0.00019125127001384584,0.0,7.728423972473756e-07
0.6100000000000004,p3_m0,0,0.00026214119029297514,0.0,7.728423972473756e-07
0.6100000000000004,p3_m1,0,0.00024272435197021574,0.0,7.728423972473756e-07
0.6100000000000004,p3_m2,0,0.00023957892181552894,0.0,7.728423972473756e-07
0.6100000000000004,p3_m3,0,-0.0015696926429409957,0.0,7.728423972473756e-07
0.6200000000000004,p0_m0,0.0,0.0002603271358070844,-7.809861400574083e-07,7.728423745909886e-07
0.6200000000000004,p0_m1,0,0.00024015318343192907,0.0,7.728423745909886e-07
0.6200000000000004,p0_m2,0,0.00023680428557818127,0.0,7.728423745909886e-07
0.6200000000000004,p0_m3,0,-0.0015262942235932321,0.0,7.728423745909886e-07
0.6200000000000004,p1_m0,0,0.000792059504883993,0.0,7.728423745909886e-07
0.6200000000000004,p1_m1,0,3.180953745627625e-05,0.0,7.728423745909886e-07
0.6200000000000004,p1_m2,0,2.8481964160972866e-05,0.0,7.728423745909886e-07
0.6200000000000004,p1_m3,0,-0.0008376762613436127,0.0,7.728423745909886e-07
0.6200000000000004,p2_m0,0,-0.00046759079899616625,0.0,7.728423745909886e-07
0.6200000000000004,p2_m1,0,-8.811008549021453e-05,0.0,7.728423745909886e-07
0.6200000000000004,p2_m2,0,-9.149242606699768e-05,0.0,7.728423745909886e-07
0.6200000000000004,p2_m3,0,0.0001912276863719664,0.0,7.728423745909886e-07
0.6200000000000004,p3_m0,0,0.00026214881376901986,0.0,7.728423745909886e-07
0.6200000000000004,p3_m1,0,0.00024270101952985964,0.0,7.728423745909886e-07
0.6200000000000004,p3_m2,0,0.00023955547245152177,0.0,7.728423745909886e-07
0.6200000000000004,p3_m3,0,-0.001569681634506886,0.0,7.728423745909886e-07
0.6300000000000004,p0_m0,0.0,0.0002603140540275282,-7.809454988498396e-07,7.728423585919531e-07
0.6300000000000004,p0_m1,0,0.0002401569833503258,0.0,7.728423585919531e-07
0.6300000000000004,p0_m2,0,0.00023680809917234235,0.0,7.728423585919531e-07
0.6300000000000004,p0_m3,0,-0.0015263070252477429,0.0,7.728423585919531e-07
0.6300000000000004,p1_m0,0,0.0007920410455327509,0.0,7.728423585919531e-07
0.6300000000000004,p1_m1,0,3.182127174192014e-05,0.0,7.728423585919531e-07
0.6300000000000004,p1_m2,0,2.849365197622604e-05,0.0,7.728423585919531e-07
0.6300000000000004,p1_m3,0,-0.0008376938542714647,0.0,7.728423585919531e-07
0.6300000000000004,p2_m0,0,-0.0004676093392489473,0.0,7.728423585919531e-07
0.6300000000000004,p2_m1,0,-8.809831635715889e-05,0.0,7.728423585919531e-07
0.6300000000000004,p2_m2,0,-9.148057470421109e-05,0.0,7.728423585919531e-07
0.6300000000000004,p2_m3,0,0.00019121108685846337,0.0,7.728423585919531e-07
0.6300000000000004,p3_m0,0,0.0002621542102619417,0.0,7.728423585919531e-07
0.6300000000000004,p3_m1,0,0.00024268463593054646,0.0,7.728423585919531e-07
0.6300000000000004,p3_m2,0,0.00023953900621006603,0.0,7.728423585919531e-07
0.6300000000000004,p3_m3,0,-0.0015696738283162066,0.0,7.728423585919531e-07
0.6400000000000005,p0_m0,0.0,0.00026030482717902866,-7.809168359385664e-07,7.72842347270192e-07
0.6400000000000005,p0_m1,0,0.0002401597480124609,0.0,7.72842347270192e-07
0.6400000000000005,p0_m2,0,0.0002368108729687855,0.0,7.72842347270192e-07
0.6400000000000005,p0_m3,0,-0.001526316041438578,0.0,7.72842347270192e-07
0.6400000000000005,p1_m0,0,0.0007920284735565405,0.0,7.72842347270192e-07
0.6400000000000005,p1_m1,0,3.182943336876526e-05,0.0,7.72842347270192e-07
0.6400000000000005,p1_m2,0,2.8501780851183216e-05,0.0,7.72842347270192e-07
0.6400000000000005,p1_m3,0,-0.0008377062457902378,0.0,7.72842347270192e-07
0.6400000000000005,p2_m0,0,-0.00046762231671430555,0.0,7.72842347270192e-07
0.6400000000000005,p2_m1,0,-8.809011739924316e-05,0.0,7.72842347270192e-07
0.6400000000000005,p2_m2,0,-9.147231884381635e-05,0.0,7.72842347270192e-07
0.6400000000000005,p2_m3,0,0.0001911993655316928,0.0,7.72842347270192e-07
0.6400000000000005,p3_m0,0,0.00026215802276482704,0.0,7.72842347270192e-07
0.6400000000000005,p3_m1,0,0.00024267314179994323,0.0,7.72842347270192e-07
0.6400000000000005,p3_m2,0,0.0002395274535416747,0.0,7.72842347270192e-07
0.6400000000000005,p3_m3,0,-0.0015696682908759186,0.0,7.72842347270192e-07
0.6500000000000005,p0_m0,0.0,0.00026029831334770944,-7.808966030655992e-07,7.728423392332113e-07
0.6500000000000005,p0_m1,0,0.00024016177160748328,0.0,7.728423392332113e-07
0.6500000000000005,p0_m2,0,0.00023681290251252777,0.0,7.728423392332113e-07
0.6500000000000005,p0_m3,0,-0.0015263223920049533,0.0,7.728423392332113e-07
0.6500000000000005,p1_m0,0,0.0007920200171578421,0.0,7.728423392332113e-07
0.6500000000000005,p1_m1,0,3.183510588560893e-05,0.0,7.728423392332113e-07
0.6500000000000005,p1_m2,0,2.8507430156628372e-05,0.0,7.728423392332113e-07
0.6500000000000005,p1_m3,0,-0.0008377150031010095,0.0,7.728423392332113e-07
0.6500000000000005,p2_m0,0,-0.0004676314066204874,0.0,7.728423392332113e-07
0.6500000000000005,p2_m1,0,-8.808440536182036e-05,0.0,7.728423392332113e-07
0.6500000000000005,p2_m2,0,-9.14665675732396e-05,0.0,7.728423392332113e-07
0.6500000000000005,p2_m3,0,0.00019119105123734654,0.0,7.728423392332113e-07
0.6500000000000005,p3_m0,0,0.0002621607086421683,0.0,7.728423392332113e-07
0.6500000000000005,p3_m1,0,0.00024266508818855347,0.0,7.728423392332113e-07
0.6500000000000005,p3_m2,0,0.00023951935834185556,0.0,7.728423392332113e-07
0.6500000000000005,p3_m3,0,-0.0015696643608250004,0.0,7.728423392332113e-07
0.6600000000000005,p0_m0,0.0,0.0002602937089440775,-7.80882303252852e-07,7.728423335018073e-07
0.6600000000000005,p0_m1,0,0.00024016326479825903,0.0,7.728423335018073e-07
0.6600000000000005,p0_m2,0,0.00023681439941821501,0.0,7.728423335018073e-07
0.6600000000000005,p0_m3,0,-0.0015263268654056577,0.0,7.728423335018073e-07
0.6600000000000005,p1_m0,0,0.0007920144375996652,0.0,7.728423335018073e-07
0.6600000000000005,p1_m1,0,3.183904443761713e-05,0.0,7.728423335018073e-07
0.6600000000000005,p1_m2,0,2.8511352131221787e-05,0.0,7.728423335018073e-07
0.6600000000000005,p1_m3,0,-0.0008377212213507707,0.0,7.728423335018073e-07
0.6600000000000005,p2_m0,0,-0.00046763777985793536,0.0,7.728423335018073e-07
0.6600000000000005,p2_m1,0,-8.808042543751522e-05,0.0,7.728423335018073e-07
0.6600000000000005,p2_m2,0,-9.146256074129476e-05,0.0,7.728423335018073e-07
0.6600000000000005,p2_m3,0,0.00019118511633370782,0.0,7.728423335018073e-07
0.6600000000000005,p3_m0,0,0.00026216259321524356,0.0,7.728423335018073e-07
0.6600000000000005,p3_m1,0,0.0002426594556002466,0.0,7.728423335018073e-07
0.6600000000000005,p3_m2,0,0.00023951369608375946,0.0,7.728423335018073e-07
0.6600000000000005,p3_m3,0,-0.0015696615695882316,0.0,7.728423335018073e-07
0.6700000000000005,p0_m0,0.0,0.0002602904484466706,-7.808721792715485e-07,7.72842329393877e-07
0.6700000000000005,p0_m1,0,0.00024016437841068003,0.0,7.72842329393877e-07
0.6700000000000005,p0_m2,0,0.0002368155151790451,0.0,7.72842329393877e-07
0.6700000000000005,p0_m3,0,-0.0015263300168007897,0.0,7.72842329393877e-07
0.6700000000000005,p1_m0,0,0.0007920108688722751,0.0,7.72842329393877e-07
0.6700000000000005,p1_m1,0,3.184177523640951e-05,0.0,7.72842329393877e-07
0.6700000000000005,p1_m2,0,2.851407096422601e-05,0.0,7.72842329393877e-07
0.6700000000000005,p1_m3,0,-0.0008377256657747055,0.0,7.72842329393877e-07
0.6700000000000005,p2_m0,0,-0.00046764225476924546,0.0,7.72842329393877e-07
0.6700000000000005,p2_m1,0,-8.807765174568026e-05,0.0,7.72842329393877e-07
0.6700000000000005,p2_m2,0,-9.1459768739203e-05,0.0,7.72842329393877e-07
0.6700000000000005,p2_m3,0,0.00019118084303194376,0.0,7.72842329393877e-07
0.6700000000000005,p3_m0,0,0.0002621639078795306,0.0,7.72842329393877e-07
0.6700000000000005,p3_m1,0,0.00024265552668346741,0.0,7.72842329393877e-07
0.6700000000000005,p3_m2,0,0.00023950974587881458,0.0,7.72842329393877e-07
0.6700000000000005,p3_m3,0,-0.0015696595851703598,0.0,7.72842329393877e-07
0.6800000000000005,p0_m0,0.0,0.0002602881338573163,-7.808649944387423e-07,7.728423264209011e-07
0.6800000000000005,p0_m1,0,0.00024016522041495327,0.0,7.728423264209011e-07
0.6800000000000005,p0_m2,0,0.00023681635823315488,0.0,7.728423264209011e-07
0.6800000000000005,p0_m3,0,-0.0015263322370974277,0.0,7.728423264209011e-07
0.6800000000000005,p1_m0,0,0.0007920087055723301,0.0,7.728423264209011e-07
0.6800000000000005,p1_m1,0,3.184366491766745e-05,0.0,7.728423264209011e-07
0.6800000000000005,p1_m2,0,2.8515951885320963e-05,0.0,7.728423264209011e-07
0.6800000000000005,p1_m3,0,-0.0008377288710489083,0.0,7.728423264209011e-07
0.6800000000000005,p2_m0,0,-0.00046764540326692185,0.0,7.728423264209011e-07
0.6800000000000005,p2_m1,0,-8.807571794852558e-05,0.0,7.728423264209011e-07
0.6800000000000005,p2_m2,0,-9.145782262723547e-05,0.0,7.728423264209011e-07
0.6800000000000005,p2_m3,0,0.0001911777300045285,0.0,7.728423264209011e-07
0.6800000000000005,p3_m0,0,0.00026216481721946767,0.0,7.728423264209011e-07
0.6800000000000005,p3_m1,0,0.00024265279667129365,0.0,7.728423264209011e-07
0.6800000000000005,p3_m2,0,0.00023950700047309213,0.0,7.728423264209011e-07
0.6800000000000005,p3_m3,0,-0.0015696581723398373,0.0,7.728423264209011e-07
0.6900000000000005,p0_m0,0.0,0.00026028648507166185,-7.808598783984231e-07,7.728423242506456e-07
0.6900000000000005,p0_m1,0,0.00024016586808771649,0.0,7.728423242506456e-07
0.6900000000000005,p0_m2,0,0.0002368170061855612,0.0,7.728423242506456e-07
0.6900000000000005,p0_m3,0,-0.001526333801555663,0.0,7.728423242506456e-07
0.6900000000000005,p1_m0,0,0.0007920075245006787,0.0,7.728423242506456e-07
0.6900000000000005,p1_m1,0,3.184496890214582e-05,0.0,7.728423242506456e-07
0.6900000000000005,p1_m2,0,2.8517249337399436e-05,0.0,7.728423242506456e-07
0.6900000000000005,p1_m3,0,-0.0008377312107345021,0.0,7.728423242506456e-07
0.6900000000000005,p2_m0,0,-0.00046764762501935394,0.0,7.728423242506456e-07
0.6900000000000005,p2_m1,0,-8.807436888214644e-05,0.0,7.728423242506456e-07
0.6900000000000005,p2_m2,0,-9.145646542724965e-05,0.0,7.728423242506456e-07
0.6900000000000005,p2_m3,0,0.00019117542713124354,0.0,7.728423242506456e-07
0.6900000000000005,p3_m0,0,0.00026216543829779657,0.0,7.728423242506456e-07
0.6900000000000005,p3_m1,0,0.00024265091036991966,0.0,7.728423242506456e-07
0.6900000000000005,p3_m2,0,0.00023950510292336985,0.0,7.728423242506456e-07
0.6900000000000005,p3_m3,0,-0.0015696571644212716,0.0,7.728423242506456e-07
0.7000000000000005,p0_m0,0.0,0.0002602853049459458,-7.808562185789617e-07,7.728423226406962e-07
0.7000000000000005,p0_m1,0,0.00024016637673148787,0.0,7.728423226406962e-07
0.7000000000000005,p0_m2,0,0.00023681751456904266,0.0,7.728423226406962e-07
0.7000000000000005,p0_m3,0,-0.0015263349040086313,0.0,7.728423226406962e-07
0.7000000000000005,p1_m0,0,0.0007920070298402551,0.0,7.728423226406962e-07
0.7000000000000005,p1_m1,0,3.1845865107269584e-05,0.0,7.728423226406962e-07
0.7000000000000005,p1_m2,0,2.8518140558145672e-05,0.0,7.728423226406962e-07
0.7000000000000005,p1_m3,0,-0.0008377329458097422,0.0,7.728423226406962e-07
0.7000000000000005,p2_m0,0,-0.0004676491993102782,0.0,7.728423226406962e-07
0.7000000000000005,p2_m1,0,-8.80734268422912e-05,0.0,7.728423226406962e-07
0.7000000000000005,p2_m2,0,-9.145551816883625e-05,0.0,7.728423226406962e-07
0.7000000000000005,p2_m3,0,0.00019117368991039506,0.0,7.728423226406962e-07
0.7000000000000005,p3_m0,0,0.0002621658543746535,0.0,7.728423226406962e-07
0.7000000000000005,p3_m1,0,0.00024264961782938076,0.0,7.728423226406962e-07
0.7000000000000005,p3_m2,0,0.00023950380205029956,0.0,7.728423226406962e-07
0.7000000000000005,p3_m3,0,-0.001569656443311925,0.0,7.728423226406962e-07
0.7100000000000005,p0_m0,0.0,0.0002602844547241406,-7.80853583832324e-07,7.728423214276145e-07
0.7100000000000005,p0_m1,0,0.00024016678591639402,0.0,7.728423214276145e-07
0.7100000000000005,p0_m2,0,0.0002368179231152286,0.0,7.728423214276145e-07
0.7100000000000005,p0_m3,0,-0.0015263356809559435,0.0,7.728423214276145e-07
0.7100000000000005,p1_m0,0,0.0007920070148259821,0.0,7.728423214276145e-07
0.7100000000000005,p1_m1,0,3.1846477447717185e-05,0.0,7.728423214276145e-07
0.7100000000000005,p1_m2,0,2.8518748990186838e-05,0.0,7.728423214276145e-07
0.7100000000000005,p1_m3,0,-0.000837734258587668,0.0,7.728423214276145e-07
0.7100000000000005,p2_m0,0,-0.00046765032128789105,0.0,7.728423214276145e-07
0.7100000000000005,p2_m1,0,-8.807276808733589e-05,0.0,7.728423214276145e-07
0.7100000000000005,p2_m2,0,-9.145485622749443e-05,0.0,7.728423214276145e-07
0.7100000000000005,p2_m3,0,0.00019117234760993647,0.0,7.728423214276145e-07
0.7100000000000005,p3_m0,0,0.0002621661246676816,0.0,7.728423214276145e-07
0.7100000000000005,p3_m1,0,0.00024264874315430555,0.0,7.728423214276145e-07
0.7100000000000005,p3_m2,0,0.00023950292109330615,0.0,7.728423214276145e-07
0.7100000000000005,p3_m3,0,-0.0015696559253244658,0.0,7.728423214276145e-07
0.7200000000000005,p0_m0,0.0,0.0002602838367416038,-7.808516706943359e-07,7.728423204902201e-07
0.7200000000000005,p0_m1,0,0.00024016712395147187,0.0,7.728423204902201e-07
0.7200000000000005,p0_m2,0,0.0002368182602465662,0.0,7.728423204902201e-07
0.7200000000000005,p0_m3,0,-0.0015263362285244655,0.0,7.728423204902201e-07
0.7200000000000005,p1_m0,0,0.0007920073349448655,0.0,7.728423204902201e-07
0.7200000000000005,p1_m1,0,3.184689221553403e-05,0.0,7.728423204902201e-07
0.7200000000000005,p1_m2,0,2.851916059674243e-05,0.0,7.728423204902201e-07
0.7200000000000005,p1_m3,0,-0.0008377352764211021,0.0,7.728423204902201e-07
0.7200000000000005,p2_m0,0,-0.0004676511273024633,0.0,7.728423204902201e-07
0.7200000000000005,p2_m1,0,-8.80723064647538e-05,0.0,7.728423204902201e-07
0.7200000000000005,p2_m2,0,-9.145439283531122e-05,0.0,7.728423204902201e-07
0.7200000000000005,p2_m3,0,0.00019117128101921334,0.0,7.728423204902201e-07
0.7200000000000005,p3_m0,0,0.0002621662912937005,0.0,7.728423204902201e-07
0.7200000000000005,p3_m1,0,0.00024264816255923643,0.0,7.728423204902201e-07
0.7200000000000005,p3_m2,0,0.00023950233565929346,0.0,7.728423204902201e-07
0.7200000000000005,p3_m3,0,-0.0015696555511576385,0.0,7.728423204902201e-07
0.7300000000000005,p0_m0,0.0,0.0002602833822530971,-7.808502655582633e-07,7.728423197477032e-07
0.7300000000000005,p0_m1,0,0.00024016741108718367,0.0,7.728423197477032e-07
0.7300000000000005,p0_m2,0,0.00023681854629273546,0.0,7.728423197477032e-07
0.7300000000000005,p0_m3,0,-0.0015263366144130928,0.0,7.728423197477032e-07
0.7300000000000005,p1_m0,0,0.0007920078891980055,0.0,7.728423197477032e-07
0.7300000000000005,p1_m1,0,3.1847169493616735e-05,0.0,7.728423197477032e-07
0.7300000000000005,p1_m2,0,2.8519435232554684e-05,0.0,7.728423197477032e-07
0.7300000000000005,p1_m3,0,-0.000837736088263143,0.0,7.728423197477032e-07
0.7300000000000005,p2_m0,0,-0.00046765171261702466,0.0,7.728423197477032e-07
0.7300000000000005,p2_m1,0,-8.807198200047855e-05,0.0,7.728423197477032e-07
0.7300000000000005,p2_m2,0,-9.145406758843868e-05,0.0,7.728423197477032e-07
0.7300000000000005,p2_m3,0,0.00019117040690763001,0.0,7.728423197477032e-07
0.7300000000000005,p3_m0,0,0.0002621663842065756,0.0,7.728423197477032e-07
0.7300000000000005,p3_m1,0,0.00024264778892835125,0.0,7.728423197477032e-07
0.7300000000000005,p3_m2,0,0.0002395019582042558,0.0,7.728423197477032e-07
0.7300000000000005,p3_m3,0,-0.0015696552787883798,0.0,7.728423197477032e-07
0.7400000000000005,p0_m0,0.0,0.00026028304286879607,-7.808492180669088e-07,7.728423191438331e-07
0.7400000000000005,p0_m1,0,0.00024016766180676795,0.0,7.728423191438331e-07
0.7400000000000005,p0_m2,0,0.0002368187957926777,0.0,7.728423191438331e-07
0.7400000000000005,p0_m3,0,-0.0015263368863001148,0.0,7.728423191438331e-07
0.7400000000000005,p1_m0,0,0.0007920086070027034,0.0,7.728423191438331e-07
0.7400000000000005,p1_m1,0,3.184735111071445e-05,0.0,7.728423191438331e-07
0.7400000000000005,p1_m2,0,2.851961456777813e-05,0.0,7.728423191438331e-07
0.7400000000000005,p1_m3,0,-0.0008377367562429202,0.0,7.728423191438331e-07
0.7400000000000005,p2_m0,0,-0.0004676521437842629,0.0,7.728423191438331e-07
0.7400000000000005,p2_m1,0,-8.807175295162864e-05,0.0,7.728423191438331e-07
0.7400000000000005,p2_m2,0,-9.145383844495128e-05,0.0,7.728423191438331e-07
0.7400000000000005,p2_m3,0,0.00019116966716956825,0.0,7.728423191438331e-07
0.7400000000000005,p3_m0,0,0.0002621664247094689,0.0,7.728423191438331e-07
0.7400000000000005,p3_m1,0,0.00024264756095006683,0.0,7.728423191438331e-07
0.7400000000000005,p3_m2,0,0.00023950172711595995,0.0,7.728423191438331e-07
0.7400000000000005,p3_m3,0,-0.0015696550784368634,0.0,7.728423191438331e-07
0.7500000000000006,p0_m0,0.0,0.0002602827845251404,-7.808484223792106e-07,7.728423186347731e-07
0.7500000000000006,p0_m1,0,0.00024016788646858827,0.0,7.728423186347731e-07
0.7500000000000006,p0_m2,0,0.00023681901914400535,0.0,7.728423186347731e-07
0.7500000000000006,p0_m3,0,-0.0015263370777669734,0.0,7.728423186347731e-07
0.7500000000000006,p1_m0,0,0.0007920094390353038,0.0,7.728423186347731e-07
0.7500000000000006,p1_m1,0,3.1847466181890944e-05,0.0,7.728423186347731e-07
0.7500000000000006,p1_m2,0,2.8519727607820985e-05,0.0,7.728423186347731e-07
0.7500000000000006,p1_m3,0,-0.0008377373237499781,0.0,7.728423186347731e-07
0.7500000000000006,p2_m0,0,-0.0004676524672951668,0.0,7.728423186347731e-07
0.7500000000000006,p2_m1,0,-8.807159026852426e-05,0.0,7.728423186347731e-07
0.7500000000000006,p2_m2,0,-9.145367614601413e-05,0.0,7.728423186347731e-07
0.7500000000000006,p2_m3,0,0.00019116902124365035,0.0,7.728423186347731e-07
0.7500000000000006,p3_m0,0,0.00026216642795317825,0.0,7.728423186347731e-07
0.7500000000000006,p3_m1,0,0.00024264743547309408,0.0,7.728423186347731e-07
0.7500000000000006,p3_m2,0,0.00023950159903158772,0.0,7.728423186347731e-07
0.7500000000000006,p3_m3,0,-0.0015696549289986365,0.0,7.728423186347731e-07
0.7600000000000006,p0_m0,0.0,0.000260282583244085,-7.808478039916653e-07,7.728423181924074e-07
0.7600000000000006,p0_m1,0,0.00024016809247764953,0.0,7.728423181924074e-07
0.7600000000000006,p0_m2,0,0.00023681922377947746,0.0,7.728423181924074e-07
0.7600000000000006,p0_m3,0,-0.0015263372124652928,0.0,7.728423181924074e-07
0.7600000000000006,p1_m0,0,0.000792010350829796,0.0,7.728423181924074e-07
0.7600000000000006,p1_m1,0,3.184753497143302e-05,0.0,7.728423181924074e-07
0.7600000000000006,p1_m2,0,2.8519794540293116e-05,0.0,7.728423181924074e-07
0.7600000000000006,p1_m3,0,-0.0008377378210862917,0.0,7.728423181924074e-07
0.7600000000000006,p2_m0,0,-0.000467652715626184,0.0,7.728423181924074e-07
0.7600000000000006,p2_m1,0,-8.807147373776212e-05,0.0,7.728423181924074e-07
0.7600000000000006,p2_m2,0,-9.145356033290087e-05,0.0,7.728423181924074e-07
0.7600000000000006,p2_m3,0,0.00019116844081611267,0.0,7.728423181924074e-07
0.7600000000000006,p3_m0,0,0.00026216640471220893,0.0,7.728423181924074e-07
0.7600000000000006,p3_m1,0,0.00024264738212462244,0.0,7.728423181924074e-07
0.7600000000000006,p3_m2,0,0.00023950154342980185,0.0,7.728423181924074e-07
0.7600000000000006,p3_m3,0,-0.0015696548155184657,0.0,7.728423181924074e-07
0.7700000000000006,p0_m0,0.0,0.00026028242214407916,-7.808473104484474e-07,7.728423177991352e-07
0.7700000000000006,p0_m1,0,0.00024016828512926758,0.0,7.728423177991352e-07
0.7700000000000006,p0_m2,0,0.00023681941501290264,0.0,7.728423177991352e-07
0.7700000000000006,p0_m3,0,-0.0015263373070545686,0.0,7.728423177991352e-07
0.7700000000000006,p1_m0,0,0.0007920113183034746,0.0,7.728423177991352e-07
0.7700000000000006,p1_m1,0,3.1847571579940424e-05,0.0,7.728423177991352e-07
0.7700000000000006,p1_m2,0,2.8519829412603942e-05,0.0,7.728423177991352e-07
0.7700000000000006,p1_m3,0,-0.0008377382694108467,0.0,7.728423177991352e-07
0.7700000000000006,p2_m0,0,-0.00046765291146075213,0.0,7.728423177991352e-07
0.7700000000000006,p2_m1,0,-8.807138929728915e-05,0.0,7.728423177991352e-07
0.7700000000000006,p2_m2,0,-9.145347684251147e-05,0.0,7.728423177991352e-07
0.7700000000000006,p2_m3,0,0.00019116790612609834,0.0,7.728423177991352e-07
0.7700000000000006,p3_m0,0,0.00026216636264936056,0.0,7.728423177991352e-07
0.7700000000000006,p3_m1,0,0.00024264737952790842,0.0,7.728423177991352e-07
0.7700000000000006,p3_m2,0,0.00023950153882861325,0.0,7.728423177991352e-07
0.7700000000000006,p3_m3,0,-0.001569654727396248,0.0,7.728423177991352e-07
0.7800000000000006,p0_m0,0.0,0.00026028228934178255,-7.808469048279643e-07,7.728423174392248e-07
0.7800000000000006,p0_m1,0,0.00024016846820878202,0.0,7.728423174392248e-07
0.7800000000000006,p0_m2,0,0.00023681959664375834,0.0,7.728423174392248e-07
0.7800000000000006,p0_m3,0,-0.001526337373270195,0.0,7.728423174392248e-07
0.7800000000000006,p1_m0,0,0.0007920123246306852,0.0,7.728423174392248e-07
0.7800000000000006,p1_m1,0,3.1847585817915657e-05,0.0,7.728423174392248e-07
0.7800000000000006,p1_m2,0,2.8519841998852263e-05,0.0,7.728423174392248e-07
0.7800000000000006,p1_m3,0,-0.0008377386834979344,0.0,7.728423174392248e-07
0.7800000000000006,p2_m0,0,-0.0004676530706422439,0.0,7.728423174392248e-07
0.7800000000000006,p2_m1,0,-8.807132716582598e-05,0.0,7.728423174392248e-07
0.7800000000000006,p2_m2,0,-9.145341582224512e-05,0.0,7.728423174392248e-07
0.7800000000000006,p2_m3,0,0.00019116740338142942,0.0,7.728423174392248e-07
0.7800000000000006,p3_m0,0,0.00026216630721356485,0.0,7.728423174392248e-07
0.7800000000000006,p3_m1,0,0.00024264741263513537,0.0,7.728423174392248e-07
0.7800000000000006,p3_m2,0,0.00023950157010694536,0.0,7.728423174392248e-07
0.7800000000000006,p3_m3,0,-0.0015696546571206784,0.0,7.728423174392248e-07
0.7900000000000006,p0_m0,0.0,0.000260282176470548,-7.808465611324492e-07,7.728423171021192e-07
0.7900000000000006,p0_m1,0,0.00024016864442102305,0.0,7.728423171021192e-07
0.7900000000000006,p0_m2,0,0.00023681977138586126,0.0,7.728423171021192e-07
0.7900000000000006,p0_m3,0,-0.0015263374193770945,0.0,7.728423171021192e-07
0.7900000000000006,p1_m0,0,0.0007920133580558045,0.0,7.728423171021192e-07
0.7900000000000006,p1_m1,0,3.184758450995609e-05,0.0,7.728423171021192e-07
0.7900000000000006,p1_m2,0,2.8519839097571634e-05,0.0,7.728423171021192e-07
0.7900000000000006,p1_m3,0,-0.0008377390736625407,0.0,7.728423171021192e-07
0.7900000000000006,p2_m0,0,-0.00046765320423502137,0.0,7.728423171021192e-07
0.7900000000000006,p2_m1,0,-8.807128054077443e-05,0.0,7.728423171021192e-07
0.7900000000000006,p2_m2,0,-9.145337042068443e-05,0.0,7.728423171021192e-07
0.7900000000000006,p2_m3,0,0.00019116692295855934,0.0,7.728423171021192e-07
0.7900000000000006,p3_m0,0,0.00026216624227993075,0.0,7.728423171021192e-07
0.7900000000000006,p3_m1,0,0.00024264747085502226,0.0,7.728423171021192e-07
0.7900000000000006,p3_m2,0,0.0002395016266217508,0.0,7.728423171021192e-07
0.7900000000000006,p3_m3,0,-0.0015696545993676458,0.0,7.728423171021192e-07
0.8000000000000006,p0_m0,0.0,0.0002602820776399831,-7.808462610615698e-07,7.728423167807844e-07
0.8000000000000006,p0_m1,0,0.0002401688156997002,0.0,7.728423167807844e-07
0.8000000000000006,p0_m2,0,0.00023681994117980533,0.0,7.728423167807844e-07
0.8000000000000006,p0_m3,0,-0.0015263374511989493,0.0,7.728423167807844e-07
0.8000000000000006,p1_m0,0,0.0007920144103670479,0.0,7.728423167807844e-07
0.8000000000000006,p1_m1,0,3.1847572402397537e-05,0.0,7.728423167807844e-07
0.8000000000000006,p1_m2,0,2.8519825437650895e-05,0.0,7.728423167807844e-07
0.8000000000000006,p1_m3,0,-0.0008377394471064712,0.0,7.728423167807844e-07
0.8000000000000006,p2_m0,0,-0.00046765331996636,0.0,7.728423167807844e-07
0.8000000000000006,p2_m1,0,-8.807124469246244e-05,0.0,7.728423167807844e-07
0.8000000000000006,p2_m2,0,-9.145333587347382e-05,0.0,7.728423167807844e-07
0.8000000000000006,p2_m3,0,0.00019116645814161424,0.0,7.728423167807844e-07
0.8000000000000006,p3_m0,0,0.00026216617060424626,0.0,7.728423167807844e-07
0.8000000000000006,p3_m1,0,0.00024264754673118433,0.0,7.728423167807844e-07
0.8000000000000006,p3_m2,0,0.00023950170088004094,0.0,7.728423167807844e-07
0.8000000000000006,p3_m3,0,-0.001569654550364086,0.0,7.728423167807844e-07
0.8100000000000006,p0_m0,0.0,0.00026028198870339553,-7.808459917283287e-07,7.728423164734658e-07
0.8100000000000006,p0_m1,0,0.00024016898342629122,0.0,7.728423164734658e-07
0.8100000000000006,p0_m2,0,0.00023682010741177487,0.0,7.728423164734658e-07
0.8100000000000006,p0_m3,0,-0.0015263374728367834,0.0,7.728423164734658e-07
0.8100000000000006,p1_m0,0,0.000792015475827536,0.0,7.728423164734658e-07
0.8100000000000006,p1_m1,0,3.184755279585346e-05,0.0,7.728423164734658e-07
0.8100000000000006,p1_m2,0,2.851980430762076e-05,0.0,7.728423164734658e-07
0.8100000000000006,p1_m3,0,-0.0008377398088566286,0.0,7.728423164734658e-07
0.8100000000000006,p2_m0,0,-0.0004676534232310955,0.0,7.728423164734658e-07
0.8100000000000006,p2_m1,0,-8.807121633271412e-05,0.0,7.728423164734658e-07
0.8100000000000006,p2_m2,0,-9.145330886867267e-05,0.0,7.728423164734658e-07
0.8100000000000006,p2_m3,0,0.00019116600424471834,0.0,7.728423164734658e-07
0.8100000000000006,p3_m0,0,0.0002621660941464257,0.0,7.728423164734658e-07
0.8100000000000006,p3_m1,0,0.0002426476350151451,0.0,7.728423164734658e-07
0.8100000000000006,p3_m2,0,0.0002395017876074477,0.0,7.728423164734658e-07
0.8100000000000006,p3_m3,0,-0.0015696545074354823,0.0,7.728423164734658e-07
0.8200000000000006,p0_m0,0.0,0.00026028190674026974,-7.808457440607843e-07,7.728423161731844e-07
0.8200000000000006,p0_m1,0,0.00024016914858832465,0.0,7.728423161731844e-07
0.8200000000000006,p0_m2,0,0.0002368202710723038,0.0,7.728423161731844e-07
0.8200000000000006,p0_m3,0,-0.001526337487181318,0.0,7.728423161731844e-07
0.8200000000000006,p1_m0,0,0.00079201655043044,0.0,7.728423161731844e-07
0.8200000000000006,p1_m1,0,3.184752798518893e-05,0.0,7.728423161731844e-07
0.8200000000000006,p1_m2,0,2.8519777993286255e-05,0.0,7.728423161731844e-07
0.8200000000000006,p1_m3,0,-0.0008377401624216294,0.0,7.728423161731844e-07
0.8200000000000006,p2_m0,0,-0.0004676535177968295,0.0,7.728423161731844e-07
0.8200000000000006,p2_m1,0,-8.80711931758862e-05,0.0,7.728423161731844e-07
0.8200000000000006,p2_m2,0,-9.145328710434443e-05,0.0,7.728423161731844e-07
0.8200000000000006,p2_m3,0,0.00019116555799943784,0.0,7.728423161731844e-07
0.8200000000000006,p3_m0,0,0.0002621660142993514,0.0,7.728423161731844e-07
0.8200000000000006,p3_m1,0,0.00024264773201242593,0.0,7.728423161731844e-07
0.8200000000000006,p3_m2,0,0.00023950188309260318,0.0,7.728423161731844e-07
0.8200000000000006,p3_m3,0,-0.0015696544686860567,0.0,7.728423161731844e-07
0.8300000000000006,p0_m0,0.0,0.00026028182969367716,-7.808455116665606e-07,7.728423158781938e-07
0.8300000000000006,p0_m1,0,0.0002401693118911642,0.0,7.728423158781938e-07
0.8300000000000006,p0_m2,0,0.0002368204328693259,0.0,7.728423158781938e-07
0.8300000000000006,p0_m3,0,-0.0015263374962683944,0.0,7.728423158781938e-07
0.8300000000000006,p1_m0,0,0.0007920176313761608,0.0,7.728423158781938e-07
0.8300000000000006,p1_m1,0,3.1847499565776694e-05,0.0,7.728423158781938e-07
0.8300000000000006,p1_m2,0,2.85197480844974e-05,0.0,7.728423158781938e-07
0.8300000000000006,p1_m3,0,-0.0008377405102514262,0.0,7.728423158781938e-07
0.8300000000000006,p2_m0,0,-0.00046765360629415524,0.0,7.728423158781938e-07
0.8300000000000006,p2_m1,0,-8.807117363362197e-05,0.0,7.728423158781938e-07
0.8300000000000006,p2_m2,0,-9.14532689802274e-05,0.0,7.728423158781938e-07
0.8300000000000006,p2_m3,0,0.00019116511712534575,0.0,7.728423158781938e-07
0.8300000000000006,p3_m0,0,0.0002621659320543865,0.0,7.728423158781938e-07
0.8300000000000006,p3_m1,0,0.00024264783512190614,0.0,7.728423158781938e-07
0.8300000000000006,p3_m2,0,0.00023950198472039825,0.0,7.728423158781938e-07
0.8300000000000006,p3_m3,0,-0.0015696544327722475,0.0,7.728423158781938e-07
0.8400000000000006,p0_m0,0.0,0.0002602817561165759,-7.808452900497707e-07,7.728423155883736e-07
0.8400000000000006,p0_m1,0,0.00024016947383866837,0.0,7.728423155883736e-07
0.8400000000000006,p0_m2,0,0.00023682059330808175,0.0,7.728423155883736e-07
0.8400000000000006,p0_m3,0,-0.0015263375015322675,0.0,7.728423155883736e-07
0.8400000000000006,p1_m0,0,0.000792018716710378,0.0,7.728423155883736e-07
0.8400000000000006,p1_m1,0,3.184746864627197e-05,0.0,7.728423155883736e-07
0.8400000000000006,p1_m2,0,2.851971568570655e-05,0.0,7.728423155883736e-07
0.8400000000000006,p1_m3,0,-0.0008377408540553793,0.0,7.728423155883736e-07
0.8400000000000006,p2_m0,0,-0.00046765369055942947,0.0,7.728423155883736e-07
0.8400000000000006,p2_m1,0,-8.807115660200121e-05,0.0,7.728423155883736e-07
0.8400000000000006,p2_m2,0,-9.145325338433231e-05,0.0,7.728423155883736e-07
0.8400000000000006,p2_m3,0,0.00019116468003114236,0.0,7.728423155883736e-07
0.8400000000000006,p3_m0,0,0.0002621658481159383,0.0,7.728423155883736e-07
0.8400000000000006,p3_m1,0,0.0002426479425115888,0.0,7.728423155883736e-07
0.8400000000000006,p3_m2,0,0.00023950209065060264,0.0,7.728423155883736e-07
0.8400000000000006,p3_m3,0,-0.0015696543987420266,0.0,7.728423155883736e-07
0.8500000000000006,p0_m0,0.0,0.0002602816847397446,-7.80845075338493e-07,7.728423152604629e-07
0.8500000000000006,p0_m1,0,0.00024016963459407977,0.0,7.728423152604629e-07
0.8500000000000006,p0_m2,0,0.00023682075255119925,0.0,7.728423152604629e-07
0.8500000000000006,p0_m3,0,-0.001526337503876309,0.0,7.728423152604629e-07
0.8500000000000006,p1_m0,0,0.0007920198050940575,0.0,7.728423152604629e-07
0.8500000000000006,p1_m1,0,3.1847436211893675e-05,0.0,7.728423152604629e-07
0.8500000000000006,p1_m2,0,2.8519681820007977e-05,0.0,7.728423152604629e-07
0.8500000000000006,p1_m3,0,-0.0008377411952290094,0.0,7.728423152604629e-07
0.8500000000000006,p2_m0,0,-0.00046765377209452645,0.0,7.728423152604629e-07
0.8500000000000006,p2_m1,0,-8.807114108526798e-05,0.0,7.728423152604629e-07
0.8500000000000006,p2_m2,0,-9.14532393657698e-05,0.0,7.728423152604629e-07
0.8500000000000006,p2_m3,0,0.00019116424570703796,0.0,7.728423152604629e-07
0.8500000000000006,p3_m0,0,0.0002621657629599563,0.0,7.728423152604629e-07
0.8500000000000006,p3_m1,0,0.00024264805278774568,0.0,7.728423152604629e-07
0.8500000000000006,p3_m2,0,0.00023950219952405345,0.0,7.728423152604629e-07
0.8500000000000006,p3_m3,0,-0.0015696543659368299,0.0,7.728423152604629e-07
0.8600000000000007,p0_m0,0.0,0.00026028161513620435,-7.808448660977019e-07,7.72842314887483e-07
0.8600000000000007,p0_m1,0,0.00024016979529327024,0.0,7.72842314887483e-07
0.8600000000000007,p0_m2,0,0.00023682091174073594,0.0,7.72842314887483e-07
0.8600000000000007,p0_m3,0,-0.0015263375046421408,0.0,7.72842314887483e-07
0.8600000000000007,p1_m0,0,0.0007920208955897757,0.0,7.72842314887483e-07
0.8600000000000007,p1_m1,0,3.1847401984076175e-05,0.0,7.72842314887483e-07
0.8600000000000007,p1_m2,0,2.851964609814975e-05,0.0,7.72842314887483e-07
0.8600000000000007,p1_m3,0,-0.0008377415339255177,0.0,7.72842314887483e-07
0.8600000000000007,p2_m0,0,-0.0004676538510977148,0.0,7.72842314887483e-07
0.8600000000000007,p2_m1,0,-8.807112740022637e-05,0.0,7.72842314887483e-07
0.8600000000000007,p2_m2,0,-9.145322710159284e-05,0.0,7.72842314887483e-07
0.8600000000000007,p2_m3,0,0.0001911638132759045,0.0,7.72842314887483e-07
0.8600000000000007,p3_m0,0,0.00026216567730648376,0.0,7.72842314887483e-07
0.8600000000000007,p3_m1,0,0.00024264816508337686,0.0,7.72842314887483e-07
0.8600000000000007,p3_m2,0,0.00023950231036236143,0.0,7.72842314887483e-07
0.8600000000000007,p3_m3,0,-0.0015696543334873393,0.0,7.72842314887483e-07
0.8700000000000007,p0_m0,0.0,0.0002602815466558903,-7.808446604450021e-07,7.728423145301179e-07
0.8700000000000007,p0_m1,0,0.00024016995550237076,0.0,7.728423145301179e-07
0.8700000000000007,p0_m2,0,0.00023682107042893936,0.0,7.728423145301179e-07
0.8700000000000007,p0_m3,0,-0.001526337503576483,0.0,7.728423145301179e-07
0.8700000000000007,p1_m0,0,0.0007920219872602725,0.0,7.728423145301179e-07
0.8700000000000007,p1_m1,0,3.184736701570499e-05,0.0,7.728423145301179e-07
0.8700000000000007,p1_m2,0,2.8519609487241187e-05,0.0,7.728423145301179e-07
0.8700000000000007,p1_m3,0,-0.0008377418717072753,0.0,7.728423145301179e-07
0.8700000000000007,p2_m0,0,-0.0004676539292129062,0.0,7.728423145301179e-07
0.8700000000000007,p2_m1,0,-8.80711146007725e-05,0.0,7.728423145301179e-07
0.8700000000000007,p2_m2,0,-9.145321560256046e-05,0.0,7.728423145301179e-07
0.8700000000000007,p2_m3,0,0.0001911633820624482,0.0,7.728423145301179e-07
0.8700000000000007,p3_m0,0,0.00026216559156624767,0.0,7.728423145301179e-07
0.8700000000000007,p3_m1,0,0.00024264827876826993,0.0,7.728423145301179e-07
0.8700000000000007,p3_m2,0,0.00023950242259492208,0.0,7.728423145301179e-07
0.8700000000000007,p3_m3,0,-0.001569654301307388,0.0,7.728423145301179e-07
0.8800000000000007,p0_m0,0.0,0.00026028147904832934,-7.808444572860243e-07,7.728423142629749e-07
0.8800000000000007,p0_m1,0,0.00024017011511261594,0.0,7.728423142629749e-07
0.8800000000000007,p0_m2,0,0.00023682122853411878,0.0,7.728423142629749e-07
0.8800000000000007,p0_m3,0,-0.0015263375015636196,0.0,7.728423142629749e-07
0.8800000000000007,p1_m0,0,0.0007920230805124914,0.0,7.728423142629749e-07
0.8800000000000007,p1_m1,0,3.184733132534093e-05,0.0,7.728423142629749e-07
0.8800000000000007,p1_m2,0,2.8519572449292486e-05,0.0,7.728423142629749e-07
0.8800000000000007,p1_m3,0,-0.0008377422076214266,0.0,7.728423142629749e-07
0.8800000000000007,p2_m0,0,-0.00046765400540010795,0.0,7.728423142629749e-07
0.8800000000000007,p2_m1,0,-8.80711023410193e-05,0.0,7.728423142629749e-07
0.8800000000000007,p2_m2,0,-9.145320490274232e-05,0.0,7.728423142629749e-07
0.8800000000000007,p2_m3,0,0.00019116295233565344,0.0,7.728423142629749e-07
0.8800000000000007,p3_m0,0,0.00026216550478067236,0.0,7.728423142629749e-07
0.8800000000000007,p3_m1,0,0.00024264839327660127,0.0,7.728423142629749e-07
0.8800000000000007,p3_m2,0,0.00023950253569678153,0.0,7.728423142629749e-07
0.8800000000000007,p3_m3,0,-0.0015696542693244713,0.0,7.728423142629749e-07
0.8900000000000007,p0_m0,0.0,0.0002602814120058322,-7.808442560827538e-07,7.728423138119703e-07
0.8900000000000007,p0_m1,0,0.0002401702748275532,0.0,7.728423138119703e-07
0.8900000000000007,p0_m2,0,0.00023682138672634237,0.0,7.728423138119703e-07
0.8900000000000007,p0_m3,0,-0.0015263374983965784,0.0,7.728423138119703e-07
0.8900000000000007,p1_m0,0,0.0007920241741292909,0.0,7.728423138119703e-07
0.8900000000000007,p1_m1,0,3.184729499877723e-05,0.0,7.728423138119703e-07
0.8900000000000007,p1_m2,0,2.851953437433948e-05,0.0,7.728423138119703e-07
0.8900000000000007,p1_m3,0,-0.0008377425432036087,0.0,7.728423138119703e-07
0.8900000000000007,p2_m0,0,-0.0004676540813769765,0.0,7.728423138119703e-07
0.8900000000000007,p2_m1,0,-8.807109101614698e-05,0.0,7.728423138119703e-07
0.8900000000000007,p2_m2,0,-9.145319478464395e-05,0.0,7.728423138119703e-07
0.8900000000000007,p2_m3,0,0.00019116252320438375,0.0,7.728423138119703e-07
0.8900000000000007,p3_m0,0,0.00026216541851155844,0.0,7.728423138119703e-07
0.8900000000000007,p3_m1,0,0.00024264850871158456,0.0,7.728423138119703e-07
0.8900000000000007,p3_m2,0,0.0002395026496513245,0.0,7.728423138119703e-07
0.8900000000000007,p3_m3,0,-0.0015696542371257613,0.0,7.728423138119703e-07
0.9000000000000007,p0_m0,0.0,0.0002602813457003869,-7.808440572649059e-07,7.728423134997253e-07
0.9000000000000007,p0_m1,0,0.00024017043461263145,0.0,7.728423134997253e-07
0.9000000000000007,p0_m2,0,0.00023682154497039137,0.0,7.728423134997253e-07
0.9000000000000007,p0_m3,0,-0.0015263374942140768,0.0,7.728423134997253e-07
0.9000000000000007,p1_m0,0,0.0007920252682880908,0.0,7.728423134997253e-07
0.9000000000000007,p1_m1,0,3.184725799139902e-05,0.0,7.728423134997253e-07
0.9000000000000007,p1_m2,0,2.851949509646604e-05,0.0,7.728423134997253e-07
0.9000000000000007,p1_m3,0,-0.0008377428782216992,0.0,7.728423134997253e-07
0.9000000000000007,p2_m0,0,-0.0004676541568425916,0.0,7.728423134997253e-07
0.9000000000000007,p2_m1,0,-8.807108075975582e-05,0.0,7.728423134997253e-07
0.9000000000000007,p2_m2,0,-9.145318526702119e-05,0.0,7.728423134997253e-07
0.9000000000000007,p2_m3,0,0.00019116209466249625,0.0,7.728423134997253e-07
0.9000000000000007,p3_m0,0,0.00026216533269511687,0.0,7.728423134997253e-07
0.9000000000000007,p3_m1,0,0.00024264862478306164,0.0,7.728423134997253e-07
0.9000000000000007,p3_m2,0,0.0002395027641317944,0.0,7.728423134997253e-07
0.9000000000000007,p3_m3,0,-0.0015696542046840696,0.0,7.728423134997253e-07
0.9100000000000007,p0_m0,0.0,0.0002602812793322374,-7.808438577587399e-07,7.728423132274111e-07
0.9100000000000007,p0_m1,0,0.00024017059290606016,0.0,7.728423132274111e-07
0.9100000000000007,p0_m2,0,0.00023682170178363648,0.0,7.728423132274111e-07
0.9100000000000007,p0_m3,0,-0.0015263374897296438,0.0,7.728423132274111e-07
0.9100000000000007,p1_m0,0,0.000792026363113736,0.0,7.728423132274111e-07
0.9100000000000007,p1_m1,0,3.1847221749597426e-05,0.0,7.728423132274111e-07
0.9100000000000007,p1_m2,0,2.85194581794287e-05,0.0,7.728423132274111e-07
0.9100000000000007,p1_m3,0,-0.0008377432120934828,0.0,7.728423132274111e-07
0.9100000000000007,p2_m0,0,-0.0004676542311030494,0.0,7.728423132274111e-07
0.9100000000000007,p2_m1,0,-8.807106867571509e-05,0.0,7.728423132274111e-07
0.9100000000000007,p2_m2,0,-9.145317534457138e-05,0.0,7.728423132274111e-07
0.9100000000000007,p2_m3,0,0.00019116166695485527,0.0,7.728423132274111e-07
0.9100000000000007,p3_m0,0,0.0002621652445034418,0.0,7.728423132274111e-07
0.9100000000000007,p3_m1,0,0.00024264874055363354,0.0,7.728423132274111e-07
0.9100000000000007,p3_m2,0,0.00023950287866449094,0.0,7.728423132274111e-07
0.9100000000000007,p3_m3,0,-0.0015696541724713818,0.0,7.728423132274111e-07
0.9200000000000007,p0_m0,0.0,0.0002602812133178616,-7.808436597522427e-07,7.728423126983624e-07
0.9200000000000007,p0_m1,0,0.0002401707522548401,0.0,7.728423126983624e-07
0.9200000000000007,p0_m2,0,0.00023682185960416106,0.0,7.728423126983624e-07
0.9200000000000007,p0_m3,0,-0.0015263374844459055,0.0,7.728423126983624e-07
0.9200000000000007,p1_m0,0,0.0007920274579736685,0.0,7.728423126983624e-07
0.9200000000000007,p1_m1,0,3.1847184352384305e-05,0.0,7.728423126983624e-07
0.9200000000000007,p1_m2,0,2.8519418722818333e-05,0.0,7.728423126983624e-07
0.9200000000000007,p1_m3,0,-0.0008377435459730265,0.0,7.728423126983624e-07
0.9200000000000007,p2_m0,0,-0.0004676543055739399,0.0,7.728423126983624e-07
0.9200000000000007,p2_m1,0,-8.807105870054358e-05,0.0,7.728423126983624e-07
0.9200000000000007,p2_m2,0,-9.145316630099e-05,0.0,7.728423126983624e-07
0.9200000000000007,p2_m3,0,0.0001911612395389353,0.0,7.728423126983624e-07
0.9200000000000007,p3_m0,0,0.00026216515812866253,0.0,7.728423126983624e-07
0.9200000000000007,p3_m1,0,0.0002426488571565762,0.0,7.728423126983624e-07
0.9200000000000007,p3_m2,0,0.00023950299373099712,0.0,7.728423126983624e-07
0.9200000000000007,p3_m3,0,-0.0015696541395229084,0.0,7.728423126983624e-07
0.9300000000000007,p0_m0,0.0,0.0002602811478222113,-7.808434634556458e-07,7.728423123791948e-07
0.9300000000000007,p0_m1,0,0.00024017091162129215,0.0,7.728423123791948e-07
0.9300000000000007,p0_m2,0,0.00023682201742598736,0.0,7.728423123791948e-07
0.9300000000000007,p0_m3,0,-0.001526337478336411,0.0,7.728423123791948e-07
0.9300000000000007,p1_m0,0,0.0007920285529992744,0.0,7.728423123791948e-07
0.9300000000000007,p1_m1,0,3.184714661992504e-05,0.0,7.728423123791948e-07
0.9300000000000007,p1_m2,0,2.8519378331493835e-05,0.0,7.728423123791948e-07
0.9300000000000007,p1_m3,0,-0.0008377438796657253,0.0,7.728423123791948e-07
0.9300000000000007,p2_m0,0,-0.0004676543799090094,0.0,7.728423123791948e-07
0.9300000000000007,p2_m1,0,-8.807104950515395e-05,0.0,7.728423123791948e-07
0.9300000000000007,p2_m2,0,-9.145315751463101e-05,0.0,7.728423123791948e-07
0.9300000000000007,p2_m3,0,0.00019116081234733727,0.0,7.728423123791948e-07
0.9300000000000007,p3_m0,0,0.00026216507220428055,0.0,7.728423123791948e-07
0.9300000000000007,p3_m1,0,0.000242648974043199,0.0,7.728423123791948e-07
0.9300000000000007,p3_m2,0,0.0002395031089530733,0.0,7.728423123791948e-07
0.9300000000000007,p3_m3,0,-0.001569654106261938,0.0,7.728423123791948e-07
0.9400000000000007,p0_m0,0.0,0.0002602810821186915,-7.808432659220493e-07,7.728423122508403e-07
0.9400000000000007,p0_m1,0,0.00024017106892410895,0.0,7.728423122508403e-07
0.9400000000000007,p0_m2,0,0.0002368221732670112,0.0,7.728423122508403e-07
0.9400000000000007,p0_m3,0,-0.0015263374720220664,0.0,7.728423122508403e-07
0.9400000000000007,p1_m0,0,0.0007920296477827877,0.0,7.728423122508403e-07
0.9400000000000007,p1_m1,0,3.184711061244978e-05,0.0,7.728423122508403e-07
0.9400000000000007,p1_m2,0,2.8519342347671078e-05,0.0,7.728423122508403e-07
0.9400000000000007,p1_m3,0,-0.0008377442129735824,0.0,7.728423122508403e-07
0.9400000000000007,p2_m0,0,-0.0004676544538067148,0.0,7.728423122508403e-07
0.9400000000000007,p2_m1,0,-8.807103681091341e-05,0.0,7.728423122508403e-07
0.9400000000000007,p2_m2,0,-9.145314758739357e-05,0.0,7.728423122508403e-07
0.9400000000000007,p2_m3,0,0.00019116038527902153,0.0,7.728423122508403e-07
0.9400000000000007,p3_m0,0,0.0002621649833246874,0.0,7.728423122508403e-07
0.9400000000000007,p3_m1,0,0.00024264908998181917,0.0,7.728423122508403e-07
0.9400000000000007,p3_m2,0,0.00023950322380790714,0.0,7.728423122508403e-07
0.9400000000000007,p3_m3,0,-0.001569654073243371,0.0,7.728423122508403e-07
0.9500000000000007,p0_m0,0.0,0.00026028101666950287,-7.808430696560586e-07,7.728423117790399e-07
0.9500000000000007,p0_m1,0,0.00024017122768153477,0.0,7.728423117790399e-07
0.9500000000000007,p0_m2,0,0.0002368223304983422,0.0,7.728423117790399e-07
0.9500000000000007,p0_m3,0,-0.0015263374650345215,0.0,7.728423117790399e-07
0.9500000000000007,p1_m0,0,0.0007920307426597938,0.0,7.728423117790399e-07
0.9500000000000007,p1_m1,0,3.18470731604624e-05,0.0,7.728423117790399e-07
0.9500000000000007,p1_m2,0,2.851930269188255e-05,0.0,7.728423117790399e-07
0.9500000000000007,p1_m3,0,-0.0008377445462970429,0.0,7.728423117790399e-07
0.9500000000000007,p2_m0,0,-0.00046765452794947295,0.0,7.728423117790399e-07
0.9500000000000007,p2_m1,0,-8.807102706161211e-05,0.0,7.728423117790399e-07
0.9500000000000007,p2_m2,0,-9.145313864731624e-05,0.0,7.728423117790399e-07
0.9500000000000007,p2_m3,0,0.0001911599584772267,0.0,7.728423117790399e-07
0.9500000000000007,p3_m0,0,0.0002621648967461383,0.0,7.728423117790399e-07
0.9500000000000007,p3_m1,0,0.0002426492069124859,0.0,7.728423117790399e-07
0.9500000000000007,p3_m2,0,0.00023950333918523162,0.0,7.728423117790399e-07
0.9500000000000007,p3_m3,0,-0.0015696540394197049,0.0,7.728423117790399e-07
0.9600000000000007,p0_m0,0.0,0.00026028095145460444,-7.80842874227215e-07,7.72842311357581e-07
0.9600000000000007,p0_m1,0,0.00024017138659794437,0.0,7.72842311357581e-07
0.9600000000000007,p0_m2,0,0.00023682248787293392,0.0,7.72842311357581e-07
0.9600000000000007,p0_m3,0,-0.0015263374574713252,0.0,7.72842311357581e-07
0.9600000000000007,p1_m0,0,0.0007920318375638201,0.0,7.72842311357581e-07
0.9600000000000007,p1_m1,0,3.184703539551668e-05,0.0,7.72842311357581e-07
0.9600000000000007,p1_m2,0,2.8519262110311953e-05,0.0,7.72842311357581e-07
0.9600000000000007,p1_m3,0,-0.0008377448795071217,0.0,7.72842311357581e-07
0.9600000000000007,p2_m0,0,-0.0004676546020710825,0.0,7.72842311357581e-07
0.9600000000000007,p2_m1,0,-8.807101806434813e-05,0.0,7.72842311357581e-07
0.9600000000000007,p2_m2,0,-9.145312992667072e-05,0.0,7.72842311357581e-07
0.9600000000000007,p2_m3,0,0.00019115953184730024,0.0,7.72842311357581e-07
0.9600000000000007,p3_m0,0,0.0002621648106689298,0.0,7.72842311357581e-07
0.9600000000000007,p3_m1,0,0.00024264932402557135,0.0,7.72842311357581e-07
0.9600000000000007,p3_m2,0,0.00023950345462652798,0.0,7.72842311357581e-07
0.9600000000000007,p3_m3,0,-0.0015696540051686777,0.0,7.72842311357581e-07
0.9700000000000008,p0_m0,0.0,0.0002602808861503758,-7.808426779091483e-07,7.728423113436561e-07
0.9700000000000008,p0_m1,0,0.0002401715431770243,0.0,7.728423113436561e-07
0.9700000000000008,p0_m2,0,0.00023682264299864294,0.0,7.728423113436561e-07
0.9700000000000008,p0_m3,0,-0.0015263374496265886,0.0,7.728423113436561e-07
0.9700000000000008,p1_m0,0,0.0007920329317358176,0.0,7.728423113436561e-07
0.9700000000000008,p1_m1,0,3.184699979957347e-05,0.0,7.728423113436561e-07
0.9700000000000008,p1_m2,0,2.8519226977768116e-05,0.0,7.728423113436561e-07
0.9700000000000008,p1_m3,0,-0.0008377452127694792,0.0,7.728423113436561e-07
0.9700000000000008,p2_m0,0,-0.00046765467617314094,0.0,7.728423113436561e-07
0.9700000000000008,p2_m1,0,-8.807100474953405e-05,0.0,7.728423113436561e-07
0.9700000000000008,p2_m2,0,-9.145311974591191e-05,0.0,7.728423113436561e-07
0.9700000000000008,p2_m3,0,0.0001911591049286317,0.0,7.728423113436561e-07
0.9700000000000008,p3_m0,0,0.0002621647214941855,0.0,7.728423113436561e-07
0.9700000000000008,p3_m1,0,0.0002426494398687441,0.0,7.728423113436561e-07
0.9700000000000008,p3_m2,0,0.00023950356946063567,0.0,7.728423113436561e-07
0.9700000000000008,p3_m3,0,-0.0015696539711393493,0.0,7.728423113436561e-07
0.9800000000000008,p0_m0,0.0,0.00026028082087911186,-7.808424821788601e-07,7.728423108545095e-07
0.9800000000000008,p0_m1,0,0.0002401717015109302,0.0,7.728423108545095e-07
0.9800000000000008,p0_m2,0,0.00023682279980868614,0.0,7.728423108545095e-07
0.9800000000000008,p0_m3,0,-0.001526337441295694,0.0,7.728423108545095e-07
0.9800000000000008,p1_m0,0,0.0007920340262690473,0.0,7.728423108545095e-07
0.9800000000000008,p1_m1,0,3.184696245168255e-05,0.0,7.728423108545095e-07
0.9800000000000008,p1_m2,0,2.851918739368992e-05,0.0,7.728423108545095e-07
0.9800000000000008,p1_m3,0,-0.0008377455458087006,0.0,7.728423108545095e-07
0.9800000000000008,p2_m0,0,-0.0004676547503015655,0.0,7.728423108545095e-07
0.9800000000000008,p2_m1,0,-8.807099498650547e-05,0.0,7.728423108545095e-07
0.9800000000000008,p2_m2,0,-9.145311076657375e-05,0.0,7.728423108545095e-07
0.9800000000000008,p2_m3,0,0.00019115867850320767,0.0,7.728423108545095e-07
0.9800000000000008,p3_m0,0,0.0002621646348523435,0.0,7.728423108545095e-07
0.9800000000000008,p3_m1,0,0.00024264955676529964,0.0,7.728423108545095e-07
0.9800000000000008,p3_m2,0,0.00023950368480650218,0.0,7.728423108545095e-07
0.9800000000000008,p3_m3,0,-0.0015696539361893394,0.0,7.728423108545095e-07
0.9900000000000008,p0_m0,0.0,0.0002602807559416692,-7.808422875813418e-07,7.728423105388043e-07
0.9900000000000008,p0_m1,0,0.00024017185984295765,0.0,7.728423105388043e-07
0.9900000000000008,p0_m2,0,0.0002368229566059957,0.0,7.728423105388043e-07
0.9900000000000008,p0_m3,0,-0.00152633743230676,0.0,7.728423105388043e-07
0.9900000000000008,p1_m0,0,0.0007920351206600919,0.0,7.728423105388043e-07
0.9900000000000008,p1_m1,0,3.1846924995470586e-05,0.0,7.728423105388043e-07
0.9900000000000008,p1_m2,0,2.851914712889417e-05,0.0,7.728423105388043e-07
0.9900000000000008,p1_m3,0,-0.0008377458789262285,0.0,7.728423105388043e-07
0.9900000000000008,p2_m0,0,-0.0004676548245815627,0.0,7.728423105388043e-07
0.9900000000000008,p2_m1,0,-8.807098574692479e-05,0.0,7.728423105388043e-07
0.9900000000000008,p2_m2,0,-9.145310181348233e-05,0.0,7.728423105388043e-07
0.9900000000000008,p2_m3,0,0.00019115825204619604,0.0,7.728423105388043e-07
0.9900000000000008,p3_m0,0,0.00026216454862006323,0.0,7.728423105388043e-07
0.9900000000000008,p3_m1,0,0.00024264967375817057,0.0,7.728423105388043e-07
0.9900000000000008,p3_m2,0,0.00023950380013580615,0.0,7.728423105388043e-07
0.9900000000000008,p3_m3,0,-0.0015696539008918965,0.0,7.728423105388043e-07
1.0000000000000007,p0_m0,0.0,0.00026028069140861606,-7.80842092050634e-07,7.728423105422582e-07
1.0000000000000007,p0_m1,0,0.00024017201857511714,0.0,7.728423105422582e-07
1.0000000000000007,p0_m2,0,0.00023682311377593701,0.0,7.728423105422582e-07
1.0000000000000007,p0_m3,0,-0.0015263374226707766,0.0,7.728423105422582e-07
1.0000000000000007,p1_m0,0,0.0007920362152800903,0.0,7.728423105422582e-07
1.0000000000000007,p1_m1,0,3.184688691953962e-05,0.0,7.728423105422582e-07
1.0000000000000007,p1_m2,0,2.8519105265368148e-05,0.0,7.728423105422582e-07
1.0000000000000007,p1_m3,0,-0.0008377462118484331,0.0,7.728423105422582e-07
1.0000000000000007,p2_m0,0,-0.00046765489871951116,0.0,7.728423105422582e-07
1.0000000000000007,p2_m1,0,-8.807097784212514e-05,0.0,7.728423105422582e-07
1.0000000000000007,p2_m2,0,-9.145309336033018e-05,0.0,7.728423105422582e-07
1.0000000000000007,p2_m3,0,0.00019115782584461466,0.0,7.728423105422582e-07
1.0000000000000007,p3_m0,0,0.00026216446339166207,0.0,7.728423105422582e-07
1.0000000000000007,p3_m1,0,0.00024264979079280968,0.0,7.728423105422582e-07
1.0000000000000007,p3_m2,0,0.00023950391532924178,0.0,7.728423105422582e-07
1.0000000000000007,p3_m3,0,-0.001569653864974115,0.0,7.728423105422582e-07
